"root_label","root_path","full_path","relative_path","file_name","extension","size_bytes","size_mb","created_at","modified_at","category"
"PROJECT","C:\Users\user\OneDrive\바탕 화면\한재광\회사SW\DT준전문가교육\DLAB\SW Project\halal_web","C:\Users\user\OneDrive\바탕 화면\한재광\회사SW\DT준전문가교육\DLAB\SW Project\halal_web\.gitattributes",".gitattributes",".gitattributes",".gitattributes","158","0.0002","2026-06-24T22:26:01","2026-06-24T22:06:11","OTHER"
"PROJECT","C:\Users\user\OneDrive\바탕 화면\한재광\회사SW\DT준전문가교육\DLAB\SW Project\halal_web","C:\Users\user\OneDrive\바탕 화면\한재광\회사SW\DT준전문가교육\DLAB\SW Project\halal_web\.gitignore",".gitignore",".gitignore",".gitignore","370","0.0004","2026-06-24T22:26:01","2026-06-24T23:38:06","OTHER"
"PROJECT","C:\Users\user\OneDrive\바탕 화면\한재광\회사SW\DT준전문가교육\DLAB\SW Project\halal_web","C:\Users\user\OneDrive\바탕 화면\한재광\회사SW\DT준전문가교육\DLAB\SW Project\halal_web\apply_ocr_rule_v2.ps1","apply_ocr_rule_v2.ps1","apply_ocr_rule_v2.ps1",".ps1","3229","0.0031","2026-06-29T13:44:45","2026-06-29T11:39:53","SOURCE_OR_CONFIG"
"PROJECT","C:\Users\user\OneDrive\바탕 화면\한재광\회사SW\DT준전문가교육\DLAB\SW Project\halal_web","C:\Users\user\OneDrive\바탕 화면\한재광\회사SW\DT준전문가교육\DLAB\SW Project\halal_web\apply_phase2.ps1","apply_phase2.ps1","apply_phase2.ps1",".ps1","3045","0.0029","2026-06-25T00:00:13","2026-06-24T23:44:21","SOURCE_OR_CONFIG"
"PROJECT","C:\Users\user\OneDrive\바탕 화면\한재광\회사SW\DT준전문가교육\DLAB\SW Project\halal_web","C:\Users\user\OneDrive\바탕 화면\한재광\회사SW\DT준전문가교육\DLAB\SW Project\halal_web\baseline_comparison_report.json","baseline_comparison_report.json","baseline_comparison_report.json",".json","3936","0.0038","2026-06-29T13:44:45","2026-06-29T11:39:10","SOURCE_OR_CONFIG"
"PROJECT","C:\Users\user\OneDrive\바탕 화면\한재광\회사SW\DT준전문가교육\DLAB\SW Project\halal_web","C:\Users\user\OneDrive\바탕 화면\한재광\회사SW\DT준전문가교육\DLAB\SW Project\halal_web\bpjph_expiry_flow.txt","bpjph_expiry_flow.txt","bpjph_expiry_flow.txt",".txt","22392","0.0214","2026-07-01T18:04:18","2026-07-01T18:04:18","SOURCE_OR_CONFIG"
"PROJECT","C:\Users\user\OneDrive\바탕 화면\한재광\회사SW\DT준전문가교육\DLAB\SW Project\halal_web","C:\Users\user\OneDrive\바탕 화면\한재광\회사SW\DT준전문가교육\DLAB\SW Project\halal_web\CHANGELOG.md","CHANGELOG.md","CHANGELOG.md",".md","708","0.0007","2026-06-24T22:26:01","2026-06-24T22:06:11","SOURCE_OR_CONFIG"
"PROJECT","C:\Users\user\OneDrive\바탕 화면\한재광\회사SW\DT준전문가교육\DLAB\SW Project\halal_web","C:\Users\user\OneDrive\바탕 화면\한재광\회사SW\DT준전문가교육\DLAB\SW Project\halal_web\conda_list.txt","conda_list.txt","conda_list.txt",".txt","9765","0.0093","2026-06-02T11:27:24","2026-06-02T11:27:25","SOURCE_OR_CONFIG"
"PROJECT","C:\Users\user\OneDrive\바탕 화면\한재광\회사SW\DT준전문가교육\DLAB\SW Project\halal_web","C:\Users\user\OneDrive\바탕 화면\한재광\회사SW\DT준전문가교육\DLAB\SW Project\halal_web\current_conda_packages.txt","current_conda_packages.txt","current_conda_packages.txt",".txt","3032","0.0029","2026-07-24T16:54:31","2026-07-24T16:54:32","SOURCE_OR_CONFIG"
"PROJECT","C:\Users\user\OneDrive\바탕 화면\한재광\회사SW\DT준전문가교육\DLAB\SW Project\halal_web","C:\Users\user\OneDrive\바탕 화면\한재광\회사SW\DT준전문가교육\DLAB\SW Project\halal_web\environment_from_history.yml","environment_from_history.yml","environment_from_history.yml",".yml","253","0.0002","2026-06-02T11:27:22","2026-06-02T11:27:24","SOURCE_OR_CONFIG"
"PROJECT","C:\Users\user\OneDrive\바탕 화면\한재광\회사SW\DT준전문가교육\DLAB\SW Project\halal_web","C:\Users\user\OneDrive\바탕 화면\한재광\회사SW\DT준전문가교육\DLAB\SW Project\halal_web\environment_full.yml","environment_full.yml","environment_full.yml",".yml","4326","0.0041","2026-06-02T11:27:20","2026-06-02T11:27:22","SOURCE_OR_CONFIG"
"PROJECT","C:\Users\user\OneDrive\바탕 화면\한재광\회사SW\DT준전문가교육\DLAB\SW Project\halal_web","C:\Users\user\OneDrive\바탕 화면\한재광\회사SW\DT준전문가교육\DLAB\SW Project\halal_web\filing_performance_functions.txt","filing_performance_functions.txt","filing_performance_functions.txt",".txt","9509","0.0091","2026-07-01T17:19:07","2026-07-01T17:19:07","SOURCE_OR_CONFIG"
"PROJECT","C:\Users\user\OneDrive\바탕 화면\한재광\회사SW\DT준전문가교육\DLAB\SW Project\halal_web","C:\Users\user\OneDrive\바탕 화면\한재광\회사SW\DT준전문가교육\DLAB\SW Project\halal_web\filing_wiring_locations.txt","filing_wiring_locations.txt","filing_wiring_locations.txt",".txt","120871","0.1153","2026-07-01T16:37:16","2026-07-01T16:37:16","SOURCE_OR_CONFIG"
"PROJECT","C:\Users\user\OneDrive\바탕 화면\한재광\회사SW\DT준전문가교육\DLAB\SW Project\halal_web","C:\Users\user\OneDrive\바탕 화면\한재광\회사SW\DT준전문가교육\DLAB\SW Project\halal_web\ocr_rule_v2_test_report.json","ocr_rule_v2_test_report.json","ocr_rule_v2_test_report.json",".json","1830","0.0017","2026-06-29T13:44:39","2026-06-29T11:40:15","SOURCE_OR_CONFIG"
"PROJECT","C:\Users\user\OneDrive\바탕 화면\한재광\회사SW\DT준전문가교육\DLAB\SW Project\halal_web","C:\Users\user\OneDrive\바탕 화면\한재광\회사SW\DT준전문가교육\DLAB\SW Project\halal_web\patch_confirm_history_connection.py","patch_confirm_history_connection.py","patch_confirm_history_connection.py",".py","18707","0.0178","2026-06-30T17:37:38","2026-06-30T17:37:39","SOURCE_OR_CONFIG"
"PROJECT","C:\Users\user\OneDrive\바탕 화면\한재광\회사SW\DT준전문가교육\DLAB\SW Project\halal_web","C:\Users\user\OneDrive\바탕 화면\한재광\회사SW\DT준전문가교육\DLAB\SW Project\halal_web\pip_freeze.txt","pip_freeze.txt","pip_freeze.txt",".txt","3895","0.0037","2026-06-02T11:30:16","2026-06-02T11:30:17","SOURCE_OR_CONFIG"
"PROJECT","C:\Users\user\OneDrive\바탕 화면\한재광\회사SW\DT준전문가교육\DLAB\SW Project\halal_web","C:\Users\user\OneDrive\바탕 화면\한재광\회사SW\DT준전문가교육\DLAB\SW Project\halal_web\project_tree.txt","project_tree.txt","project_tree.txt",".txt","287745","0.2744","2026-06-02T11:14:16","2026-06-02T11:14:16","SOURCE_OR_CONFIG"
"PROJECT","C:\Users\user\OneDrive\바탕 화면\한재광\회사SW\DT준전문가교육\DLAB\SW Project\halal_web","C:\Users\user\OneDrive\바탕 화면\한재광\회사SW\DT준전문가교육\DLAB\SW Project\halal_web\project_tree_full.txt","project_tree_full.txt","project_tree_full.txt",".txt","287854","0.2745","2026-06-02T11:30:21","2026-06-02T11:30:21","SOURCE_OR_CONFIG"
"PROJECT","C:\Users\user\OneDrive\바탕 화면\한재광\회사SW\DT준전문가교육\DLAB\SW Project\halal_web","C:\Users\user\OneDrive\바탕 화면\한재광\회사SW\DT준전문가교육\DLAB\SW Project\halal_web\README.md","README.md","README.md",".md","1919","0.0018","2026-06-24T18:47:51","2026-06-29T11:39:53","SOURCE_OR_CONFIG"
"PROJECT","C:\Users\user\OneDrive\바탕 화면\한재광\회사SW\DT준전문가교육\DLAB\SW Project\halal_web","C:\Users\user\OneDrive\바탕 화면\한재광\회사SW\DT준전문가교육\DLAB\SW Project\halal_web\README_PHASE2.md","README_PHASE2.md","README_PHASE2.md",".md","2165","0.0021","2026-06-25T00:00:13","2026-06-24T23:44:21","SOURCE_OR_CONFIG"
"PROJECT","C:\Users\user\OneDrive\바탕 화면\한재광\회사SW\DT준전문가교육\DLAB\SW Project\halal_web","C:\Users\user\OneDrive\바탕 화면\한재광\회사SW\DT준전문가교육\DLAB\SW Project\halal_web\REVIEW_RESULT.md","REVIEW_RESULT.md","REVIEW_RESULT.md",".md","1443","0.0014","2026-06-29T13:44:45","2026-06-29T11:39:53","SOURCE_OR_CONFIG"
"PROJECT","C:\Users\user\OneDrive\바탕 화면\한재광\회사SW\DT준전문가교육\DLAB\SW Project\halal_web","C:\Users\user\OneDrive\바탕 화면\한재광\회사SW\DT준전문가교육\DLAB\SW Project\halal_web\test_add_secondary_job521.py","test_add_secondary_job521.py","test_add_secondary_job521.py",".py","5848","0.0056","2026-07-01T09:37:24","2026-07-01T09:37:24","SOURCE_OR_CONFIG"
"PROJECT","C:\Users\user\OneDrive\바탕 화면\한재광\회사SW\DT준전문가교육\DLAB\SW Project\halal_web","C:\Users\user\OneDrive\바탕 화면\한재광\회사SW\DT준전문가교육\DLAB\SW Project\halal_web\test_confirm_history_gate.py","test_confirm_history_gate.py","test_confirm_history_gate.py",".py","1766","0.0017","2026-06-30T17:37:48","2026-06-30T17:37:48","SOURCE_OR_CONFIG"
"PROJECT","C:\Users\user\OneDrive\바탕 화면\한재광\회사SW\DT준전문가교육\DLAB\SW Project\halal_web","C:\Users\user\OneDrive\바탕 화면\한재광\회사SW\DT준전문가교육\DLAB\SW Project\halal_web\test_confirm_integration_job521.py","test_confirm_integration_job521.py","test_confirm_integration_job521.py",".py","6592","0.0063","2026-06-30T17:40:13","2026-06-30T17:40:13","SOURCE_OR_CONFIG"
"PROJECT","C:\Users\user\OneDrive\바탕 화면\한재광\회사SW\DT준전문가교육\DLAB\SW Project\halal_web","C:\Users\user\OneDrive\바탕 화면\한재광\회사SW\DT준전문가교육\DLAB\SW Project\halal_web\test_confirm_integration_job521_v2.py","test_confirm_integration_job521_v2.py","test_confirm_integration_job521_v2.py",".py","9319","0.0089","2026-06-30T17:45:38","2026-06-30T17:45:38","SOURCE_OR_CONFIG"
"PROJECT","C:\Users\user\OneDrive\바탕 화면\한재광\회사SW\DT준전문가교육\DLAB\SW Project\halal_web","C:\Users\user\OneDrive\바탕 화면\한재광\회사SW\DT준전문가교육\DLAB\SW Project\halal_web\test_confirm_integration_job521_v3.py","test_confirm_integration_job521_v3.py","test_confirm_integration_job521_v3.py",".py","9436","0.009","2026-06-30T17:48:37","2026-06-30T17:48:37","SOURCE_OR_CONFIG"
"PROJECT","C:\Users\user\OneDrive\바탕 화면\한재광\회사SW\DT준전문가교육\DLAB\SW Project\halal_web","C:\Users\user\OneDrive\바탕 화면\한재광\회사SW\DT준전문가교육\DLAB\SW Project\halal_web\test_output.txt","test_output.txt","test_output.txt",".txt","1909","0.0018","2026-06-29T13:44:39","2026-06-29T11:38:45","SOURCE_OR_CONFIG"
"PROJECT","C:\Users\user\OneDrive\바탕 화면\한재광\회사SW\DT준전문가교육\DLAB\SW Project\halal_web","C:\Users\user\OneDrive\바탕 화면\한재광\회사SW\DT준전문가교육\DLAB\SW Project\halal_web\test_replace_current_job521.py","test_replace_current_job521.py","test_replace_current_job521.py",".py","6258","0.006","2026-07-01T09:45:32","2026-07-01T09:45:32","SOURCE_OR_CONFIG"
"PROJECT","C:\Users\user\OneDrive\바탕 화면\한재광\회사SW\DT준전문가교육\DLAB\SW Project\halal_web","C:\Users\user\OneDrive\바탕 화면\한재광\회사SW\DT준전문가교육\DLAB\SW Project\halal_web\test_rollback_job521.py","test_rollback_job521.py","test_rollback_job521.py",".py","4406","0.0042","2026-07-01T10:49:00","2026-07-01T11:11:58","SOURCE_OR_CONFIG"
"PROJECT","C:\Users\user\OneDrive\바탕 화면\한재광\회사SW\DT준전문가교육\DLAB\SW Project\halal_web","C:\Users\user\OneDrive\바탕 화면\한재광\회사SW\DT준전문가교육\DLAB\SW Project\halal_web\_audit_ocr_rules.py","_audit_ocr_rules.py","_audit_ocr_rules.py",".py","13087","0.0125","2026-07-01T16:32:26","2026-07-01T16:32:26","SOURCE_OR_CONFIG"
"PROJECT","C:\Users\user\OneDrive\바탕 화면\한재광\회사SW\DT준전문가교육\DLAB\SW Project\halal_web","C:\Users\user\OneDrive\바탕 화면\한재광\회사SW\DT준전문가교육\DLAB\SW Project\halal_web\_extract_bpjph_expiry_flow.py","_extract_bpjph_expiry_flow.py","_extract_bpjph_expiry_flow.py",".py","2168","0.0021","2026-07-01T18:04:18","2026-07-01T18:04:18","SOURCE_OR_CONFIG"
"PROJECT","C:\Users\user\OneDrive\바탕 화면\한재광\회사SW\DT준전문가교육\DLAB\SW Project\halal_web","C:\Users\user\OneDrive\바탕 화면\한재광\회사SW\DT준전문가교육\DLAB\SW Project\halal_web\_extract_filing_performance_functions.py","_extract_filing_performance_functions.py","_extract_filing_performance_functions.py",".py","2507","0.0024","2026-07-01T17:19:07","2026-07-01T17:19:07","SOURCE_OR_CONFIG"
"PROJECT","C:\Users\user\OneDrive\바탕 화면\한재광\회사SW\DT준전문가교육\DLAB\SW Project\halal_web","C:\Users\user\OneDrive\바탕 화면\한재광\회사SW\DT준전문가교육\DLAB\SW Project\halal_web\_find_filing_wiring.py","_find_filing_wiring.py","_find_filing_wiring.py",".py","3404","0.0032","2026-07-01T16:37:14","2026-07-01T16:37:14","SOURCE_OR_CONFIG"
"PROJECT","C:\Users\user\OneDrive\바탕 화면\한재광\회사SW\DT준전문가교육\DLAB\SW Project\halal_web","C:\Users\user\OneDrive\바탕 화면\한재광\회사SW\DT준전문가교육\DLAB\SW Project\halal_web\_halal_project_check.txt","_halal_project_check.txt","_halal_project_check.txt",".txt","97361","0.0929","2026-07-24T17:02:23","2026-07-24T17:02:27","SOURCE_OR_CONFIG"
"PROJECT","C:\Users\user\OneDrive\바탕 화면\한재광\회사SW\DT준전문가교육\DLAB\SW Project\halal_web","C:\Users\user\OneDrive\바탕 화면\한재광\회사SW\DT준전문가교육\DLAB\SW Project\halal_web\_halal_venv_packages.txt","_halal_venv_packages.txt","_halal_venv_packages.txt",".txt","846","0.0008","2026-07-24T17:02:25","2026-07-24T17:02:25","SOURCE_OR_CONFIG"
"PROJECT","C:\Users\user\OneDrive\바탕 화면\한재광\회사SW\DT준전문가교육\DLAB\SW Project\halal_web","C:\Users\user\OneDrive\바탕 화면\한재광\회사SW\DT준전문가교육\DLAB\SW Project\halal_web\_ml_integration_review.zip","_ml_integration_review.zip","_ml_integration_review.zip",".zip","116416","0.111","2026-07-27T08:19:09","2026-07-27T08:19:09","OCR_TRAINING_DATA"
"PROJECT","C:\Users\user\OneDrive\바탕 화면\한재광\회사SW\DT준전문가교육\DLAB\SW Project\halal_web","C:\Users\user\OneDrive\바탕 화면\한재광\회사SW\DT준전문가교육\DLAB\SW Project\halal_web\_patch_bpjph_effective_expiry.py","_patch_bpjph_effective_expiry.py","_patch_bpjph_effective_expiry.py",".py","2888","0.0028","2026-07-01T18:06:17","2026-07-01T18:06:17","SOURCE_OR_CONFIG"
"PROJECT","C:\Users\user\OneDrive\바탕 화면\한재광\회사SW\DT준전문가교육\DLAB\SW Project\halal_web","C:\Users\user\OneDrive\바탕 화면\한재광\회사SW\DT준전문가교육\DLAB\SW Project\halal_web\_patch_change_display_cleanup.py","_patch_change_display_cleanup.py","_patch_change_display_cleanup.py",".py","4122","0.0039","2026-07-01T18:11:20","2026-07-01T18:11:20","SOURCE_OR_CONFIG"
"PROJECT","C:\Users\user\OneDrive\바탕 화면\한재광\회사SW\DT준전문가교육\DLAB\SW Project\halal_web","C:\Users\user\OneDrive\바탕 화면\한재광\회사SW\DT준전문가교육\DLAB\SW Project\halal_web\_patch_filing_demo_page.py","_patch_filing_demo_page.py","_patch_filing_demo_page.py",".py","36882","0.0352","2026-07-01T18:17:12","2026-07-01T18:17:12","SOURCE_OR_CONFIG"
"PROJECT","C:\Users\user\OneDrive\바탕 화면\한재광\회사SW\DT준전문가교육\DLAB\SW Project\halal_web","C:\Users\user\OneDrive\바탕 화면\한재광\회사SW\DT준전문가교육\DLAB\SW Project\halal_web\_patch_filing_performance.py","_patch_filing_performance.py","_patch_filing_performance.py",".py","9255","0.0088","2026-07-01T17:23:48","2026-07-01T17:23:48","SOURCE_OR_CONFIG"
"PROJECT","C:\Users\user\OneDrive\바탕 화면\한재광\회사SW\DT준전문가교육\DLAB\SW Project\halal_web","C:\Users\user\OneDrive\바탕 화면\한재광\회사SW\DT준전문가교육\DLAB\SW Project\halal_web\_patch_manufacturer_match.py","_patch_manufacturer_match.py","_patch_manufacturer_match.py",".py","5139","0.0049","2026-07-01T18:01:21","2026-07-01T18:01:21","SOURCE_OR_CONFIG"
"PROJECT","C:\Users\user\OneDrive\바탕 화면\한재광\회사SW\DT준전문가교육\DLAB\SW Project\halal_web","C:\Users\user\OneDrive\바탕 화면\한재광\회사SW\DT준전문가교육\DLAB\SW Project\halal_web\_profile_filing_candidates.py","_profile_filing_candidates.py","_profile_filing_candidates.py",".py","2924","0.0028","2026-07-01T17:16:23","2026-07-01T17:16:23","SOURCE_OR_CONFIG"
"PROJECT","C:\Users\user\OneDrive\바탕 화면\한재광\회사SW\DT준전문가교육\DLAB\SW Project\halal_web","C:\Users\user\OneDrive\바탕 화면\한재광\회사SW\DT준전문가교육\DLAB\SW Project\halal_web\.runtime\run_backend.ps1",".runtime\run_backend.ps1","run_backend.ps1",".ps1","2065","0.002","2026-07-31T13:51:58","2026-07-31T14:00:46","SOURCE_OR_CONFIG"
"PROJECT","C:\Users\user\OneDrive\바탕 화면\한재광\회사SW\DT준전문가교육\DLAB\SW Project\halal_web","C:\Users\user\OneDrive\바탕 화면\한재광\회사SW\DT준전문가교육\DLAB\SW Project\halal_web\.runtime\run_backend.ps1.bak_20260731_135415",".runtime\run_backend.ps1.bak_20260731_135415","run_backend.ps1.bak_20260731_135415",".bak_20260731_135415","851","0.0008","2026-07-31T13:54:15","2026-07-31T13:51:58","BACKUP"
"PROJECT","C:\Users\user\OneDrive\바탕 화면\한재광\회사SW\DT준전문가교육\DLAB\SW Project\halal_web","C:\Users\user\OneDrive\바탕 화면\한재광\회사SW\DT준전문가교육\DLAB\SW Project\halal_web\.runtime\run_backend.ps1.bak_20260731_135833",".runtime\run_backend.ps1.bak_20260731_135833","run_backend.ps1.bak_20260731_135833",".bak_20260731_135833","912","0.0009","2026-07-31T13:58:33","2026-07-31T13:54:15","BACKUP"
"PROJECT","C:\Users\user\OneDrive\바탕 화면\한재광\회사SW\DT준전문가교육\DLAB\SW Project\halal_web","C:\Users\user\OneDrive\바탕 화면\한재광\회사SW\DT준전문가교육\DLAB\SW Project\halal_web\.runtime\run_backend.ps1.bak_20260731_135847",".runtime\run_backend.ps1.bak_20260731_135847","run_backend.ps1.bak_20260731_135847",".bak_20260731_135847","912","0.0009","2026-07-31T13:58:47","2026-07-31T13:54:15","BACKUP"
"PROJECT","C:\Users\user\OneDrive\바탕 화면\한재광\회사SW\DT준전문가교육\DLAB\SW Project\halal_web","C:\Users\user\OneDrive\바탕 화면\한재광\회사SW\DT준전문가교육\DLAB\SW Project\halal_web\.runtime\run_backend.ps1.bak_20260731_140008",".runtime\run_backend.ps1.bak_20260731_140008","run_backend.ps1.bak_20260731_140008",".bak_20260731_140008","912","0.0009","2026-07-31T14:00:08","2026-07-31T13:54:15","BACKUP"
"PROJECT","C:\Users\user\OneDrive\바탕 화면\한재광\회사SW\DT준전문가교육\DLAB\SW Project\halal_web","C:\Users\user\OneDrive\바탕 화면\한재광\회사SW\DT준전문가교육\DLAB\SW Project\halal_web\.runtime\run_backend.ps1.bak_20260731_140046",".runtime\run_backend.ps1.bak_20260731_140046","run_backend.ps1.bak_20260731_140046",".bak_20260731_140046","2061","0.002","2026-07-31T14:00:46","2026-07-31T14:00:08","BACKUP"
"PROJECT","C:\Users\user\OneDrive\바탕 화면\한재광\회사SW\DT준전문가교육\DLAB\SW Project\halal_web","C:\Users\user\OneDrive\바탕 화면\한재광\회사SW\DT준전문가교육\DLAB\SW Project\halal_web\.runtime\run_backend.ps1.bak_20260731_140251",".runtime\run_backend.ps1.bak_20260731_140251","run_backend.ps1.bak_20260731_140251",".bak_20260731_140251","2065","0.002","2026-07-31T14:02:51","2026-07-31T14:00:46","BACKUP"
"PROJECT","C:\Users\user\OneDrive\바탕 화면\한재광\회사SW\DT준전문가교육\DLAB\SW Project\halal_web","C:\Users\user\OneDrive\바탕 화면\한재광\회사SW\DT준전문가교육\DLAB\SW Project\halal_web\.runtime\run_frontend.ps1",".runtime\run_frontend.ps1","run_frontend.ps1",".ps1","1138","0.0011","2026-07-31T13:51:59","2026-07-31T13:54:15","SOURCE_OR_CONFIG"
"PROJECT","C:\Users\user\OneDrive\바탕 화면\한재광\회사SW\DT준전문가교육\DLAB\SW Project\halal_web","C:\Users\user\OneDrive\바탕 화면\한재광\회사SW\DT준전문가교육\DLAB\SW Project\halal_web\.runtime\run_frontend.ps1.bak_20260731_135415",".runtime\run_frontend.ps1.bak_20260731_135415","run_frontend.ps1.bak_20260731_135415",".bak_20260731_135415","1081","0.001","2026-07-31T13:54:15","2026-07-31T13:51:59","BACKUP"
"PROJECT","C:\Users\user\OneDrive\바탕 화면\한재광\회사SW\DT준전문가교육\DLAB\SW Project\halal_web","C:\Users\user\OneDrive\바탕 화면\한재광\회사SW\DT준전문가교육\DLAB\SW Project\halal_web\.tmp_confirm_integration_test\active_pmf_test_copy.xlsm",".tmp_confirm_integration_test\active_pmf_test_copy.xlsm","active_pmf_test_copy.xlsm",".xlsm","8155222","7.7774","2026-06-30T17:40:52","2026-06-30T17:40:53","PMF_WORKBOOK"
"PROJECT","C:\Users\user\OneDrive\바탕 화면\한재광\회사SW\DT준전문가교육\DLAB\SW Project\halal_web","C:\Users\user\OneDrive\바탕 화면\한재광\회사SW\DT준전문가교육\DLAB\SW Project\halal_web\.tmp_confirm_integration_test\pmf_app_test.db",".tmp_confirm_integration_test\pmf_app_test.db","pmf_app_test.db",".db","32768","0.0312","2026-06-30T17:40:48","2026-06-30T17:40:53","DATABASE"
"PROJECT","C:\Users\user\OneDrive\바탕 화면\한재광\회사SW\DT준전문가교육\DLAB\SW Project\halal_web","C:\Users\user\OneDrive\바탕 화면\한재광\회사SW\DT준전문가교육\DLAB\SW Project\halal_web\.vscode\settings.json",".vscode\settings.json","settings.json",".json","298","0.0003","2026-06-24T22:26:00","2026-06-24T22:06:11","SOURCE_OR_CONFIG"
"PROJECT","C:\Users\user\OneDrive\바탕 화면\한재광\회사SW\DT준전문가교육\DLAB\SW Project\halal_web","C:\Users\user\OneDrive\바탕 화면\한재광\회사SW\DT준전문가교육\DLAB\SW Project\halal_web\backend\backend_app_current.zip","backend\backend_app_current.zip","backend_app_current.zip",".zip","398920","0.3804","2026-06-24T18:58:33","2026-06-24T22:01:31","OTHER"
"PROJECT","C:\Users\user\OneDrive\바탕 화면\한재광\회사SW\DT준전문가교육\DLAB\SW Project\halal_web","C:\Users\user\OneDrive\바탕 화면\한재광\회사SW\DT준전문가교육\DLAB\SW Project\halal_web\backend\dump_schema.py","backend\dump_schema.py","dump_schema.py",".py","1195","0.0011","2026-06-02T11:35:47","2026-06-02T11:35:47","SOURCE_OR_CONFIG"
"PROJECT","C:\Users\user\OneDrive\바탕 화면\한재광\회사SW\DT준전문가교육\DLAB\SW Project\halal_web","C:\Users\user\OneDrive\바탕 화면\한재광\회사SW\DT준전문가교육\DLAB\SW Project\halal_web\backend\requirements.txt","backend\requirements.txt","requirements.txt",".txt","335","0.0003","2026-06-24T22:25:56","2026-07-27T11:18:03","SOURCE_OR_CONFIG"
"PROJECT","C:\Users\user\OneDrive\바탕 화면\한재광\회사SW\DT준전문가교육\DLAB\SW Project\halal_web","C:\Users\user\OneDrive\바탕 화면\한재광\회사SW\DT준전문가교육\DLAB\SW Project\halal_web\backend\run_filing_phase1_test.ps1","backend\run_filing_phase1_test.ps1","run_filing_phase1_test.ps1",".ps1","1112","0.0011","2026-06-24T19:11:01","2026-06-24T19:11:01","SOURCE_OR_CONFIG"
"PROJECT","C:\Users\user\OneDrive\바탕 화면\한재광\회사SW\DT준전문가교육\DLAB\SW Project\halal_web","C:\Users\user\OneDrive\바탕 화면\한재광\회사SW\DT준전문가교육\DLAB\SW Project\halal_web\backend\test_filing_copy.py","backend\test_filing_copy.py","test_filing_copy.py",".py","1672","0.0016","2026-06-24T19:11:00","2026-06-24T19:11:01","SOURCE_OR_CONFIG"
"PROJECT","C:\Users\user\OneDrive\바탕 화면\한재광\회사SW\DT준전문가교육\DLAB\SW Project\halal_web","C:\Users\user\OneDrive\바탕 화면\한재광\회사SW\DT준전문가교육\DLAB\SW Project\halal_web\backend\app\main.py","backend\app\main.py","main.py",".py","1177","0.0011","2026-06-25T00:00:13","2026-06-24T14:42:54","SOURCE_OR_CONFIG"
"PROJECT","C:\Users\user\OneDrive\바탕 화면\한재광\회사SW\DT준전문가교육\DLAB\SW Project\halal_web","C:\Users\user\OneDrive\바탕 화면\한재광\회사SW\DT준전문가교육\DLAB\SW Project\halal_web\backend\app\core\config.py","backend\app\core\config.py","config.py",".py","2538","0.0024","2026-05-19T11:59:13","2026-06-29T17:26:18","SOURCE_OR_CONFIG"
"PROJECT","C:\Users\user\OneDrive\바탕 화면\한재광\회사SW\DT준전문가교육\DLAB\SW Project\halal_web","C:\Users\user\OneDrive\바탕 화면\한재광\회사SW\DT준전문가교육\DLAB\SW Project\halal_web\backend\app\core\path_utils.py","backend\app\core\path_utils.py","path_utils.py",".py","948","0.0009","2026-06-30T10:13:11","2026-06-30T11:02:23","SOURCE_OR_CONFIG"
"PROJECT","C:\Users\user\OneDrive\바탕 화면\한재광\회사SW\DT준전문가교육\DLAB\SW Project\halal_web","C:\Users\user\OneDrive\바탕 화면\한재광\회사SW\DT준전문가교육\DLAB\SW Project\halal_web\backend\app\core\path_utils.py.bad_20260630_101955","backend\app\core\path_utils.py.bad_20260630_101955","path_utils.py.bad_20260630_101955",".bad_20260630_101955","884","0.0008","2026-06-30T10:19:55","2026-06-30T10:13:11","OTHER"
"PROJECT","C:\Users\user\OneDrive\바탕 화면\한재광\회사SW\DT준전문가교육\DLAB\SW Project\halal_web","C:\Users\user\OneDrive\바탕 화면\한재광\회사SW\DT준전문가교육\DLAB\SW Project\halal_web\backend\app\core\path_utils.py.bad_20260630_102217","backend\app\core\path_utils.py.bad_20260630_102217","path_utils.py.bad_20260630_102217",".bad_20260630_102217","803","0.0008","2026-06-30T10:22:17","2026-06-30T10:19:55","OTHER"
"PROJECT","C:\Users\user\OneDrive\바탕 화면\한재광\회사SW\DT준전문가교육\DLAB\SW Project\halal_web","C:\Users\user\OneDrive\바탕 화면\한재광\회사SW\DT준전문가교육\DLAB\SW Project\halal_web\backend\app\core\__init__.py","backend\app\core\__init__.py","__init__.py",".py","0","0","2026-05-09T00:18:36","2026-05-09T00:18:36","SOURCE_OR_CONFIG"
"PROJECT","C:\Users\user\OneDrive\바탕 화면\한재광\회사SW\DT준전문가교육\DLAB\SW Project\halal_web","C:\Users\user\OneDrive\바탕 화면\한재광\회사SW\DT준전문가교육\DLAB\SW Project\halal_web\backend\app\ml\__init__.py","backend\app\ml\__init__.py","__init__.py",".py","69","0.0001","2026-07-27T08:51:59","2026-07-27T08:51:59","SOURCE_OR_CONFIG"
"PROJECT","C:\Users\user\OneDrive\바탕 화면\한재광\회사SW\DT준전문가교육\DLAB\SW Project\halal_web","C:\Users\user\OneDrive\바탕 화면\한재광\회사SW\DT준전문가교육\DLAB\SW Project\halal_web\backend\app\ml\certificate_classifier\config.py","backend\app\ml\certificate_classifier\config.py","config.py",".py","2152","0.0021","2026-07-27T08:51:59","2026-07-27T08:51:59","SOURCE_OR_CONFIG"
"PROJECT","C:\Users\user\OneDrive\바탕 화면\한재광\회사SW\DT준전문가교육\DLAB\SW Project\halal_web","C:\Users\user\OneDrive\바탕 화면\한재광\회사SW\DT준전문가교육\DLAB\SW Project\halal_web\backend\app\ml\certificate_classifier\predictor.py","backend\app\ml\certificate_classifier\predictor.py","predictor.py",".py","4312","0.0041","2026-07-27T11:18:03","2026-07-27T11:18:03","SOURCE_OR_CONFIG"
"PROJECT","C:\Users\user\OneDrive\바탕 화면\한재광\회사SW\DT준전문가교육\DLAB\SW Project\halal_web","C:\Users\user\OneDrive\바탕 화면\한재광\회사SW\DT준전문가교육\DLAB\SW Project\halal_web\backend\app\ml\certificate_classifier\text_extractor.py","backend\app\ml\certificate_classifier\text_extractor.py","text_extractor.py",".py","7626","0.0073","2026-07-27T08:51:59","2026-07-27T08:51:59","SOURCE_OR_CONFIG"
"PROJECT","C:\Users\user\OneDrive\바탕 화면\한재광\회사SW\DT준전문가교육\DLAB\SW Project\halal_web","C:\Users\user\OneDrive\바탕 화면\한재광\회사SW\DT준전문가교육\DLAB\SW Project\halal_web\backend\app\ml\certificate_classifier\__init__.py","backend\app\ml\certificate_classifier\__init__.py","__init__.py",".py","208","0.0002","2026-07-27T08:51:59","2026-07-27T08:51:59","SOURCE_OR_CONFIG"
"PROJECT","C:\Users\user\OneDrive\바탕 화면\한재광\회사SW\DT준전문가교육\DLAB\SW Project\halal_web","C:\Users\user\OneDrive\바탕 화면\한재광\회사SW\DT준전문가교육\DLAB\SW Project\halal_web\backend\app\ml\field_extraction\predictor.py","backend\app\ml\field_extraction\predictor.py","predictor.py",".py","16623","0.0159","2026-07-28T14:23:16","2026-07-28T14:23:16","SOURCE_OR_CONFIG"
"PROJECT","C:\Users\user\OneDrive\바탕 화면\한재광\회사SW\DT준전문가교육\DLAB\SW Project\halal_web","C:\Users\user\OneDrive\바탕 화면\한재광\회사SW\DT준전문가교육\DLAB\SW Project\halal_web\backend\app\ml\field_extraction\span_predictor.py","backend\app\ml\field_extraction\span_predictor.py","span_predictor.py",".py","14758","0.0141","2026-07-28T14:42:31","2026-07-28T14:42:31","SOURCE_OR_CONFIG"
"PROJECT","C:\Users\user\OneDrive\바탕 화면\한재광\회사SW\DT준전문가교육\DLAB\SW Project\halal_web","C:\Users\user\OneDrive\바탕 화면\한재광\회사SW\DT준전문가교육\DLAB\SW Project\halal_web\backend\app\ml\field_extraction\__init__.py","backend\app\ml\field_extraction\__init__.py","__init__.py",".py","60","0.0001","2026-07-28T14:23:16","2026-07-28T14:23:16","SOURCE_OR_CONFIG"
"PROJECT","C:\Users\user\OneDrive\바탕 화면\한재광\회사SW\DT준전문가교육\DLAB\SW Project\halal_web","C:\Users\user\OneDrive\바탕 화면\한재광\회사SW\DT준전문가교육\DLAB\SW Project\halal_web\backend\app\routers\ai_rule_review.py","backend\app\routers\ai_rule_review.py","ai_rule_review.py",".py","4496","0.0043","2026-06-05T08:36:22","2026-06-05T11:33:53","SOURCE_OR_CONFIG"
"PROJECT","C:\Users\user\OneDrive\바탕 화면\한재광\회사SW\DT준전문가교육\DLAB\SW Project\halal_web","C:\Users\user\OneDrive\바탕 화면\한재광\회사SW\DT준전문가교육\DLAB\SW Project\halal_web\backend\app\routers\certificate_filing.py","backend\app\routers\certificate_filing.py","certificate_filing.py",".py","39704","0.0379","2026-06-25T00:00:13","2026-07-01T18:17:12","SOURCE_OR_CONFIG"
"PROJECT","C:\Users\user\OneDrive\바탕 화면\한재광\회사SW\DT준전문가교육\DLAB\SW Project\halal_web","C:\Users\user\OneDrive\바탕 화면\한재광\회사SW\DT준전문가교육\DLAB\SW Project\halal_web\backend\app\routers\certificate_filing.py.backup_20260701_181712","backend\app\routers\certificate_filing.py.backup_20260701_181712","certificate_filing.py.backup_20260701_181712",".backup_20260701_181712","3496","0.0033","2026-07-01T18:17:12","2026-07-01T11:24:56","BACKUP"
"PROJECT","C:\Users\user\OneDrive\바탕 화면\한재광\회사SW\DT준전문가교육\DLAB\SW Project\halal_web","C:\Users\user\OneDrive\바탕 화면\한재광\회사SW\DT준전문가교육\DLAB\SW Project\halal_web\backend\app\routers\certificate_filing_backup_20260630_170903_415657.py","backend\app\routers\certificate_filing_backup_20260630_170903_415657.py","certificate_filing_backup_20260630_170903_415657.py",".py","3121","0.003","2026-06-30T17:09:03","2026-06-24T14:42:42","SOURCE_OR_CONFIG"
"PROJECT","C:\Users\user\OneDrive\바탕 화면\한재광\회사SW\DT준전문가교육\DLAB\SW Project\halal_web","C:\Users\user\OneDrive\바탕 화면\한재광\회사SW\DT준전문가교육\DLAB\SW Project\halal_web\backend\app\routers\certificate_filing_backup_20260701_112456_081677.py","backend\app\routers\certificate_filing_backup_20260701_112456_081677.py","certificate_filing_backup_20260701_112456_081677.py",".py","3522","0.0034","2026-07-01T11:24:56","2026-06-30T17:09:03","SOURCE_OR_CONFIG"
"PROJECT","C:\Users\user\OneDrive\바탕 화면\한재광\회사SW\DT준전문가교육\DLAB\SW Project\halal_web","C:\Users\user\OneDrive\바탕 화면\한재광\회사SW\DT준전문가교육\DLAB\SW Project\halal_web\backend\app\routers\cert_template.py","backend\app\routers\cert_template.py","cert_template.py",".py","5883","0.0056","2026-05-26T16:57:17","2026-05-27T13:17:21","SOURCE_OR_CONFIG"
"PROJECT","C:\Users\user\OneDrive\바탕 화면\한재광\회사SW\DT준전문가교육\DLAB\SW Project\halal_web","C:\Users\user\OneDrive\바탕 화면\한재광\회사SW\DT준전문가교육\DLAB\SW Project\halal_web\backend\app\routers\lhln.py","backend\app\routers\lhln.py","lhln.py",".py","986","0.0009","2026-05-09T00:14:58","2026-05-09T02:39:35","SOURCE_OR_CONFIG"
"PROJECT","C:\Users\user\OneDrive\바탕 화면\한재광\회사SW\DT준전문가교육\DLAB\SW Project\halal_web","C:\Users\user\OneDrive\바탕 화면\한재광\회사SW\DT준전문가교육\DLAB\SW Project\halal_web\backend\app\routers\mail.py","backend\app\routers\mail.py","mail.py",".py","14368","0.0137","2026-05-09T00:14:52","2026-05-12T17:45:06","SOURCE_OR_CONFIG"
"PROJECT","C:\Users\user\OneDrive\바탕 화면\한재광\회사SW\DT준전문가교육\DLAB\SW Project\halal_web","C:\Users\user\OneDrive\바탕 화면\한재광\회사SW\DT준전문가교육\DLAB\SW Project\halal_web\backend\app\routers\ocr.py","backend\app\routers\ocr.py","ocr.py",".py","11246","0.0107","2026-05-19T11:59:41","2026-07-01T15:24:42","SOURCE_OR_CONFIG"
"PROJECT","C:\Users\user\OneDrive\바탕 화면\한재광\회사SW\DT준전문가교육\DLAB\SW Project\halal_web","C:\Users\user\OneDrive\바탕 화면\한재광\회사SW\DT준전문가교육\DLAB\SW Project\halal_web\backend\app\routers\ocr_backup_20260701_152442_725388.py","backend\app\routers\ocr_backup_20260701_152442_725388.py","ocr_backup_20260701_152442_725388.py",".py","11709","0.0112","2026-07-01T15:24:42","2026-06-30T10:13:28","SOURCE_OR_CONFIG"
"PROJECT","C:\Users\user\OneDrive\바탕 화면\한재광\회사SW\DT준전문가교육\DLAB\SW Project\halal_web","C:\Users\user\OneDrive\바탕 화면\한재광\회사SW\DT준전문가교육\DLAB\SW Project\halal_web\backend\app\routers\pmf.py","backend\app\routers\pmf.py","pmf.py",".py","12856","0.0123","2026-05-09T00:06:40","2026-06-29T13:50:46","SOURCE_OR_CONFIG"
"PROJECT","C:\Users\user\OneDrive\바탕 화면\한재광\회사SW\DT준전문가교육\DLAB\SW Project\halal_web","C:\Users\user\OneDrive\바탕 화면\한재광\회사SW\DT준전문가교육\DLAB\SW Project\halal_web\backend\app\routers\suppliers.py","backend\app\routers\suppliers.py","suppliers.py",".py","1267","0.0012","2026-05-09T00:14:47","2026-05-09T01:05:15","SOURCE_OR_CONFIG"
"PROJECT","C:\Users\user\OneDrive\바탕 화면\한재광\회사SW\DT준전문가교육\DLAB\SW Project\halal_web","C:\Users\user\OneDrive\바탕 화면\한재광\회사SW\DT준전문가교육\DLAB\SW Project\halal_web\backend\app\routers\__init__.py","backend\app\routers\__init__.py","__init__.py",".py","0","0","2026-05-09T00:14:29","2026-05-09T00:14:29","SOURCE_OR_CONFIG"
"PROJECT","C:\Users\user\OneDrive\바탕 화면\한재광\회사SW\DT준전문가교육\DLAB\SW Project\halal_web","C:\Users\user\OneDrive\바탕 화면\한재광\회사SW\DT준전문가교육\DLAB\SW Project\halal_web\backend\app\services\ai_rule_review_service.py","backend\app\services\ai_rule_review_service.py","ai_rule_review_service.py",".py","22968","0.0219","2026-06-05T08:36:31","2026-06-11T13:57:11","SOURCE_OR_CONFIG"
"PROJECT","C:\Users\user\OneDrive\바탕 화면\한재광\회사SW\DT준전문가교육\DLAB\SW Project\halal_web","C:\Users\user\OneDrive\바탕 화면\한재광\회사SW\DT준전문가교육\DLAB\SW Project\halal_web\backend\app\services\certificate_change_service.py","backend\app\services\certificate_change_service.py","certificate_change_service.py",".py","14380","0.0137","2026-06-30T14:34:14","2026-07-01T18:11:20","SOURCE_OR_CONFIG"
"PROJECT","C:\Users\user\OneDrive\바탕 화면\한재광\회사SW\DT준전문가교육\DLAB\SW Project\halal_web","C:\Users\user\OneDrive\바탕 화면\한재광\회사SW\DT준전문가교육\DLAB\SW Project\halal_web\backend\app\services\certificate_change_service.py.backup_20260701_180121","backend\app\services\certificate_change_service.py.backup_20260701_180121","certificate_change_service.py.backup_20260701_180121",".backup_20260701_180121","11430","0.0109","2026-07-01T18:01:21","2026-06-30T16:32:35","BACKUP"
"PROJECT","C:\Users\user\OneDrive\바탕 화면\한재광\회사SW\DT준전문가교육\DLAB\SW Project\halal_web","C:\Users\user\OneDrive\바탕 화면\한재광\회사SW\DT준전문가교육\DLAB\SW Project\halal_web\backend\app\services\certificate_change_service.py.backup_20260701_181120","backend\app\services\certificate_change_service.py.backup_20260701_181120","certificate_change_service.py.backup_20260701_181120",".backup_20260701_181120","13930","0.0133","2026-07-01T18:11:20","2026-07-01T18:01:21","BACKUP"
"PROJECT","C:\Users\user\OneDrive\바탕 화면\한재광\회사SW\DT준전문가교육\DLAB\SW Project\halal_web","C:\Users\user\OneDrive\바탕 화면\한재광\회사SW\DT준전문가교육\DLAB\SW Project\halal_web\backend\app\services\certificate_change_service_backup_20260630_163235.py","backend\app\services\certificate_change_service_backup_20260630_163235.py","certificate_change_service_backup_20260630_163235.py",".py","10684","0.0102","2026-06-30T16:32:35","2026-06-30T14:34:14","SOURCE_OR_CONFIG"
"PROJECT","C:\Users\user\OneDrive\바탕 화면\한재광\회사SW\DT준전문가교육\DLAB\SW Project\halal_web","C:\Users\user\OneDrive\바탕 화면\한재광\회사SW\DT준전문가교육\DLAB\SW Project\halal_web\backend\app\services\certificate_filing_service.py","backend\app\services\certificate_filing_service.py","certificate_filing_service.py",".py","5251","0.005","2026-06-24T18:47:02","2026-06-24T09:10:58","SOURCE_OR_CONFIG"
"PROJECT","C:\Users\user\OneDrive\바탕 화면\한재광\회사SW\DT준전문가교육\DLAB\SW Project\halal_web","C:\Users\user\OneDrive\바탕 화면\한재광\회사SW\DT준전문가교육\DLAB\SW Project\halal_web\backend\app\services\certificate_filing_workflow_service.py","backend\app\services\certificate_filing_workflow_service.py","certificate_filing_workflow_service.py",".py","53242","0.0508","2026-06-25T00:00:13","2026-07-01T18:11:20","SOURCE_OR_CONFIG"
"PROJECT","C:\Users\user\OneDrive\바탕 화면\한재광\회사SW\DT준전문가교육\DLAB\SW Project\halal_web","C:\Users\user\OneDrive\바탕 화면\한재광\회사SW\DT준전문가교육\DLAB\SW Project\halal_web\backend\app\services\certificate_filing_workflow_service.py.backup_20260701_172348","backend\app\services\certificate_filing_workflow_service.py.backup_20260701_172348","certificate_filing_workflow_service.py.backup_20260701_172348",".backup_20260701_172348","52157","0.0497","2026-07-01T17:23:48","2026-07-01T10:45:58","BACKUP"
"PROJECT","C:\Users\user\OneDrive\바탕 화면\한재광\회사SW\DT준전문가교육\DLAB\SW Project\halal_web","C:\Users\user\OneDrive\바탕 화면\한재광\회사SW\DT준전문가교육\DLAB\SW Project\halal_web\backend\app\services\certificate_filing_workflow_service.py.backup_20260701_180617","backend\app\services\certificate_filing_workflow_service.py.backup_20260701_180617","certificate_filing_workflow_service.py.backup_20260701_180617",".backup_20260701_180617","52961","0.0505","2026-07-01T18:06:17","2026-07-01T17:23:48","BACKUP"
"PROJECT","C:\Users\user\OneDrive\바탕 화면\한재광\회사SW\DT준전문가교육\DLAB\SW Project\halal_web","C:\Users\user\OneDrive\바탕 화면\한재광\회사SW\DT준전문가교육\DLAB\SW Project\halal_web\backend\app\services\certificate_filing_workflow_service.py.backup_20260701_181120","backend\app\services\certificate_filing_workflow_service.py.backup_20260701_181120","certificate_filing_workflow_service.py.backup_20260701_181120",".backup_20260701_181120","53153","0.0507","2026-07-01T18:11:20","2026-07-01T18:06:17","BACKUP"
"PROJECT","C:\Users\user\OneDrive\바탕 화면\한재광\회사SW\DT준전문가교육\DLAB\SW Project\halal_web","C:\Users\user\OneDrive\바탕 화면\한재광\회사SW\DT준전문가교육\DLAB\SW Project\halal_web\backend\app\services\certificate_filing_workflow_service_backup_20260630_161149.py","backend\app\services\certificate_filing_workflow_service_backup_20260630_161149.py","certificate_filing_workflow_service_backup_20260630_161149.py",".py","21865","0.0209","2026-06-30T16:11:49","2026-06-25T00:57:22","SOURCE_OR_CONFIG"
"PROJECT","C:\Users\user\OneDrive\바탕 화면\한재광\회사SW\DT준전문가교육\DLAB\SW Project\halal_web","C:\Users\user\OneDrive\바탕 화면\한재광\회사SW\DT준전문가교육\DLAB\SW Project\halal_web\backend\app\services\certificate_filing_workflow_service_backup_20260630_163235.py","backend\app\services\certificate_filing_workflow_service_backup_20260630_163235.py","certificate_filing_workflow_service_backup_20260630_163235.py",".py","24618","0.0235","2026-06-30T16:32:35","2026-06-30T16:13:27","SOURCE_OR_CONFIG"
"PROJECT","C:\Users\user\OneDrive\바탕 화면\한재광\회사SW\DT준전문가교육\DLAB\SW Project\halal_web","C:\Users\user\OneDrive\바탕 화면\한재광\회사SW\DT준전문가교육\DLAB\SW Project\halal_web\backend\app\services\certificate_filing_workflow_service_backup_20260630_170903_415657.py","backend\app\services\certificate_filing_workflow_service_backup_20260630_170903_415657.py","certificate_filing_workflow_service_backup_20260630_170903_415657.py",".py","24795","0.0236","2026-06-30T17:09:03","2026-06-30T16:32:35","SOURCE_OR_CONFIG"
"PROJECT","C:\Users\user\OneDrive\바탕 화면\한재광\회사SW\DT준전문가교육\DLAB\SW Project\halal_web","C:\Users\user\OneDrive\바탕 화면\한재광\회사SW\DT준전문가교육\DLAB\SW Project\halal_web\backend\app\services\certificate_filing_workflow_service_backup_20260630_172235_239488.py","backend\app\services\certificate_filing_workflow_service_backup_20260630_172235_239488.py","certificate_filing_workflow_service_backup_20260630_172235_239488.py",".py","27998","0.0267","2026-06-30T17:22:35","2026-06-30T17:09:03","SOURCE_OR_CONFIG"
"PROJECT","C:\Users\user\OneDrive\바탕 화면\한재광\회사SW\DT준전문가교육\DLAB\SW Project\halal_web","C:\Users\user\OneDrive\바탕 화면\한재광\회사SW\DT준전문가교육\DLAB\SW Project\halal_web\backend\app\services\certificate_filing_workflow_service_backup_20260630_173152_053434.py","backend\app\services\certificate_filing_workflow_service_backup_20260630_173152_053434.py","certificate_filing_workflow_service_backup_20260630_173152_053434.py",".py","34241","0.0327","2026-06-30T17:31:52","2026-06-30T17:22:35","SOURCE_OR_CONFIG"
"PROJECT","C:\Users\user\OneDrive\바탕 화면\한재광\회사SW\DT준전문가교육\DLAB\SW Project\halal_web","C:\Users\user\OneDrive\바탕 화면\한재광\회사SW\DT준전문가교육\DLAB\SW Project\halal_web\backend\app\services\certificate_filing_workflow_service_backup_20260630_173825_551383.py","backend\app\services\certificate_filing_workflow_service_backup_20260630_173825_551383.py","certificate_filing_workflow_service_backup_20260630_173825_551383.py",".py","42468","0.0405","2026-06-30T17:38:25","2026-06-30T17:31:52","SOURCE_OR_CONFIG"
"PROJECT","C:\Users\user\OneDrive\바탕 화면\한재광\회사SW\DT준전문가교육\DLAB\SW Project\halal_web","C:\Users\user\OneDrive\바탕 화면\한재광\회사SW\DT준전문가교육\DLAB\SW Project\halal_web\backend\app\services\certificate_filing_workflow_service_backup_20260701_100916_077000.py","backend\app\services\certificate_filing_workflow_service_backup_20260701_100916_077000.py","certificate_filing_workflow_service_backup_20260701_100916_077000.py",".py","50113","0.0478","2026-07-01T10:09:16","2026-06-30T17:38:25","SOURCE_OR_CONFIG"
"PROJECT","C:\Users\user\OneDrive\바탕 화면\한재광\회사SW\DT준전문가교육\DLAB\SW Project\halal_web","C:\Users\user\OneDrive\바탕 화면\한재광\회사SW\DT준전문가교육\DLAB\SW Project\halal_web\backend\app\services\certificate_filing_workflow_service_backup_20260701_104558_642867.py","backend\app\services\certificate_filing_workflow_service_backup_20260701_104558_642867.py","certificate_filing_workflow_service_backup_20260701_104558_642867.py",".py","50862","0.0485","2026-07-01T10:45:58","2026-07-01T10:09:16","SOURCE_OR_CONFIG"
"PROJECT","C:\Users\user\OneDrive\바탕 화면\한재광\회사SW\DT준전문가교육\DLAB\SW Project\halal_web","C:\Users\user\OneDrive\바탕 화면\한재광\회사SW\DT준전문가교육\DLAB\SW Project\halal_web\backend\app\services\certificate_filing_workflow_service_broken_20260630_161327.py","backend\app\services\certificate_filing_workflow_service_broken_20260630_161327.py","certificate_filing_workflow_service_broken_20260630_161327.py",".py","24964","0.0238","2026-06-30T16:13:27","2026-06-30T16:11:49","SOURCE_OR_CONFIG"
"PROJECT","C:\Users\user\OneDrive\바탕 화면\한재광\회사SW\DT준전문가교육\DLAB\SW Project\halal_web","C:\Users\user\OneDrive\바탕 화면\한재광\회사SW\DT준전문가교육\DLAB\SW Project\halal_web\backend\app\services\certificate_rule_profile_service.py","backend\app\services\certificate_rule_profile_service.py","certificate_rule_profile_service.py",".py","25179","0.024","2026-07-01T14:40:29","2026-07-01T14:40:29","SOURCE_OR_CONFIG"
"PROJECT","C:\Users\user\OneDrive\바탕 화면\한재광\회사SW\DT준전문가교육\DLAB\SW Project\halal_web","C:\Users\user\OneDrive\바탕 화면\한재광\회사SW\DT준전문가교육\DLAB\SW Project\halal_web\backend\app\services\certificate_rule_service.py","backend\app\services\certificate_rule_service.py","certificate_rule_service.py",".py","95226","0.0908","2026-05-19T11:59:26","2026-07-01T14:40:29","SOURCE_OR_CONFIG"
"PROJECT","C:\Users\user\OneDrive\바탕 화면\한재광\회사SW\DT준전문가교육\DLAB\SW Project\halal_web","C:\Users\user\OneDrive\바탕 화면\한재광\회사SW\DT준전문가교육\DLAB\SW Project\halal_web\backend\app\services\certificate_rule_service.py.bak","backend\app\services\certificate_rule_service.py.bak","certificate_rule_service.py.bak",".bak","39373","0.0375","2026-06-02T14:03:49","2026-06-02T13:42:52","BACKUP"
"PROJECT","C:\Users\user\OneDrive\바탕 화면\한재광\회사SW\DT준전문가교육\DLAB\SW Project\halal_web","C:\Users\user\OneDrive\바탕 화면\한재광\회사SW\DT준전문가교육\DLAB\SW Project\halal_web\backend\app\services\certificate_rule_service.py.bak_20260630_112826","backend\app\services\certificate_rule_service.py.bak_20260630_112826","certificate_rule_service.py.bak_20260630_112826",".bak_20260630_112826","91067","0.0868","2026-06-30T11:28:26","2026-06-29T11:37:40","BACKUP"
"PROJECT","C:\Users\user\OneDrive\바탕 화면\한재광\회사SW\DT준전문가교육\DLAB\SW Project\halal_web","C:\Users\user\OneDrive\바탕 화면\한재광\회사SW\DT준전문가교육\DLAB\SW Project\halal_web\backend\app\services\certificate_rule_service.py.bak_20260630_112843","backend\app\services\certificate_rule_service.py.bak_20260630_112843","certificate_rule_service.py.bak_20260630_112843",".bak_20260630_112843","91067","0.0868","2026-06-30T11:28:43","2026-06-29T11:37:40","BACKUP"
"PROJECT","C:\Users\user\OneDrive\바탕 화면\한재광\회사SW\DT준전문가교육\DLAB\SW Project\halal_web","C:\Users\user\OneDrive\바탕 화면\한재광\회사SW\DT준전문가교육\DLAB\SW Project\halal_web\backend\app\services\certificate_rule_service.py.bak_20260630_130239","backend\app\services\certificate_rule_service.py.bak_20260630_130239","certificate_rule_service.py.bak_20260630_130239",".bak_20260630_130239","91067","0.0868","2026-06-30T13:02:39","2026-06-29T11:37:40","BACKUP"
"PROJECT","C:\Users\user\OneDrive\바탕 화면\한재광\회사SW\DT준전문가교육\DLAB\SW Project\halal_web","C:\Users\user\OneDrive\바탕 화면\한재광\회사SW\DT준전문가교육\DLAB\SW Project\halal_web\backend\app\services\certificate_rule_service.py.bak_20260630_130254","backend\app\services\certificate_rule_service.py.bak_20260630_130254","certificate_rule_service.py.bak_20260630_130254",".bak_20260630_130254","91067","0.0868","2026-06-30T13:02:54","2026-06-29T11:37:40","BACKUP"
"PROJECT","C:\Users\user\OneDrive\바탕 화면\한재광\회사SW\DT준전문가교육\DLAB\SW Project\halal_web","C:\Users\user\OneDrive\바탕 화면\한재광\회사SW\DT준전문가교육\DLAB\SW Project\halal_web\backend\app\services\certificate_rule_service.py.bak_20260630_130423","backend\app\services\certificate_rule_service.py.bak_20260630_130423","certificate_rule_service.py.bak_20260630_130423",".bak_20260630_130423","91067","0.0868","2026-06-30T13:04:23","2026-06-29T11:37:40","BACKUP"
"PROJECT","C:\Users\user\OneDrive\바탕 화면\한재광\회사SW\DT준전문가교육\DLAB\SW Project\halal_web","C:\Users\user\OneDrive\바탕 화면\한재광\회사SW\DT준전문가교육\DLAB\SW Project\halal_web\backend\app\services\certificate_rule_service.py.bak_final_delta","backend\app\services\certificate_rule_service.py.bak_final_delta","certificate_rule_service.py.bak_final_delta",".bak_final_delta","58578","0.0559","2026-06-02T15:44:55","2026-06-02T15:37:10","BACKUP"
"PROJECT","C:\Users\user\OneDrive\바탕 화면\한재광\회사SW\DT준전문가교육\DLAB\SW Project\halal_web","C:\Users\user\OneDrive\바탕 화면\한재광\회사SW\DT준전문가교육\DLAB\SW Project\halal_web\backend\app\services\certificate_rule_service.py.bak_isa_delta","backend\app\services\certificate_rule_service.py.bak_isa_delta","certificate_rule_service.py.bak_isa_delta",".bak_isa_delta","56493","0.0539","2026-06-02T15:57:58","2026-06-02T15:50:24","BACKUP"
"PROJECT","C:\Users\user\OneDrive\바탕 화면\한재광\회사SW\DT준전문가교육\DLAB\SW Project\halal_web","C:\Users\user\OneDrive\바탕 화면\한재광\회사SW\DT준전문가교육\DLAB\SW Project\halal_web\backend\app\services\certificate_rule_service.py.bak_rule_ara_juhf_bpjph_mu","backend\app\services\certificate_rule_service.py.bak_rule_ara_juhf_bpjph_mu","certificate_rule_service.py.bak_rule_ara_juhf_bpjph_mu",".bak_rule_ara_juhf_bpjph_mu","63844","0.0609","2026-06-03T11:29:27","2026-06-03T10:05:37","BACKUP"
"PROJECT","C:\Users\user\OneDrive\바탕 화면\한재광\회사SW\DT준전문가교육\DLAB\SW Project\halal_web","C:\Users\user\OneDrive\바탕 화면\한재광\회사SW\DT준전문가교육\DLAB\SW Project\halal_web\backend\app\services\certificate_rule_service.py.bak_rule_fix_20260604_2","backend\app\services\certificate_rule_service.py.bak_rule_fix_20260604_2","certificate_rule_service.py.bak_rule_fix_20260604_2",".bak_rule_fix_20260604_2","61999","0.0591","2026-06-04T11:57:25","2026-06-04T08:11:47","BACKUP"
"PROJECT","C:\Users\user\OneDrive\바탕 화면\한재광\회사SW\DT준전문가교육\DLAB\SW Project\halal_web","C:\Users\user\OneDrive\바탕 화면\한재광\회사SW\DT준전문가교육\DLAB\SW Project\halal_web\backend\app\services\certificate_rule_service_backup_20260701_144029_184472.py","backend\app\services\certificate_rule_service_backup_20260701_144029_184472.py","certificate_rule_service_backup_20260701_144029_184472.py",".py","94503","0.0901","2026-07-01T14:40:29","2026-06-30T13:04:23","SOURCE_OR_CONFIG"
"PROJECT","C:\Users\user\OneDrive\바탕 화면\한재광\회사SW\DT준전문가교육\DLAB\SW Project\halal_web","C:\Users\user\OneDrive\바탕 화면\한재광\회사SW\DT준전문가교육\DLAB\SW Project\halal_web\backend\app\services\cert_template_service.py","backend\app\services\cert_template_service.py","cert_template_service.py",".py","35745","0.0341","2026-05-26T16:57:04","2026-05-28T08:04:05","SOURCE_OR_CONFIG"
"PROJECT","C:\Users\user\OneDrive\바탕 화면\한재광\회사SW\DT준전문가교육\DLAB\SW Project\halal_web","C:\Users\user\OneDrive\바탕 화면\한재광\회사SW\DT준전문가교육\DLAB\SW Project\halal_web\backend\app\services\filing_name_service.py","backend\app\services\filing_name_service.py","filing_name_service.py",".py","5185","0.0049","2026-06-24T18:47:02","2026-06-29T17:26:18","SOURCE_OR_CONFIG"
"PROJECT","C:\Users\user\OneDrive\바탕 화면\한재광\회사SW\DT준전문가교육\DLAB\SW Project\halal_web","C:\Users\user\OneDrive\바탕 화면\한재광\회사SW\DT준전문가교육\DLAB\SW Project\halal_web\backend\app\services\halal_doc_service.py","backend\app\services\halal_doc_service.py","halal_doc_service.py",".py","19315","0.0184","2026-05-11T14:38:00","2026-05-11T16:55:50","SOURCE_OR_CONFIG"
"PROJECT","C:\Users\user\OneDrive\바탕 화면\한재광\회사SW\DT준전문가교육\DLAB\SW Project\halal_web","C:\Users\user\OneDrive\바탕 화면\한재광\회사SW\DT준전문가교육\DLAB\SW Project\halal_web\backend\app\services\lhln_service.py","backend\app\services\lhln_service.py","lhln_service.py",".py","15571","0.0148","2026-05-09T02:38:51","2026-05-09T02:39:05","SOURCE_OR_CONFIG"
"PROJECT","C:\Users\user\OneDrive\바탕 화면\한재광\회사SW\DT준전문가교육\DLAB\SW Project\halal_web","C:\Users\user\OneDrive\바탕 화면\한재광\회사SW\DT준전문가교육\DLAB\SW Project\halal_web\backend\app\services\mail_inbox_service.py","backend\app\services\mail_inbox_service.py","mail_inbox_service.py",".py","65182","0.0622","2026-05-11T17:17:06","2026-05-18T10:19:30","SOURCE_OR_CONFIG"
"PROJECT","C:\Users\user\OneDrive\바탕 화면\한재광\회사SW\DT준전문가교육\DLAB\SW Project\halal_web","C:\Users\user\OneDrive\바탕 화면\한재광\회사SW\DT준전문가교육\DLAB\SW Project\halal_web\backend\app\services\mail_receive_service.py","backend\app\services\mail_receive_service.py","mail_receive_service.py",".py","16784","0.016","2026-05-09T02:48:55","2026-05-09T03:03:31","SOURCE_OR_CONFIG"
"PROJECT","C:\Users\user\OneDrive\바탕 화면\한재광\회사SW\DT준전문가교육\DLAB\SW Project\halal_web","C:\Users\user\OneDrive\바탕 화면\한재광\회사SW\DT준전문가교육\DLAB\SW Project\halal_web\backend\app\services\mail_request_item_service.py","backend\app\services\mail_request_item_service.py","mail_request_item_service.py",".py","27523","0.0262","2026-06-25T00:00:13","2026-07-02T18:09:41","SOURCE_OR_CONFIG"
"PROJECT","C:\Users\user\OneDrive\바탕 화면\한재광\회사SW\DT준전문가교육\DLAB\SW Project\halal_web","C:\Users\user\OneDrive\바탕 화면\한재광\회사SW\DT준전문가교육\DLAB\SW Project\halal_web\backend\app\services\mail_request_item_service.py.backup_20260701_172348","backend\app\services\mail_request_item_service.py.backup_20260701_172348","mail_request_item_service.py.backup_20260701_172348",".backup_20260701_172348","20879","0.0199","2026-07-01T17:23:48","2026-06-25T00:57:22","BACKUP"
"PROJECT","C:\Users\user\OneDrive\바탕 화면\한재광\회사SW\DT준전문가교육\DLAB\SW Project\halal_web","C:\Users\user\OneDrive\바탕 화면\한재광\회사SW\DT준전문가교육\DLAB\SW Project\halal_web\backend\app\services\mail_request_item_service_backup_20260702_180941.py","backend\app\services\mail_request_item_service_backup_20260702_180941.py","mail_request_item_service_backup_20260702_180941.py",".py","21930","0.0209","2026-07-02T18:09:41","2026-07-01T17:23:48","SOURCE_OR_CONFIG"
"PROJECT","C:\Users\user\OneDrive\바탕 화면\한재광\회사SW\DT준전문가교육\DLAB\SW Project\halal_web","C:\Users\user\OneDrive\바탕 화면\한재광\회사SW\DT준전문가교육\DLAB\SW Project\halal_web\backend\app\services\mail_service.py","backend\app\services\mail_service.py","mail_service.py",".py","26367","0.0251","2026-05-09T01:30:35","2026-05-09T02:01:21","SOURCE_OR_CONFIG"
"PROJECT","C:\Users\user\OneDrive\바탕 화면\한재광\회사SW\DT준전문가교육\DLAB\SW Project\halal_web","C:\Users\user\OneDrive\바탕 화면\한재광\회사SW\DT준전문가교육\DLAB\SW Project\halal_web\backend\app\services\material_link_service.py","backend\app\services\material_link_service.py","material_link_service.py",".py","8019","0.0076","2026-05-11T10:50:51","2026-05-11T10:51:31","SOURCE_OR_CONFIG"
"PROJECT","C:\Users\user\OneDrive\바탕 화면\한재광\회사SW\DT준전문가교육\DLAB\SW Project\halal_web","C:\Users\user\OneDrive\바탕 화면\한재광\회사SW\DT준전문가교육\DLAB\SW Project\halal_web\backend\app\services\ocr_context_service.py","backend\app\services\ocr_context_service.py","ocr_context_service.py",".py","7694","0.0073","2026-06-29T13:44:39","2026-06-29T11:37:40","SOURCE_OR_CONFIG"
"PROJECT","C:\Users\user\OneDrive\바탕 화면\한재광\회사SW\DT준전문가교육\DLAB\SW Project\halal_web","C:\Users\user\OneDrive\바탕 화면\한재광\회사SW\DT준전문가교육\DLAB\SW Project\halal_web\backend\app\services\ocr_exporter.py","backend\app\services\ocr_exporter.py","ocr_exporter.py",".py","18024","0.0172","2026-06-02T10:40:27","2026-06-02T14:08:14","SOURCE_OR_CONFIG"
"PROJECT","C:\Users\user\OneDrive\바탕 화면\한재광\회사SW\DT준전문가교육\DLAB\SW Project\halal_web","C:\Users\user\OneDrive\바탕 화면\한재광\회사SW\DT준전문가교육\DLAB\SW Project\halal_web\backend\app\services\ocr_exporter.py.bak","backend\app\services\ocr_exporter.py.bak","ocr_exporter.py.bak",".bak","16065","0.0153","2026-06-02T14:03:59","2026-06-02T11:53:26","BACKUP"
"PROJECT","C:\Users\user\OneDrive\바탕 화면\한재광\회사SW\DT준전문가교육\DLAB\SW Project\halal_web","C:\Users\user\OneDrive\바탕 화면\한재광\회사SW\DT준전문가교육\DLAB\SW Project\halal_web\backend\app\services\ocr_service.py","backend\app\services\ocr_service.py","ocr_service.py",".py","43961","0.0419","2026-05-19T11:59:26","2026-07-01T15:59:12","SOURCE_OR_CONFIG"
"PROJECT","C:\Users\user\OneDrive\바탕 화면\한재광\회사SW\DT준전문가교육\DLAB\SW Project\halal_web","C:\Users\user\OneDrive\바탕 화면\한재광\회사SW\DT준전문가교육\DLAB\SW Project\halal_web\backend\app\services\ocr_service.py.bak_ocr_rule_v2_20260629_141556","backend\app\services\ocr_service.py.bak_ocr_rule_v2_20260629_141556","ocr_service.py.bak_ocr_rule_v2_20260629_141556",".bak_ocr_rule_v2_20260629_141556","42489","0.0405","2026-06-29T14:15:56","2026-06-03T10:22:15","BACKUP"
"PROJECT","C:\Users\user\OneDrive\바탕 화면\한재광\회사SW\DT준전문가교육\DLAB\SW Project\halal_web","C:\Users\user\OneDrive\바탕 화면\한재광\회사SW\DT준전문가교육\DLAB\SW Project\halal_web\backend\app\services\ocr_service_backup_20260701_155912_790134.py","backend\app\services\ocr_service_backup_20260701_155912_790134.py","ocr_service_backup_20260701_155912_790134.py",".py","42997","0.041","2026-07-01T15:59:12","2026-06-29T14:15:56","SOURCE_OR_CONFIG"
"PROJECT","C:\Users\user\OneDrive\바탕 화면\한재광\회사SW\DT준전문가교육\DLAB\SW Project\halal_web","C:\Users\user\OneDrive\바탕 화면\한재광\회사SW\DT준전문가교육\DLAB\SW Project\halal_web\backend\app\services\ocr_test_service.py","backend\app\services\ocr_test_service.py","ocr_test_service.py",".py","14736","0.0141","2026-05-19T11:59:26","2026-06-30T11:02:24","SOURCE_OR_CONFIG"
"PROJECT","C:\Users\user\OneDrive\바탕 화면\한재광\회사SW\DT준전문가교육\DLAB\SW Project\halal_web","C:\Users\user\OneDrive\바탕 화면\한재광\회사SW\DT준전문가교육\DLAB\SW Project\halal_web\backend\app\services\pmf_filing_service.py","backend\app\services\pmf_filing_service.py","pmf_filing_service.py",".py","11454","0.0109","2026-06-25T00:00:13","2026-07-01T09:29:37","SOURCE_OR_CONFIG"
"PROJECT","C:\Users\user\OneDrive\바탕 화면\한재광\회사SW\DT준전문가교육\DLAB\SW Project\halal_web","C:\Users\user\OneDrive\바탕 화면\한재광\회사SW\DT준전문가교육\DLAB\SW Project\halal_web\backend\app\services\pmf_filing_service_backup_20260701_092937_601029.py","backend\app\services\pmf_filing_service_backup_20260701_092937_601029.py","pmf_filing_service_backup_20260701_092937_601029.py",".py","9687","0.0092","2026-07-01T09:29:37","2026-06-24T14:43:48","SOURCE_OR_CONFIG"
"PROJECT","C:\Users\user\OneDrive\바탕 화면\한재광\회사SW\DT준전문가교육\DLAB\SW Project\halal_web","C:\Users\user\OneDrive\바탕 화면\한재광\회사SW\DT준전문가교육\DLAB\SW Project\halal_web\backend\app\services\pmf_service.py","backend\app\services\pmf_service.py","pmf_service.py",".py","5860","0.0056","2026-05-09T00:06:22","2026-07-01T17:23:48","SOURCE_OR_CONFIG"
"PROJECT","C:\Users\user\OneDrive\바탕 화면\한재광\회사SW\DT준전문가교육\DLAB\SW Project\halal_web","C:\Users\user\OneDrive\바탕 화면\한재광\회사SW\DT준전문가교육\DLAB\SW Project\halal_web\backend\app\services\pmf_service.py.backup_20260701_172348","backend\app\services\pmf_service.py.backup_20260701_172348","pmf_service.py.backup_20260701_172348",".backup_20260701_172348","6023","0.0057","2026-07-01T17:23:48","2026-05-09T00:19:43","BACKUP"
"PROJECT","C:\Users\user\OneDrive\바탕 화면\한재광\회사SW\DT준전문가교육\DLAB\SW Project\halal_web","C:\Users\user\OneDrive\바탕 화면\한재광\회사SW\DT준전문가교육\DLAB\SW Project\halal_web\backend\app\services\rule_apply_service.py","backend\app\services\rule_apply_service.py","rule_apply_service.py",".py","5716","0.0055","2026-06-05T08:36:31","2026-06-05T14:05:19","SOURCE_OR_CONFIG"
"PROJECT","C:\Users\user\OneDrive\바탕 화면\한재광\회사SW\DT준전문가교육\DLAB\SW Project\halal_web","C:\Users\user\OneDrive\바탕 화면\한재광\회사SW\DT준전문가교육\DLAB\SW Project\halal_web\backend\app\services\rule_candidate_service.py","backend\app\services\rule_candidate_service.py","rule_candidate_service.py",".py","10263","0.0098","2026-06-05T08:36:31","2026-06-04T17:53:06","SOURCE_OR_CONFIG"
"PROJECT","C:\Users\user\OneDrive\바탕 화면\한재광\회사SW\DT준전문가교육\DLAB\SW Project\halal_web","C:\Users\user\OneDrive\바탕 화면\한재광\회사SW\DT준전문가교육\DLAB\SW Project\halal_web\backend\app\services\rule_validation_service.py","backend\app\services\rule_validation_service.py","rule_validation_service.py",".py","23886","0.0228","2026-06-05T08:36:31","2026-06-05T14:04:13","SOURCE_OR_CONFIG"
"PROJECT","C:\Users\user\OneDrive\바탕 화면\한재광\회사SW\DT준전문가교육\DLAB\SW Project\halal_web","C:\Users\user\OneDrive\바탕 화면\한재광\회사SW\DT준전문가교육\DLAB\SW Project\halal_web\backend\app\services\storage_path_service.py","backend\app\services\storage_path_service.py","storage_path_service.py",".py","3629","0.0035","2026-06-29T17:24:49","2026-06-29T17:24:40","SOURCE_OR_CONFIG"
"PROJECT","C:\Users\user\OneDrive\바탕 화면\한재광\회사SW\DT준전문가교육\DLAB\SW Project\halal_web","C:\Users\user\OneDrive\바탕 화면\한재광\회사SW\DT준전문가교육\DLAB\SW Project\halal_web\backend\app\services\supplier_service.py","backend\app\services\supplier_service.py","supplier_service.py",".py","17106","0.0163","2026-05-09T00:27:29","2026-05-09T00:27:43","SOURCE_OR_CONFIG"
"PROJECT","C:\Users\user\OneDrive\바탕 화면\한재광\회사SW\DT준전문가교육\DLAB\SW Project\halal_web","C:\Users\user\OneDrive\바탕 화면\한재광\회사SW\DT준전문가교육\DLAB\SW Project\halal_web\backend\app\services\__init__.py","backend\app\services\__init__.py","__init__.py",".py","0","0","2026-05-09T00:19:07","2026-05-09T00:19:07","SOURCE_OR_CONFIG"
"PROJECT","C:\Users\user\OneDrive\바탕 화면\한재광\회사SW\DT준전문가교육\DLAB\SW Project\halal_web","C:\Users\user\OneDrive\바탕 화면\한재광\회사SW\DT준전문가교육\DLAB\SW Project\halal_web\backend\schema_export\cert_template_features_schema.sql","backend\schema_export\cert_template_features_schema.sql","cert_template_features_schema.sql",".sql","2140","0.002","2026-06-02T11:35:47","2026-06-02T11:35:47","SOURCE_OR_CONFIG"
"PROJECT","C:\Users\user\OneDrive\바탕 화면\한재광\회사SW\DT준전문가교육\DLAB\SW Project\halal_web","C:\Users\user\OneDrive\바탕 화면\한재광\회사SW\DT준전문가교육\DLAB\SW Project\halal_web\backend\schema_export\halal_lhln_schema.sql","backend\schema_export\halal_lhln_schema.sql","halal_lhln_schema.sql",".sql","598","0.0006","2026-06-02T11:35:47","2026-06-02T11:35:47","SOURCE_OR_CONFIG"
"PROJECT","C:\Users\user\OneDrive\바탕 화면\한재광\회사SW\DT준전문가교육\DLAB\SW Project\halal_web","C:\Users\user\OneDrive\바탕 화면\한재광\회사SW\DT준전문가교육\DLAB\SW Project\halal_web\backend\schema_export\ocr_test_schema.sql","backend\schema_export\ocr_test_schema.sql","ocr_test_schema.sql",".sql","692","0.0007","2026-06-02T11:35:47","2026-06-02T11:35:47","SOURCE_OR_CONFIG"
"PROJECT","C:\Users\user\OneDrive\바탕 화면\한재광\회사SW\DT준전문가교육\DLAB\SW Project\halal_web","C:\Users\user\OneDrive\바탕 화면\한재광\회사SW\DT준전문가교육\DLAB\SW Project\halal_web\backend\schema_export\pmf_app_schema.sql","backend\schema_export\pmf_app_schema.sql","pmf_app_schema.sql",".sql","3523","0.0034","2026-06-02T11:35:47","2026-06-02T11:35:47","SOURCE_OR_CONFIG"
"PROJECT","C:\Users\user\OneDrive\바탕 화면\한재광\회사SW\DT준전문가교육\DLAB\SW Project\halal_web","C:\Users\user\OneDrive\바탕 화면\한재광\회사SW\DT준전문가교육\DLAB\SW Project\halal_web\backend\scripts\audit_storage_paths.ps1","backend\scripts\audit_storage_paths.ps1","audit_storage_paths.ps1",".ps1","2983","0.0028","2026-06-29T17:24:49","2026-06-29T17:24:40","SOURCE_OR_CONFIG"
"PROJECT","C:\Users\user\OneDrive\바탕 화면\한재광\회사SW\DT준전문가교육\DLAB\SW Project\halal_web","C:\Users\user\OneDrive\바탕 화면\한재광\회사SW\DT준전문가교육\DLAB\SW Project\halal_web\backend\scripts\diagnose_and_fix_hash_mismatch.ps1","backend\scripts\diagnose_and_fix_hash_mismatch.ps1","diagnose_and_fix_hash_mismatch.ps1",".ps1","10540","0.0101","2026-06-29T16:57:53","2026-06-29T07:56:34","SOURCE_OR_CONFIG"
"PROJECT","C:\Users\user\OneDrive\바탕 화면\한재광\회사SW\DT준전문가교육\DLAB\SW Project\halal_web","C:\Users\user\OneDrive\바탕 화면\한재광\회사SW\DT준전문가교육\DLAB\SW Project\halal_web\backend\scripts\diagnose_ocr_500.ps1","backend\scripts\diagnose_ocr_500.ps1","diagnose_ocr_500.ps1",".ps1","5564","0.0053","2026-06-30T09:19:47","2026-06-30T00:18:02","SOURCE_OR_CONFIG"
"PROJECT","C:\Users\user\OneDrive\바탕 화면\한재광\회사SW\DT준전문가교육\DLAB\SW Project\halal_web","C:\Users\user\OneDrive\바탕 화면\한재광\회사SW\DT준전문가교육\DLAB\SW Project\halal_web\backend\scripts\export_ocr_rule_review_bundle.py","backend\scripts\export_ocr_rule_review_bundle.py","export_ocr_rule_review_bundle.py",".py","17898","0.0171","2026-06-29T10:14:28","2026-06-29T10:20:36","SOURCE_OR_CONFIG"
"PROJECT","C:\Users\user\OneDrive\바탕 화면\한재광\회사SW\DT준전문가교육\DLAB\SW Project\halal_web","C:\Users\user\OneDrive\바탕 화면\한재광\회사SW\DT준전문가교육\DLAB\SW Project\halal_web\backend\scripts\migrate_old_mail_logs.py","backend\scripts\migrate_old_mail_logs.py","migrate_old_mail_logs.py",".py","5943","0.0057","2026-05-09T02:25:32","2026-05-09T02:26:05","SOURCE_OR_CONFIG"
"PROJECT","C:\Users\user\OneDrive\바탕 화면\한재광\회사SW\DT준전문가교육\DLAB\SW Project\halal_web","C:\Users\user\OneDrive\바탕 화면\한재광\회사SW\DT준전문가교육\DLAB\SW Project\halal_web\backend\scripts\migrate_runtime_to_d.ps1","backend\scripts\migrate_runtime_to_d.ps1","migrate_runtime_to_d.ps1",".ps1","6775","0.0065","2026-06-29T14:28:23","2026-06-29T05:25:22","SOURCE_OR_CONFIG"
"PROJECT","C:\Users\user\OneDrive\바탕 화면\한재광\회사SW\DT준전문가교육\DLAB\SW Project\halal_web","C:\Users\user\OneDrive\바탕 화면\한재광\회사SW\DT준전문가교육\DLAB\SW Project\halal_web\backend\scripts\migrate_runtime_to_d_v2.ps1","backend\scripts\migrate_runtime_to_d_v2.ps1","migrate_runtime_to_d_v2.ps1",".ps1","8200","0.0078","2026-06-29T14:40:04","2026-06-29T05:36:22","SOURCE_OR_CONFIG"
"PROJECT","C:\Users\user\OneDrive\바탕 화면\한재광\회사SW\DT준전문가교육\DLAB\SW Project\halal_web","C:\Users\user\OneDrive\바탕 화면\한재광\회사SW\DT준전문가교육\DLAB\SW Project\halal_web\backend\scripts\patch_ocr_service_v2.py","backend\scripts\patch_ocr_service_v2.py","patch_ocr_service_v2.py",".py","3350","0.0032","2026-06-29T13:44:39","2026-06-29T11:37:40","SOURCE_OR_CONFIG"
"PROJECT","C:\Users\user\OneDrive\바탕 화면\한재광\회사SW\DT준전문가교육\DLAB\SW Project\halal_web","C:\Users\user\OneDrive\바탕 화면\한재광\회사SW\DT준전문가교육\DLAB\SW Project\halal_web\backend\scripts\remove_onedrive_runtime_backups.ps1","backend\scripts\remove_onedrive_runtime_backups.ps1","remove_onedrive_runtime_backups.ps1",".ps1","1299","0.0012","2026-06-29T14:28:23","2026-06-29T05:25:22","SOURCE_OR_CONFIG"
"PROJECT","C:\Users\user\OneDrive\바탕 화면\한재광\회사SW\DT준전문가교육\DLAB\SW Project\halal_web","C:\Users\user\OneDrive\바탕 화면\한재광\회사SW\DT준전문가교육\DLAB\SW Project\halal_web\backend\scripts\rollback_runtime_from_d.ps1","backend\scripts\rollback_runtime_from_d.ps1","rollback_runtime_from_d.ps1",".ps1","1831","0.0017","2026-06-29T14:28:23","2026-06-29T05:25:22","SOURCE_OR_CONFIG"
"PROJECT","C:\Users\user\OneDrive\바탕 화면\한재광\회사SW\DT준전문가교육\DLAB\SW Project\halal_web","C:\Users\user\OneDrive\바탕 화면\한재광\회사SW\DT준전문가교육\DLAB\SW Project\halal_web\backend\scripts\start_demo_backend.ps1","backend\scripts\start_demo_backend.ps1","start_demo_backend.ps1",".ps1","3559","0.0034","2026-06-29T17:24:49","2026-06-29T17:24:40","SOURCE_OR_CONFIG"
"PROJECT","C:\Users\user\OneDrive\바탕 화면\한재광\회사SW\DT준전문가교육\DLAB\SW Project\halal_web","C:\Users\user\OneDrive\바탕 화면\한재광\회사SW\DT준전문가교육\DLAB\SW Project\halal_web\backend\scripts\test_certificate_change_service.py","backend\scripts\test_certificate_change_service.py","test_certificate_change_service.py",".py","3340","0.0032","2026-06-30T14:34:44","2026-06-30T14:34:44","SOURCE_OR_CONFIG"
"PROJECT","C:\Users\user\OneDrive\바탕 화면\한재광\회사SW\DT준전문가교육\DLAB\SW Project\halal_web","C:\Users\user\OneDrive\바탕 화면\한재광\회사SW\DT준전문가교육\DLAB\SW Project\halal_web\backend\scripts\test_certificate_filing_phase2.py","backend\scripts\test_certificate_filing_phase2.py","test_certificate_filing_phase2.py",".py","1512","0.0014","2026-06-25T00:00:13","2026-06-24T14:44:22","SOURCE_OR_CONFIG"
"PROJECT","C:\Users\user\OneDrive\바탕 화면\한재광\회사SW\DT준전문가교육\DLAB\SW Project\halal_web","C:\Users\user\OneDrive\바탕 화면\한재광\회사SW\DT준전문가교육\DLAB\SW Project\halal_web\backend\scripts\test_certificate_filing_preview_api.py","backend\scripts\test_certificate_filing_preview_api.py","test_certificate_filing_preview_api.py",".py","3787","0.0036","2026-06-25T01:04:49","2026-06-25T01:04:29","SOURCE_OR_CONFIG"
"PROJECT","C:\Users\user\OneDrive\바탕 화면\한재광\회사SW\DT준전문가교육\DLAB\SW Project\halal_web","C:\Users\user\OneDrive\바탕 화면\한재광\회사SW\DT준전문가교육\DLAB\SW Project\halal_web\backend\scripts\test_filing_copy.py","backend\scripts\test_filing_copy.py","test_filing_copy.py",".py","1672","0.0016","2026-06-24T18:55:13","2026-06-24T19:11:01","SOURCE_OR_CONFIG"
"PROJECT","C:\Users\user\OneDrive\바탕 화면\한재광\회사SW\DT준전문가교육\DLAB\SW Project\halal_web","C:\Users\user\OneDrive\바탕 화면\한재광\회사SW\DT준전문가교육\DLAB\SW Project\halal_web\backend\scripts\test_filing_preview.py","backend\scripts\test_filing_preview.py","test_filing_preview.py",".py","1097","0.001","2026-06-24T18:47:27","2026-06-24T18:53:11","SOURCE_OR_CONFIG"
"PROJECT","C:\Users\user\OneDrive\바탕 화면\한재광\회사SW\DT준전문가교육\DLAB\SW Project\halal_web","C:\Users\user\OneDrive\바탕 화면\한재광\회사SW\DT준전문가교육\DLAB\SW Project\halal_web\backend\scripts\test_filing_storage.py","backend\scripts\test_filing_storage.py","test_filing_storage.py",".py","2269","0.0022","2026-06-29T17:24:49","2026-06-29T17:24:40","SOURCE_OR_CONFIG"
"PROJECT","C:\Users\user\OneDrive\바탕 화면\한재광\회사SW\DT준전문가교육\DLAB\SW Project\halal_web","C:\Users\user\OneDrive\바탕 화면\한재광\회사SW\DT준전문가교육\DLAB\SW Project\halal_web\backend\scripts\test_ocr_api.py","backend\scripts\test_ocr_api.py","test_ocr_api.py",".py","4607","0.0044","2026-06-29T17:24:49","2026-06-29T17:24:40","SOURCE_OR_CONFIG"
"PROJECT","C:\Users\user\OneDrive\바탕 화면\한재광\회사SW\DT준전문가교육\DLAB\SW Project\halal_web","C:\Users\user\OneDrive\바탕 화면\한재광\회사SW\DT준전문가교육\DLAB\SW Project\halal_web\backend\scripts\test_ocr_rule_v2.py","backend\scripts\test_ocr_rule_v2.py","test_ocr_rule_v2.py",".py","10011","0.0095","2026-06-29T13:44:39","2026-06-29T11:38:24","SOURCE_OR_CONFIG"
"PROJECT","C:\Users\user\OneDrive\바탕 화면\한재광\회사SW\DT준전문가교육\DLAB\SW Project\halal_web","C:\Users\user\OneDrive\바탕 화면\한재광\회사SW\DT준전문가교육\DLAB\SW Project\halal_web\backend\scripts\test_phase2_1_matching.py","backend\scripts\test_phase2_1_matching.py","test_phase2_1_matching.py",".py","1779","0.0017","2026-06-25T00:57:46","2026-06-25T00:57:22","SOURCE_OR_CONFIG"
"PROJECT","C:\Users\user\OneDrive\바탕 화면\한재광\회사SW\DT준전문가교육\DLAB\SW Project\halal_web","C:\Users\user\OneDrive\바탕 화면\한재광\회사SW\DT준전문가교육\DLAB\SW Project\halal_web\backend\scripts\verify_and_remove_onedrive_backups.ps1","backend\scripts\verify_and_remove_onedrive_backups.ps1","verify_and_remove_onedrive_backups.ps1",".ps1","7335","0.007","2026-06-29T16:41:18","2026-06-29T07:39:34","SOURCE_OR_CONFIG"
"PROJECT","C:\Users\user\OneDrive\바탕 화면\한재광\회사SW\DT준전문가교육\DLAB\SW Project\halal_web","C:\Users\user\OneDrive\바탕 화면\한재광\회사SW\DT준전문가교육\DLAB\SW Project\halal_web\backend\scripts\verify_and_remove_onedrive_backups_v2.ps1","backend\scripts\verify_and_remove_onedrive_backups_v2.ps1","verify_and_remove_onedrive_backups_v2.ps1",".ps1","6653","0.0063","2026-06-29T16:53:38","2026-06-29T07:50:46","SOURCE_OR_CONFIG"
"PROJECT","C:\Users\user\OneDrive\바탕 화면\한재광\회사SW\DT준전문가교육\DLAB\SW Project\halal_web","C:\Users\user\OneDrive\바탕 화면\한재광\회사SW\DT준전문가교육\DLAB\SW Project\halal_web\backend\scripts\verify_long_path_backups.py","backend\scripts\verify_long_path_backups.py","verify_long_path_backups.py",".py","14059","0.0134","2026-06-29T17:01:28","2026-06-29T08:00:42","SOURCE_OR_CONFIG"
"PROJECT","C:\Users\user\OneDrive\바탕 화면\한재광\회사SW\DT준전문가교육\DLAB\SW Project\halal_web","C:\Users\user\OneDrive\바탕 화면\한재광\회사SW\DT준전문가교육\DLAB\SW Project\halal_web\backend\scripts\verify_runtime.py","backend\scripts\verify_runtime.py","verify_runtime.py",".py","1896","0.0018","2026-06-24T22:25:56","2026-06-24T22:06:11","SOURCE_OR_CONFIG"
"PROJECT","C:\Users\user\OneDrive\바탕 화면\한재광\회사SW\DT준전문가교육\DLAB\SW Project\halal_web","C:\Users\user\OneDrive\바탕 화면\한재광\회사SW\DT준전문가교육\DLAB\SW Project\halal_web\backend\scripts\verify_runtime_on_d.ps1","backend\scripts\verify_runtime_on_d.ps1","verify_runtime_on_d.ps1",".ps1","2155","0.0021","2026-06-29T14:28:23","2026-06-29T05:25:22","SOURCE_OR_CONFIG"
"PROJECT","C:\Users\user\OneDrive\바탕 화면\한재광\회사SW\DT준전문가교육\DLAB\SW Project\halal_web","C:\Users\user\OneDrive\바탕 화면\한재광\회사SW\DT준전문가교육\DLAB\SW Project\halal_web\backend\scripts\verify_runtime_on_d_v2.ps1","backend\scripts\verify_runtime_on_d_v2.ps1","verify_runtime_on_d_v2.ps1",".ps1","3028","0.0029","2026-06-29T14:40:04","2026-06-29T05:36:22","SOURCE_OR_CONFIG"
"PROJECT","C:\Users\user\OneDrive\바탕 화면\한재광\회사SW\DT준전문가교육\DLAB\SW Project\halal_web","C:\Users\user\OneDrive\바탕 화면\한재광\회사SW\DT준전문가교육\DLAB\SW Project\halal_web\backend\scripts\__init__.py","backend\scripts\__init__.py","__init__.py",".py","0","0","2026-06-24T18:52:32","2026-06-24T21:56:17","SOURCE_OR_CONFIG"
"PROJECT","C:\Users\user\OneDrive\바탕 화면\한재광\회사SW\DT준전문가교육\DLAB\SW Project\halal_web","C:\Users\user\OneDrive\바탕 화면\한재광\회사SW\DT준전문가교육\DLAB\SW Project\halal_web\backend\scripts\ml_certificate_classifier\01_audit_dataset.py","backend\scripts\ml_certificate_classifier\01_audit_dataset.py","01_audit_dataset.py",".py","7265","0.0069","2026-07-27T08:51:59","2026-07-27T08:51:59","SOURCE_OR_CONFIG"
"PROJECT","C:\Users\user\OneDrive\바탕 화면\한재광\회사SW\DT준전문가교육\DLAB\SW Project\halal_web","C:\Users\user\OneDrive\바탕 화면\한재광\회사SW\DT준전문가교육\DLAB\SW Project\halal_web\backend\scripts\ml_certificate_classifier\02_build_training_text.py","backend\scripts\ml_certificate_classifier\02_build_training_text.py","02_build_training_text.py",".py","19570","0.0187","2026-07-27T09:15:37","2026-07-27T09:15:37","SOURCE_OR_CONFIG"
"PROJECT","C:\Users\user\OneDrive\바탕 화면\한재광\회사SW\DT준전문가교육\DLAB\SW Project\halal_web","C:\Users\user\OneDrive\바탕 화면\한재광\회사SW\DT준전문가교육\DLAB\SW Project\halal_web\backend\scripts\ml_certificate_classifier\02_train_classifier.py","backend\scripts\ml_certificate_classifier\02_train_classifier.py","02_train_classifier.py",".py","41287","0.0394","2026-07-27T11:18:03","2026-07-27T11:41:16","SOURCE_OR_CONFIG"
"PROJECT","C:\Users\user\OneDrive\바탕 화면\한재광\회사SW\DT준전문가교육\DLAB\SW Project\halal_web","C:\Users\user\OneDrive\바탕 화면\한재광\회사SW\DT준전문가교육\DLAB\SW Project\halal_web\backend\scripts\ml_data_augmentation\01_make_synthetic_scan_pdfs.py","backend\scripts\ml_data_augmentation\01_make_synthetic_scan_pdfs.py","01_make_synthetic_scan_pdfs.py",".py","19823","0.0189","2026-07-28T17:27:15","2026-07-28T17:57:52","SOURCE_OR_CONFIG"
"PROJECT","C:\Users\user\OneDrive\바탕 화면\한재광\회사SW\DT준전문가교육\DLAB\SW Project\halal_web","C:\Users\user\OneDrive\바탕 화면\한재광\회사SW\DT준전문가교육\DLAB\SW Project\halal_web\backend\scripts\ml_data_augmentation\01_make_synthetic_scan_pdfs.py.bak_20260728_175752","backend\scripts\ml_data_augmentation\01_make_synthetic_scan_pdfs.py.bak_20260728_175752","01_make_synthetic_scan_pdfs.py.bak_20260728_175752",".bak_20260728_175752","19814","0.0189","2026-07-28T17:57:52","2026-07-28T17:29:20","BACKUP"
"PROJECT","C:\Users\user\OneDrive\바탕 화면\한재광\회사SW\DT준전문가교육\DLAB\SW Project\halal_web","C:\Users\user\OneDrive\바탕 화면\한재광\회사SW\DT준전문가교육\DLAB\SW Project\halal_web\backend\scripts\ml_data_augmentation\02_evaluate_synthetic_scan_ocr.py","backend\scripts\ml_data_augmentation\02_evaluate_synthetic_scan_ocr.py","02_evaluate_synthetic_scan_ocr.py",".py","34555","0.033","2026-07-29T07:59:14","2026-07-29T07:59:14","SOURCE_OR_CONFIG"
"PROJECT","C:\Users\user\OneDrive\바탕 화면\한재광\회사SW\DT준전문가교육\DLAB\SW Project\halal_web","C:\Users\user\OneDrive\바탕 화면\한재광\회사SW\DT준전문가교육\DLAB\SW Project\halal_web\backend\scripts\ml_data_augmentation\03_evaluate_synthetic_scan_core_fields.py","backend\scripts\ml_data_augmentation\03_evaluate_synthetic_scan_core_fields.py","03_evaluate_synthetic_scan_core_fields.py",".py","41874","0.0399","2026-07-29T09:50:29","2026-07-29T09:50:29","SOURCE_OR_CONFIG"
"PROJECT","C:\Users\user\OneDrive\바탕 화면\한재광\회사SW\DT준전문가교육\DLAB\SW Project\halal_web","C:\Users\user\OneDrive\바탕 화면\한재광\회사SW\DT준전문가교육\DLAB\SW Project\halal_web\backend\scripts\ml_data_augmentation\04_prepare_synthetic_training_pack.py","backend\scripts\ml_data_augmentation\04_prepare_synthetic_training_pack.py","04_prepare_synthetic_training_pack.py",".py","28198","0.0269","2026-07-29T11:35:01","2026-07-29T11:35:01","SOURCE_OR_CONFIG"
"PROJECT","C:\Users\user\OneDrive\바탕 화면\한재광\회사SW\DT준전문가교육\DLAB\SW Project\halal_web","C:\Users\user\OneDrive\바탕 화면\한재광\회사SW\DT준전문가교육\DLAB\SW Project\halal_web\backend\scripts\ml_field_extraction\01_build_field_label_candidates.py","backend\scripts\ml_field_extraction\01_build_field_label_candidates.py","01_build_field_label_candidates.py",".py","50709","0.0484","2026-07-27T17:54:11","2026-07-27T17:54:11","SOURCE_OR_CONFIG"
"PROJECT","C:\Users\user\OneDrive\바탕 화면\한재광\회사SW\DT준전문가교육\DLAB\SW Project\halal_web","C:\Users\user\OneDrive\바탕 화면\한재광\회사SW\DT준전문가교육\DLAB\SW Project\halal_web\backend\scripts\ml_field_extraction\02_refine_field_label_candidates.py","backend\scripts\ml_field_extraction\02_refine_field_label_candidates.py","02_refine_field_label_candidates.py",".py","18905","0.018","2026-07-28T13:57:19","2026-07-28T13:57:19","SOURCE_OR_CONFIG"
"PROJECT","C:\Users\user\OneDrive\바탕 화면\한재광\회사SW\DT준전문가교육\DLAB\SW Project\halal_web","C:\Users\user\OneDrive\바탕 화면\한재광\회사SW\DT준전문가교육\DLAB\SW Project\halal_web\backend\scripts\ml_field_extraction\03_train_field_rankers.py","backend\scripts\ml_field_extraction\03_train_field_rankers.py","03_train_field_rankers.py",".py","40061","0.0382","2026-07-28T14:23:16","2026-07-28T14:23:16","SOURCE_OR_CONFIG"
"PROJECT","C:\Users\user\OneDrive\바탕 화면\한재광\회사SW\DT준전문가교육\DLAB\SW Project\halal_web","C:\Users\user\OneDrive\바탕 화면\한재광\회사SW\DT준전문가교육\DLAB\SW Project\halal_web\backend\scripts\ml_field_extraction\04_train_field_span_rankers.py","backend\scripts\ml_field_extraction\04_train_field_span_rankers.py","04_train_field_span_rankers.py",".py","35770","0.0341","2026-07-28T14:42:31","2026-07-28T14:42:31","SOURCE_OR_CONFIG"
"PROJECT","C:\Users\user\OneDrive\바탕 화면\한재광\회사SW\DT준전문가교육\DLAB\SW Project\halal_web","C:\Users\user\OneDrive\바탕 화면\한재광\회사SW\DT준전문가교육\DLAB\SW Project\halal_web\backend\scripts\ml_field_extraction\05_build_product_item_labels.py","backend\scripts\ml_field_extraction\05_build_product_item_labels.py","05_build_product_item_labels.py",".py","49920","0.0476","2026-07-28T15:05:20","2026-07-28T15:05:20","SOURCE_OR_CONFIG"
"PROJECT","C:\Users\user\OneDrive\바탕 화면\한재광\회사SW\DT준전문가교육\DLAB\SW Project\halal_web","C:\Users\user\OneDrive\바탕 화면\한재광\회사SW\DT준전문가교육\DLAB\SW Project\halal_web\backend\scripts\ml_field_extraction\06_diagnose_product_ocr_bias.py","backend\scripts\ml_field_extraction\06_diagnose_product_ocr_bias.py","06_diagnose_product_ocr_bias.py",".py","40574","0.0387","2026-07-28T16:11:11","2026-07-28T16:11:11","SOURCE_OR_CONFIG"
"PROJECT","C:\Users\user\OneDrive\바탕 화면\한재광\회사SW\DT준전문가교육\DLAB\SW Project\halal_web","C:\Users\user\OneDrive\바탕 화면\한재광\회사SW\DT준전문가교육\DLAB\SW Project\halal_web\docs\LOCAL_DEVELOPMENT.md","docs\LOCAL_DEVELOPMENT.md","LOCAL_DEVELOPMENT.md",".md","1751","0.0017","2026-06-24T22:26:00","2026-06-24T22:06:11","SOURCE_OR_CONFIG"
"PROJECT","C:\Users\user\OneDrive\바탕 화면\한재광\회사SW\DT준전문가교육\DLAB\SW Project\halal_web","C:\Users\user\OneDrive\바탕 화면\한재광\회사SW\DT준전문가교육\DLAB\SW Project\halal_web\frontend\.env","frontend\.env",".env",".env","39","0","2026-05-09T01:19:18","2026-05-09T01:19:19","POTENTIAL_SECRET"
"PROJECT","C:\Users\user\OneDrive\바탕 화면\한재광\회사SW\DT준전문가교육\DLAB\SW Project\halal_web","C:\Users\user\OneDrive\바탕 화면\한재광\회사SW\DT준전문가교육\DLAB\SW Project\halal_web\frontend\.gitignore","frontend\.gitignore",".gitignore",".gitignore","253","0.0002","2026-05-09T01:14:13","2026-05-09T01:14:06","OTHER"
"PROJECT","C:\Users\user\OneDrive\바탕 화면\한재광\회사SW\DT준전문가교육\DLAB\SW Project\halal_web","C:\Users\user\OneDrive\바탕 화면\한재광\회사SW\DT준전문가교육\DLAB\SW Project\halal_web\frontend\api_ai_rule_review_append.js","frontend\api_ai_rule_review_append.js","api_ai_rule_review_append.js",".js","3035","0.0029","2026-06-05T08:58:20","2026-06-04T23:55:16","SOURCE_OR_CONFIG"
"PROJECT","C:\Users\user\OneDrive\바탕 화면\한재광\회사SW\DT준전문가교육\DLAB\SW Project\halal_web","C:\Users\user\OneDrive\바탕 화면\한재광\회사SW\DT준전문가교육\DLAB\SW Project\halal_web\frontend\eslint.config.js","frontend\eslint.config.js","eslint.config.js",".js","568","0.0005","2026-05-09T01:14:13","2026-05-09T01:14:06","SOURCE_OR_CONFIG"
"PROJECT","C:\Users\user\OneDrive\바탕 화면\한재광\회사SW\DT준전문가교육\DLAB\SW Project\halal_web","C:\Users\user\OneDrive\바탕 화면\한재광\회사SW\DT준전문가교육\DLAB\SW Project\halal_web\frontend\frontend.zip","frontend\frontend.zip","frontend.zip",".zip","24562856","23.425","2026-07-01T18:19:28","2026-07-01T18:20:37","OTHER"
"PROJECT","C:\Users\user\OneDrive\바탕 화면\한재광\회사SW\DT준전문가교육\DLAB\SW Project\halal_web","C:\Users\user\OneDrive\바탕 화면\한재광\회사SW\DT준전문가교육\DLAB\SW Project\halal_web\frontend\index.html","frontend\index.html","index.html",".html","360","0.0003","2026-05-09T01:14:13","2026-05-09T01:14:13","SOURCE_OR_CONFIG"
"PROJECT","C:\Users\user\OneDrive\바탕 화면\한재광\회사SW\DT준전문가교육\DLAB\SW Project\halal_web","C:\Users\user\OneDrive\바탕 화면\한재광\회사SW\DT준전문가교육\DLAB\SW Project\halal_web\frontend\package-lock.json","frontend\package-lock.json","package-lock.json",".json","84418","0.0805","2026-05-09T01:14:26","2026-05-09T01:14:26","SOURCE_OR_CONFIG"
"PROJECT","C:\Users\user\OneDrive\바탕 화면\한재광\회사SW\DT준전문가교육\DLAB\SW Project\halal_web","C:\Users\user\OneDrive\바탕 화면\한재광\회사SW\DT준전문가교육\DLAB\SW Project\halal_web\frontend\package.json","frontend\package.json","package.json",".json","605","0.0006","2026-05-09T01:14:13","2026-05-09T01:14:13","SOURCE_OR_CONFIG"
"PROJECT","C:\Users\user\OneDrive\바탕 화면\한재광\회사SW\DT준전문가교육\DLAB\SW Project\halal_web","C:\Users\user\OneDrive\바탕 화면\한재광\회사SW\DT준전문가교육\DLAB\SW Project\halal_web\frontend\README.md","frontend\README.md","README.md",".md","1027","0.001","2026-05-09T01:14:13","2026-05-09T01:14:06","SOURCE_OR_CONFIG"
"PROJECT","C:\Users\user\OneDrive\바탕 화면\한재광\회사SW\DT준전문가교육\DLAB\SW Project\halal_web","C:\Users\user\OneDrive\바탕 화면\한재광\회사SW\DT준전문가교육\DLAB\SW Project\halal_web\frontend\vite.config.js","frontend\vite.config.js","vite.config.js",".js","161","0.0002","2026-05-09T01:14:13","2026-05-09T01:14:06","SOURCE_OR_CONFIG"
"PROJECT","C:\Users\user\OneDrive\바탕 화면\한재광\회사SW\DT준전문가교육\DLAB\SW Project\halal_web","C:\Users\user\OneDrive\바탕 화면\한재광\회사SW\DT준전문가교육\DLAB\SW Project\halal_web\frontend\public\favicon.svg","frontend\public\favicon.svg","favicon.svg",".svg","9522","0.0091","2026-05-09T01:14:13","2026-05-09T01:14:06","OTHER"
"PROJECT","C:\Users\user\OneDrive\바탕 화면\한재광\회사SW\DT준전문가교육\DLAB\SW Project\halal_web","C:\Users\user\OneDrive\바탕 화면\한재광\회사SW\DT준전문가교육\DLAB\SW Project\halal_web\frontend\public\icons.svg","frontend\public\icons.svg","icons.svg",".svg","5031","0.0048","2026-05-09T01:14:13","2026-05-09T01:14:06","OTHER"
"PROJECT","C:\Users\user\OneDrive\바탕 화면\한재광\회사SW\DT준전문가교육\DLAB\SW Project\halal_web","C:\Users\user\OneDrive\바탕 화면\한재광\회사SW\DT준전문가교육\DLAB\SW Project\halal_web\frontend\public\sewoo-logo.png","frontend\public\sewoo-logo.png","sewoo-logo.png",".png","54518","0.052","2026-05-11T10:06:41","2026-05-11T10:06:42","OTHER"
"PROJECT","C:\Users\user\OneDrive\바탕 화면\한재광\회사SW\DT준전문가교육\DLAB\SW Project\halal_web","C:\Users\user\OneDrive\바탕 화면\한재광\회사SW\DT준전문가교육\DLAB\SW Project\halal_web\frontend\src\api.js","frontend\src\api.js","api.js",".js","14160","0.0135","2026-07-01T23:02:01","2026-07-01T22:59:55","SOURCE_OR_CONFIG"
"PROJECT","C:\Users\user\OneDrive\바탕 화면\한재광\회사SW\DT준전문가교육\DLAB\SW Project\halal_web","C:\Users\user\OneDrive\바탕 화면\한재광\회사SW\DT준전문가교육\DLAB\SW Project\halal_web\frontend\src\App.css","frontend\src\App.css","App.css",".css","254530","0.2427","2026-07-01T23:06:45","2026-07-27T08:59:14","SOURCE_OR_CONFIG"
"PROJECT","C:\Users\user\OneDrive\바탕 화면\한재광\회사SW\DT준전문가교육\DLAB\SW Project\halal_web","C:\Users\user\OneDrive\바탕 화면\한재광\회사SW\DT준전문가교육\DLAB\SW Project\halal_web\frontend\src\App.jsx","frontend\src\App.jsx","App.jsx",".jsx","337051","0.3214","2026-07-01T21:41:04","2026-07-01T21:40:10","SOURCE_OR_CONFIG"
"PROJECT","C:\Users\user\OneDrive\바탕 화면\한재광\회사SW\DT준전문가교육\DLAB\SW Project\halal_web","C:\Users\user\OneDrive\바탕 화면\한재광\회사SW\DT준전문가교육\DLAB\SW Project\halal_web\frontend\src\FilingPage.css","frontend\src\FilingPage.css","FilingPage.css",".css","21177","0.0202","2026-07-01T23:02:01","2026-07-01T22:59:55","SOURCE_OR_CONFIG"
"PROJECT","C:\Users\user\OneDrive\바탕 화면\한재광\회사SW\DT준전문가교육\DLAB\SW Project\halal_web","C:\Users\user\OneDrive\바탕 화면\한재광\회사SW\DT준전문가교육\DLAB\SW Project\halal_web\frontend\src\FilingPage.jsx","frontend\src\FilingPage.jsx","FilingPage.jsx",".jsx","26453","0.0252","2026-07-01T23:02:01","2026-07-01T22:59:55","SOURCE_OR_CONFIG"
"PROJECT","C:\Users\user\OneDrive\바탕 화면\한재광\회사SW\DT준전문가교육\DLAB\SW Project\halal_web","C:\Users\user\OneDrive\바탕 화면\한재광\회사SW\DT준전문가교육\DLAB\SW Project\halal_web\frontend\src\index.css","frontend\src\index.css","index.css",".css","2169","0.0021","2026-05-09T01:14:13","2026-05-09T01:14:06","SOURCE_OR_CONFIG"
"PROJECT","C:\Users\user\OneDrive\바탕 화면\한재광\회사SW\DT준전문가교육\DLAB\SW Project\halal_web","C:\Users\user\OneDrive\바탕 화면\한재광\회사SW\DT준전문가교육\DLAB\SW Project\halal_web\frontend\src\main.jsx","frontend\src\main.jsx","main.jsx",".jsx","229","0.0002","2026-05-09T01:14:13","2026-05-09T01:14:06","SOURCE_OR_CONFIG"
"PROJECT","C:\Users\user\OneDrive\바탕 화면\한재광\회사SW\DT준전문가교육\DLAB\SW Project\halal_web","C:\Users\user\OneDrive\바탕 화면\한재광\회사SW\DT준전문가교육\DLAB\SW Project\halal_web\frontend\src\assets\hero.png","frontend\src\assets\hero.png","hero.png",".png","13057","0.0125","2026-05-09T01:14:13","2026-05-09T01:14:06","OTHER"
"PROJECT","C:\Users\user\OneDrive\바탕 화면\한재광\회사SW\DT준전문가교육\DLAB\SW Project\halal_web","C:\Users\user\OneDrive\바탕 화면\한재광\회사SW\DT준전문가교육\DLAB\SW Project\halal_web\frontend\src\assets\react.svg","frontend\src\assets\react.svg","react.svg",".svg","4126","0.0039","2026-05-09T01:14:13","2026-05-09T01:14:06","OTHER"
"PROJECT","C:\Users\user\OneDrive\바탕 화면\한재광\회사SW\DT준전문가교육\DLAB\SW Project\halal_web","C:\Users\user\OneDrive\바탕 화면\한재광\회사SW\DT준전문가교육\DLAB\SW Project\halal_web\frontend\src\assets\vite.svg","frontend\src\assets\vite.svg","vite.svg",".svg","8709","0.0083","2026-05-09T01:14:13","2026-05-09T01:14:06","OTHER"
"PROJECT","C:\Users\user\OneDrive\바탕 화면\한재광\회사SW\DT준전문가교육\DLAB\SW Project\halal_web","C:\Users\user\OneDrive\바탕 화면\한재광\회사SW\DT준전문가교육\DLAB\SW Project\halal_web\scripts\git_checkpoint.ps1","scripts\git_checkpoint.ps1","git_checkpoint.ps1",".ps1","596","0.0006","2026-06-24T22:26:00","2026-06-24T22:06:11","SOURCE_OR_CONFIG"
"PROJECT","C:\Users\user\OneDrive\바탕 화면\한재광\회사SW\DT준전문가교육\DLAB\SW Project\halal_web","C:\Users\user\OneDrive\바탕 화면\한재광\회사SW\DT준전문가교육\DLAB\SW Project\halal_web\scripts\git_log.ps1","scripts\git_log.ps1","git_log.ps1",".ps1","227","0.0002","2026-06-24T22:26:00","2026-06-24T22:06:11","SOURCE_OR_CONFIG"
"PROJECT","C:\Users\user\OneDrive\바탕 화면\한재광\회사SW\DT준전문가교육\DLAB\SW Project\halal_web","C:\Users\user\OneDrive\바탕 화면\한재광\회사SW\DT준전문가교육\DLAB\SW Project\halal_web\scripts\init_local_git.ps1","scripts\init_local_git.ps1","init_local_git.ps1",".ps1","1546","0.0015","2026-06-24T22:26:00","2026-06-24T22:06:11","SOURCE_OR_CONFIG"
"PROJECT","C:\Users\user\OneDrive\바탕 화면\한재광\회사SW\DT준전문가교육\DLAB\SW Project\halal_web","C:\Users\user\OneDrive\바탕 화면\한재광\회사SW\DT준전문가교육\DLAB\SW Project\halal_web\scripts\local_env.ps1","scripts\local_env.ps1","local_env.ps1",".ps1","199","0.0002","2026-06-25T00:27:16","2026-06-25T00:27:39","SOURCE_OR_CONFIG"
"PROJECT","C:\Users\user\OneDrive\바탕 화면\한재광\회사SW\DT준전문가교육\DLAB\SW Project\halal_web","C:\Users\user\OneDrive\바탕 화면\한재광\회사SW\DT준전문가교육\DLAB\SW Project\halal_web\scripts\local_env.ps1.example","scripts\local_env.ps1.example","local_env.ps1.example",".example","693","0.0007","2026-06-24T22:25:56","2026-06-24T22:06:11","OTHER"
"PROJECT","C:\Users\user\OneDrive\바탕 화면\한재광\회사SW\DT준전문가교육\DLAB\SW Project\halal_web","C:\Users\user\OneDrive\바탕 화면\한재광\회사SW\DT준전문가교육\DLAB\SW Project\halal_web\scripts\refresh_latest_pmf_copy.ps1","scripts\refresh_latest_pmf_copy.ps1","refresh_latest_pmf_copy.ps1",".ps1","2308","0.0022","2026-06-25T00:29:20","2026-06-25T00:29:20","SOURCE_OR_CONFIG"
"PROJECT","C:\Users\user\OneDrive\바탕 화면\한재광\회사SW\DT준전문가교육\DLAB\SW Project\halal_web","C:\Users\user\OneDrive\바탕 화면\한재광\회사SW\DT준전문가교육\DLAB\SW Project\halal_web\scripts\run_backend.ps1","scripts\run_backend.ps1","run_backend.ps1",".ps1","938","0.0009","2026-06-24T22:25:56","2026-06-24T22:06:11","SOURCE_OR_CONFIG"
"PROJECT","C:\Users\user\OneDrive\바탕 화면\한재광\회사SW\DT준전문가교육\DLAB\SW Project\halal_web","C:\Users\user\OneDrive\바탕 화면\한재광\회사SW\DT준전문가교육\DLAB\SW Project\halal_web\scripts\run_ml_classifier_training.ps1","scripts\run_ml_classifier_training.ps1","run_ml_classifier_training.ps1",".ps1","1333","0.0013","2026-07-27T11:18:03","2026-07-27T11:18:03","SOURCE_OR_CONFIG"
"PROJECT","C:\Users\user\OneDrive\바탕 화면\한재광\회사SW\DT준전문가교육\DLAB\SW Project\halal_web","C:\Users\user\OneDrive\바탕 화면\한재광\회사SW\DT준전문가교육\DLAB\SW Project\halal_web\scripts\run_ml_dataset_audit.ps1","scripts\run_ml_dataset_audit.ps1","run_ml_dataset_audit.ps1",".ps1","1088","0.001","2026-07-27T08:51:59","2026-07-27T08:51:59","SOURCE_OR_CONFIG"
"PROJECT","C:\Users\user\OneDrive\바탕 화면\한재광\회사SW\DT준전문가교육\DLAB\SW Project\halal_web","C:\Users\user\OneDrive\바탕 화면\한재광\회사SW\DT준전문가교육\DLAB\SW Project\halal_web\scripts\run_ml_field_label_builder.ps1","scripts\run_ml_field_label_builder.ps1","run_ml_field_label_builder.ps1",".ps1","1438","0.0014","2026-07-27T17:54:11","2026-07-27T17:54:11","SOURCE_OR_CONFIG"
"PROJECT","C:\Users\user\OneDrive\바탕 화면\한재광\회사SW\DT준전문가교육\DLAB\SW Project\halal_web","C:\Users\user\OneDrive\바탕 화면\한재광\회사SW\DT준전문가교육\DLAB\SW Project\halal_web\scripts\run_ml_field_label_refinement.ps1","scripts\run_ml_field_label_refinement.ps1","run_ml_field_label_refinement.ps1",".ps1","1187","0.0011","2026-07-28T13:57:19","2026-07-28T13:57:19","SOURCE_OR_CONFIG"
"PROJECT","C:\Users\user\OneDrive\바탕 화면\한재광\회사SW\DT준전문가교육\DLAB\SW Project\halal_web","C:\Users\user\OneDrive\바탕 화면\한재광\회사SW\DT준전문가교육\DLAB\SW Project\halal_web\scripts\run_ml_field_ranker_training.ps1","scripts\run_ml_field_ranker_training.ps1","run_ml_field_ranker_training.ps1",".ps1","1204","0.0011","2026-07-28T14:23:16","2026-07-28T14:23:16","SOURCE_OR_CONFIG"
"PROJECT","C:\Users\user\OneDrive\바탕 화면\한재광\회사SW\DT준전문가교육\DLAB\SW Project\halal_web","C:\Users\user\OneDrive\바탕 화면\한재광\회사SW\DT준전문가교육\DLAB\SW Project\halal_web\scripts\run_ml_field_span_ranker_training.ps1","scripts\run_ml_field_span_ranker_training.ps1","run_ml_field_span_ranker_training.ps1",".ps1","1205","0.0011","2026-07-28T14:42:31","2026-07-28T14:42:31","SOURCE_OR_CONFIG"
"PROJECT","C:\Users\user\OneDrive\바탕 화면\한재광\회사SW\DT준전문가교육\DLAB\SW Project\halal_web","C:\Users\user\OneDrive\바탕 화면\한재광\회사SW\DT준전문가교육\DLAB\SW Project\halal_web\scripts\run_ml_product_item_label_builder.ps1","scripts\run_ml_product_item_label_builder.ps1","run_ml_product_item_label_builder.ps1",".ps1","1192","0.0011","2026-07-28T15:05:20","2026-07-28T15:05:20","SOURCE_OR_CONFIG"
"PROJECT","C:\Users\user\OneDrive\바탕 화면\한재광\회사SW\DT준전문가교육\DLAB\SW Project\halal_web","C:\Users\user\OneDrive\바탕 화면\한재광\회사SW\DT준전문가교육\DLAB\SW Project\halal_web\scripts\run_ml_product_ocr_bias_diagnostic.ps1","scripts\run_ml_product_ocr_bias_diagnostic.ps1","run_ml_product_ocr_bias_diagnostic.ps1",".ps1","1509","0.0014","2026-07-28T16:11:11","2026-07-28T16:11:11","SOURCE_OR_CONFIG"
"PROJECT","C:\Users\user\OneDrive\바탕 화면\한재광\회사SW\DT준전문가교육\DLAB\SW Project\halal_web","C:\Users\user\OneDrive\바탕 화면\한재광\회사SW\DT준전문가교육\DLAB\SW Project\halal_web\scripts\run_prepare_synthetic_training_pack.ps1","scripts\run_prepare_synthetic_training_pack.ps1","run_prepare_synthetic_training_pack.ps1",".ps1","791","0.0008","2026-07-29T11:35:01","2026-07-29T11:35:01","SOURCE_OR_CONFIG"
"PROJECT","C:\Users\user\OneDrive\바탕 화면\한재광\회사SW\DT준전문가교육\DLAB\SW Project\halal_web","C:\Users\user\OneDrive\바탕 화면\한재광\회사SW\DT준전문가교육\DLAB\SW Project\halal_web\scripts\run_synthetic_scan_core_field_evaluation.ps1","scripts\run_synthetic_scan_core_field_evaluation.ps1","run_synthetic_scan_core_field_evaluation.ps1",".ps1","828","0.0008","2026-07-29T09:50:29","2026-07-29T09:50:29","SOURCE_OR_CONFIG"
"PROJECT","C:\Users\user\OneDrive\바탕 화면\한재광\회사SW\DT준전문가교육\DLAB\SW Project\halal_web","C:\Users\user\OneDrive\바탕 화면\한재광\회사SW\DT준전문가교육\DLAB\SW Project\halal_web\scripts\run_synthetic_scan_ocr_evaluation.ps1","scripts\run_synthetic_scan_ocr_evaluation.ps1","run_synthetic_scan_ocr_evaluation.ps1",".ps1","1055","0.001","2026-07-29T07:59:14","2026-07-29T07:59:14","SOURCE_OR_CONFIG"
"PROJECT","C:\Users\user\OneDrive\바탕 화면\한재광\회사SW\DT준전문가교육\DLAB\SW Project\halal_web","C:\Users\user\OneDrive\바탕 화면\한재광\회사SW\DT준전문가교육\DLAB\SW Project\halal_web\scripts\setup_venv.ps1","scripts\setup_venv.ps1","setup_venv.ps1",".ps1","1844","0.0018","2026-06-24T22:25:56","2026-06-24T22:06:11","SOURCE_OR_CONFIG"
"PROJECT","C:\Users\user\OneDrive\바탕 화면\한재광\회사SW\DT준전문가교육\DLAB\SW Project\halal_web","C:\Users\user\OneDrive\바탕 화면\한재광\회사SW\DT준전문가교육\DLAB\SW Project\halal_web\scripts\setup_venv_v2.ps1","scripts\setup_venv_v2.ps1","setup_venv_v2.ps1",".ps1","5757","0.0055","2026-06-24T22:34:55","2026-06-24T22:34:56","SOURCE_OR_CONFIG"
"PROJECT","C:\Users\user\OneDrive\바탕 화면\한재광\회사SW\DT준전문가교육\DLAB\SW Project\halal_web","C:\Users\user\OneDrive\바탕 화면\한재광\회사SW\DT준전문가교육\DLAB\SW Project\halal_web\scripts\test_certificate_filing_preview_api.py","scripts\test_certificate_filing_preview_api.py","test_certificate_filing_preview_api.py",".py","3787","0.0036","2026-06-25T01:04:42","2026-06-25T01:04:29","SOURCE_OR_CONFIG"
"PROJECT","C:\Users\user\OneDrive\바탕 화면\한재광\회사SW\DT준전문가교육\DLAB\SW Project\halal_web","C:\Users\user\OneDrive\바탕 화면\한재광\회사SW\DT준전문가교육\DLAB\SW Project\halal_web\_ml_integration_review\backend\requirements.txt","_ml_integration_review\backend\requirements.txt","requirements.txt",".txt","228","0.0002","2026-07-27T08:19:09","2026-06-24T22:06:11","SOURCE_OR_CONFIG"
"PROJECT","C:\Users\user\OneDrive\바탕 화면\한재광\회사SW\DT준전문가교육\DLAB\SW Project\halal_web","C:\Users\user\OneDrive\바탕 화면\한재광\회사SW\DT준전문가교육\DLAB\SW Project\halal_web\_ml_integration_review\backend\app\main.py","_ml_integration_review\backend\app\main.py","main.py",".py","1177","0.0011","2026-07-27T08:19:09","2026-06-24T14:42:54","SOURCE_OR_CONFIG"
"PROJECT","C:\Users\user\OneDrive\바탕 화면\한재광\회사SW\DT준전문가교육\DLAB\SW Project\halal_web","C:\Users\user\OneDrive\바탕 화면\한재광\회사SW\DT준전문가교육\DLAB\SW Project\halal_web\_ml_integration_review\backend\app\core\config.py","_ml_integration_review\backend\app\core\config.py","config.py",".py","2538","0.0024","2026-07-27T08:19:09","2026-06-29T17:26:18","SOURCE_OR_CONFIG"
"PROJECT","C:\Users\user\OneDrive\바탕 화면\한재광\회사SW\DT준전문가교육\DLAB\SW Project\halal_web","C:\Users\user\OneDrive\바탕 화면\한재광\회사SW\DT준전문가교육\DLAB\SW Project\halal_web\_ml_integration_review\backend\app\routers\ocr.py","_ml_integration_review\backend\app\routers\ocr.py","ocr.py",".py","11246","0.0107","2026-07-27T08:19:09","2026-07-01T15:24:42","SOURCE_OR_CONFIG"
"PROJECT","C:\Users\user\OneDrive\바탕 화면\한재광\회사SW\DT준전문가교육\DLAB\SW Project\halal_web","C:\Users\user\OneDrive\바탕 화면\한재광\회사SW\DT준전문가교육\DLAB\SW Project\halal_web\_ml_integration_review\backend\app\services\certificate_rule_service.py","_ml_integration_review\backend\app\services\certificate_rule_service.py","certificate_rule_service.py",".py","95226","0.0908","2026-07-27T08:19:09","2026-07-01T14:40:29","SOURCE_OR_CONFIG"
"PROJECT","C:\Users\user\OneDrive\바탕 화면\한재광\회사SW\DT준전문가교육\DLAB\SW Project\halal_web","C:\Users\user\OneDrive\바탕 화면\한재광\회사SW\DT준전문가교육\DLAB\SW Project\halal_web\_ml_integration_review\backend\app\services\material_link_service.py","_ml_integration_review\backend\app\services\material_link_service.py","material_link_service.py",".py","8019","0.0076","2026-07-27T08:19:09","2026-05-11T10:51:31","SOURCE_OR_CONFIG"
"PROJECT","C:\Users\user\OneDrive\바탕 화면\한재광\회사SW\DT준전문가교육\DLAB\SW Project\halal_web","C:\Users\user\OneDrive\바탕 화면\한재광\회사SW\DT준전문가교육\DLAB\SW Project\halal_web\_ml_integration_review\backend\app\services\ocr_context_service.py","_ml_integration_review\backend\app\services\ocr_context_service.py","ocr_context_service.py",".py","7694","0.0073","2026-07-27T08:19:09","2026-06-29T11:37:40","SOURCE_OR_CONFIG"
"PROJECT","C:\Users\user\OneDrive\바탕 화면\한재광\회사SW\DT준전문가교육\DLAB\SW Project\halal_web","C:\Users\user\OneDrive\바탕 화면\한재광\회사SW\DT준전문가교육\DLAB\SW Project\halal_web\_ml_integration_review\backend\app\services\ocr_service.py","_ml_integration_review\backend\app\services\ocr_service.py","ocr_service.py",".py","43961","0.0419","2026-07-27T08:19:09","2026-07-01T15:59:12","SOURCE_OR_CONFIG"
"PROJECT","C:\Users\user\OneDrive\바탕 화면\한재광\회사SW\DT준전문가교육\DLAB\SW Project\halal_web","C:\Users\user\OneDrive\바탕 화면\한재광\회사SW\DT준전문가교육\DLAB\SW Project\halal_web\_ml_integration_review\frontend\src\api.js","_ml_integration_review\frontend\src\api.js","api.js",".js","14160","0.0135","2026-07-27T08:19:09","2026-07-01T22:59:55","SOURCE_OR_CONFIG"
"PROJECT","C:\Users\user\OneDrive\바탕 화면\한재광\회사SW\DT준전문가교육\DLAB\SW Project\halal_web","C:\Users\user\OneDrive\바탕 화면\한재광\회사SW\DT준전문가교육\DLAB\SW Project\halal_web\_ml_integration_review\frontend\src\App.jsx","_ml_integration_review\frontend\src\App.jsx","App.jsx",".jsx","337051","0.3214","2026-07-27T08:19:09","2026-07-01T21:40:10","SOURCE_OR_CONFIG"
"PROJECT","C:\Users\user\OneDrive\바탕 화면\한재광\회사SW\DT준전문가교육\DLAB\SW Project\halal_web","C:\Users\user\OneDrive\바탕 화면\한재광\회사SW\DT준전문가교육\DLAB\SW Project\halal_web\_patch_backups\all_junction_paths_20260630_110223\backend\app\core\path_utils.py","_patch_backups\all_junction_paths_20260630_110223\backend\app\core\path_utils.py","path_utils.py",".py","803","0.0008","2026-06-30T11:02:23","2026-06-30T10:22:17","SOURCE_OR_CONFIG"
"PROJECT","C:\Users\user\OneDrive\바탕 화면\한재광\회사SW\DT준전문가교육\DLAB\SW Project\halal_web","C:\Users\user\OneDrive\바탕 화면\한재광\회사SW\DT준전문가교육\DLAB\SW Project\halal_web\_patch_backups\all_junction_paths_20260630_110223\backend\app\services\ocr_test_service.py","_patch_backups\all_junction_paths_20260630_110223\backend\app\services\ocr_test_service.py","ocr_test_service.py",".py","14203","0.0135","2026-06-30T11:02:24","2026-05-20T08:38:24","SOURCE_OR_CONFIG"
"PROJECT","C:\Users\user\OneDrive\바탕 화면\한재광\회사SW\DT준전문가교육\DLAB\SW Project\halal_web","C:\Users\user\OneDrive\바탕 화면\한재광\회사SW\DT준전문가교육\DLAB\SW Project\halal_web\_patch_backups\certificate_filing_phase2_1_20260625_005746\app\services\certificate_filing_workflow_service.py","_patch_backups\certificate_filing_phase2_1_20260625_005746\app\services\certificate_filing_workflow_service.py","certificate_filing_workflow_service.py",".py","19072","0.0182","2026-06-25T00:57:46","2026-06-24T14:43:48","SOURCE_OR_CONFIG"
"PROJECT","C:\Users\user\OneDrive\바탕 화면\한재광\회사SW\DT준전문가교육\DLAB\SW Project\halal_web","C:\Users\user\OneDrive\바탕 화면\한재광\회사SW\DT준전문가교육\DLAB\SW Project\halal_web\_patch_backups\certificate_filing_phase2_1_20260625_005746\app\services\mail_request_item_service.py","_patch_backups\certificate_filing_phase2_1_20260625_005746\app\services\mail_request_item_service.py","mail_request_item_service.py",".py","13607","0.013","2026-06-25T00:57:46","2026-06-24T14:43:48","SOURCE_OR_CONFIG"
"PROJECT","C:\Users\user\OneDrive\바탕 화면\한재광\회사SW\DT준전문가교육\DLAB\SW Project\halal_web","C:\Users\user\OneDrive\바탕 화면\한재광\회사SW\DT준전문가교육\DLAB\SW Project\halal_web\_patch_backups\certificate_filing_phase2_20260625_000608\app\main.py","_patch_backups\certificate_filing_phase2_20260625_000608\app\main.py","main.py",".py","1177","0.0011","2026-06-25T00:06:08","2026-06-24T23:42:53","SOURCE_OR_CONFIG"
"PROJECT","C:\Users\user\OneDrive\바탕 화면\한재광\회사SW\DT준전문가교육\DLAB\SW Project\halal_web","C:\Users\user\OneDrive\바탕 화면\한재광\회사SW\DT준전문가교육\DLAB\SW Project\halal_web\_patch_backups\certificate_filing_phase2_20260625_000608\app\routers\certificate_filing.py","_patch_backups\certificate_filing_phase2_20260625_000608\app\routers\certificate_filing.py","certificate_filing.py",".py","3121","0.003","2026-06-25T00:06:08","2026-06-24T23:42:42","SOURCE_OR_CONFIG"
"PROJECT","C:\Users\user\OneDrive\바탕 화면\한재광\회사SW\DT준전문가교육\DLAB\SW Project\halal_web","C:\Users\user\OneDrive\바탕 화면\한재광\회사SW\DT준전문가교육\DLAB\SW Project\halal_web\_patch_backups\certificate_filing_phase2_20260625_000608\app\services\certificate_filing_workflow_service.py","_patch_backups\certificate_filing_phase2_20260625_000608\app\services\certificate_filing_workflow_service.py","certificate_filing_workflow_service.py",".py","19072","0.0182","2026-06-25T00:06:08","2026-06-24T23:43:48","SOURCE_OR_CONFIG"
"PROJECT","C:\Users\user\OneDrive\바탕 화면\한재광\회사SW\DT준전문가교육\DLAB\SW Project\halal_web","C:\Users\user\OneDrive\바탕 화면\한재광\회사SW\DT준전문가교육\DLAB\SW Project\halal_web\_patch_backups\certificate_filing_phase2_20260625_000608\app\services\mail_request_item_service.py","_patch_backups\certificate_filing_phase2_20260625_000608\app\services\mail_request_item_service.py","mail_request_item_service.py",".py","13607","0.013","2026-06-25T00:06:08","2026-06-24T23:43:48","SOURCE_OR_CONFIG"
"PROJECT","C:\Users\user\OneDrive\바탕 화면\한재광\회사SW\DT준전문가교육\DLAB\SW Project\halal_web","C:\Users\user\OneDrive\바탕 화면\한재광\회사SW\DT준전문가교육\DLAB\SW Project\halal_web\_patch_backups\certificate_filing_phase2_20260625_000608\app\services\pmf_filing_service.py","_patch_backups\certificate_filing_phase2_20260625_000608\app\services\pmf_filing_service.py","pmf_filing_service.py",".py","9687","0.0092","2026-06-25T00:06:08","2026-06-24T23:43:48","SOURCE_OR_CONFIG"
"PROJECT","C:\Users\user\OneDrive\바탕 화면\한재광\회사SW\DT준전문가교육\DLAB\SW Project\halal_web","C:\Users\user\OneDrive\바탕 화면\한재광\회사SW\DT준전문가교육\DLAB\SW Project\halal_web\_patch_backups\certificate_filing_phase2_20260625_000608\scripts\test_certificate_filing_phase2.py","_patch_backups\certificate_filing_phase2_20260625_000608\scripts\test_certificate_filing_phase2.py","test_certificate_filing_phase2.py",".py","1512","0.0014","2026-06-25T00:06:08","2026-06-24T23:44:21","SOURCE_OR_CONFIG"
"PROJECT","C:\Users\user\OneDrive\바탕 화면\한재광\회사SW\DT준전문가교육\DLAB\SW Project\halal_web","C:\Users\user\OneDrive\바탕 화면\한재광\회사SW\DT준전문가교육\DLAB\SW Project\halal_web\_patch_backups\css_line_clamp_20260727_085914\frontend\src\App.css","_patch_backups\css_line_clamp_20260727_085914\frontend\src\App.css","App.css",".css","241890","0.2307","2026-07-27T08:59:14","2026-07-01T23:03:47","SOURCE_OR_CONFIG"
"PROJECT","C:\Users\user\OneDrive\바탕 화면\한재광\회사SW\DT준전문가교육\DLAB\SW Project\halal_web","C:\Users\user\OneDrive\바탕 화면\한재광\회사SW\DT준전문가교육\DLAB\SW Project\halal_web\_patch_backups\ml_classifier_phase1_20260727_085122\backup_info.txt","_patch_backups\ml_classifier_phase1_20260727_085122\backup_info.txt","backup_info.txt",".txt","393","0.0004","2026-07-27T08:51:25","2026-07-27T08:51:25","SOURCE_OR_CONFIG"
"PROJECT","C:\Users\user\OneDrive\바탕 화면\한재광\회사SW\DT준전문가교육\DLAB\SW Project\halal_web","C:\Users\user\OneDrive\바탕 화면\한재광\회사SW\DT준전문가교육\DLAB\SW Project\halal_web\_patch_backups\ml_classifier_phase1_20260727_085122\git_diff_before.patch","_patch_backups\ml_classifier_phase1_20260727_085122\git_diff_before.patch","git_diff_before.patch",".patch","136013","0.1297","2026-07-27T08:51:25","2026-07-27T08:51:25","BACKUP"
"PROJECT","C:\Users\user\OneDrive\바탕 화면\한재광\회사SW\DT준전문가교육\DLAB\SW Project\halal_web","C:\Users\user\OneDrive\바탕 화면\한재광\회사SW\DT준전문가교육\DLAB\SW Project\halal_web\_patch_backups\ml_classifier_phase1_20260727_085122\git_status_before.txt","_patch_backups\ml_classifier_phase1_20260727_085122\git_status_before.txt","git_status_before.txt",".txt","4032","0.0038","2026-07-27T08:51:24","2026-07-27T08:51:24","SOURCE_OR_CONFIG"
"PROJECT","C:\Users\user\OneDrive\바탕 화면\한재광\회사SW\DT준전문가교육\DLAB\SW Project\halal_web","C:\Users\user\OneDrive\바탕 화면\한재광\회사SW\DT준전문가교육\DLAB\SW Project\halal_web\_patch_backups\ml_classifier_phase1_20260727_085122\pip_freeze_after.txt","_patch_backups\ml_classifier_phase1_20260727_085122\pip_freeze_after.txt","pip_freeze_after.txt",".txt","937","0.0009","2026-07-27T08:52:00","2026-07-27T08:52:00","SOURCE_OR_CONFIG"
"PROJECT","C:\Users\user\OneDrive\바탕 화면\한재광\회사SW\DT준전문가교육\DLAB\SW Project\halal_web","C:\Users\user\OneDrive\바탕 화면\한재광\회사SW\DT준전문가교육\DLAB\SW Project\halal_web\_patch_backups\ml_classifier_phase1_20260727_085122\pip_freeze_before.txt","_patch_backups\ml_classifier_phase1_20260727_085122\pip_freeze_before.txt","pip_freeze_before.txt",".txt","846","0.0008","2026-07-27T08:51:24","2026-07-27T08:51:24","SOURCE_OR_CONFIG"
"PROJECT","C:\Users\user\OneDrive\바탕 화면\한재광\회사SW\DT준전문가교육\DLAB\SW Project\halal_web","C:\Users\user\OneDrive\바탕 화면\한재광\회사SW\DT준전문가교육\DLAB\SW Project\halal_web\_patch_backups\ml_classifier_phase1_20260727_085122\backend\requirements.txt","_patch_backups\ml_classifier_phase1_20260727_085122\backend\requirements.txt","requirements.txt",".txt","228","0.0002","2026-07-27T08:51:22","2026-06-24T22:06:11","SOURCE_OR_CONFIG"
"PROJECT","C:\Users\user\OneDrive\바탕 화면\한재광\회사SW\DT준전문가교육\DLAB\SW Project\halal_web","C:\Users\user\OneDrive\바탕 화면\한재광\회사SW\DT준전문가교육\DLAB\SW Project\halal_web\_patch_backups\ml_classifier_phase2_ocr_20260727_091505\backup_info.txt","_patch_backups\ml_classifier_phase2_ocr_20260727_091505\backup_info.txt","backup_info.txt",".txt","438","0.0004","2026-07-27T09:15:06","2026-07-27T09:15:06","SOURCE_OR_CONFIG"
"PROJECT","C:\Users\user\OneDrive\바탕 화면\한재광\회사SW\DT준전문가교육\DLAB\SW Project\halal_web","C:\Users\user\OneDrive\바탕 화면\한재광\회사SW\DT준전문가교육\DLAB\SW Project\halal_web\_patch_backups\ml_classifier_phase2_ocr_20260727_091505\git_diff_before.patch","_patch_backups\ml_classifier_phase2_ocr_20260727_091505\git_diff_before.patch","git_diff_before.patch",".patch","136628","0.1303","2026-07-27T09:15:06","2026-07-27T09:15:06","BACKUP"
"PROJECT","C:\Users\user\OneDrive\바탕 화면\한재광\회사SW\DT준전문가교육\DLAB\SW Project\halal_web","C:\Users\user\OneDrive\바탕 화면\한재광\회사SW\DT준전문가교육\DLAB\SW Project\halal_web\_patch_backups\ml_classifier_phase2_ocr_20260727_091505\git_status_before.txt","_patch_backups\ml_classifier_phase2_ocr_20260727_091505\git_status_before.txt","git_status_before.txt",".txt","4277","0.0041","2026-07-27T09:15:06","2026-07-27T09:15:06","SOURCE_OR_CONFIG"
"PROJECT","C:\Users\user\OneDrive\바탕 화면\한재광\회사SW\DT준전문가교육\DLAB\SW Project\halal_web","C:\Users\user\OneDrive\바탕 화면\한재광\회사SW\DT준전문가교육\DLAB\SW Project\halal_web\_patch_backups\ml_classifier_phase2_ocr_20260727_091505\pip_freeze_after.txt","_patch_backups\ml_classifier_phase2_ocr_20260727_091505\pip_freeze_after.txt","pip_freeze_after.txt",".txt","1227","0.0012","2026-07-27T09:40:09","2026-07-27T09:40:09","SOURCE_OR_CONFIG"
"PROJECT","C:\Users\user\OneDrive\바탕 화면\한재광\회사SW\DT준전문가교육\DLAB\SW Project\halal_web","C:\Users\user\OneDrive\바탕 화면\한재광\회사SW\DT준전문가교육\DLAB\SW Project\halal_web\_patch_backups\ml_classifier_phase2_ocr_20260727_091505\pip_freeze_before.txt","_patch_backups\ml_classifier_phase2_ocr_20260727_091505\pip_freeze_before.txt","pip_freeze_before.txt",".txt","937","0.0009","2026-07-27T09:15:06","2026-07-27T09:15:06","SOURCE_OR_CONFIG"
"PROJECT","C:\Users\user\OneDrive\바탕 화면\한재광\회사SW\DT준전문가교육\DLAB\SW Project\halal_web","C:\Users\user\OneDrive\바탕 화면\한재광\회사SW\DT준전문가교육\DLAB\SW Project\halal_web\_patch_backups\ml_classifier_phase2_ocr_20260727_091505\backend\requirements.txt","_patch_backups\ml_classifier_phase2_ocr_20260727_091505\backend\requirements.txt","requirements.txt",".txt","280","0.0003","2026-07-27T09:15:05","2026-07-27T08:51:59","SOURCE_OR_CONFIG"
"PROJECT","C:\Users\user\OneDrive\바탕 화면\한재광\회사SW\DT준전문가교육\DLAB\SW Project\halal_web","C:\Users\user\OneDrive\바탕 화면\한재광\회사SW\DT준전문가교육\DLAB\SW Project\halal_web\_patch_backups\ml_classifier_phase2_ocr_20260727_091505\frontend\src\App.css","_patch_backups\ml_classifier_phase2_ocr_20260727_091505\frontend\src\App.css","App.css",".css","254530","0.2427","2026-07-27T09:15:05","2026-07-27T08:59:14","SOURCE_OR_CONFIG"
"PROJECT","C:\Users\user\OneDrive\바탕 화면\한재광\회사SW\DT준전문가교육\DLAB\SW Project\halal_web","C:\Users\user\OneDrive\바탕 화면\한재광\회사SW\DT준전문가교육\DLAB\SW Project\halal_web\_patch_backups\ml_classifier_phase3b_label_fix_20260727_114115\git_diff_before.patch","_patch_backups\ml_classifier_phase3b_label_fix_20260727_114115\git_diff_before.patch","git_diff_before.patch",".patch","136565","0.1302","2026-07-27T11:41:15","2026-07-27T11:41:15","BACKUP"
"PROJECT","C:\Users\user\OneDrive\바탕 화면\한재광\회사SW\DT준전문가교육\DLAB\SW Project\halal_web","C:\Users\user\OneDrive\바탕 화면\한재광\회사SW\DT준전문가교육\DLAB\SW Project\halal_web\_patch_backups\ml_classifier_phase3b_label_fix_20260727_114115\git_status_before.txt","_patch_backups\ml_classifier_phase3b_label_fix_20260727_114115\git_status_before.txt","git_status_before.txt",".txt","4445","0.0042","2026-07-27T11:41:15","2026-07-27T11:41:15","SOURCE_OR_CONFIG"
"PROJECT","C:\Users\user\OneDrive\바탕 화면\한재광\회사SW\DT준전문가교육\DLAB\SW Project\halal_web","C:\Users\user\OneDrive\바탕 화면\한재광\회사SW\DT준전문가교육\DLAB\SW Project\halal_web\_patch_backups\ml_classifier_phase3b_label_fix_20260727_114115\pip_freeze_before.txt","_patch_backups\ml_classifier_phase3b_label_fix_20260727_114115\pip_freeze_before.txt","pip_freeze_before.txt",".txt","1227","0.0012","2026-07-27T11:41:15","2026-07-27T11:41:15","SOURCE_OR_CONFIG"
"PROJECT","C:\Users\user\OneDrive\바탕 화면\한재광\회사SW\DT준전문가교육\DLAB\SW Project\halal_web","C:\Users\user\OneDrive\바탕 화면\한재광\회사SW\DT준전문가교육\DLAB\SW Project\halal_web\_patch_backups\ml_classifier_phase3b_label_fix_20260727_114115\backend\scripts\ml_certificate_classifier\02_train_classifier.py","_patch_backups\ml_classifier_phase3b_label_fix_20260727_114115\backend\scripts\ml_certificate_classifier\02_train_classifier.py","02_train_classifier.py",".py","38659","0.0369","2026-07-27T11:41:15","2026-07-27T11:18:03","SOURCE_OR_CONFIG"
"PROJECT","C:\Users\user\OneDrive\바탕 화면\한재광\회사SW\DT준전문가교육\DLAB\SW Project\halal_web","C:\Users\user\OneDrive\바탕 화면\한재광\회사SW\DT준전문가교육\DLAB\SW Project\halal_web\_patch_backups\ml_classifier_phase3b_label_fix_20260727_114115\runtime\current_dataset_before.txt","_patch_backups\ml_classifier_phase3b_label_fix_20260727_114115\runtime\current_dataset_before.txt","current_dataset_before.txt",".txt","80","0.0001","2026-07-27T11:41:15","2026-07-23T17:34:54","SOURCE_OR_CONFIG"
"PROJECT","C:\Users\user\OneDrive\바탕 화면\한재광\회사SW\DT준전문가교육\DLAB\SW Project\halal_web","C:\Users\user\OneDrive\바탕 화면\한재광\회사SW\DT준전문가교육\DLAB\SW Project\halal_web\_patch_backups\ml_classifier_phase3b_label_fix_20260727_114115\runtime\current_model_before.txt","_patch_backups\ml_classifier_phase3b_label_fix_20260727_114115\runtime\current_model_before.txt","current_model_before.txt",".txt","90","0.0001","2026-07-27T11:41:15","2026-07-27T11:18:19","SOURCE_OR_CONFIG"
"PROJECT","C:\Users\user\OneDrive\바탕 화면\한재광\회사SW\DT준전문가교육\DLAB\SW Project\halal_web","C:\Users\user\OneDrive\바탕 화면\한재광\회사SW\DT준전문가교육\DLAB\SW Project\halal_web\_patch_backups\ml_classifier_phase3b_label_fix_20260727_114115\runtime\latest_model_training_before.txt","_patch_backups\ml_classifier_phase3b_label_fix_20260727_114115\runtime\latest_model_training_before.txt","latest_model_training_before.txt",".txt","82","0.0001","2026-07-27T11:41:15","2026-07-27T11:18:19","SOURCE_OR_CONFIG"
"PROJECT","C:\Users\user\OneDrive\바탕 화면\한재광\회사SW\DT준전문가교육\DLAB\SW Project\halal_web","C:\Users\user\OneDrive\바탕 화면\한재광\회사SW\DT준전문가교육\DLAB\SW Project\halal_web\_patch_backups\ml_classifier_phase3_20260727_111751\backup_info.txt","_patch_backups\ml_classifier_phase3_20260727_111751\backup_info.txt","backup_info.txt",".txt","759","0.0007","2026-07-27T11:17:54","2026-07-27T11:17:54","SOURCE_OR_CONFIG"
"PROJECT","C:\Users\user\OneDrive\바탕 화면\한재광\회사SW\DT준전문가교육\DLAB\SW Project\halal_web","C:\Users\user\OneDrive\바탕 화면\한재광\회사SW\DT준전문가교육\DLAB\SW Project\halal_web\_patch_backups\ml_classifier_phase3_20260727_111751\git_diff_before.patch","_patch_backups\ml_classifier_phase3_20260727_111751\git_diff_before.patch","git_diff_before.patch",".patch","136565","0.1302","2026-07-27T11:17:54","2026-07-27T11:17:54","BACKUP"
"PROJECT","C:\Users\user\OneDrive\바탕 화면\한재광\회사SW\DT준전문가교육\DLAB\SW Project\halal_web","C:\Users\user\OneDrive\바탕 화면\한재광\회사SW\DT준전문가교육\DLAB\SW Project\halal_web\_patch_backups\ml_classifier_phase3_20260727_111751\git_status_before.txt","_patch_backups\ml_classifier_phase3_20260727_111751\git_status_before.txt","git_status_before.txt",".txt","4334","0.0041","2026-07-27T11:17:54","2026-07-27T11:17:54","SOURCE_OR_CONFIG"
"PROJECT","C:\Users\user\OneDrive\바탕 화면\한재광\회사SW\DT준전문가교육\DLAB\SW Project\halal_web","C:\Users\user\OneDrive\바탕 화면\한재광\회사SW\DT준전문가교육\DLAB\SW Project\halal_web\_patch_backups\ml_classifier_phase3_20260727_111751\pip_freeze_after.txt","_patch_backups\ml_classifier_phase3_20260727_111751\pip_freeze_after.txt","pip_freeze_after.txt",".txt","1227","0.0012","2026-07-27T11:18:20","2026-07-27T11:18:20","SOURCE_OR_CONFIG"
"PROJECT","C:\Users\user\OneDrive\바탕 화면\한재광\회사SW\DT준전문가교육\DLAB\SW Project\halal_web","C:\Users\user\OneDrive\바탕 화면\한재광\회사SW\DT준전문가교육\DLAB\SW Project\halal_web\_patch_backups\ml_classifier_phase3_20260727_111751\pip_freeze_before.txt","_patch_backups\ml_classifier_phase3_20260727_111751\pip_freeze_before.txt","pip_freeze_before.txt",".txt","1227","0.0012","2026-07-27T11:17:53","2026-07-27T11:17:54","SOURCE_OR_CONFIG"
"PROJECT","C:\Users\user\OneDrive\바탕 화면\한재광\회사SW\DT준전문가교육\DLAB\SW Project\halal_web","C:\Users\user\OneDrive\바탕 화면\한재광\회사SW\DT준전문가교육\DLAB\SW Project\halal_web\_patch_backups\ml_classifier_phase3_20260727_111751\backend\requirements.txt","_patch_backups\ml_classifier_phase3_20260727_111751\backend\requirements.txt","requirements.txt",".txt","335","0.0003","2026-07-27T11:17:51","2026-07-27T09:15:37","SOURCE_OR_CONFIG"
"PROJECT","C:\Users\user\OneDrive\바탕 화면\한재광\회사SW\DT준전문가교육\DLAB\SW Project\halal_web","C:\Users\user\OneDrive\바탕 화면\한재광\회사SW\DT준전문가교육\DLAB\SW Project\halal_web\_patch_backups\ml_field_labels_phase4a2_20260728_135717\git_diff_before.patch","_patch_backups\ml_field_labels_phase4a2_20260728_135717\git_diff_before.patch","git_diff_before.patch",".patch","137623","0.1312","2026-07-28T13:57:19","2026-07-28T13:57:19","BACKUP"
"PROJECT","C:\Users\user\OneDrive\바탕 화면\한재광\회사SW\DT준전문가교육\DLAB\SW Project\halal_web","C:\Users\user\OneDrive\바탕 화면\한재광\회사SW\DT준전문가교육\DLAB\SW Project\halal_web\_patch_backups\ml_field_labels_phase4a2_20260728_135717\git_status_before.txt","_patch_backups\ml_field_labels_phase4a2_20260728_135717\git_status_before.txt","git_status_before.txt",".txt","4710","0.0045","2026-07-28T13:57:19","2026-07-28T13:57:19","SOURCE_OR_CONFIG"
"PROJECT","C:\Users\user\OneDrive\바탕 화면\한재광\회사SW\DT준전문가교육\DLAB\SW Project\halal_web","C:\Users\user\OneDrive\바탕 화면\한재광\회사SW\DT준전문가교육\DLAB\SW Project\halal_web\_patch_backups\ml_field_labels_phase4a2_20260728_135717\pip_freeze_before.txt","_patch_backups\ml_field_labels_phase4a2_20260728_135717\pip_freeze_before.txt","pip_freeze_before.txt",".txt","1227","0.0012","2026-07-28T13:57:19","2026-07-28T13:57:19","SOURCE_OR_CONFIG"
"PROJECT","C:\Users\user\OneDrive\바탕 화면\한재광\회사SW\DT준전문가교육\DLAB\SW Project\halal_web","C:\Users\user\OneDrive\바탕 화면\한재광\회사SW\DT준전문가교육\DLAB\SW Project\halal_web\_patch_backups\ml_field_labels_phase4a_20260727_174321\git_status_before.txt","_patch_backups\ml_field_labels_phase4a_20260727_174321\git_status_before.txt","git_status_before.txt",".txt","4505","0.0043","2026-07-27T17:43:23","2026-07-27T17:43:23","SOURCE_OR_CONFIG"
"PROJECT","C:\Users\user\OneDrive\바탕 화면\한재광\회사SW\DT준전문가교육\DLAB\SW Project\halal_web","C:\Users\user\OneDrive\바탕 화면\한재광\회사SW\DT준전문가교육\DLAB\SW Project\halal_web\_patch_backups\ml_field_labels_phase4a_20260727_174321\pip_freeze.txt","_patch_backups\ml_field_labels_phase4a_20260727_174321\pip_freeze.txt","pip_freeze.txt",".txt","1227","0.0012","2026-07-27T17:43:23","2026-07-27T17:43:23","SOURCE_OR_CONFIG"
"PROJECT","C:\Users\user\OneDrive\바탕 화면\한재광\회사SW\DT준전문가교육\DLAB\SW Project\halal_web","C:\Users\user\OneDrive\바탕 화면\한재광\회사SW\DT준전문가교육\DLAB\SW Project\halal_web\_patch_backups\ml_field_labels_phase4a_20260727_175411\git_diff_before.patch","_patch_backups\ml_field_labels_phase4a_20260727_175411\git_diff_before.patch","git_diff_before.patch",".patch","137623","0.1312","2026-07-27T17:54:11","2026-07-27T17:54:11","BACKUP"
"PROJECT","C:\Users\user\OneDrive\바탕 화면\한재광\회사SW\DT준전문가교육\DLAB\SW Project\halal_web","C:\Users\user\OneDrive\바탕 화면\한재광\회사SW\DT준전문가교육\DLAB\SW Project\halal_web\_patch_backups\ml_field_labels_phase4a_20260727_175411\git_status_before.txt","_patch_backups\ml_field_labels_phase4a_20260727_175411\git_status_before.txt","git_status_before.txt",".txt","4565","0.0044","2026-07-27T17:54:11","2026-07-27T17:54:11","SOURCE_OR_CONFIG"
"PROJECT","C:\Users\user\OneDrive\바탕 화면\한재광\회사SW\DT준전문가교육\DLAB\SW Project\halal_web","C:\Users\user\OneDrive\바탕 화면\한재광\회사SW\DT준전문가교육\DLAB\SW Project\halal_web\_patch_backups\ml_field_labels_phase4a_20260727_175411\pip_freeze.txt","_patch_backups\ml_field_labels_phase4a_20260727_175411\pip_freeze.txt","pip_freeze.txt",".txt","1227","0.0012","2026-07-27T17:54:11","2026-07-27T17:54:11","SOURCE_OR_CONFIG"
"PROJECT","C:\Users\user\OneDrive\바탕 화면\한재광\회사SW\DT준전문가교육\DLAB\SW Project\halal_web","C:\Users\user\OneDrive\바탕 화면\한재광\회사SW\DT준전문가교육\DLAB\SW Project\halal_web\_patch_backups\ml_field_rankers_phase4b_20260728_142316\git_diff_before.patch","_patch_backups\ml_field_rankers_phase4b_20260728_142316\git_diff_before.patch","git_diff_before.patch",".patch","137623","0.1312","2026-07-28T14:23:16","2026-07-28T14:23:16","BACKUP"
"PROJECT","C:\Users\user\OneDrive\바탕 화면\한재광\회사SW\DT준전문가교육\DLAB\SW Project\halal_web","C:\Users\user\OneDrive\바탕 화면\한재광\회사SW\DT준전문가교육\DLAB\SW Project\halal_web\_patch_backups\ml_field_rankers_phase4b_20260728_142316\git_status_before.txt","_patch_backups\ml_field_rankers_phase4b_20260728_142316\git_status_before.txt","git_status_before.txt",".txt","4817","0.0046","2026-07-28T14:23:16","2026-07-28T14:23:16","SOURCE_OR_CONFIG"
"PROJECT","C:\Users\user\OneDrive\바탕 화면\한재광\회사SW\DT준전문가교육\DLAB\SW Project\halal_web","C:\Users\user\OneDrive\바탕 화면\한재광\회사SW\DT준전문가교육\DLAB\SW Project\halal_web\_patch_backups\ml_field_rankers_phase4b_20260728_142316\pip_freeze_before.txt","_patch_backups\ml_field_rankers_phase4b_20260728_142316\pip_freeze_before.txt","pip_freeze_before.txt",".txt","1227","0.0012","2026-07-28T14:23:16","2026-07-28T14:23:16","SOURCE_OR_CONFIG"
"PROJECT","C:\Users\user\OneDrive\바탕 화면\한재광\회사SW\DT준전문가교육\DLAB\SW Project\halal_web","C:\Users\user\OneDrive\바탕 화면\한재광\회사SW\DT준전문가교육\DLAB\SW Project\halal_web\_patch_backups\ml_field_span_rankers_phase4b2_20260728_144231\git_diff_before.patch","_patch_backups\ml_field_span_rankers_phase4b2_20260728_144231\git_diff_before.patch","git_diff_before.patch",".patch","137623","0.1312","2026-07-28T14:42:31","2026-07-28T14:42:31","BACKUP"
"PROJECT","C:\Users\user\OneDrive\바탕 화면\한재광\회사SW\DT준전문가교육\DLAB\SW Project\halal_web","C:\Users\user\OneDrive\바탕 화면\한재광\회사SW\DT준전문가교육\DLAB\SW Project\halal_web\_patch_backups\ml_field_span_rankers_phase4b2_20260728_144231\git_status_before.txt","_patch_backups\ml_field_span_rankers_phase4b2_20260728_144231\git_status_before.txt","git_status_before.txt",".txt","4929","0.0047","2026-07-28T14:42:31","2026-07-28T14:42:31","SOURCE_OR_CONFIG"
"PROJECT","C:\Users\user\OneDrive\바탕 화면\한재광\회사SW\DT준전문가교육\DLAB\SW Project\halal_web","C:\Users\user\OneDrive\바탕 화면\한재광\회사SW\DT준전문가교육\DLAB\SW Project\halal_web\_patch_backups\ml_field_span_rankers_phase4b2_20260728_144231\pip_freeze_before.txt","_patch_backups\ml_field_span_rankers_phase4b2_20260728_144231\pip_freeze_before.txt","pip_freeze_before.txt",".txt","1227","0.0012","2026-07-28T14:42:31","2026-07-28T14:42:31","SOURCE_OR_CONFIG"
"PROJECT","C:\Users\user\OneDrive\바탕 화면\한재광\회사SW\DT준전문가교육\DLAB\SW Project\halal_web","C:\Users\user\OneDrive\바탕 화면\한재광\회사SW\DT준전문가교육\DLAB\SW Project\halal_web\_patch_backups\ml_product_items_phase4c_20260728_150520\git_diff_before.patch","_patch_backups\ml_product_items_phase4c_20260728_150520\git_diff_before.patch","git_diff_before.patch",".patch","137623","0.1312","2026-07-28T15:05:20","2026-07-28T15:05:20","BACKUP"
"PROJECT","C:\Users\user\OneDrive\바탕 화면\한재광\회사SW\DT준전문가교육\DLAB\SW Project\halal_web","C:\Users\user\OneDrive\바탕 화면\한재광\회사SW\DT준전문가교육\DLAB\SW Project\halal_web\_patch_backups\ml_product_items_phase4c_20260728_150520\git_status_before.txt","_patch_backups\ml_product_items_phase4c_20260728_150520\git_status_before.txt","git_status_before.txt",".txt","5040","0.0048","2026-07-28T15:05:20","2026-07-28T15:05:20","SOURCE_OR_CONFIG"
"PROJECT","C:\Users\user\OneDrive\바탕 화면\한재광\회사SW\DT준전문가교육\DLAB\SW Project\halal_web","C:\Users\user\OneDrive\바탕 화면\한재광\회사SW\DT준전문가교육\DLAB\SW Project\halal_web\_patch_backups\ml_product_items_phase4c_20260728_150520\pip_freeze_before.txt","_patch_backups\ml_product_items_phase4c_20260728_150520\pip_freeze_before.txt","pip_freeze_before.txt",".txt","1227","0.0012","2026-07-28T15:05:20","2026-07-28T15:05:20","SOURCE_OR_CONFIG"
"PROJECT","C:\Users\user\OneDrive\바탕 화면\한재광\회사SW\DT준전문가교육\DLAB\SW Project\halal_web","C:\Users\user\OneDrive\바탕 화면\한재광\회사SW\DT준전문가교육\DLAB\SW Project\halal_web\_patch_backups\ml_product_ocr_bias_phase4c1_20260728_161110\git_diff_before.patch","_patch_backups\ml_product_ocr_bias_phase4c1_20260728_161110\git_diff_before.patch","git_diff_before.patch",".patch","137623","0.1312","2026-07-28T16:11:11","2026-07-28T16:11:11","BACKUP"
"PROJECT","C:\Users\user\OneDrive\바탕 화면\한재광\회사SW\DT준전문가교육\DLAB\SW Project\halal_web","C:\Users\user\OneDrive\바탕 화면\한재광\회사SW\DT준전문가교육\DLAB\SW Project\halal_web\_patch_backups\ml_product_ocr_bias_phase4c1_20260728_161110\git_status_before.txt","_patch_backups\ml_product_ocr_bias_phase4c1_20260728_161110\git_status_before.txt","git_status_before.txt",".txt","5155","0.0049","2026-07-28T16:11:11","2026-07-28T16:11:11","SOURCE_OR_CONFIG"
"PROJECT","C:\Users\user\OneDrive\바탕 화면\한재광\회사SW\DT준전문가교육\DLAB\SW Project\halal_web","C:\Users\user\OneDrive\바탕 화면\한재광\회사SW\DT준전문가교육\DLAB\SW Project\halal_web\_patch_backups\ml_product_ocr_bias_phase4c1_20260728_161110\pip_freeze_before.txt","_patch_backups\ml_product_ocr_bias_phase4c1_20260728_161110\pip_freeze_before.txt","pip_freeze_before.txt",".txt","1227","0.0012","2026-07-28T16:11:11","2026-07-28T16:11:11","SOURCE_OR_CONFIG"
"PROJECT","C:\Users\user\OneDrive\바탕 화면\한재광\회사SW\DT준전문가교육\DLAB\SW Project\halal_web","C:\Users\user\OneDrive\바탕 화면\한재광\회사SW\DT준전문가교육\DLAB\SW Project\halal_web\_patch_backups\ocr_rule_v2_20260629_141556\certificate_rule_service.py","_patch_backups\ocr_rule_v2_20260629_141556\certificate_rule_service.py","certificate_rule_service.py",".py","91067","0.0868","2026-06-29T14:15:56","2026-06-29T11:37:40","SOURCE_OR_CONFIG"
"PROJECT","C:\Users\user\OneDrive\바탕 화면\한재광\회사SW\DT준전문가교육\DLAB\SW Project\halal_web","C:\Users\user\OneDrive\바탕 화면\한재광\회사SW\DT준전문가교육\DLAB\SW Project\halal_web\_patch_backups\ocr_rule_v2_20260629_141556\ocr_context_service.py","_patch_backups\ocr_rule_v2_20260629_141556\ocr_context_service.py","ocr_context_service.py",".py","7694","0.0073","2026-06-29T14:15:56","2026-06-29T11:37:40","SOURCE_OR_CONFIG"
"PROJECT","C:\Users\user\OneDrive\바탕 화면\한재광\회사SW\DT준전문가교육\DLAB\SW Project\halal_web","C:\Users\user\OneDrive\바탕 화면\한재광\회사SW\DT준전문가교육\DLAB\SW Project\halal_web\_patch_backups\ocr_rule_v2_20260629_141556\ocr_service.py","_patch_backups\ocr_rule_v2_20260629_141556\ocr_service.py","ocr_service.py",".py","42489","0.0405","2026-06-29T14:15:56","2026-06-03T10:22:15","SOURCE_OR_CONFIG"
"PROJECT","C:\Users\user\OneDrive\바탕 화면\한재광\회사SW\DT준전문가교육\DLAB\SW Project\halal_web","C:\Users\user\OneDrive\바탕 화면\한재광\회사SW\DT준전문가교육\DLAB\SW Project\halal_web\_patch_backups\storage_fallback_20260629_172449\backend\app\core\config.py","_patch_backups\storage_fallback_20260629_172449\backend\app\core\config.py","config.py",".py","2381","0.0023","2026-06-29T17:24:49","2026-06-24T22:06:11","SOURCE_OR_CONFIG"
"PROJECT","C:\Users\user\OneDrive\바탕 화면\한재광\회사SW\DT준전문가교육\DLAB\SW Project\halal_web","C:\Users\user\OneDrive\바탕 화면\한재광\회사SW\DT준전문가교육\DLAB\SW Project\halal_web\_patch_backups\storage_fallback_20260629_172449\backend\app\services\filing_name_service.py","_patch_backups\storage_fallback_20260629_172449\backend\app\services\filing_name_service.py","filing_name_service.py",".py","5067","0.0048","2026-06-29T17:24:49","2026-06-24T09:10:58","SOURCE_OR_CONFIG"
"PROJECT","C:\Users\user\OneDrive\바탕 화면\한재광\회사SW\DT준전문가교육\DLAB\SW Project\halal_web","C:\Users\user\OneDrive\바탕 화면\한재광\회사SW\DT준전문가교육\DLAB\SW Project\halal_web\_patch_backups\storage_fallback_20260629_172457\backend\app\core\config.py","_patch_backups\storage_fallback_20260629_172457\backend\app\core\config.py","config.py",".py","2538","0.0024","2026-06-29T17:24:57","2026-06-29T17:24:49","SOURCE_OR_CONFIG"
"PROJECT","C:\Users\user\OneDrive\바탕 화면\한재광\회사SW\DT준전문가교육\DLAB\SW Project\halal_web","C:\Users\user\OneDrive\바탕 화면\한재광\회사SW\DT준전문가교육\DLAB\SW Project\halal_web\_patch_backups\storage_fallback_20260629_172457\backend\app\services\filing_name_service.py","_patch_backups\storage_fallback_20260629_172457\backend\app\services\filing_name_service.py","filing_name_service.py",".py","5185","0.0049","2026-06-29T17:24:57","2026-06-29T17:24:49","SOURCE_OR_CONFIG"
"PROJECT","C:\Users\user\OneDrive\바탕 화면\한재광\회사SW\DT준전문가교육\DLAB\SW Project\halal_web","C:\Users\user\OneDrive\바탕 화면\한재광\회사SW\DT준전문가교육\DLAB\SW Project\halal_web\_patch_backups\storage_fallback_20260629_172457\backend\app\services\storage_path_service.py","_patch_backups\storage_fallback_20260629_172457\backend\app\services\storage_path_service.py","storage_path_service.py",".py","3629","0.0035","2026-06-29T17:24:57","2026-06-29T17:24:40","SOURCE_OR_CONFIG"
"PROJECT","C:\Users\user\OneDrive\바탕 화면\한재광\회사SW\DT준전문가교육\DLAB\SW Project\halal_web","C:\Users\user\OneDrive\바탕 화면\한재광\회사SW\DT준전문가교육\DLAB\SW Project\halal_web\_patch_backups\storage_fallback_20260629_172457\backend\scripts\audit_storage_paths.ps1","_patch_backups\storage_fallback_20260629_172457\backend\scripts\audit_storage_paths.ps1","audit_storage_paths.ps1",".ps1","2983","0.0028","2026-06-29T17:24:57","2026-06-29T17:24:40","SOURCE_OR_CONFIG"
"PROJECT","C:\Users\user\OneDrive\바탕 화면\한재광\회사SW\DT준전문가교육\DLAB\SW Project\halal_web","C:\Users\user\OneDrive\바탕 화면\한재광\회사SW\DT준전문가교육\DLAB\SW Project\halal_web\_patch_backups\storage_fallback_20260629_172457\backend\scripts\start_demo_backend.ps1","_patch_backups\storage_fallback_20260629_172457\backend\scripts\start_demo_backend.ps1","start_demo_backend.ps1",".ps1","3559","0.0034","2026-06-29T17:24:57","2026-06-29T17:24:40","SOURCE_OR_CONFIG"
"PROJECT","C:\Users\user\OneDrive\바탕 화면\한재광\회사SW\DT준전문가교육\DLAB\SW Project\halal_web","C:\Users\user\OneDrive\바탕 화면\한재광\회사SW\DT준전문가교육\DLAB\SW Project\halal_web\_patch_backups\storage_fallback_20260629_172457\backend\scripts\test_filing_storage.py","_patch_backups\storage_fallback_20260629_172457\backend\scripts\test_filing_storage.py","test_filing_storage.py",".py","2269","0.0022","2026-06-29T17:24:57","2026-06-29T17:24:40","SOURCE_OR_CONFIG"
"PROJECT","C:\Users\user\OneDrive\바탕 화면\한재광\회사SW\DT준전문가교육\DLAB\SW Project\halal_web","C:\Users\user\OneDrive\바탕 화면\한재광\회사SW\DT준전문가교육\DLAB\SW Project\halal_web\_patch_backups\storage_fallback_20260629_172457\backend\scripts\test_ocr_api.py","_patch_backups\storage_fallback_20260629_172457\backend\scripts\test_ocr_api.py","test_ocr_api.py",".py","4607","0.0044","2026-06-29T17:24:57","2026-06-29T17:24:40","SOURCE_OR_CONFIG"
"PROJECT","C:\Users\user\OneDrive\바탕 화면\한재광\회사SW\DT준전문가교육\DLAB\SW Project\halal_web","C:\Users\user\OneDrive\바탕 화면\한재광\회사SW\DT준전문가교육\DLAB\SW Project\halal_web\_patch_backups\storage_fallback_20260629_172547\backend\app\core\config.py","_patch_backups\storage_fallback_20260629_172547\backend\app\core\config.py","config.py",".py","2538","0.0024","2026-06-29T17:25:47","2026-06-29T17:24:57","SOURCE_OR_CONFIG"
"PROJECT","C:\Users\user\OneDrive\바탕 화면\한재광\회사SW\DT준전문가교육\DLAB\SW Project\halal_web","C:\Users\user\OneDrive\바탕 화면\한재광\회사SW\DT준전문가교육\DLAB\SW Project\halal_web\_patch_backups\storage_fallback_20260629_172547\backend\app\services\filing_name_service.py","_patch_backups\storage_fallback_20260629_172547\backend\app\services\filing_name_service.py","filing_name_service.py",".py","5185","0.0049","2026-06-29T17:25:47","2026-06-29T17:24:57","SOURCE_OR_CONFIG"
"PROJECT","C:\Users\user\OneDrive\바탕 화면\한재광\회사SW\DT준전문가교육\DLAB\SW Project\halal_web","C:\Users\user\OneDrive\바탕 화면\한재광\회사SW\DT준전문가교육\DLAB\SW Project\halal_web\_patch_backups\storage_fallback_20260629_172547\backend\app\services\storage_path_service.py","_patch_backups\storage_fallback_20260629_172547\backend\app\services\storage_path_service.py","storage_path_service.py",".py","3629","0.0035","2026-06-29T17:25:47","2026-06-29T17:24:40","SOURCE_OR_CONFIG"
"PROJECT","C:\Users\user\OneDrive\바탕 화면\한재광\회사SW\DT준전문가교육\DLAB\SW Project\halal_web","C:\Users\user\OneDrive\바탕 화면\한재광\회사SW\DT준전문가교육\DLAB\SW Project\halal_web\_patch_backups\storage_fallback_20260629_172547\backend\scripts\audit_storage_paths.ps1","_patch_backups\storage_fallback_20260629_172547\backend\scripts\audit_storage_paths.ps1","audit_storage_paths.ps1",".ps1","2983","0.0028","2026-06-29T17:25:47","2026-06-29T17:24:40","SOURCE_OR_CONFIG"
"PROJECT","C:\Users\user\OneDrive\바탕 화면\한재광\회사SW\DT준전문가교육\DLAB\SW Project\halal_web","C:\Users\user\OneDrive\바탕 화면\한재광\회사SW\DT준전문가교육\DLAB\SW Project\halal_web\_patch_backups\storage_fallback_20260629_172547\backend\scripts\start_demo_backend.ps1","_patch_backups\storage_fallback_20260629_172547\backend\scripts\start_demo_backend.ps1","start_demo_backend.ps1",".ps1","3559","0.0034","2026-06-29T17:25:47","2026-06-29T17:24:40","SOURCE_OR_CONFIG"
"PROJECT","C:\Users\user\OneDrive\바탕 화면\한재광\회사SW\DT준전문가교육\DLAB\SW Project\halal_web","C:\Users\user\OneDrive\바탕 화면\한재광\회사SW\DT준전문가교육\DLAB\SW Project\halal_web\_patch_backups\storage_fallback_20260629_172547\backend\scripts\test_filing_storage.py","_patch_backups\storage_fallback_20260629_172547\backend\scripts\test_filing_storage.py","test_filing_storage.py",".py","2269","0.0022","2026-06-29T17:25:47","2026-06-29T17:24:40","SOURCE_OR_CONFIG"
"PROJECT","C:\Users\user\OneDrive\바탕 화면\한재광\회사SW\DT준전문가교육\DLAB\SW Project\halal_web","C:\Users\user\OneDrive\바탕 화면\한재광\회사SW\DT준전문가교육\DLAB\SW Project\halal_web\_patch_backups\storage_fallback_20260629_172547\backend\scripts\test_ocr_api.py","_patch_backups\storage_fallback_20260629_172547\backend\scripts\test_ocr_api.py","test_ocr_api.py",".py","4607","0.0044","2026-06-29T17:25:47","2026-06-29T17:24:40","SOURCE_OR_CONFIG"
"PROJECT","C:\Users\user\OneDrive\바탕 화면\한재광\회사SW\DT준전문가교육\DLAB\SW Project\halal_web","C:\Users\user\OneDrive\바탕 화면\한재광\회사SW\DT준전문가교육\DLAB\SW Project\halal_web\_patch_backups\storage_fallback_20260629_172604\backend\app\core\config.py","_patch_backups\storage_fallback_20260629_172604\backend\app\core\config.py","config.py",".py","2538","0.0024","2026-06-29T17:26:04","2026-06-29T17:25:47","SOURCE_OR_CONFIG"
"PROJECT","C:\Users\user\OneDrive\바탕 화면\한재광\회사SW\DT준전문가교육\DLAB\SW Project\halal_web","C:\Users\user\OneDrive\바탕 화면\한재광\회사SW\DT준전문가교육\DLAB\SW Project\halal_web\_patch_backups\storage_fallback_20260629_172604\backend\app\services\filing_name_service.py","_patch_backups\storage_fallback_20260629_172604\backend\app\services\filing_name_service.py","filing_name_service.py",".py","5185","0.0049","2026-06-29T17:26:04","2026-06-29T17:25:47","SOURCE_OR_CONFIG"
"PROJECT","C:\Users\user\OneDrive\바탕 화면\한재광\회사SW\DT준전문가교육\DLAB\SW Project\halal_web","C:\Users\user\OneDrive\바탕 화면\한재광\회사SW\DT준전문가교육\DLAB\SW Project\halal_web\_patch_backups\storage_fallback_20260629_172604\backend\app\services\storage_path_service.py","_patch_backups\storage_fallback_20260629_172604\backend\app\services\storage_path_service.py","storage_path_service.py",".py","3629","0.0035","2026-06-29T17:26:04","2026-06-29T17:24:40","SOURCE_OR_CONFIG"
"PROJECT","C:\Users\user\OneDrive\바탕 화면\한재광\회사SW\DT준전문가교육\DLAB\SW Project\halal_web","C:\Users\user\OneDrive\바탕 화면\한재광\회사SW\DT준전문가교육\DLAB\SW Project\halal_web\_patch_backups\storage_fallback_20260629_172604\backend\scripts\audit_storage_paths.ps1","_patch_backups\storage_fallback_20260629_172604\backend\scripts\audit_storage_paths.ps1","audit_storage_paths.ps1",".ps1","2983","0.0028","2026-06-29T17:26:04","2026-06-29T17:24:40","SOURCE_OR_CONFIG"
"PROJECT","C:\Users\user\OneDrive\바탕 화면\한재광\회사SW\DT준전문가교육\DLAB\SW Project\halal_web","C:\Users\user\OneDrive\바탕 화면\한재광\회사SW\DT준전문가교육\DLAB\SW Project\halal_web\_patch_backups\storage_fallback_20260629_172604\backend\scripts\start_demo_backend.ps1","_patch_backups\storage_fallback_20260629_172604\backend\scripts\start_demo_backend.ps1","start_demo_backend.ps1",".ps1","3559","0.0034","2026-06-29T17:26:04","2026-06-29T17:24:40","SOURCE_OR_CONFIG"
"PROJECT","C:\Users\user\OneDrive\바탕 화면\한재광\회사SW\DT준전문가교육\DLAB\SW Project\halal_web","C:\Users\user\OneDrive\바탕 화면\한재광\회사SW\DT준전문가교육\DLAB\SW Project\halal_web\_patch_backups\storage_fallback_20260629_172604\backend\scripts\test_filing_storage.py","_patch_backups\storage_fallback_20260629_172604\backend\scripts\test_filing_storage.py","test_filing_storage.py",".py","2269","0.0022","2026-06-29T17:26:04","2026-06-29T17:24:40","SOURCE_OR_CONFIG"
"PROJECT","C:\Users\user\OneDrive\바탕 화면\한재광\회사SW\DT준전문가교육\DLAB\SW Project\halal_web","C:\Users\user\OneDrive\바탕 화면\한재광\회사SW\DT준전문가교육\DLAB\SW Project\halal_web\_patch_backups\storage_fallback_20260629_172604\backend\scripts\test_ocr_api.py","_patch_backups\storage_fallback_20260629_172604\backend\scripts\test_ocr_api.py","test_ocr_api.py",".py","4607","0.0044","2026-06-29T17:26:04","2026-06-29T17:24:40","SOURCE_OR_CONFIG"
"PROJECT","C:\Users\user\OneDrive\바탕 화면\한재광\회사SW\DT준전문가교육\DLAB\SW Project\halal_web","C:\Users\user\OneDrive\바탕 화면\한재광\회사SW\DT준전문가교육\DLAB\SW Project\halal_web\_patch_backups\storage_fallback_20260629_172618\backend\app\core\config.py","_patch_backups\storage_fallback_20260629_172618\backend\app\core\config.py","config.py",".py","2538","0.0024","2026-06-29T17:26:18","2026-06-29T17:26:04","SOURCE_OR_CONFIG"
"PROJECT","C:\Users\user\OneDrive\바탕 화면\한재광\회사SW\DT준전문가교육\DLAB\SW Project\halal_web","C:\Users\user\OneDrive\바탕 화면\한재광\회사SW\DT준전문가교육\DLAB\SW Project\halal_web\_patch_backups\storage_fallback_20260629_172618\backend\app\services\filing_name_service.py","_patch_backups\storage_fallback_20260629_172618\backend\app\services\filing_name_service.py","filing_name_service.py",".py","5185","0.0049","2026-06-29T17:26:18","2026-06-29T17:26:04","SOURCE_OR_CONFIG"
"PROJECT","C:\Users\user\OneDrive\바탕 화면\한재광\회사SW\DT준전문가교육\DLAB\SW Project\halal_web","C:\Users\user\OneDrive\바탕 화면\한재광\회사SW\DT준전문가교육\DLAB\SW Project\halal_web\_patch_backups\storage_fallback_20260629_172618\backend\app\services\storage_path_service.py","_patch_backups\storage_fallback_20260629_172618\backend\app\services\storage_path_service.py","storage_path_service.py",".py","3629","0.0035","2026-06-29T17:26:18","2026-06-29T17:24:40","SOURCE_OR_CONFIG"
"PROJECT","C:\Users\user\OneDrive\바탕 화면\한재광\회사SW\DT준전문가교육\DLAB\SW Project\halal_web","C:\Users\user\OneDrive\바탕 화면\한재광\회사SW\DT준전문가교육\DLAB\SW Project\halal_web\_patch_backups\storage_fallback_20260629_172618\backend\scripts\audit_storage_paths.ps1","_patch_backups\storage_fallback_20260629_172618\backend\scripts\audit_storage_paths.ps1","audit_storage_paths.ps1",".ps1","2983","0.0028","2026-06-29T17:26:18","2026-06-29T17:24:40","SOURCE_OR_CONFIG"
"PROJECT","C:\Users\user\OneDrive\바탕 화면\한재광\회사SW\DT준전문가교육\DLAB\SW Project\halal_web","C:\Users\user\OneDrive\바탕 화면\한재광\회사SW\DT준전문가교육\DLAB\SW Project\halal_web\_patch_backups\storage_fallback_20260629_172618\backend\scripts\start_demo_backend.ps1","_patch_backups\storage_fallback_20260629_172618\backend\scripts\start_demo_backend.ps1","start_demo_backend.ps1",".ps1","3559","0.0034","2026-06-29T17:26:18","2026-06-29T17:24:40","SOURCE_OR_CONFIG"
"PROJECT","C:\Users\user\OneDrive\바탕 화면\한재광\회사SW\DT준전문가교육\DLAB\SW Project\halal_web","C:\Users\user\OneDrive\바탕 화면\한재광\회사SW\DT준전문가교육\DLAB\SW Project\halal_web\_patch_backups\storage_fallback_20260629_172618\backend\scripts\test_filing_storage.py","_patch_backups\storage_fallback_20260629_172618\backend\scripts\test_filing_storage.py","test_filing_storage.py",".py","2269","0.0022","2026-06-29T17:26:18","2026-06-29T17:24:40","SOURCE_OR_CONFIG"
"PROJECT","C:\Users\user\OneDrive\바탕 화면\한재광\회사SW\DT준전문가교육\DLAB\SW Project\halal_web","C:\Users\user\OneDrive\바탕 화면\한재광\회사SW\DT준전문가교육\DLAB\SW Project\halal_web\_patch_backups\storage_fallback_20260629_172618\backend\scripts\test_ocr_api.py","_patch_backups\storage_fallback_20260629_172618\backend\scripts\test_ocr_api.py","test_ocr_api.py",".py","4607","0.0044","2026-06-29T17:26:18","2026-06-29T17:24:40","SOURCE_OR_CONFIG"
"PROJECT","C:\Users\user\OneDrive\바탕 화면\한재광\회사SW\DT준전문가교육\DLAB\SW Project\halal_web","C:\Users\user\OneDrive\바탕 화면\한재광\회사SW\DT준전문가교육\DLAB\SW Project\halal_web\_patch_backups\synthetic_scan_generator_20260728_172920\backend\scripts\ml_data_augmentation\01_make_synthetic_scan_pdfs.py","_patch_backups\synthetic_scan_generator_20260728_172920\backend\scripts\ml_data_augmentation\01_make_synthetic_scan_pdfs.py","01_make_synthetic_scan_pdfs.py",".py","19814","0.0189","2026-07-28T17:29:20","2026-07-28T17:27:15","SOURCE_OR_CONFIG"
