"relative_path","source_path","snapshot_path","size_bytes","copy_status"
"apply_ocr_rule_v2.ps1","C:\Users\user\OneDrive\바탕 화면\한재광\회사SW\DT준전문가교육\DLAB\SW Project\halal_web\apply_ocr_rule_v2.ps1","C:\Users\user\OneDrive\바탕 화면\한재광\회사SW\DT준전문가교육\DLAB\SW Project\halal_web\_project_inventory\inventory_20260731_141445\source_snapshot\apply_ocr_rule_v2.ps1","3229","COPIED"
"apply_phase2.ps1","C:\Users\user\OneDrive\바탕 화면\한재광\회사SW\DT준전문가교육\DLAB\SW Project\halal_web\apply_phase2.ps1","C:\Users\user\OneDrive\바탕 화면\한재광\회사SW\DT준전문가교육\DLAB\SW Project\halal_web\_project_inventory\inventory_20260731_141445\source_snapshot\apply_phase2.ps1","3045","COPIED"
"baseline_comparison_report.json","C:\Users\user\OneDrive\바탕 화면\한재광\회사SW\DT준전문가교육\DLAB\SW Project\halal_web\baseline_comparison_report.json","C:\Users\user\OneDrive\바탕 화면\한재광\회사SW\DT준전문가교육\DLAB\SW Project\halal_web\_project_inventory\inventory_20260731_141445\source_snapshot\baseline_comparison_report.json","3936","COPIED"
"bpjph_expiry_flow.txt","C:\Users\user\OneDrive\바탕 화면\한재광\회사SW\DT준전문가교육\DLAB\SW Project\halal_web\bpjph_expiry_flow.txt","C:\Users\user\OneDrive\바탕 화면\한재광\회사SW\DT준전문가교육\DLAB\SW Project\halal_web\_project_inventory\inventory_20260731_141445\source_snapshot\bpjph_expiry_flow.txt","22392","COPIED"
"CHANGELOG.md","C:\Users\user\OneDrive\바탕 화면\한재광\회사SW\DT준전문가교육\DLAB\SW Project\halal_web\CHANGELOG.md","C:\Users\user\OneDrive\바탕 화면\한재광\회사SW\DT준전문가교육\DLAB\SW Project\halal_web\_project_inventory\inventory_20260731_141445\source_snapshot\CHANGELOG.md","708","COPIED"
"conda_list.txt","C:\Users\user\OneDrive\바탕 화면\한재광\회사SW\DT준전문가교육\DLAB\SW Project\halal_web\conda_list.txt","C:\Users\user\OneDrive\바탕 화면\한재광\회사SW\DT준전문가교육\DLAB\SW Project\halal_web\_project_inventory\inventory_20260731_141445\source_snapshot\conda_list.txt","9765","COPIED"
"current_conda_packages.txt","C:\Users\user\OneDrive\바탕 화면\한재광\회사SW\DT준전문가교육\DLAB\SW Project\halal_web\current_conda_packages.txt","C:\Users\user\OneDrive\바탕 화면\한재광\회사SW\DT준전문가교육\DLAB\SW Project\halal_web\_project_inventory\inventory_20260731_141445\source_snapshot\current_conda_packages.txt","3032","COPIED"
"environment_from_history.yml","C:\Users\user\OneDrive\바탕 화면\한재광\회사SW\DT준전문가교육\DLAB\SW Project\halal_web\environment_from_history.yml","C:\Users\user\OneDrive\바탕 화면\한재광\회사SW\DT준전문가교육\DLAB\SW Project\halal_web\_project_inventory\inventory_20260731_141445\source_snapshot\environment_from_history.yml","253","COPIED"
"environment_full.yml","C:\Users\user\OneDrive\바탕 화면\한재광\회사SW\DT준전문가교육\DLAB\SW Project\halal_web\environment_full.yml","C:\Users\user\OneDrive\바탕 화면\한재광\회사SW\DT준전문가교육\DLAB\SW Project\halal_web\_project_inventory\inventory_20260731_141445\source_snapshot\environment_full.yml","4326","COPIED"
"filing_performance_functions.txt","C:\Users\user\OneDrive\바탕 화면\한재광\회사SW\DT준전문가교육\DLAB\SW Project\halal_web\filing_performance_functions.txt","C:\Users\user\OneDrive\바탕 화면\한재광\회사SW\DT준전문가교육\DLAB\SW Project\halal_web\_project_inventory\inventory_20260731_141445\source_snapshot\filing_performance_functions.txt","9509","COPIED"
"filing_wiring_locations.txt","C:\Users\user\OneDrive\바탕 화면\한재광\회사SW\DT준전문가교육\DLAB\SW Project\halal_web\filing_wiring_locations.txt","C:\Users\user\OneDrive\바탕 화면\한재광\회사SW\DT준전문가교육\DLAB\SW Project\halal_web\_project_inventory\inventory_20260731_141445\source_snapshot\filing_wiring_locations.txt","120871","COPIED"
"ocr_rule_v2_test_report.json","C:\Users\user\OneDrive\바탕 화면\한재광\회사SW\DT준전문가교육\DLAB\SW Project\halal_web\ocr_rule_v2_test_report.json","C:\Users\user\OneDrive\바탕 화면\한재광\회사SW\DT준전문가교육\DLAB\SW Project\halal_web\_project_inventory\inventory_20260731_141445\source_snapshot\ocr_rule_v2_test_report.json","1830","COPIED"
"patch_confirm_history_connection.py","C:\Users\user\OneDrive\바탕 화면\한재광\회사SW\DT준전문가교육\DLAB\SW Project\halal_web\patch_confirm_history_connection.py","C:\Users\user\OneDrive\바탕 화면\한재광\회사SW\DT준전문가교육\DLAB\SW Project\halal_web\_project_inventory\inventory_20260731_141445\source_snapshot\patch_confirm_history_connection.py","18707","COPIED"
"pip_freeze.txt","C:\Users\user\OneDrive\바탕 화면\한재광\회사SW\DT준전문가교육\DLAB\SW Project\halal_web\pip_freeze.txt","C:\Users\user\OneDrive\바탕 화면\한재광\회사SW\DT준전문가교육\DLAB\SW Project\halal_web\_project_inventory\inventory_20260731_141445\source_snapshot\pip_freeze.txt","3895","COPIED"
"project_tree.txt","C:\Users\user\OneDrive\바탕 화면\한재광\회사SW\DT준전문가교육\DLAB\SW Project\halal_web\project_tree.txt","C:\Users\user\OneDrive\바탕 화면\한재광\회사SW\DT준전문가교육\DLAB\SW Project\halal_web\_project_inventory\inventory_20260731_141445\source_snapshot\project_tree.txt","287745","COPIED"
"project_tree_full.txt","C:\Users\user\OneDrive\바탕 화면\한재광\회사SW\DT준전문가교육\DLAB\SW Project\halal_web\project_tree_full.txt","C:\Users\user\OneDrive\바탕 화면\한재광\회사SW\DT준전문가교육\DLAB\SW Project\halal_web\_project_inventory\inventory_20260731_141445\source_snapshot\project_tree_full.txt","287854","COPIED"
"README.md","C:\Users\user\OneDrive\바탕 화면\한재광\회사SW\DT준전문가교육\DLAB\SW Project\halal_web\README.md","C:\Users\user\OneDrive\바탕 화면\한재광\회사SW\DT준전문가교육\DLAB\SW Project\halal_web\_project_inventory\inventory_20260731_141445\source_snapshot\README.md","1919","COPIED"
"README_PHASE2.md","C:\Users\user\OneDrive\바탕 화면\한재광\회사SW\DT준전문가교육\DLAB\SW Project\halal_web\README_PHASE2.md","C:\Users\user\OneDrive\바탕 화면\한재광\회사SW\DT준전문가교육\DLAB\SW Project\halal_web\_project_inventory\inventory_20260731_141445\source_snapshot\README_PHASE2.md","2165","COPIED"
"REVIEW_RESULT.md","C:\Users\user\OneDrive\바탕 화면\한재광\회사SW\DT준전문가교육\DLAB\SW Project\halal_web\REVIEW_RESULT.md","C:\Users\user\OneDrive\바탕 화면\한재광\회사SW\DT준전문가교육\DLAB\SW Project\halal_web\_project_inventory\inventory_20260731_141445\source_snapshot\REVIEW_RESULT.md","1443","COPIED"
"test_add_secondary_job521.py","C:\Users\user\OneDrive\바탕 화면\한재광\회사SW\DT준전문가교육\DLAB\SW Project\halal_web\test_add_secondary_job521.py","C:\Users\user\OneDrive\바탕 화면\한재광\회사SW\DT준전문가교육\DLAB\SW Project\halal_web\_project_inventory\inventory_20260731_141445\source_snapshot\test_add_secondary_job521.py","5848","COPIED"
"test_confirm_history_gate.py","C:\Users\user\OneDrive\바탕 화면\한재광\회사SW\DT준전문가교육\DLAB\SW Project\halal_web\test_confirm_history_gate.py","C:\Users\user\OneDrive\바탕 화면\한재광\회사SW\DT준전문가교육\DLAB\SW Project\halal_web\_project_inventory\inventory_20260731_141445\source_snapshot\test_confirm_history_gate.py","1766","COPIED"
"test_confirm_integration_job521.py","C:\Users\user\OneDrive\바탕 화면\한재광\회사SW\DT준전문가교육\DLAB\SW Project\halal_web\test_confirm_integration_job521.py","C:\Users\user\OneDrive\바탕 화면\한재광\회사SW\DT준전문가교육\DLAB\SW Project\halal_web\_project_inventory\inventory_20260731_141445\source_snapshot\test_confirm_integration_job521.py","6592","COPIED"
"test_confirm_integration_job521_v2.py","C:\Users\user\OneDrive\바탕 화면\한재광\회사SW\DT준전문가교육\DLAB\SW Project\halal_web\test_confirm_integration_job521_v2.py","C:\Users\user\OneDrive\바탕 화면\한재광\회사SW\DT준전문가교육\DLAB\SW Project\halal_web\_project_inventory\inventory_20260731_141445\source_snapshot\test_confirm_integration_job521_v2.py","9319","COPIED"
"test_confirm_integration_job521_v3.py","C:\Users\user\OneDrive\바탕 화면\한재광\회사SW\DT준전문가교육\DLAB\SW Project\halal_web\test_confirm_integration_job521_v3.py","C:\Users\user\OneDrive\바탕 화면\한재광\회사SW\DT준전문가교육\DLAB\SW Project\halal_web\_project_inventory\inventory_20260731_141445\source_snapshot\test_confirm_integration_job521_v3.py","9436","COPIED"
"test_output.txt","C:\Users\user\OneDrive\바탕 화면\한재광\회사SW\DT준전문가교육\DLAB\SW Project\halal_web\test_output.txt","C:\Users\user\OneDrive\바탕 화면\한재광\회사SW\DT준전문가교육\DLAB\SW Project\halal_web\_project_inventory\inventory_20260731_141445\source_snapshot\test_output.txt","1909","COPIED"
"test_replace_current_job521.py","C:\Users\user\OneDrive\바탕 화면\한재광\회사SW\DT준전문가교육\DLAB\SW Project\halal_web\test_replace_current_job521.py","C:\Users\user\OneDrive\바탕 화면\한재광\회사SW\DT준전문가교육\DLAB\SW Project\halal_web\_project_inventory\inventory_20260731_141445\source_snapshot\test_replace_current_job521.py","6258","COPIED"
"test_rollback_job521.py","C:\Users\user\OneDrive\바탕 화면\한재광\회사SW\DT준전문가교육\DLAB\SW Project\halal_web\test_rollback_job521.py","C:\Users\user\OneDrive\바탕 화면\한재광\회사SW\DT준전문가교육\DLAB\SW Project\halal_web\_project_inventory\inventory_20260731_141445\source_snapshot\test_rollback_job521.py","4406","COPIED"
"_audit_ocr_rules.py","C:\Users\user\OneDrive\바탕 화면\한재광\회사SW\DT준전문가교육\DLAB\SW Project\halal_web\_audit_ocr_rules.py","C:\Users\user\OneDrive\바탕 화면\한재광\회사SW\DT준전문가교육\DLAB\SW Project\halal_web\_project_inventory\inventory_20260731_141445\source_snapshot\_audit_ocr_rules.py","13087","COPIED"
"_extract_bpjph_expiry_flow.py","C:\Users\user\OneDrive\바탕 화면\한재광\회사SW\DT준전문가교육\DLAB\SW Project\halal_web\_extract_bpjph_expiry_flow.py","C:\Users\user\OneDrive\바탕 화면\한재광\회사SW\DT준전문가교육\DLAB\SW Project\halal_web\_project_inventory\inventory_20260731_141445\source_snapshot\_extract_bpjph_expiry_flow.py","2168","COPIED"
"_extract_filing_performance_functions.py","C:\Users\user\OneDrive\바탕 화면\한재광\회사SW\DT준전문가교육\DLAB\SW Project\halal_web\_extract_filing_performance_functions.py","C:\Users\user\OneDrive\바탕 화면\한재광\회사SW\DT준전문가교육\DLAB\SW Project\halal_web\_project_inventory\inventory_20260731_141445\source_snapshot\_extract_filing_performance_functions.py","2507","COPIED"
"_find_filing_wiring.py","C:\Users\user\OneDrive\바탕 화면\한재광\회사SW\DT준전문가교육\DLAB\SW Project\halal_web\_find_filing_wiring.py","C:\Users\user\OneDrive\바탕 화면\한재광\회사SW\DT준전문가교육\DLAB\SW Project\halal_web\_project_inventory\inventory_20260731_141445\source_snapshot\_find_filing_wiring.py","3404","COPIED"
"_halal_project_check.txt","C:\Users\user\OneDrive\바탕 화면\한재광\회사SW\DT준전문가교육\DLAB\SW Project\halal_web\_halal_project_check.txt","C:\Users\user\OneDrive\바탕 화면\한재광\회사SW\DT준전문가교육\DLAB\SW Project\halal_web\_project_inventory\inventory_20260731_141445\source_snapshot\_halal_project_check.txt","97361","COPIED"
"_halal_venv_packages.txt","C:\Users\user\OneDrive\바탕 화면\한재광\회사SW\DT준전문가교육\DLAB\SW Project\halal_web\_halal_venv_packages.txt","C:\Users\user\OneDrive\바탕 화면\한재광\회사SW\DT준전문가교육\DLAB\SW Project\halal_web\_project_inventory\inventory_20260731_141445\source_snapshot\_halal_venv_packages.txt","846","COPIED"
"_patch_bpjph_effective_expiry.py","C:\Users\user\OneDrive\바탕 화면\한재광\회사SW\DT준전문가교육\DLAB\SW Project\halal_web\_patch_bpjph_effective_expiry.py","C:\Users\user\OneDrive\바탕 화면\한재광\회사SW\DT준전문가교육\DLAB\SW Project\halal_web\_project_inventory\inventory_20260731_141445\source_snapshot\_patch_bpjph_effective_expiry.py","2888","COPIED"
"_patch_change_display_cleanup.py","C:\Users\user\OneDrive\바탕 화면\한재광\회사SW\DT준전문가교육\DLAB\SW Project\halal_web\_patch_change_display_cleanup.py","C:\Users\user\OneDrive\바탕 화면\한재광\회사SW\DT준전문가교육\DLAB\SW Project\halal_web\_project_inventory\inventory_20260731_141445\source_snapshot\_patch_change_display_cleanup.py","4122","COPIED"
"_patch_filing_demo_page.py","C:\Users\user\OneDrive\바탕 화면\한재광\회사SW\DT준전문가교육\DLAB\SW Project\halal_web\_patch_filing_demo_page.py","C:\Users\user\OneDrive\바탕 화면\한재광\회사SW\DT준전문가교육\DLAB\SW Project\halal_web\_project_inventory\inventory_20260731_141445\source_snapshot\_patch_filing_demo_page.py","36882","COPIED"
"_patch_filing_performance.py","C:\Users\user\OneDrive\바탕 화면\한재광\회사SW\DT준전문가교육\DLAB\SW Project\halal_web\_patch_filing_performance.py","C:\Users\user\OneDrive\바탕 화면\한재광\회사SW\DT준전문가교육\DLAB\SW Project\halal_web\_project_inventory\inventory_20260731_141445\source_snapshot\_patch_filing_performance.py","9255","COPIED"
"_patch_manufacturer_match.py","C:\Users\user\OneDrive\바탕 화면\한재광\회사SW\DT준전문가교육\DLAB\SW Project\halal_web\_patch_manufacturer_match.py","C:\Users\user\OneDrive\바탕 화면\한재광\회사SW\DT준전문가교육\DLAB\SW Project\halal_web\_project_inventory\inventory_20260731_141445\source_snapshot\_patch_manufacturer_match.py","5139","COPIED"
"_profile_filing_candidates.py","C:\Users\user\OneDrive\바탕 화면\한재광\회사SW\DT준전문가교육\DLAB\SW Project\halal_web\_profile_filing_candidates.py","C:\Users\user\OneDrive\바탕 화면\한재광\회사SW\DT준전문가교육\DLAB\SW Project\halal_web\_project_inventory\inventory_20260731_141445\source_snapshot\_profile_filing_candidates.py","2924","COPIED"
".runtime\run_backend.ps1","C:\Users\user\OneDrive\바탕 화면\한재광\회사SW\DT준전문가교육\DLAB\SW Project\halal_web\.runtime\run_backend.ps1","C:\Users\user\OneDrive\바탕 화면\한재광\회사SW\DT준전문가교육\DLAB\SW Project\halal_web\_project_inventory\inventory_20260731_141445\source_snapshot\.runtime\run_backend.ps1","2065","COPIED"
".runtime\run_frontend.ps1","C:\Users\user\OneDrive\바탕 화면\한재광\회사SW\DT준전문가교육\DLAB\SW Project\halal_web\.runtime\run_frontend.ps1","C:\Users\user\OneDrive\바탕 화면\한재광\회사SW\DT준전문가교육\DLAB\SW Project\halal_web\_project_inventory\inventory_20260731_141445\source_snapshot\.runtime\run_frontend.ps1","1138","COPIED"
".vscode\settings.json","C:\Users\user\OneDrive\바탕 화면\한재광\회사SW\DT준전문가교육\DLAB\SW Project\halal_web\.vscode\settings.json","C:\Users\user\OneDrive\바탕 화면\한재광\회사SW\DT준전문가교육\DLAB\SW Project\halal_web\_project_inventory\inventory_20260731_141445\source_snapshot\.vscode\settings.json","298","COPIED"
"backend\dump_schema.py","C:\Users\user\OneDrive\바탕 화면\한재광\회사SW\DT준전문가교육\DLAB\SW Project\halal_web\backend\dump_schema.py","C:\Users\user\OneDrive\바탕 화면\한재광\회사SW\DT준전문가교육\DLAB\SW Project\halal_web\_project_inventory\inventory_20260731_141445\source_snapshot\backend\dump_schema.py","1195","COPIED"
"backend\requirements.txt","C:\Users\user\OneDrive\바탕 화면\한재광\회사SW\DT준전문가교육\DLAB\SW Project\halal_web\backend\requirements.txt","C:\Users\user\OneDrive\바탕 화면\한재광\회사SW\DT준전문가교육\DLAB\SW Project\halal_web\_project_inventory\inventory_20260731_141445\source_snapshot\backend\requirements.txt","335","COPIED"
"backend\run_filing_phase1_test.ps1","C:\Users\user\OneDrive\바탕 화면\한재광\회사SW\DT준전문가교육\DLAB\SW Project\halal_web\backend\run_filing_phase1_test.ps1","C:\Users\user\OneDrive\바탕 화면\한재광\회사SW\DT준전문가교육\DLAB\SW Project\halal_web\_project_inventory\inventory_20260731_141445\source_snapshot\backend\run_filing_phase1_test.ps1","1112","COPIED"
"backend\test_filing_copy.py","C:\Users\user\OneDrive\바탕 화면\한재광\회사SW\DT준전문가교육\DLAB\SW Project\halal_web\backend\test_filing_copy.py","C:\Users\user\OneDrive\바탕 화면\한재광\회사SW\DT준전문가교육\DLAB\SW Project\halal_web\_project_inventory\inventory_20260731_141445\source_snapshot\backend\test_filing_copy.py","1672","COPIED"
"backend\app\main.py","C:\Users\user\OneDrive\바탕 화면\한재광\회사SW\DT준전문가교육\DLAB\SW Project\halal_web\backend\app\main.py","C:\Users\user\OneDrive\바탕 화면\한재광\회사SW\DT준전문가교육\DLAB\SW Project\halal_web\_project_inventory\inventory_20260731_141445\source_snapshot\backend\app\main.py","1177","COPIED"
"backend\app\core\config.py","C:\Users\user\OneDrive\바탕 화면\한재광\회사SW\DT준전문가교육\DLAB\SW Project\halal_web\backend\app\core\config.py","C:\Users\user\OneDrive\바탕 화면\한재광\회사SW\DT준전문가교육\DLAB\SW Project\halal_web\_project_inventory\inventory_20260731_141445\source_snapshot\backend\app\core\config.py","2538","COPIED"
"backend\app\core\path_utils.py","C:\Users\user\OneDrive\바탕 화면\한재광\회사SW\DT준전문가교육\DLAB\SW Project\halal_web\backend\app\core\path_utils.py","C:\Users\user\OneDrive\바탕 화면\한재광\회사SW\DT준전문가교육\DLAB\SW Project\halal_web\_project_inventory\inventory_20260731_141445\source_snapshot\backend\app\core\path_utils.py","948","COPIED"
"backend\app\core\__init__.py","C:\Users\user\OneDrive\바탕 화면\한재광\회사SW\DT준전문가교육\DLAB\SW Project\halal_web\backend\app\core\__init__.py","C:\Users\user\OneDrive\바탕 화면\한재광\회사SW\DT준전문가교육\DLAB\SW Project\halal_web\_project_inventory\inventory_20260731_141445\source_snapshot\backend\app\core\__init__.py","0","COPIED"
"backend\app\ml\__init__.py","C:\Users\user\OneDrive\바탕 화면\한재광\회사SW\DT준전문가교육\DLAB\SW Project\halal_web\backend\app\ml\__init__.py","C:\Users\user\OneDrive\바탕 화면\한재광\회사SW\DT준전문가교육\DLAB\SW Project\halal_web\_project_inventory\inventory_20260731_141445\source_snapshot\backend\app\ml\__init__.py","69","COPIED"
"backend\app\ml\certificate_classifier\config.py","C:\Users\user\OneDrive\바탕 화면\한재광\회사SW\DT준전문가교육\DLAB\SW Project\halal_web\backend\app\ml\certificate_classifier\config.py","C:\Users\user\OneDrive\바탕 화면\한재광\회사SW\DT준전문가교육\DLAB\SW Project\halal_web\_project_inventory\inventory_20260731_141445\source_snapshot\backend\app\ml\certificate_classifier\config.py","2152","COPIED"
"backend\app\ml\certificate_classifier\predictor.py","C:\Users\user\OneDrive\바탕 화면\한재광\회사SW\DT준전문가교육\DLAB\SW Project\halal_web\backend\app\ml\certificate_classifier\predictor.py","C:\Users\user\OneDrive\바탕 화면\한재광\회사SW\DT준전문가교육\DLAB\SW Project\halal_web\_project_inventory\inventory_20260731_141445\source_snapshot\backend\app\ml\certificate_classifier\predictor.py","4312","COPIED"
"backend\app\ml\certificate_classifier\text_extractor.py","C:\Users\user\OneDrive\바탕 화면\한재광\회사SW\DT준전문가교육\DLAB\SW Project\halal_web\backend\app\ml\certificate_classifier\text_extractor.py","C:\Users\user\OneDrive\바탕 화면\한재광\회사SW\DT준전문가교육\DLAB\SW Project\halal_web\_project_inventory\inventory_20260731_141445\source_snapshot\backend\app\ml\certificate_classifier\text_extractor.py","7626","COPIED"
"backend\app\ml\certificate_classifier\__init__.py","C:\Users\user\OneDrive\바탕 화면\한재광\회사SW\DT준전문가교육\DLAB\SW Project\halal_web\backend\app\ml\certificate_classifier\__init__.py","C:\Users\user\OneDrive\바탕 화면\한재광\회사SW\DT준전문가교육\DLAB\SW Project\halal_web\_project_inventory\inventory_20260731_141445\source_snapshot\backend\app\ml\certificate_classifier\__init__.py","208","COPIED"
"backend\app\ml\field_extraction\predictor.py","C:\Users\user\OneDrive\바탕 화면\한재광\회사SW\DT준전문가교육\DLAB\SW Project\halal_web\backend\app\ml\field_extraction\predictor.py","C:\Users\user\OneDrive\바탕 화면\한재광\회사SW\DT준전문가교육\DLAB\SW Project\halal_web\_project_inventory\inventory_20260731_141445\source_snapshot\backend\app\ml\field_extraction\predictor.py","16623","COPIED"
"backend\app\ml\field_extraction\span_predictor.py","C:\Users\user\OneDrive\바탕 화면\한재광\회사SW\DT준전문가교육\DLAB\SW Project\halal_web\backend\app\ml\field_extraction\span_predictor.py","C:\Users\user\OneDrive\바탕 화면\한재광\회사SW\DT준전문가교육\DLAB\SW Project\halal_web\_project_inventory\inventory_20260731_141445\source_snapshot\backend\app\ml\field_extraction\span_predictor.py","14758","COPIED"
"backend\app\ml\field_extraction\__init__.py","C:\Users\user\OneDrive\바탕 화면\한재광\회사SW\DT준전문가교육\DLAB\SW Project\halal_web\backend\app\ml\field_extraction\__init__.py","C:\Users\user\OneDrive\바탕 화면\한재광\회사SW\DT준전문가교육\DLAB\SW Project\halal_web\_project_inventory\inventory_20260731_141445\source_snapshot\backend\app\ml\field_extraction\__init__.py","60","COPIED"
"backend\app\routers\ai_rule_review.py","C:\Users\user\OneDrive\바탕 화면\한재광\회사SW\DT준전문가교육\DLAB\SW Project\halal_web\backend\app\routers\ai_rule_review.py","C:\Users\user\OneDrive\바탕 화면\한재광\회사SW\DT준전문가교육\DLAB\SW Project\halal_web\_project_inventory\inventory_20260731_141445\source_snapshot\backend\app\routers\ai_rule_review.py","4496","COPIED"
"backend\app\routers\certificate_filing.py","C:\Users\user\OneDrive\바탕 화면\한재광\회사SW\DT준전문가교육\DLAB\SW Project\halal_web\backend\app\routers\certificate_filing.py","C:\Users\user\OneDrive\바탕 화면\한재광\회사SW\DT준전문가교육\DLAB\SW Project\halal_web\_project_inventory\inventory_20260731_141445\source_snapshot\backend\app\routers\certificate_filing.py","39704","COPIED"
"backend\app\routers\certificate_filing_backup_20260630_170903_415657.py","C:\Users\user\OneDrive\바탕 화면\한재광\회사SW\DT준전문가교육\DLAB\SW Project\halal_web\backend\app\routers\certificate_filing_backup_20260630_170903_415657.py","C:\Users\user\OneDrive\바탕 화면\한재광\회사SW\DT준전문가교육\DLAB\SW Project\halal_web\_project_inventory\inventory_20260731_141445\source_snapshot\backend\app\routers\certificate_filing_backup_20260630_170903_415657.py","3121","COPIED"
"backend\app\routers\certificate_filing_backup_20260701_112456_081677.py","C:\Users\user\OneDrive\바탕 화면\한재광\회사SW\DT준전문가교육\DLAB\SW Project\halal_web\backend\app\routers\certificate_filing_backup_20260701_112456_081677.py","C:\Users\user\OneDrive\바탕 화면\한재광\회사SW\DT준전문가교육\DLAB\SW Project\halal_web\_project_inventory\inventory_20260731_141445\source_snapshot\backend\app\routers\certificate_filing_backup_20260701_112456_081677.py","3522","COPIED"
"backend\app\routers\cert_template.py","C:\Users\user\OneDrive\바탕 화면\한재광\회사SW\DT준전문가교육\DLAB\SW Project\halal_web\backend\app\routers\cert_template.py","C:\Users\user\OneDrive\바탕 화면\한재광\회사SW\DT준전문가교육\DLAB\SW Project\halal_web\_project_inventory\inventory_20260731_141445\source_snapshot\backend\app\routers\cert_template.py","5883","COPIED"
"backend\app\routers\lhln.py","C:\Users\user\OneDrive\바탕 화면\한재광\회사SW\DT준전문가교육\DLAB\SW Project\halal_web\backend\app\routers\lhln.py","C:\Users\user\OneDrive\바탕 화면\한재광\회사SW\DT준전문가교육\DLAB\SW Project\halal_web\_project_inventory\inventory_20260731_141445\source_snapshot\backend\app\routers\lhln.py","986","COPIED"
"backend\app\routers\mail.py","C:\Users\user\OneDrive\바탕 화면\한재광\회사SW\DT준전문가교육\DLAB\SW Project\halal_web\backend\app\routers\mail.py","C:\Users\user\OneDrive\바탕 화면\한재광\회사SW\DT준전문가교육\DLAB\SW Project\halal_web\_project_inventory\inventory_20260731_141445\source_snapshot\backend\app\routers\mail.py","14368","COPIED"
"backend\app\routers\ocr.py","C:\Users\user\OneDrive\바탕 화면\한재광\회사SW\DT준전문가교육\DLAB\SW Project\halal_web\backend\app\routers\ocr.py","C:\Users\user\OneDrive\바탕 화면\한재광\회사SW\DT준전문가교육\DLAB\SW Project\halal_web\_project_inventory\inventory_20260731_141445\source_snapshot\backend\app\routers\ocr.py","11246","COPIED"
"backend\app\routers\ocr_backup_20260701_152442_725388.py","C:\Users\user\OneDrive\바탕 화면\한재광\회사SW\DT준전문가교육\DLAB\SW Project\halal_web\backend\app\routers\ocr_backup_20260701_152442_725388.py","C:\Users\user\OneDrive\바탕 화면\한재광\회사SW\DT준전문가교육\DLAB\SW Project\halal_web\_project_inventory\inventory_20260731_141445\source_snapshot\backend\app\routers\ocr_backup_20260701_152442_725388.py","11709","COPIED"
"backend\app\routers\pmf.py","C:\Users\user\OneDrive\바탕 화면\한재광\회사SW\DT준전문가교육\DLAB\SW Project\halal_web\backend\app\routers\pmf.py","C:\Users\user\OneDrive\바탕 화면\한재광\회사SW\DT준전문가교육\DLAB\SW Project\halal_web\_project_inventory\inventory_20260731_141445\source_snapshot\backend\app\routers\pmf.py","12856","COPIED"
"backend\app\routers\suppliers.py","C:\Users\user\OneDrive\바탕 화면\한재광\회사SW\DT준전문가교육\DLAB\SW Project\halal_web\backend\app\routers\suppliers.py","C:\Users\user\OneDrive\바탕 화면\한재광\회사SW\DT준전문가교육\DLAB\SW Project\halal_web\_project_inventory\inventory_20260731_141445\source_snapshot\backend\app\routers\suppliers.py","1267","COPIED"
"backend\app\routers\__init__.py","C:\Users\user\OneDrive\바탕 화면\한재광\회사SW\DT준전문가교육\DLAB\SW Project\halal_web\backend\app\routers\__init__.py","C:\Users\user\OneDrive\바탕 화면\한재광\회사SW\DT준전문가교육\DLAB\SW Project\halal_web\_project_inventory\inventory_20260731_141445\source_snapshot\backend\app\routers\__init__.py","0","COPIED"
"backend\app\services\ai_rule_review_service.py","C:\Users\user\OneDrive\바탕 화면\한재광\회사SW\DT준전문가교육\DLAB\SW Project\halal_web\backend\app\services\ai_rule_review_service.py","C:\Users\user\OneDrive\바탕 화면\한재광\회사SW\DT준전문가교육\DLAB\SW Project\halal_web\_project_inventory\inventory_20260731_141445\source_snapshot\backend\app\services\ai_rule_review_service.py","22968","COPIED"
"backend\app\services\certificate_change_service.py","C:\Users\user\OneDrive\바탕 화면\한재광\회사SW\DT준전문가교육\DLAB\SW Project\halal_web\backend\app\services\certificate_change_service.py","C:\Users\user\OneDrive\바탕 화면\한재광\회사SW\DT준전문가교육\DLAB\SW Project\halal_web\_project_inventory\inventory_20260731_141445\source_snapshot\backend\app\services\certificate_change_service.py","14380","COPIED"
"backend\app\services\certificate_change_service_backup_20260630_163235.py","C:\Users\user\OneDrive\바탕 화면\한재광\회사SW\DT준전문가교육\DLAB\SW Project\halal_web\backend\app\services\certificate_change_service_backup_20260630_163235.py","C:\Users\user\OneDrive\바탕 화면\한재광\회사SW\DT준전문가교육\DLAB\SW Project\halal_web\_project_inventory\inventory_20260731_141445\source_snapshot\backend\app\services\certificate_change_service_backup_20260630_163235.py","10684","COPIED"
"backend\app\services\certificate_filing_service.py","C:\Users\user\OneDrive\바탕 화면\한재광\회사SW\DT준전문가교육\DLAB\SW Project\halal_web\backend\app\services\certificate_filing_service.py","C:\Users\user\OneDrive\바탕 화면\한재광\회사SW\DT준전문가교육\DLAB\SW Project\halal_web\_project_inventory\inventory_20260731_141445\source_snapshot\backend\app\services\certificate_filing_service.py","5251","COPIED"
"backend\app\services\certificate_filing_workflow_service.py","C:\Users\user\OneDrive\바탕 화면\한재광\회사SW\DT준전문가교육\DLAB\SW Project\halal_web\backend\app\services\certificate_filing_workflow_service.py","C:\Users\user\OneDrive\바탕 화면\한재광\회사SW\DT준전문가교육\DLAB\SW Project\halal_web\_project_inventory\inventory_20260731_141445\source_snapshot\backend\app\services\certificate_filing_workflow_service.py","53242","COPIED"
"backend\app\services\certificate_filing_workflow_service_backup_20260630_161149.py","C:\Users\user\OneDrive\바탕 화면\한재광\회사SW\DT준전문가교육\DLAB\SW Project\halal_web\backend\app\services\certificate_filing_workflow_service_backup_20260630_161149.py","C:\Users\user\OneDrive\바탕 화면\한재광\회사SW\DT준전문가교육\DLAB\SW Project\halal_web\_project_inventory\inventory_20260731_141445\source_snapshot\backend\app\services\certificate_filing_workflow_service_backup_20260630_161149.py","21865","COPIED"
"backend\app\services\certificate_filing_workflow_service_backup_20260630_163235.py","C:\Users\user\OneDrive\바탕 화면\한재광\회사SW\DT준전문가교육\DLAB\SW Project\halal_web\backend\app\services\certificate_filing_workflow_service_backup_20260630_163235.py","C:\Users\user\OneDrive\바탕 화면\한재광\회사SW\DT준전문가교육\DLAB\SW Project\halal_web\_project_inventory\inventory_20260731_141445\source_snapshot\backend\app\services\certificate_filing_workflow_service_backup_20260630_163235.py","24618","COPIED"
"backend\app\services\certificate_filing_workflow_service_backup_20260630_170903_415657.py","C:\Users\user\OneDrive\바탕 화면\한재광\회사SW\DT준전문가교육\DLAB\SW Project\halal_web\backend\app\services\certificate_filing_workflow_service_backup_20260630_170903_415657.py","C:\Users\user\OneDrive\바탕 화면\한재광\회사SW\DT준전문가교육\DLAB\SW Project\halal_web\_project_inventory\inventory_20260731_141445\source_snapshot\backend\app\services\certificate_filing_workflow_service_backup_20260630_170903_415657.py","24795","COPIED"
"backend\app\services\certificate_filing_workflow_service_backup_20260630_172235_239488.py","C:\Users\user\OneDrive\바탕 화면\한재광\회사SW\DT준전문가교육\DLAB\SW Project\halal_web\backend\app\services\certificate_filing_workflow_service_backup_20260630_172235_239488.py","C:\Users\user\OneDrive\바탕 화면\한재광\회사SW\DT준전문가교육\DLAB\SW Project\halal_web\_project_inventory\inventory_20260731_141445\source_snapshot\backend\app\services\certificate_filing_workflow_service_backup_20260630_172235_239488.py","27998","COPIED"
"backend\app\services\certificate_filing_workflow_service_backup_20260630_173152_053434.py","C:\Users\user\OneDrive\바탕 화면\한재광\회사SW\DT준전문가교육\DLAB\SW Project\halal_web\backend\app\services\certificate_filing_workflow_service_backup_20260630_173152_053434.py","C:\Users\user\OneDrive\바탕 화면\한재광\회사SW\DT준전문가교육\DLAB\SW Project\halal_web\_project_inventory\inventory_20260731_141445\source_snapshot\backend\app\services\certificate_filing_workflow_service_backup_20260630_173152_053434.py","34241","COPIED"
"backend\app\services\certificate_filing_workflow_service_backup_20260630_173825_551383.py","C:\Users\user\OneDrive\바탕 화면\한재광\회사SW\DT준전문가교육\DLAB\SW Project\halal_web\backend\app\services\certificate_filing_workflow_service_backup_20260630_173825_551383.py","C:\Users\user\OneDrive\바탕 화면\한재광\회사SW\DT준전문가교육\DLAB\SW Project\halal_web\_project_inventory\inventory_20260731_141445\source_snapshot\backend\app\services\certificate_filing_workflow_service_backup_20260630_173825_551383.py","42468","COPIED"
"backend\app\services\certificate_filing_workflow_service_backup_20260701_100916_077000.py","C:\Users\user\OneDrive\바탕 화면\한재광\회사SW\DT준전문가교육\DLAB\SW Project\halal_web\backend\app\services\certificate_filing_workflow_service_backup_20260701_100916_077000.py","C:\Users\user\OneDrive\바탕 화면\한재광\회사SW\DT준전문가교육\DLAB\SW Project\halal_web\_project_inventory\inventory_20260731_141445\source_snapshot\backend\app\services\certificate_filing_workflow_service_backup_20260701_100916_077000.py","50113","COPIED"
"backend\app\services\certificate_filing_workflow_service_backup_20260701_104558_642867.py","C:\Users\user\OneDrive\바탕 화면\한재광\회사SW\DT준전문가교육\DLAB\SW Project\halal_web\backend\app\services\certificate_filing_workflow_service_backup_20260701_104558_642867.py","C:\Users\user\OneDrive\바탕 화면\한재광\회사SW\DT준전문가교육\DLAB\SW Project\halal_web\_project_inventory\inventory_20260731_141445\source_snapshot\backend\app\services\certificate_filing_workflow_service_backup_20260701_104558_642867.py","50862","COPIED"
"backend\app\services\certificate_filing_workflow_service_broken_20260630_161327.py","C:\Users\user\OneDrive\바탕 화면\한재광\회사SW\DT준전문가교육\DLAB\SW Project\halal_web\backend\app\services\certificate_filing_workflow_service_broken_20260630_161327.py","C:\Users\user\OneDrive\바탕 화면\한재광\회사SW\DT준전문가교육\DLAB\SW Project\halal_web\_project_inventory\inventory_20260731_141445\source_snapshot\backend\app\services\certificate_filing_workflow_service_broken_20260630_161327.py","24964","COPIED"
"backend\app\services\certificate_rule_profile_service.py","C:\Users\user\OneDrive\바탕 화면\한재광\회사SW\DT준전문가교육\DLAB\SW Project\halal_web\backend\app\services\certificate_rule_profile_service.py","C:\Users\user\OneDrive\바탕 화면\한재광\회사SW\DT준전문가교육\DLAB\SW Project\halal_web\_project_inventory\inventory_20260731_141445\source_snapshot\backend\app\services\certificate_rule_profile_service.py","25179","COPIED"
"backend\app\services\certificate_rule_service.py","C:\Users\user\OneDrive\바탕 화면\한재광\회사SW\DT준전문가교육\DLAB\SW Project\halal_web\backend\app\services\certificate_rule_service.py","C:\Users\user\OneDrive\바탕 화면\한재광\회사SW\DT준전문가교육\DLAB\SW Project\halal_web\_project_inventory\inventory_20260731_141445\source_snapshot\backend\app\services\certificate_rule_service.py","95226","COPIED"
"backend\app\services\certificate_rule_service_backup_20260701_144029_184472.py","C:\Users\user\OneDrive\바탕 화면\한재광\회사SW\DT준전문가교육\DLAB\SW Project\halal_web\backend\app\services\certificate_rule_service_backup_20260701_144029_184472.py","C:\Users\user\OneDrive\바탕 화면\한재광\회사SW\DT준전문가교육\DLAB\SW Project\halal_web\_project_inventory\inventory_20260731_141445\source_snapshot\backend\app\services\certificate_rule_service_backup_20260701_144029_184472.py","94503","COPIED"
"backend\app\services\cert_template_service.py","C:\Users\user\OneDrive\바탕 화면\한재광\회사SW\DT준전문가교육\DLAB\SW Project\halal_web\backend\app\services\cert_template_service.py","C:\Users\user\OneDrive\바탕 화면\한재광\회사SW\DT준전문가교육\DLAB\SW Project\halal_web\_project_inventory\inventory_20260731_141445\source_snapshot\backend\app\services\cert_template_service.py","35745","COPIED"
"backend\app\services\filing_name_service.py","C:\Users\user\OneDrive\바탕 화면\한재광\회사SW\DT준전문가교육\DLAB\SW Project\halal_web\backend\app\services\filing_name_service.py","C:\Users\user\OneDrive\바탕 화면\한재광\회사SW\DT준전문가교육\DLAB\SW Project\halal_web\_project_inventory\inventory_20260731_141445\source_snapshot\backend\app\services\filing_name_service.py","5185","COPIED"
"backend\app\services\halal_doc_service.py","C:\Users\user\OneDrive\바탕 화면\한재광\회사SW\DT준전문가교육\DLAB\SW Project\halal_web\backend\app\services\halal_doc_service.py","C:\Users\user\OneDrive\바탕 화면\한재광\회사SW\DT준전문가교육\DLAB\SW Project\halal_web\_project_inventory\inventory_20260731_141445\source_snapshot\backend\app\services\halal_doc_service.py","19315","COPIED"
"backend\app\services\lhln_service.py","C:\Users\user\OneDrive\바탕 화면\한재광\회사SW\DT준전문가교육\DLAB\SW Project\halal_web\backend\app\services\lhln_service.py","C:\Users\user\OneDrive\바탕 화면\한재광\회사SW\DT준전문가교육\DLAB\SW Project\halal_web\_project_inventory\inventory_20260731_141445\source_snapshot\backend\app\services\lhln_service.py","15571","COPIED"
"backend\app\services\mail_inbox_service.py","C:\Users\user\OneDrive\바탕 화면\한재광\회사SW\DT준전문가교육\DLAB\SW Project\halal_web\backend\app\services\mail_inbox_service.py","C:\Users\user\OneDrive\바탕 화면\한재광\회사SW\DT준전문가교육\DLAB\SW Project\halal_web\_project_inventory\inventory_20260731_141445\source_snapshot\backend\app\services\mail_inbox_service.py","65182","COPIED"
"backend\app\services\mail_receive_service.py","C:\Users\user\OneDrive\바탕 화면\한재광\회사SW\DT준전문가교육\DLAB\SW Project\halal_web\backend\app\services\mail_receive_service.py","C:\Users\user\OneDrive\바탕 화면\한재광\회사SW\DT준전문가교육\DLAB\SW Project\halal_web\_project_inventory\inventory_20260731_141445\source_snapshot\backend\app\services\mail_receive_service.py","16784","COPIED"
"backend\app\services\mail_request_item_service.py","C:\Users\user\OneDrive\바탕 화면\한재광\회사SW\DT준전문가교육\DLAB\SW Project\halal_web\backend\app\services\mail_request_item_service.py","C:\Users\user\OneDrive\바탕 화면\한재광\회사SW\DT준전문가교육\DLAB\SW Project\halal_web\_project_inventory\inventory_20260731_141445\source_snapshot\backend\app\services\mail_request_item_service.py","27523","COPIED"
"backend\app\services\mail_request_item_service_backup_20260702_180941.py","C:\Users\user\OneDrive\바탕 화면\한재광\회사SW\DT준전문가교육\DLAB\SW Project\halal_web\backend\app\services\mail_request_item_service_backup_20260702_180941.py","C:\Users\user\OneDrive\바탕 화면\한재광\회사SW\DT준전문가교육\DLAB\SW Project\halal_web\_project_inventory\inventory_20260731_141445\source_snapshot\backend\app\services\mail_request_item_service_backup_20260702_180941.py","21930","COPIED"
"backend\app\services\mail_service.py","C:\Users\user\OneDrive\바탕 화면\한재광\회사SW\DT준전문가교육\DLAB\SW Project\halal_web\backend\app\services\mail_service.py","C:\Users\user\OneDrive\바탕 화면\한재광\회사SW\DT준전문가교육\DLAB\SW Project\halal_web\_project_inventory\inventory_20260731_141445\source_snapshot\backend\app\services\mail_service.py","26367","COPIED"
"backend\app\services\material_link_service.py","C:\Users\user\OneDrive\바탕 화면\한재광\회사SW\DT준전문가교육\DLAB\SW Project\halal_web\backend\app\services\material_link_service.py","C:\Users\user\OneDrive\바탕 화면\한재광\회사SW\DT준전문가교육\DLAB\SW Project\halal_web\_project_inventory\inventory_20260731_141445\source_snapshot\backend\app\services\material_link_service.py","8019","COPIED"
"backend\app\services\ocr_context_service.py","C:\Users\user\OneDrive\바탕 화면\한재광\회사SW\DT준전문가교육\DLAB\SW Project\halal_web\backend\app\services\ocr_context_service.py","C:\Users\user\OneDrive\바탕 화면\한재광\회사SW\DT준전문가교육\DLAB\SW Project\halal_web\_project_inventory\inventory_20260731_141445\source_snapshot\backend\app\services\ocr_context_service.py","7694","COPIED"
"backend\app\services\ocr_exporter.py","C:\Users\user\OneDrive\바탕 화면\한재광\회사SW\DT준전문가교육\DLAB\SW Project\halal_web\backend\app\services\ocr_exporter.py","C:\Users\user\OneDrive\바탕 화면\한재광\회사SW\DT준전문가교육\DLAB\SW Project\halal_web\_project_inventory\inventory_20260731_141445\source_snapshot\backend\app\services\ocr_exporter.py","18024","COPIED"
"backend\app\services\ocr_service.py","C:\Users\user\OneDrive\바탕 화면\한재광\회사SW\DT준전문가교육\DLAB\SW Project\halal_web\backend\app\services\ocr_service.py","C:\Users\user\OneDrive\바탕 화면\한재광\회사SW\DT준전문가교육\DLAB\SW Project\halal_web\_project_inventory\inventory_20260731_141445\source_snapshot\backend\app\services\ocr_service.py","43961","COPIED"
"backend\app\services\ocr_service_backup_20260701_155912_790134.py","C:\Users\user\OneDrive\바탕 화면\한재광\회사SW\DT준전문가교육\DLAB\SW Project\halal_web\backend\app\services\ocr_service_backup_20260701_155912_790134.py","C:\Users\user\OneDrive\바탕 화면\한재광\회사SW\DT준전문가교육\DLAB\SW Project\halal_web\_project_inventory\inventory_20260731_141445\source_snapshot\backend\app\services\ocr_service_backup_20260701_155912_790134.py","42997","COPIED"
"backend\app\services\ocr_test_service.py","C:\Users\user\OneDrive\바탕 화면\한재광\회사SW\DT준전문가교육\DLAB\SW Project\halal_web\backend\app\services\ocr_test_service.py","C:\Users\user\OneDrive\바탕 화면\한재광\회사SW\DT준전문가교육\DLAB\SW Project\halal_web\_project_inventory\inventory_20260731_141445\source_snapshot\backend\app\services\ocr_test_service.py","14736","COPIED"
"backend\app\services\pmf_filing_service.py","C:\Users\user\OneDrive\바탕 화면\한재광\회사SW\DT준전문가교육\DLAB\SW Project\halal_web\backend\app\services\pmf_filing_service.py","C:\Users\user\OneDrive\바탕 화면\한재광\회사SW\DT준전문가교육\DLAB\SW Project\halal_web\_project_inventory\inventory_20260731_141445\source_snapshot\backend\app\services\pmf_filing_service.py","11454","COPIED"
"backend\app\services\pmf_filing_service_backup_20260701_092937_601029.py","C:\Users\user\OneDrive\바탕 화면\한재광\회사SW\DT준전문가교육\DLAB\SW Project\halal_web\backend\app\services\pmf_filing_service_backup_20260701_092937_601029.py","C:\Users\user\OneDrive\바탕 화면\한재광\회사SW\DT준전문가교육\DLAB\SW Project\halal_web\_project_inventory\inventory_20260731_141445\source_snapshot\backend\app\services\pmf_filing_service_backup_20260701_092937_601029.py","9687","COPIED"
"backend\app\services\pmf_service.py","C:\Users\user\OneDrive\바탕 화면\한재광\회사SW\DT준전문가교육\DLAB\SW Project\halal_web\backend\app\services\pmf_service.py","C:\Users\user\OneDrive\바탕 화면\한재광\회사SW\DT준전문가교육\DLAB\SW Project\halal_web\_project_inventory\inventory_20260731_141445\source_snapshot\backend\app\services\pmf_service.py","5860","COPIED"
"backend\app\services\rule_apply_service.py","C:\Users\user\OneDrive\바탕 화면\한재광\회사SW\DT준전문가교육\DLAB\SW Project\halal_web\backend\app\services\rule_apply_service.py","C:\Users\user\OneDrive\바탕 화면\한재광\회사SW\DT준전문가교육\DLAB\SW Project\halal_web\_project_inventory\inventory_20260731_141445\source_snapshot\backend\app\services\rule_apply_service.py","5716","COPIED"
"backend\app\services\rule_candidate_service.py","C:\Users\user\OneDrive\바탕 화면\한재광\회사SW\DT준전문가교육\DLAB\SW Project\halal_web\backend\app\services\rule_candidate_service.py","C:\Users\user\OneDrive\바탕 화면\한재광\회사SW\DT준전문가교육\DLAB\SW Project\halal_web\_project_inventory\inventory_20260731_141445\source_snapshot\backend\app\services\rule_candidate_service.py","10263","COPIED"
"backend\app\services\rule_validation_service.py","C:\Users\user\OneDrive\바탕 화면\한재광\회사SW\DT준전문가교육\DLAB\SW Project\halal_web\backend\app\services\rule_validation_service.py","C:\Users\user\OneDrive\바탕 화면\한재광\회사SW\DT준전문가교육\DLAB\SW Project\halal_web\_project_inventory\inventory_20260731_141445\source_snapshot\backend\app\services\rule_validation_service.py","23886","COPIED"
"backend\app\services\storage_path_service.py","C:\Users\user\OneDrive\바탕 화면\한재광\회사SW\DT준전문가교육\DLAB\SW Project\halal_web\backend\app\services\storage_path_service.py","C:\Users\user\OneDrive\바탕 화면\한재광\회사SW\DT준전문가교육\DLAB\SW Project\halal_web\_project_inventory\inventory_20260731_141445\source_snapshot\backend\app\services\storage_path_service.py","3629","COPIED"
"backend\app\services\supplier_service.py","C:\Users\user\OneDrive\바탕 화면\한재광\회사SW\DT준전문가교육\DLAB\SW Project\halal_web\backend\app\services\supplier_service.py","C:\Users\user\OneDrive\바탕 화면\한재광\회사SW\DT준전문가교육\DLAB\SW Project\halal_web\_project_inventory\inventory_20260731_141445\source_snapshot\backend\app\services\supplier_service.py","17106","COPIED"
"backend\app\services\__init__.py","C:\Users\user\OneDrive\바탕 화면\한재광\회사SW\DT준전문가교육\DLAB\SW Project\halal_web\backend\app\services\__init__.py","C:\Users\user\OneDrive\바탕 화면\한재광\회사SW\DT준전문가교육\DLAB\SW Project\halal_web\_project_inventory\inventory_20260731_141445\source_snapshot\backend\app\services\__init__.py","0","COPIED"
"backend\schema_export\cert_template_features_schema.sql","C:\Users\user\OneDrive\바탕 화면\한재광\회사SW\DT준전문가교육\DLAB\SW Project\halal_web\backend\schema_export\cert_template_features_schema.sql","C:\Users\user\OneDrive\바탕 화면\한재광\회사SW\DT준전문가교육\DLAB\SW Project\halal_web\_project_inventory\inventory_20260731_141445\source_snapshot\backend\schema_export\cert_template_features_schema.sql","2140","COPIED"
"backend\schema_export\halal_lhln_schema.sql","C:\Users\user\OneDrive\바탕 화면\한재광\회사SW\DT준전문가교육\DLAB\SW Project\halal_web\backend\schema_export\halal_lhln_schema.sql","C:\Users\user\OneDrive\바탕 화면\한재광\회사SW\DT준전문가교육\DLAB\SW Project\halal_web\_project_inventory\inventory_20260731_141445\source_snapshot\backend\schema_export\halal_lhln_schema.sql","598","COPIED"
"backend\schema_export\ocr_test_schema.sql","C:\Users\user\OneDrive\바탕 화면\한재광\회사SW\DT준전문가교육\DLAB\SW Project\halal_web\backend\schema_export\ocr_test_schema.sql","C:\Users\user\OneDrive\바탕 화면\한재광\회사SW\DT준전문가교육\DLAB\SW Project\halal_web\_project_inventory\inventory_20260731_141445\source_snapshot\backend\schema_export\ocr_test_schema.sql","692","COPIED"
"backend\schema_export\pmf_app_schema.sql","C:\Users\user\OneDrive\바탕 화면\한재광\회사SW\DT준전문가교육\DLAB\SW Project\halal_web\backend\schema_export\pmf_app_schema.sql","C:\Users\user\OneDrive\바탕 화면\한재광\회사SW\DT준전문가교육\DLAB\SW Project\halal_web\_project_inventory\inventory_20260731_141445\source_snapshot\backend\schema_export\pmf_app_schema.sql","3523","COPIED"
"backend\scripts\audit_storage_paths.ps1","C:\Users\user\OneDrive\바탕 화면\한재광\회사SW\DT준전문가교육\DLAB\SW Project\halal_web\backend\scripts\audit_storage_paths.ps1","C:\Users\user\OneDrive\바탕 화면\한재광\회사SW\DT준전문가교육\DLAB\SW Project\halal_web\_project_inventory\inventory_20260731_141445\source_snapshot\backend\scripts\audit_storage_paths.ps1","2983","COPIED"
"backend\scripts\diagnose_and_fix_hash_mismatch.ps1","C:\Users\user\OneDrive\바탕 화면\한재광\회사SW\DT준전문가교육\DLAB\SW Project\halal_web\backend\scripts\diagnose_and_fix_hash_mismatch.ps1","C:\Users\user\OneDrive\바탕 화면\한재광\회사SW\DT준전문가교육\DLAB\SW Project\halal_web\_project_inventory\inventory_20260731_141445\source_snapshot\backend\scripts\diagnose_and_fix_hash_mismatch.ps1","10540","COPIED"
"backend\scripts\diagnose_ocr_500.ps1","C:\Users\user\OneDrive\바탕 화면\한재광\회사SW\DT준전문가교육\DLAB\SW Project\halal_web\backend\scripts\diagnose_ocr_500.ps1","C:\Users\user\OneDrive\바탕 화면\한재광\회사SW\DT준전문가교육\DLAB\SW Project\halal_web\_project_inventory\inventory_20260731_141445\source_snapshot\backend\scripts\diagnose_ocr_500.ps1","5564","COPIED"
"backend\scripts\export_ocr_rule_review_bundle.py","C:\Users\user\OneDrive\바탕 화면\한재광\회사SW\DT준전문가교육\DLAB\SW Project\halal_web\backend\scripts\export_ocr_rule_review_bundle.py","C:\Users\user\OneDrive\바탕 화면\한재광\회사SW\DT준전문가교육\DLAB\SW Project\halal_web\_project_inventory\inventory_20260731_141445\source_snapshot\backend\scripts\export_ocr_rule_review_bundle.py","17898","COPIED"
"backend\scripts\migrate_old_mail_logs.py","C:\Users\user\OneDrive\바탕 화면\한재광\회사SW\DT준전문가교육\DLAB\SW Project\halal_web\backend\scripts\migrate_old_mail_logs.py","C:\Users\user\OneDrive\바탕 화면\한재광\회사SW\DT준전문가교육\DLAB\SW Project\halal_web\_project_inventory\inventory_20260731_141445\source_snapshot\backend\scripts\migrate_old_mail_logs.py","5943","COPIED"
"backend\scripts\migrate_runtime_to_d.ps1","C:\Users\user\OneDrive\바탕 화면\한재광\회사SW\DT준전문가교육\DLAB\SW Project\halal_web\backend\scripts\migrate_runtime_to_d.ps1","C:\Users\user\OneDrive\바탕 화면\한재광\회사SW\DT준전문가교육\DLAB\SW Project\halal_web\_project_inventory\inventory_20260731_141445\source_snapshot\backend\scripts\migrate_runtime_to_d.ps1","6775","COPIED"
"backend\scripts\migrate_runtime_to_d_v2.ps1","C:\Users\user\OneDrive\바탕 화면\한재광\회사SW\DT준전문가교육\DLAB\SW Project\halal_web\backend\scripts\migrate_runtime_to_d_v2.ps1","C:\Users\user\OneDrive\바탕 화면\한재광\회사SW\DT준전문가교육\DLAB\SW Project\halal_web\_project_inventory\inventory_20260731_141445\source_snapshot\backend\scripts\migrate_runtime_to_d_v2.ps1","8200","COPIED"
"backend\scripts\patch_ocr_service_v2.py","C:\Users\user\OneDrive\바탕 화면\한재광\회사SW\DT준전문가교육\DLAB\SW Project\halal_web\backend\scripts\patch_ocr_service_v2.py","C:\Users\user\OneDrive\바탕 화면\한재광\회사SW\DT준전문가교육\DLAB\SW Project\halal_web\_project_inventory\inventory_20260731_141445\source_snapshot\backend\scripts\patch_ocr_service_v2.py","3350","COPIED"
"backend\scripts\remove_onedrive_runtime_backups.ps1","C:\Users\user\OneDrive\바탕 화면\한재광\회사SW\DT준전문가교육\DLAB\SW Project\halal_web\backend\scripts\remove_onedrive_runtime_backups.ps1","C:\Users\user\OneDrive\바탕 화면\한재광\회사SW\DT준전문가교육\DLAB\SW Project\halal_web\_project_inventory\inventory_20260731_141445\source_snapshot\backend\scripts\remove_onedrive_runtime_backups.ps1","1299","COPIED"
"backend\scripts\rollback_runtime_from_d.ps1","C:\Users\user\OneDrive\바탕 화면\한재광\회사SW\DT준전문가교육\DLAB\SW Project\halal_web\backend\scripts\rollback_runtime_from_d.ps1","C:\Users\user\OneDrive\바탕 화면\한재광\회사SW\DT준전문가교육\DLAB\SW Project\halal_web\_project_inventory\inventory_20260731_141445\source_snapshot\backend\scripts\rollback_runtime_from_d.ps1","1831","COPIED"
"backend\scripts\start_demo_backend.ps1","C:\Users\user\OneDrive\바탕 화면\한재광\회사SW\DT준전문가교육\DLAB\SW Project\halal_web\backend\scripts\start_demo_backend.ps1","C:\Users\user\OneDrive\바탕 화면\한재광\회사SW\DT준전문가교육\DLAB\SW Project\halal_web\_project_inventory\inventory_20260731_141445\source_snapshot\backend\scripts\start_demo_backend.ps1","3559","COPIED"
"backend\scripts\test_certificate_change_service.py","C:\Users\user\OneDrive\바탕 화면\한재광\회사SW\DT준전문가교육\DLAB\SW Project\halal_web\backend\scripts\test_certificate_change_service.py","C:\Users\user\OneDrive\바탕 화면\한재광\회사SW\DT준전문가교육\DLAB\SW Project\halal_web\_project_inventory\inventory_20260731_141445\source_snapshot\backend\scripts\test_certificate_change_service.py","3340","COPIED"
"backend\scripts\test_certificate_filing_phase2.py","C:\Users\user\OneDrive\바탕 화면\한재광\회사SW\DT준전문가교육\DLAB\SW Project\halal_web\backend\scripts\test_certificate_filing_phase2.py","C:\Users\user\OneDrive\바탕 화면\한재광\회사SW\DT준전문가교육\DLAB\SW Project\halal_web\_project_inventory\inventory_20260731_141445\source_snapshot\backend\scripts\test_certificate_filing_phase2.py","1512","COPIED"
"backend\scripts\test_certificate_filing_preview_api.py","C:\Users\user\OneDrive\바탕 화면\한재광\회사SW\DT준전문가교육\DLAB\SW Project\halal_web\backend\scripts\test_certificate_filing_preview_api.py","C:\Users\user\OneDrive\바탕 화면\한재광\회사SW\DT준전문가교육\DLAB\SW Project\halal_web\_project_inventory\inventory_20260731_141445\source_snapshot\backend\scripts\test_certificate_filing_preview_api.py","3787","COPIED"
"backend\scripts\test_filing_copy.py","C:\Users\user\OneDrive\바탕 화면\한재광\회사SW\DT준전문가교육\DLAB\SW Project\halal_web\backend\scripts\test_filing_copy.py","C:\Users\user\OneDrive\바탕 화면\한재광\회사SW\DT준전문가교육\DLAB\SW Project\halal_web\_project_inventory\inventory_20260731_141445\source_snapshot\backend\scripts\test_filing_copy.py","1672","COPIED"
"backend\scripts\test_filing_preview.py","C:\Users\user\OneDrive\바탕 화면\한재광\회사SW\DT준전문가교육\DLAB\SW Project\halal_web\backend\scripts\test_filing_preview.py","C:\Users\user\OneDrive\바탕 화면\한재광\회사SW\DT준전문가교육\DLAB\SW Project\halal_web\_project_inventory\inventory_20260731_141445\source_snapshot\backend\scripts\test_filing_preview.py","1097","COPIED"
"backend\scripts\test_filing_storage.py","C:\Users\user\OneDrive\바탕 화면\한재광\회사SW\DT준전문가교육\DLAB\SW Project\halal_web\backend\scripts\test_filing_storage.py","C:\Users\user\OneDrive\바탕 화면\한재광\회사SW\DT준전문가교육\DLAB\SW Project\halal_web\_project_inventory\inventory_20260731_141445\source_snapshot\backend\scripts\test_filing_storage.py","2269","COPIED"
"backend\scripts\test_ocr_api.py","C:\Users\user\OneDrive\바탕 화면\한재광\회사SW\DT준전문가교육\DLAB\SW Project\halal_web\backend\scripts\test_ocr_api.py","C:\Users\user\OneDrive\바탕 화면\한재광\회사SW\DT준전문가교육\DLAB\SW Project\halal_web\_project_inventory\inventory_20260731_141445\source_snapshot\backend\scripts\test_ocr_api.py","4607","COPIED"
"backend\scripts\test_ocr_rule_v2.py","C:\Users\user\OneDrive\바탕 화면\한재광\회사SW\DT준전문가교육\DLAB\SW Project\halal_web\backend\scripts\test_ocr_rule_v2.py","C:\Users\user\OneDrive\바탕 화면\한재광\회사SW\DT준전문가교육\DLAB\SW Project\halal_web\_project_inventory\inventory_20260731_141445\source_snapshot\backend\scripts\test_ocr_rule_v2.py","10011","COPIED"
"backend\scripts\test_phase2_1_matching.py","C:\Users\user\OneDrive\바탕 화면\한재광\회사SW\DT준전문가교육\DLAB\SW Project\halal_web\backend\scripts\test_phase2_1_matching.py","C:\Users\user\OneDrive\바탕 화면\한재광\회사SW\DT준전문가교육\DLAB\SW Project\halal_web\_project_inventory\inventory_20260731_141445\source_snapshot\backend\scripts\test_phase2_1_matching.py","1779","COPIED"
"backend\scripts\verify_and_remove_onedrive_backups.ps1","C:\Users\user\OneDrive\바탕 화면\한재광\회사SW\DT준전문가교육\DLAB\SW Project\halal_web\backend\scripts\verify_and_remove_onedrive_backups.ps1","C:\Users\user\OneDrive\바탕 화면\한재광\회사SW\DT준전문가교육\DLAB\SW Project\halal_web\_project_inventory\inventory_20260731_141445\source_snapshot\backend\scripts\verify_and_remove_onedrive_backups.ps1","7335","COPIED"
"backend\scripts\verify_and_remove_onedrive_backups_v2.ps1","C:\Users\user\OneDrive\바탕 화면\한재광\회사SW\DT준전문가교육\DLAB\SW Project\halal_web\backend\scripts\verify_and_remove_onedrive_backups_v2.ps1","C:\Users\user\OneDrive\바탕 화면\한재광\회사SW\DT준전문가교육\DLAB\SW Project\halal_web\_project_inventory\inventory_20260731_141445\source_snapshot\backend\scripts\verify_and_remove_onedrive_backups_v2.ps1","6653","COPIED"
"backend\scripts\verify_long_path_backups.py","C:\Users\user\OneDrive\바탕 화면\한재광\회사SW\DT준전문가교육\DLAB\SW Project\halal_web\backend\scripts\verify_long_path_backups.py","C:\Users\user\OneDrive\바탕 화면\한재광\회사SW\DT준전문가교육\DLAB\SW Project\halal_web\_project_inventory\inventory_20260731_141445\source_snapshot\backend\scripts\verify_long_path_backups.py","14059","COPIED"
"backend\scripts\verify_runtime.py","C:\Users\user\OneDrive\바탕 화면\한재광\회사SW\DT준전문가교육\DLAB\SW Project\halal_web\backend\scripts\verify_runtime.py","C:\Users\user\OneDrive\바탕 화면\한재광\회사SW\DT준전문가교육\DLAB\SW Project\halal_web\_project_inventory\inventory_20260731_141445\source_snapshot\backend\scripts\verify_runtime.py","1896","COPIED"
"backend\scripts\verify_runtime_on_d.ps1","C:\Users\user\OneDrive\바탕 화면\한재광\회사SW\DT준전문가교육\DLAB\SW Project\halal_web\backend\scripts\verify_runtime_on_d.ps1","C:\Users\user\OneDrive\바탕 화면\한재광\회사SW\DT준전문가교육\DLAB\SW Project\halal_web\_project_inventory\inventory_20260731_141445\source_snapshot\backend\scripts\verify_runtime_on_d.ps1","2155","COPIED"
"backend\scripts\verify_runtime_on_d_v2.ps1","C:\Users\user\OneDrive\바탕 화면\한재광\회사SW\DT준전문가교육\DLAB\SW Project\halal_web\backend\scripts\verify_runtime_on_d_v2.ps1","C:\Users\user\OneDrive\바탕 화면\한재광\회사SW\DT준전문가교육\DLAB\SW Project\halal_web\_project_inventory\inventory_20260731_141445\source_snapshot\backend\scripts\verify_runtime_on_d_v2.ps1","3028","COPIED"
"backend\scripts\__init__.py","C:\Users\user\OneDrive\바탕 화면\한재광\회사SW\DT준전문가교육\DLAB\SW Project\halal_web\backend\scripts\__init__.py","C:\Users\user\OneDrive\바탕 화면\한재광\회사SW\DT준전문가교육\DLAB\SW Project\halal_web\_project_inventory\inventory_20260731_141445\source_snapshot\backend\scripts\__init__.py","0","COPIED"
"backend\scripts\ml_certificate_classifier\01_audit_dataset.py","C:\Users\user\OneDrive\바탕 화면\한재광\회사SW\DT준전문가교육\DLAB\SW Project\halal_web\backend\scripts\ml_certificate_classifier\01_audit_dataset.py","C:\Users\user\OneDrive\바탕 화면\한재광\회사SW\DT준전문가교육\DLAB\SW Project\halal_web\_project_inventory\inventory_20260731_141445\source_snapshot\backend\scripts\ml_certificate_classifier\01_audit_dataset.py","7265","COPIED"
"backend\scripts\ml_certificate_classifier\02_build_training_text.py","C:\Users\user\OneDrive\바탕 화면\한재광\회사SW\DT준전문가교육\DLAB\SW Project\halal_web\backend\scripts\ml_certificate_classifier\02_build_training_text.py","C:\Users\user\OneDrive\바탕 화면\한재광\회사SW\DT준전문가교육\DLAB\SW Project\halal_web\_project_inventory\inventory_20260731_141445\source_snapshot\backend\scripts\ml_certificate_classifier\02_build_training_text.py","19570","COPIED"
"backend\scripts\ml_certificate_classifier\02_train_classifier.py","C:\Users\user\OneDrive\바탕 화면\한재광\회사SW\DT준전문가교육\DLAB\SW Project\halal_web\backend\scripts\ml_certificate_classifier\02_train_classifier.py","C:\Users\user\OneDrive\바탕 화면\한재광\회사SW\DT준전문가교육\DLAB\SW Project\halal_web\_project_inventory\inventory_20260731_141445\source_snapshot\backend\scripts\ml_certificate_classifier\02_train_classifier.py","41287","COPIED"
"backend\scripts\ml_data_augmentation\01_make_synthetic_scan_pdfs.py","C:\Users\user\OneDrive\바탕 화면\한재광\회사SW\DT준전문가교육\DLAB\SW Project\halal_web\backend\scripts\ml_data_augmentation\01_make_synthetic_scan_pdfs.py","C:\Users\user\OneDrive\바탕 화면\한재광\회사SW\DT준전문가교육\DLAB\SW Project\halal_web\_project_inventory\inventory_20260731_141445\source_snapshot\backend\scripts\ml_data_augmentation\01_make_synthetic_scan_pdfs.py","19823","COPIED"
"backend\scripts\ml_data_augmentation\02_evaluate_synthetic_scan_ocr.py","C:\Users\user\OneDrive\바탕 화면\한재광\회사SW\DT준전문가교육\DLAB\SW Project\halal_web\backend\scripts\ml_data_augmentation\02_evaluate_synthetic_scan_ocr.py","C:\Users\user\OneDrive\바탕 화면\한재광\회사SW\DT준전문가교육\DLAB\SW Project\halal_web\_project_inventory\inventory_20260731_141445\source_snapshot\backend\scripts\ml_data_augmentation\02_evaluate_synthetic_scan_ocr.py","34555","COPIED"
"backend\scripts\ml_data_augmentation\03_evaluate_synthetic_scan_core_fields.py","C:\Users\user\OneDrive\바탕 화면\한재광\회사SW\DT준전문가교육\DLAB\SW Project\halal_web\backend\scripts\ml_data_augmentation\03_evaluate_synthetic_scan_core_fields.py","C:\Users\user\OneDrive\바탕 화면\한재광\회사SW\DT준전문가교육\DLAB\SW Project\halal_web\_project_inventory\inventory_20260731_141445\source_snapshot\backend\scripts\ml_data_augmentation\03_evaluate_synthetic_scan_core_fields.py","41874","COPIED"
"backend\scripts\ml_data_augmentation\04_prepare_synthetic_training_pack.py","C:\Users\user\OneDrive\바탕 화면\한재광\회사SW\DT준전문가교육\DLAB\SW Project\halal_web\backend\scripts\ml_data_augmentation\04_prepare_synthetic_training_pack.py","C:\Users\user\OneDrive\바탕 화면\한재광\회사SW\DT준전문가교육\DLAB\SW Project\halal_web\_project_inventory\inventory_20260731_141445\source_snapshot\backend\scripts\ml_data_augmentation\04_prepare_synthetic_training_pack.py","28198","COPIED"
"backend\scripts\ml_field_extraction\01_build_field_label_candidates.py","C:\Users\user\OneDrive\바탕 화면\한재광\회사SW\DT준전문가교육\DLAB\SW Project\halal_web\backend\scripts\ml_field_extraction\01_build_field_label_candidates.py","C:\Users\user\OneDrive\바탕 화면\한재광\회사SW\DT준전문가교육\DLAB\SW Project\halal_web\_project_inventory\inventory_20260731_141445\source_snapshot\backend\scripts\ml_field_extraction\01_build_field_label_candidates.py","50709","COPIED"
"backend\scripts\ml_field_extraction\02_refine_field_label_candidates.py","C:\Users\user\OneDrive\바탕 화면\한재광\회사SW\DT준전문가교육\DLAB\SW Project\halal_web\backend\scripts\ml_field_extraction\02_refine_field_label_candidates.py","C:\Users\user\OneDrive\바탕 화면\한재광\회사SW\DT준전문가교육\DLAB\SW Project\halal_web\_project_inventory\inventory_20260731_141445\source_snapshot\backend\scripts\ml_field_extraction\02_refine_field_label_candidates.py","18905","COPIED"
"backend\scripts\ml_field_extraction\03_train_field_rankers.py","C:\Users\user\OneDrive\바탕 화면\한재광\회사SW\DT준전문가교육\DLAB\SW Project\halal_web\backend\scripts\ml_field_extraction\03_train_field_rankers.py","C:\Users\user\OneDrive\바탕 화면\한재광\회사SW\DT준전문가교육\DLAB\SW Project\halal_web\_project_inventory\inventory_20260731_141445\source_snapshot\backend\scripts\ml_field_extraction\03_train_field_rankers.py","40061","COPIED"
"backend\scripts\ml_field_extraction\04_train_field_span_rankers.py","C:\Users\user\OneDrive\바탕 화면\한재광\회사SW\DT준전문가교육\DLAB\SW Project\halal_web\backend\scripts\ml_field_extraction\04_train_field_span_rankers.py","C:\Users\user\OneDrive\바탕 화면\한재광\회사SW\DT준전문가교육\DLAB\SW Project\halal_web\_project_inventory\inventory_20260731_141445\source_snapshot\backend\scripts\ml_field_extraction\04_train_field_span_rankers.py","35770","COPIED"
"backend\scripts\ml_field_extraction\05_build_product_item_labels.py","C:\Users\user\OneDrive\바탕 화면\한재광\회사SW\DT준전문가교육\DLAB\SW Project\halal_web\backend\scripts\ml_field_extraction\05_build_product_item_labels.py","C:\Users\user\OneDrive\바탕 화면\한재광\회사SW\DT준전문가교육\DLAB\SW Project\halal_web\_project_inventory\inventory_20260731_141445\source_snapshot\backend\scripts\ml_field_extraction\05_build_product_item_labels.py","49920","COPIED"
"backend\scripts\ml_field_extraction\06_diagnose_product_ocr_bias.py","C:\Users\user\OneDrive\바탕 화면\한재광\회사SW\DT준전문가교육\DLAB\SW Project\halal_web\backend\scripts\ml_field_extraction\06_diagnose_product_ocr_bias.py","C:\Users\user\OneDrive\바탕 화면\한재광\회사SW\DT준전문가교육\DLAB\SW Project\halal_web\_project_inventory\inventory_20260731_141445\source_snapshot\backend\scripts\ml_field_extraction\06_diagnose_product_ocr_bias.py","40574","COPIED"
"docs\LOCAL_DEVELOPMENT.md","C:\Users\user\OneDrive\바탕 화면\한재광\회사SW\DT준전문가교육\DLAB\SW Project\halal_web\docs\LOCAL_DEVELOPMENT.md","C:\Users\user\OneDrive\바탕 화면\한재광\회사SW\DT준전문가교육\DLAB\SW Project\halal_web\_project_inventory\inventory_20260731_141445\source_snapshot\docs\LOCAL_DEVELOPMENT.md","1751","COPIED"
"frontend\api_ai_rule_review_append.js","C:\Users\user\OneDrive\바탕 화면\한재광\회사SW\DT준전문가교육\DLAB\SW Project\halal_web\frontend\api_ai_rule_review_append.js","C:\Users\user\OneDrive\바탕 화면\한재광\회사SW\DT준전문가교육\DLAB\SW Project\halal_web\_project_inventory\inventory_20260731_141445\source_snapshot\frontend\api_ai_rule_review_append.js","3035","COPIED"
"frontend\eslint.config.js","C:\Users\user\OneDrive\바탕 화면\한재광\회사SW\DT준전문가교육\DLAB\SW Project\halal_web\frontend\eslint.config.js","C:\Users\user\OneDrive\바탕 화면\한재광\회사SW\DT준전문가교육\DLAB\SW Project\halal_web\_project_inventory\inventory_20260731_141445\source_snapshot\frontend\eslint.config.js","568","COPIED"
"frontend\index.html","C:\Users\user\OneDrive\바탕 화면\한재광\회사SW\DT준전문가교육\DLAB\SW Project\halal_web\frontend\index.html","C:\Users\user\OneDrive\바탕 화면\한재광\회사SW\DT준전문가교육\DLAB\SW Project\halal_web\_project_inventory\inventory_20260731_141445\source_snapshot\frontend\index.html","360","COPIED"
"frontend\package-lock.json","C:\Users\user\OneDrive\바탕 화면\한재광\회사SW\DT준전문가교육\DLAB\SW Project\halal_web\frontend\package-lock.json","C:\Users\user\OneDrive\바탕 화면\한재광\회사SW\DT준전문가교육\DLAB\SW Project\halal_web\_project_inventory\inventory_20260731_141445\source_snapshot\frontend\package-lock.json","84418","COPIED"
"frontend\package.json","C:\Users\user\OneDrive\바탕 화면\한재광\회사SW\DT준전문가교육\DLAB\SW Project\halal_web\frontend\package.json","C:\Users\user\OneDrive\바탕 화면\한재광\회사SW\DT준전문가교육\DLAB\SW Project\halal_web\_project_inventory\inventory_20260731_141445\source_snapshot\frontend\package.json","605","COPIED"
"frontend\README.md","C:\Users\user\OneDrive\바탕 화면\한재광\회사SW\DT준전문가교육\DLAB\SW Project\halal_web\frontend\README.md","C:\Users\user\OneDrive\바탕 화면\한재광\회사SW\DT준전문가교육\DLAB\SW Project\halal_web\_project_inventory\inventory_20260731_141445\source_snapshot\frontend\README.md","1027","COPIED"
"frontend\vite.config.js","C:\Users\user\OneDrive\바탕 화면\한재광\회사SW\DT준전문가교육\DLAB\SW Project\halal_web\frontend\vite.config.js","C:\Users\user\OneDrive\바탕 화면\한재광\회사SW\DT준전문가교육\DLAB\SW Project\halal_web\_project_inventory\inventory_20260731_141445\source_snapshot\frontend\vite.config.js","161","COPIED"
"frontend\src\api.js","C:\Users\user\OneDrive\바탕 화면\한재광\회사SW\DT준전문가교육\DLAB\SW Project\halal_web\frontend\src\api.js","C:\Users\user\OneDrive\바탕 화면\한재광\회사SW\DT준전문가교육\DLAB\SW Project\halal_web\_project_inventory\inventory_20260731_141445\source_snapshot\frontend\src\api.js","14160","COPIED"
"frontend\src\App.css","C:\Users\user\OneDrive\바탕 화면\한재광\회사SW\DT준전문가교육\DLAB\SW Project\halal_web\frontend\src\App.css","C:\Users\user\OneDrive\바탕 화면\한재광\회사SW\DT준전문가교육\DLAB\SW Project\halal_web\_project_inventory\inventory_20260731_141445\source_snapshot\frontend\src\App.css","254530","COPIED"
"frontend\src\App.jsx","C:\Users\user\OneDrive\바탕 화면\한재광\회사SW\DT준전문가교육\DLAB\SW Project\halal_web\frontend\src\App.jsx","C:\Users\user\OneDrive\바탕 화면\한재광\회사SW\DT준전문가교육\DLAB\SW Project\halal_web\_project_inventory\inventory_20260731_141445\source_snapshot\frontend\src\App.jsx","337051","COPIED"
"frontend\src\FilingPage.css","C:\Users\user\OneDrive\바탕 화면\한재광\회사SW\DT준전문가교육\DLAB\SW Project\halal_web\frontend\src\FilingPage.css","C:\Users\user\OneDrive\바탕 화면\한재광\회사SW\DT준전문가교육\DLAB\SW Project\halal_web\_project_inventory\inventory_20260731_141445\source_snapshot\frontend\src\FilingPage.css","21177","COPIED"
"frontend\src\FilingPage.jsx","C:\Users\user\OneDrive\바탕 화면\한재광\회사SW\DT준전문가교육\DLAB\SW Project\halal_web\frontend\src\FilingPage.jsx","C:\Users\user\OneDrive\바탕 화면\한재광\회사SW\DT준전문가교육\DLAB\SW Project\halal_web\_project_inventory\inventory_20260731_141445\source_snapshot\frontend\src\FilingPage.jsx","26453","COPIED"
"frontend\src\index.css","C:\Users\user\OneDrive\바탕 화면\한재광\회사SW\DT준전문가교육\DLAB\SW Project\halal_web\frontend\src\index.css","C:\Users\user\OneDrive\바탕 화면\한재광\회사SW\DT준전문가교육\DLAB\SW Project\halal_web\_project_inventory\inventory_20260731_141445\source_snapshot\frontend\src\index.css","2169","COPIED"
"frontend\src\main.jsx","C:\Users\user\OneDrive\바탕 화면\한재광\회사SW\DT준전문가교육\DLAB\SW Project\halal_web\frontend\src\main.jsx","C:\Users\user\OneDrive\바탕 화면\한재광\회사SW\DT준전문가교육\DLAB\SW Project\halal_web\_project_inventory\inventory_20260731_141445\source_snapshot\frontend\src\main.jsx","229","COPIED"
"scripts\git_checkpoint.ps1","C:\Users\user\OneDrive\바탕 화면\한재광\회사SW\DT준전문가교육\DLAB\SW Project\halal_web\scripts\git_checkpoint.ps1","C:\Users\user\OneDrive\바탕 화면\한재광\회사SW\DT준전문가교육\DLAB\SW Project\halal_web\_project_inventory\inventory_20260731_141445\source_snapshot\scripts\git_checkpoint.ps1","596","COPIED"
"scripts\git_log.ps1","C:\Users\user\OneDrive\바탕 화면\한재광\회사SW\DT준전문가교육\DLAB\SW Project\halal_web\scripts\git_log.ps1","C:\Users\user\OneDrive\바탕 화면\한재광\회사SW\DT준전문가교육\DLAB\SW Project\halal_web\_project_inventory\inventory_20260731_141445\source_snapshot\scripts\git_log.ps1","227","COPIED"
"scripts\init_local_git.ps1","C:\Users\user\OneDrive\바탕 화면\한재광\회사SW\DT준전문가교육\DLAB\SW Project\halal_web\scripts\init_local_git.ps1","C:\Users\user\OneDrive\바탕 화면\한재광\회사SW\DT준전문가교육\DLAB\SW Project\halal_web\_project_inventory\inventory_20260731_141445\source_snapshot\scripts\init_local_git.ps1","1546","COPIED"
"scripts\local_env.ps1","C:\Users\user\OneDrive\바탕 화면\한재광\회사SW\DT준전문가교육\DLAB\SW Project\halal_web\scripts\local_env.ps1","C:\Users\user\OneDrive\바탕 화면\한재광\회사SW\DT준전문가교육\DLAB\SW Project\halal_web\_project_inventory\inventory_20260731_141445\source_snapshot\scripts\local_env.ps1","199","COPIED"
"scripts\refresh_latest_pmf_copy.ps1","C:\Users\user\OneDrive\바탕 화면\한재광\회사SW\DT준전문가교육\DLAB\SW Project\halal_web\scripts\refresh_latest_pmf_copy.ps1","C:\Users\user\OneDrive\바탕 화면\한재광\회사SW\DT준전문가교육\DLAB\SW Project\halal_web\_project_inventory\inventory_20260731_141445\source_snapshot\scripts\refresh_latest_pmf_copy.ps1","2308","COPIED"
"scripts\run_backend.ps1","C:\Users\user\OneDrive\바탕 화면\한재광\회사SW\DT준전문가교육\DLAB\SW Project\halal_web\scripts\run_backend.ps1","C:\Users\user\OneDrive\바탕 화면\한재광\회사SW\DT준전문가교육\DLAB\SW Project\halal_web\_project_inventory\inventory_20260731_141445\source_snapshot\scripts\run_backend.ps1","938","COPIED"
"scripts\run_ml_classifier_training.ps1","C:\Users\user\OneDrive\바탕 화면\한재광\회사SW\DT준전문가교육\DLAB\SW Project\halal_web\scripts\run_ml_classifier_training.ps1","C:\Users\user\OneDrive\바탕 화면\한재광\회사SW\DT준전문가교육\DLAB\SW Project\halal_web\_project_inventory\inventory_20260731_141445\source_snapshot\scripts\run_ml_classifier_training.ps1","1333","COPIED"
"scripts\run_ml_dataset_audit.ps1","C:\Users\user\OneDrive\바탕 화면\한재광\회사SW\DT준전문가교육\DLAB\SW Project\halal_web\scripts\run_ml_dataset_audit.ps1","C:\Users\user\OneDrive\바탕 화면\한재광\회사SW\DT준전문가교육\DLAB\SW Project\halal_web\_project_inventory\inventory_20260731_141445\source_snapshot\scripts\run_ml_dataset_audit.ps1","1088","COPIED"
"scripts\run_ml_field_label_builder.ps1","C:\Users\user\OneDrive\바탕 화면\한재광\회사SW\DT준전문가교육\DLAB\SW Project\halal_web\scripts\run_ml_field_label_builder.ps1","C:\Users\user\OneDrive\바탕 화면\한재광\회사SW\DT준전문가교육\DLAB\SW Project\halal_web\_project_inventory\inventory_20260731_141445\source_snapshot\scripts\run_ml_field_label_builder.ps1","1438","COPIED"
"scripts\run_ml_field_label_refinement.ps1","C:\Users\user\OneDrive\바탕 화면\한재광\회사SW\DT준전문가교육\DLAB\SW Project\halal_web\scripts\run_ml_field_label_refinement.ps1","C:\Users\user\OneDrive\바탕 화면\한재광\회사SW\DT준전문가교육\DLAB\SW Project\halal_web\_project_inventory\inventory_20260731_141445\source_snapshot\scripts\run_ml_field_label_refinement.ps1","1187","COPIED"
"scripts\run_ml_field_ranker_training.ps1","C:\Users\user\OneDrive\바탕 화면\한재광\회사SW\DT준전문가교육\DLAB\SW Project\halal_web\scripts\run_ml_field_ranker_training.ps1","C:\Users\user\OneDrive\바탕 화면\한재광\회사SW\DT준전문가교육\DLAB\SW Project\halal_web\_project_inventory\inventory_20260731_141445\source_snapshot\scripts\run_ml_field_ranker_training.ps1","1204","COPIED"
"scripts\run_ml_field_span_ranker_training.ps1","C:\Users\user\OneDrive\바탕 화면\한재광\회사SW\DT준전문가교육\DLAB\SW Project\halal_web\scripts\run_ml_field_span_ranker_training.ps1","C:\Users\user\OneDrive\바탕 화면\한재광\회사SW\DT준전문가교육\DLAB\SW Project\halal_web\_project_inventory\inventory_20260731_141445\source_snapshot\scripts\run_ml_field_span_ranker_training.ps1","1205","COPIED"
"scripts\run_ml_product_item_label_builder.ps1","C:\Users\user\OneDrive\바탕 화면\한재광\회사SW\DT준전문가교육\DLAB\SW Project\halal_web\scripts\run_ml_product_item_label_builder.ps1","C:\Users\user\OneDrive\바탕 화면\한재광\회사SW\DT준전문가교육\DLAB\SW Project\halal_web\_project_inventory\inventory_20260731_141445\source_snapshot\scripts\run_ml_product_item_label_builder.ps1","1192","COPIED"
"scripts\run_ml_product_ocr_bias_diagnostic.ps1","C:\Users\user\OneDrive\바탕 화면\한재광\회사SW\DT준전문가교육\DLAB\SW Project\halal_web\scripts\run_ml_product_ocr_bias_diagnostic.ps1","C:\Users\user\OneDrive\바탕 화면\한재광\회사SW\DT준전문가교육\DLAB\SW Project\halal_web\_project_inventory\inventory_20260731_141445\source_snapshot\scripts\run_ml_product_ocr_bias_diagnostic.ps1","1509","COPIED"
"scripts\run_prepare_synthetic_training_pack.ps1","C:\Users\user\OneDrive\바탕 화면\한재광\회사SW\DT준전문가교육\DLAB\SW Project\halal_web\scripts\run_prepare_synthetic_training_pack.ps1","C:\Users\user\OneDrive\바탕 화면\한재광\회사SW\DT준전문가교육\DLAB\SW Project\halal_web\_project_inventory\inventory_20260731_141445\source_snapshot\scripts\run_prepare_synthetic_training_pack.ps1","791","COPIED"
"scripts\run_synthetic_scan_core_field_evaluation.ps1","C:\Users\user\OneDrive\바탕 화면\한재광\회사SW\DT준전문가교육\DLAB\SW Project\halal_web\scripts\run_synthetic_scan_core_field_evaluation.ps1","C:\Users\user\OneDrive\바탕 화면\한재광\회사SW\DT준전문가교육\DLAB\SW Project\halal_web\_project_inventory\inventory_20260731_141445\source_snapshot\scripts\run_synthetic_scan_core_field_evaluation.ps1","828","COPIED"
"scripts\run_synthetic_scan_ocr_evaluation.ps1","C:\Users\user\OneDrive\바탕 화면\한재광\회사SW\DT준전문가교육\DLAB\SW Project\halal_web\scripts\run_synthetic_scan_ocr_evaluation.ps1","C:\Users\user\OneDrive\바탕 화면\한재광\회사SW\DT준전문가교육\DLAB\SW Project\halal_web\_project_inventory\inventory_20260731_141445\source_snapshot\scripts\run_synthetic_scan_ocr_evaluation.ps1","1055","COPIED"
"scripts\setup_venv.ps1","C:\Users\user\OneDrive\바탕 화면\한재광\회사SW\DT준전문가교육\DLAB\SW Project\halal_web\scripts\setup_venv.ps1","C:\Users\user\OneDrive\바탕 화면\한재광\회사SW\DT준전문가교육\DLAB\SW Project\halal_web\_project_inventory\inventory_20260731_141445\source_snapshot\scripts\setup_venv.ps1","1844","COPIED"
"scripts\setup_venv_v2.ps1","C:\Users\user\OneDrive\바탕 화면\한재광\회사SW\DT준전문가교육\DLAB\SW Project\halal_web\scripts\setup_venv_v2.ps1","C:\Users\user\OneDrive\바탕 화면\한재광\회사SW\DT준전문가교육\DLAB\SW Project\halal_web\_project_inventory\inventory_20260731_141445\source_snapshot\scripts\setup_venv_v2.ps1","5757","COPIED"
"scripts\test_certificate_filing_preview_api.py","C:\Users\user\OneDrive\바탕 화면\한재광\회사SW\DT준전문가교육\DLAB\SW Project\halal_web\scripts\test_certificate_filing_preview_api.py","C:\Users\user\OneDrive\바탕 화면\한재광\회사SW\DT준전문가교육\DLAB\SW Project\halal_web\_project_inventory\inventory_20260731_141445\source_snapshot\scripts\test_certificate_filing_preview_api.py","3787","COPIED"
"_ml_integration_review\backend\requirements.txt","C:\Users\user\OneDrive\바탕 화면\한재광\회사SW\DT준전문가교육\DLAB\SW Project\halal_web\_ml_integration_review\backend\requirements.txt","C:\Users\user\OneDrive\바탕 화면\한재광\회사SW\DT준전문가교육\DLAB\SW Project\halal_web\_project_inventory\inventory_20260731_141445\source_snapshot\_ml_integration_review\backend\requirements.txt","228","COPIED"
"_ml_integration_review\backend\app\main.py","C:\Users\user\OneDrive\바탕 화면\한재광\회사SW\DT준전문가교육\DLAB\SW Project\halal_web\_ml_integration_review\backend\app\main.py","C:\Users\user\OneDrive\바탕 화면\한재광\회사SW\DT준전문가교육\DLAB\SW Project\halal_web\_project_inventory\inventory_20260731_141445\source_snapshot\_ml_integration_review\backend\app\main.py","1177","COPIED"
"_ml_integration_review\backend\app\core\config.py","C:\Users\user\OneDrive\바탕 화면\한재광\회사SW\DT준전문가교육\DLAB\SW Project\halal_web\_ml_integration_review\backend\app\core\config.py","C:\Users\user\OneDrive\바탕 화면\한재광\회사SW\DT준전문가교육\DLAB\SW Project\halal_web\_project_inventory\inventory_20260731_141445\source_snapshot\_ml_integration_review\backend\app\core\config.py","2538","COPIED"
"_ml_integration_review\backend\app\routers\ocr.py","C:\Users\user\OneDrive\바탕 화면\한재광\회사SW\DT준전문가교육\DLAB\SW Project\halal_web\_ml_integration_review\backend\app\routers\ocr.py","C:\Users\user\OneDrive\바탕 화면\한재광\회사SW\DT준전문가교육\DLAB\SW Project\halal_web\_project_inventory\inventory_20260731_141445\source_snapshot\_ml_integration_review\backend\app\routers\ocr.py","11246","COPIED"
"_ml_integration_review\backend\app\services\certificate_rule_service.py","C:\Users\user\OneDrive\바탕 화면\한재광\회사SW\DT준전문가교육\DLAB\SW Project\halal_web\_ml_integration_review\backend\app\services\certificate_rule_service.py","C:\Users\user\OneDrive\바탕 화면\한재광\회사SW\DT준전문가교육\DLAB\SW Project\halal_web\_project_inventory\inventory_20260731_141445\source_snapshot\_ml_integration_review\backend\app\services\certificate_rule_service.py","95226","COPIED"
"_ml_integration_review\backend\app\services\material_link_service.py","C:\Users\user\OneDrive\바탕 화면\한재광\회사SW\DT준전문가교육\DLAB\SW Project\halal_web\_ml_integration_review\backend\app\services\material_link_service.py","C:\Users\user\OneDrive\바탕 화면\한재광\회사SW\DT준전문가교육\DLAB\SW Project\halal_web\_project_inventory\inventory_20260731_141445\source_snapshot\_ml_integration_review\backend\app\services\material_link_service.py","8019","COPIED"
"_ml_integration_review\backend\app\services\ocr_context_service.py","C:\Users\user\OneDrive\바탕 화면\한재광\회사SW\DT준전문가교육\DLAB\SW Project\halal_web\_ml_integration_review\backend\app\services\ocr_context_service.py","C:\Users\user\OneDrive\바탕 화면\한재광\회사SW\DT준전문가교육\DLAB\SW Project\halal_web\_project_inventory\inventory_20260731_141445\source_snapshot\_ml_integration_review\backend\app\services\ocr_context_service.py","7694","COPIED"
"_ml_integration_review\backend\app\services\ocr_service.py","C:\Users\user\OneDrive\바탕 화면\한재광\회사SW\DT준전문가교육\DLAB\SW Project\halal_web\_ml_integration_review\backend\app\services\ocr_service.py","C:\Users\user\OneDrive\바탕 화면\한재광\회사SW\DT준전문가교육\DLAB\SW Project\halal_web\_project_inventory\inventory_20260731_141445\source_snapshot\_ml_integration_review\backend\app\services\ocr_service.py","43961","COPIED"
"_ml_integration_review\frontend\src\api.js","C:\Users\user\OneDrive\바탕 화면\한재광\회사SW\DT준전문가교육\DLAB\SW Project\halal_web\_ml_integration_review\frontend\src\api.js","C:\Users\user\OneDrive\바탕 화면\한재광\회사SW\DT준전문가교육\DLAB\SW Project\halal_web\_project_inventory\inventory_20260731_141445\source_snapshot\_ml_integration_review\frontend\src\api.js","14160","COPIED"
"_ml_integration_review\frontend\src\App.jsx","C:\Users\user\OneDrive\바탕 화면\한재광\회사SW\DT준전문가교육\DLAB\SW Project\halal_web\_ml_integration_review\frontend\src\App.jsx","C:\Users\user\OneDrive\바탕 화면\한재광\회사SW\DT준전문가교육\DLAB\SW Project\halal_web\_project_inventory\inventory_20260731_141445\source_snapshot\_ml_integration_review\frontend\src\App.jsx","337051","COPIED"
"_patch_backups\all_junction_paths_20260630_110223\backend\app\core\path_utils.py","C:\Users\user\OneDrive\바탕 화면\한재광\회사SW\DT준전문가교육\DLAB\SW Project\halal_web\_patch_backups\all_junction_paths_20260630_110223\backend\app\core\path_utils.py","C:\Users\user\OneDrive\바탕 화면\한재광\회사SW\DT준전문가교육\DLAB\SW Project\halal_web\_project_inventory\inventory_20260731_141445\source_snapshot\_patch_backups\all_junction_paths_20260630_110223\backend\app\core\path_utils.py","803","COPIED"
"_patch_backups\all_junction_paths_20260630_110223\backend\app\services\ocr_test_service.py","C:\Users\user\OneDrive\바탕 화면\한재광\회사SW\DT준전문가교육\DLAB\SW Project\halal_web\_patch_backups\all_junction_paths_20260630_110223\backend\app\services\ocr_test_service.py","C:\Users\user\OneDrive\바탕 화면\한재광\회사SW\DT준전문가교육\DLAB\SW Project\halal_web\_project_inventory\inventory_20260731_141445\source_snapshot\_patch_backups\all_junction_paths_20260630_110223\backend\app\services\ocr_test_service.py","14203","COPIED"
"_patch_backups\certificate_filing_phase2_1_20260625_005746\app\services\certificate_filing_workflow_service.py","C:\Users\user\OneDrive\바탕 화면\한재광\회사SW\DT준전문가교육\DLAB\SW Project\halal_web\_patch_backups\certificate_filing_phase2_1_20260625_005746\app\services\certificate_filing_workflow_service.py","C:\Users\user\OneDrive\바탕 화면\한재광\회사SW\DT준전문가교육\DLAB\SW Project\halal_web\_project_inventory\inventory_20260731_141445\source_snapshot\_patch_backups\certificate_filing_phase2_1_20260625_005746\app\services\certificate_filing_workflow_service.py","19072","COPIED"
"_patch_backups\certificate_filing_phase2_1_20260625_005746\app\services\mail_request_item_service.py","C:\Users\user\OneDrive\바탕 화면\한재광\회사SW\DT준전문가교육\DLAB\SW Project\halal_web\_patch_backups\certificate_filing_phase2_1_20260625_005746\app\services\mail_request_item_service.py","C:\Users\user\OneDrive\바탕 화면\한재광\회사SW\DT준전문가교육\DLAB\SW Project\halal_web\_project_inventory\inventory_20260731_141445\source_snapshot\_patch_backups\certificate_filing_phase2_1_20260625_005746\app\services\mail_request_item_service.py","13607","COPIED"
"_patch_backups\certificate_filing_phase2_20260625_000608\app\main.py","C:\Users\user\OneDrive\바탕 화면\한재광\회사SW\DT준전문가교육\DLAB\SW Project\halal_web\_patch_backups\certificate_filing_phase2_20260625_000608\app\main.py","C:\Users\user\OneDrive\바탕 화면\한재광\회사SW\DT준전문가교육\DLAB\SW Project\halal_web\_project_inventory\inventory_20260731_141445\source_snapshot\_patch_backups\certificate_filing_phase2_20260625_000608\app\main.py","1177","COPIED"
"_patch_backups\certificate_filing_phase2_20260625_000608\app\routers\certificate_filing.py","C:\Users\user\OneDrive\바탕 화면\한재광\회사SW\DT준전문가교육\DLAB\SW Project\halal_web\_patch_backups\certificate_filing_phase2_20260625_000608\app\routers\certificate_filing.py","C:\Users\user\OneDrive\바탕 화면\한재광\회사SW\DT준전문가교육\DLAB\SW Project\halal_web\_project_inventory\inventory_20260731_141445\source_snapshot\_patch_backups\certificate_filing_phase2_20260625_000608\app\routers\certificate_filing.py","3121","COPIED"
"_patch_backups\certificate_filing_phase2_20260625_000608\app\services\certificate_filing_workflow_service.py","C:\Users\user\OneDrive\바탕 화면\한재광\회사SW\DT준전문가교육\DLAB\SW Project\halal_web\_patch_backups\certificate_filing_phase2_20260625_000608\app\services\certificate_filing_workflow_service.py","C:\Users\user\OneDrive\바탕 화면\한재광\회사SW\DT준전문가교육\DLAB\SW Project\halal_web\_project_inventory\inventory_20260731_141445\source_snapshot\_patch_backups\certificate_filing_phase2_20260625_000608\app\services\certificate_filing_workflow_service.py","19072","COPIED"
"_patch_backups\certificate_filing_phase2_20260625_000608\app\services\mail_request_item_service.py","C:\Users\user\OneDrive\바탕 화면\한재광\회사SW\DT준전문가교육\DLAB\SW Project\halal_web\_patch_backups\certificate_filing_phase2_20260625_000608\app\services\mail_request_item_service.py","C:\Users\user\OneDrive\바탕 화면\한재광\회사SW\DT준전문가교육\DLAB\SW Project\halal_web\_project_inventory\inventory_20260731_141445\source_snapshot\_patch_backups\certificate_filing_phase2_20260625_000608\app\services\mail_request_item_service.py","13607","COPIED"
"_patch_backups\certificate_filing_phase2_20260625_000608\app\services\pmf_filing_service.py","C:\Users\user\OneDrive\바탕 화면\한재광\회사SW\DT준전문가교육\DLAB\SW Project\halal_web\_patch_backups\certificate_filing_phase2_20260625_000608\app\services\pmf_filing_service.py","C:\Users\user\OneDrive\바탕 화면\한재광\회사SW\DT준전문가교육\DLAB\SW Project\halal_web\_project_inventory\inventory_20260731_141445\source_snapshot\_patch_backups\certificate_filing_phase2_20260625_000608\app\services\pmf_filing_service.py","9687","COPIED"
"_patch_backups\certificate_filing_phase2_20260625_000608\scripts\test_certificate_filing_phase2.py","C:\Users\user\OneDrive\바탕 화면\한재광\회사SW\DT준전문가교육\DLAB\SW Project\halal_web\_patch_backups\certificate_filing_phase2_20260625_000608\scripts\test_certificate_filing_phase2.py","C:\Users\user\OneDrive\바탕 화면\한재광\회사SW\DT준전문가교육\DLAB\SW Project\halal_web\_project_inventory\inventory_20260731_141445\source_snapshot\_patch_backups\certificate_filing_phase2_20260625_000608\scripts\test_certificate_filing_phase2.py","1512","COPIED"
"_patch_backups\css_line_clamp_20260727_085914\frontend\src\App.css","C:\Users\user\OneDrive\바탕 화면\한재광\회사SW\DT준전문가교육\DLAB\SW Project\halal_web\_patch_backups\css_line_clamp_20260727_085914\frontend\src\App.css","C:\Users\user\OneDrive\바탕 화면\한재광\회사SW\DT준전문가교육\DLAB\SW Project\halal_web\_project_inventory\inventory_20260731_141445\source_snapshot\_patch_backups\css_line_clamp_20260727_085914\frontend\src\App.css","241890","COPIED"
"_patch_backups\ml_classifier_phase1_20260727_085122\backup_info.txt","C:\Users\user\OneDrive\바탕 화면\한재광\회사SW\DT준전문가교육\DLAB\SW Project\halal_web\_patch_backups\ml_classifier_phase1_20260727_085122\backup_info.txt","C:\Users\user\OneDrive\바탕 화면\한재광\회사SW\DT준전문가교육\DLAB\SW Project\halal_web\_project_inventory\inventory_20260731_141445\source_snapshot\_patch_backups\ml_classifier_phase1_20260727_085122\backup_info.txt","393","COPIED"
"_patch_backups\ml_classifier_phase1_20260727_085122\git_status_before.txt","C:\Users\user\OneDrive\바탕 화면\한재광\회사SW\DT준전문가교육\DLAB\SW Project\halal_web\_patch_backups\ml_classifier_phase1_20260727_085122\git_status_before.txt","C:\Users\user\OneDrive\바탕 화면\한재광\회사SW\DT준전문가교육\DLAB\SW Project\halal_web\_project_inventory\inventory_20260731_141445\source_snapshot\_patch_backups\ml_classifier_phase1_20260727_085122\git_status_before.txt","4032","COPIED"
"_patch_backups\ml_classifier_phase1_20260727_085122\pip_freeze_after.txt","C:\Users\user\OneDrive\바탕 화면\한재광\회사SW\DT준전문가교육\DLAB\SW Project\halal_web\_patch_backups\ml_classifier_phase1_20260727_085122\pip_freeze_after.txt","C:\Users\user\OneDrive\바탕 화면\한재광\회사SW\DT준전문가교육\DLAB\SW Project\halal_web\_project_inventory\inventory_20260731_141445\source_snapshot\_patch_backups\ml_classifier_phase1_20260727_085122\pip_freeze_after.txt","937","COPIED"
"_patch_backups\ml_classifier_phase1_20260727_085122\pip_freeze_before.txt","C:\Users\user\OneDrive\바탕 화면\한재광\회사SW\DT준전문가교육\DLAB\SW Project\halal_web\_patch_backups\ml_classifier_phase1_20260727_085122\pip_freeze_before.txt","C:\Users\user\OneDrive\바탕 화면\한재광\회사SW\DT준전문가교육\DLAB\SW Project\halal_web\_project_inventory\inventory_20260731_141445\source_snapshot\_patch_backups\ml_classifier_phase1_20260727_085122\pip_freeze_before.txt","846","COPIED"
"_patch_backups\ml_classifier_phase1_20260727_085122\backend\requirements.txt","C:\Users\user\OneDrive\바탕 화면\한재광\회사SW\DT준전문가교육\DLAB\SW Project\halal_web\_patch_backups\ml_classifier_phase1_20260727_085122\backend\requirements.txt","C:\Users\user\OneDrive\바탕 화면\한재광\회사SW\DT준전문가교육\DLAB\SW Project\halal_web\_project_inventory\inventory_20260731_141445\source_snapshot\_patch_backups\ml_classifier_phase1_20260727_085122\backend\requirements.txt","228","COPIED"
"_patch_backups\ml_classifier_phase2_ocr_20260727_091505\backup_info.txt","C:\Users\user\OneDrive\바탕 화면\한재광\회사SW\DT준전문가교육\DLAB\SW Project\halal_web\_patch_backups\ml_classifier_phase2_ocr_20260727_091505\backup_info.txt","C:\Users\user\OneDrive\바탕 화면\한재광\회사SW\DT준전문가교육\DLAB\SW Project\halal_web\_project_inventory\inventory_20260731_141445\source_snapshot\_patch_backups\ml_classifier_phase2_ocr_20260727_091505\backup_info.txt","438","COPIED"
"_patch_backups\ml_classifier_phase2_ocr_20260727_091505\git_status_before.txt","C:\Users\user\OneDrive\바탕 화면\한재광\회사SW\DT준전문가교육\DLAB\SW Project\halal_web\_patch_backups\ml_classifier_phase2_ocr_20260727_091505\git_status_before.txt","C:\Users\user\OneDrive\바탕 화면\한재광\회사SW\DT준전문가교육\DLAB\SW Project\halal_web\_project_inventory\inventory_20260731_141445\source_snapshot\_patch_backups\ml_classifier_phase2_ocr_20260727_091505\git_status_before.txt","4277","COPIED"
"_patch_backups\ml_classifier_phase2_ocr_20260727_091505\pip_freeze_after.txt","C:\Users\user\OneDrive\바탕 화면\한재광\회사SW\DT준전문가교육\DLAB\SW Project\halal_web\_patch_backups\ml_classifier_phase2_ocr_20260727_091505\pip_freeze_after.txt","C:\Users\user\OneDrive\바탕 화면\한재광\회사SW\DT준전문가교육\DLAB\SW Project\halal_web\_project_inventory\inventory_20260731_141445\source_snapshot\_patch_backups\ml_classifier_phase2_ocr_20260727_091505\pip_freeze_after.txt","1227","COPIED"
"_patch_backups\ml_classifier_phase2_ocr_20260727_091505\pip_freeze_before.txt","C:\Users\user\OneDrive\바탕 화면\한재광\회사SW\DT준전문가교육\DLAB\SW Project\halal_web\_patch_backups\ml_classifier_phase2_ocr_20260727_091505\pip_freeze_before.txt","C:\Users\user\OneDrive\바탕 화면\한재광\회사SW\DT준전문가교육\DLAB\SW Project\halal_web\_project_inventory\inventory_20260731_141445\source_snapshot\_patch_backups\ml_classifier_phase2_ocr_20260727_091505\pip_freeze_before.txt","937","COPIED"
"_patch_backups\ml_classifier_phase2_ocr_20260727_091505\backend\requirements.txt","C:\Users\user\OneDrive\바탕 화면\한재광\회사SW\DT준전문가교육\DLAB\SW Project\halal_web\_patch_backups\ml_classifier_phase2_ocr_20260727_091505\backend\requirements.txt","C:\Users\user\OneDrive\바탕 화면\한재광\회사SW\DT준전문가교육\DLAB\SW Project\halal_web\_project_inventory\inventory_20260731_141445\source_snapshot\_patch_backups\ml_classifier_phase2_ocr_20260727_091505\backend\requirements.txt","280","COPIED"
"_patch_backups\ml_classifier_phase2_ocr_20260727_091505\frontend\src\App.css","C:\Users\user\OneDrive\바탕 화면\한재광\회사SW\DT준전문가교육\DLAB\SW Project\halal_web\_patch_backups\ml_classifier_phase2_ocr_20260727_091505\frontend\src\App.css","C:\Users\user\OneDrive\바탕 화면\한재광\회사SW\DT준전문가교육\DLAB\SW Project\halal_web\_project_inventory\inventory_20260731_141445\source_snapshot\_patch_backups\ml_classifier_phase2_ocr_20260727_091505\frontend\src\App.css","254530","COPIED"
"_patch_backups\ml_classifier_phase3b_label_fix_20260727_114115\git_status_before.txt","C:\Users\user\OneDrive\바탕 화면\한재광\회사SW\DT준전문가교육\DLAB\SW Project\halal_web\_patch_backups\ml_classifier_phase3b_label_fix_20260727_114115\git_status_before.txt","C:\Users\user\OneDrive\바탕 화면\한재광\회사SW\DT준전문가교육\DLAB\SW Project\halal_web\_project_inventory\inventory_20260731_141445\source_snapshot\_patch_backups\ml_classifier_phase3b_label_fix_20260727_114115\git_status_before.txt","4445","COPIED"
"_patch_backups\ml_classifier_phase3b_label_fix_20260727_114115\pip_freeze_before.txt","C:\Users\user\OneDrive\바탕 화면\한재광\회사SW\DT준전문가교육\DLAB\SW Project\halal_web\_patch_backups\ml_classifier_phase3b_label_fix_20260727_114115\pip_freeze_before.txt","C:\Users\user\OneDrive\바탕 화면\한재광\회사SW\DT준전문가교육\DLAB\SW Project\halal_web\_project_inventory\inventory_20260731_141445\source_snapshot\_patch_backups\ml_classifier_phase3b_label_fix_20260727_114115\pip_freeze_before.txt","1227","COPIED"
"_patch_backups\ml_classifier_phase3b_label_fix_20260727_114115\backend\scripts\ml_certificate_classifier\02_train_classifier.py","C:\Users\user\OneDrive\바탕 화면\한재광\회사SW\DT준전문가교육\DLAB\SW Project\halal_web\_patch_backups\ml_classifier_phase3b_label_fix_20260727_114115\backend\scripts\ml_certificate_classifier\02_train_classifier.py","C:\Users\user\OneDrive\바탕 화면\한재광\회사SW\DT준전문가교육\DLAB\SW Project\halal_web\_project_inventory\inventory_20260731_141445\source_snapshot\_patch_backups\ml_classifier_phase3b_label_fix_20260727_114115\backend\scripts\ml_certificate_classifier\02_train_classifier.py","38659","ERROR: 'C:\Users\user\OneDrive\바탕 화면\한재광\회사SW\DT준전문가교육\DLAB\SW Project\halal_web\_project_inventory\inventory_20260731_141445\source_snapshot\_patch_backups\ml_classifier_phase3b_label_fix_20260727_114115\backend\scripts\ml_certificate_classifier\02_train_classifier.py' 경로의 일부를 찾을 수 없습니다."
"_patch_backups\ml_classifier_phase3b_label_fix_20260727_114115\runtime\current_dataset_before.txt","C:\Users\user\OneDrive\바탕 화면\한재광\회사SW\DT준전문가교육\DLAB\SW Project\halal_web\_patch_backups\ml_classifier_phase3b_label_fix_20260727_114115\runtime\current_dataset_before.txt","C:\Users\user\OneDrive\바탕 화면\한재광\회사SW\DT준전문가교육\DLAB\SW Project\halal_web\_project_inventory\inventory_20260731_141445\source_snapshot\_patch_backups\ml_classifier_phase3b_label_fix_20260727_114115\runtime\current_dataset_before.txt","80","COPIED"
"_patch_backups\ml_classifier_phase3b_label_fix_20260727_114115\runtime\current_model_before.txt","C:\Users\user\OneDrive\바탕 화면\한재광\회사SW\DT준전문가교육\DLAB\SW Project\halal_web\_patch_backups\ml_classifier_phase3b_label_fix_20260727_114115\runtime\current_model_before.txt","C:\Users\user\OneDrive\바탕 화면\한재광\회사SW\DT준전문가교육\DLAB\SW Project\halal_web\_project_inventory\inventory_20260731_141445\source_snapshot\_patch_backups\ml_classifier_phase3b_label_fix_20260727_114115\runtime\current_model_before.txt","90","COPIED"
"_patch_backups\ml_classifier_phase3b_label_fix_20260727_114115\runtime\latest_model_training_before.txt","C:\Users\user\OneDrive\바탕 화면\한재광\회사SW\DT준전문가교육\DLAB\SW Project\halal_web\_patch_backups\ml_classifier_phase3b_label_fix_20260727_114115\runtime\latest_model_training_before.txt","C:\Users\user\OneDrive\바탕 화면\한재광\회사SW\DT준전문가교육\DLAB\SW Project\halal_web\_project_inventory\inventory_20260731_141445\source_snapshot\_patch_backups\ml_classifier_phase3b_label_fix_20260727_114115\runtime\latest_model_training_before.txt","82","COPIED"
"_patch_backups\ml_classifier_phase3_20260727_111751\backup_info.txt","C:\Users\user\OneDrive\바탕 화면\한재광\회사SW\DT준전문가교육\DLAB\SW Project\halal_web\_patch_backups\ml_classifier_phase3_20260727_111751\backup_info.txt","C:\Users\user\OneDrive\바탕 화면\한재광\회사SW\DT준전문가교육\DLAB\SW Project\halal_web\_project_inventory\inventory_20260731_141445\source_snapshot\_patch_backups\ml_classifier_phase3_20260727_111751\backup_info.txt","759","COPIED"
"_patch_backups\ml_classifier_phase3_20260727_111751\git_status_before.txt","C:\Users\user\OneDrive\바탕 화면\한재광\회사SW\DT준전문가교육\DLAB\SW Project\halal_web\_patch_backups\ml_classifier_phase3_20260727_111751\git_status_before.txt","C:\Users\user\OneDrive\바탕 화면\한재광\회사SW\DT준전문가교육\DLAB\SW Project\halal_web\_project_inventory\inventory_20260731_141445\source_snapshot\_patch_backups\ml_classifier_phase3_20260727_111751\git_status_before.txt","4334","COPIED"
"_patch_backups\ml_classifier_phase3_20260727_111751\pip_freeze_after.txt","C:\Users\user\OneDrive\바탕 화면\한재광\회사SW\DT준전문가교육\DLAB\SW Project\halal_web\_patch_backups\ml_classifier_phase3_20260727_111751\pip_freeze_after.txt","C:\Users\user\OneDrive\바탕 화면\한재광\회사SW\DT준전문가교육\DLAB\SW Project\halal_web\_project_inventory\inventory_20260731_141445\source_snapshot\_patch_backups\ml_classifier_phase3_20260727_111751\pip_freeze_after.txt","1227","COPIED"
"_patch_backups\ml_classifier_phase3_20260727_111751\pip_freeze_before.txt","C:\Users\user\OneDrive\바탕 화면\한재광\회사SW\DT준전문가교육\DLAB\SW Project\halal_web\_patch_backups\ml_classifier_phase3_20260727_111751\pip_freeze_before.txt","C:\Users\user\OneDrive\바탕 화면\한재광\회사SW\DT준전문가교육\DLAB\SW Project\halal_web\_project_inventory\inventory_20260731_141445\source_snapshot\_patch_backups\ml_classifier_phase3_20260727_111751\pip_freeze_before.txt","1227","COPIED"
"_patch_backups\ml_classifier_phase3_20260727_111751\backend\requirements.txt","C:\Users\user\OneDrive\바탕 화면\한재광\회사SW\DT준전문가교육\DLAB\SW Project\halal_web\_patch_backups\ml_classifier_phase3_20260727_111751\backend\requirements.txt","C:\Users\user\OneDrive\바탕 화면\한재광\회사SW\DT준전문가교육\DLAB\SW Project\halal_web\_project_inventory\inventory_20260731_141445\source_snapshot\_patch_backups\ml_classifier_phase3_20260727_111751\backend\requirements.txt","335","COPIED"
"_patch_backups\ml_field_labels_phase4a2_20260728_135717\git_status_before.txt","C:\Users\user\OneDrive\바탕 화면\한재광\회사SW\DT준전문가교육\DLAB\SW Project\halal_web\_patch_backups\ml_field_labels_phase4a2_20260728_135717\git_status_before.txt","C:\Users\user\OneDrive\바탕 화면\한재광\회사SW\DT준전문가교육\DLAB\SW Project\halal_web\_project_inventory\inventory_20260731_141445\source_snapshot\_patch_backups\ml_field_labels_phase4a2_20260728_135717\git_status_before.txt","4710","COPIED"
"_patch_backups\ml_field_labels_phase4a2_20260728_135717\pip_freeze_before.txt","C:\Users\user\OneDrive\바탕 화면\한재광\회사SW\DT준전문가교육\DLAB\SW Project\halal_web\_patch_backups\ml_field_labels_phase4a2_20260728_135717\pip_freeze_before.txt","C:\Users\user\OneDrive\바탕 화면\한재광\회사SW\DT준전문가교육\DLAB\SW Project\halal_web\_project_inventory\inventory_20260731_141445\source_snapshot\_patch_backups\ml_field_labels_phase4a2_20260728_135717\pip_freeze_before.txt","1227","COPIED"
"_patch_backups\ml_field_labels_phase4a_20260727_174321\git_status_before.txt","C:\Users\user\OneDrive\바탕 화면\한재광\회사SW\DT준전문가교육\DLAB\SW Project\halal_web\_patch_backups\ml_field_labels_phase4a_20260727_174321\git_status_before.txt","C:\Users\user\OneDrive\바탕 화면\한재광\회사SW\DT준전문가교육\DLAB\SW Project\halal_web\_project_inventory\inventory_20260731_141445\source_snapshot\_patch_backups\ml_field_labels_phase4a_20260727_174321\git_status_before.txt","4505","COPIED"
"_patch_backups\ml_field_labels_phase4a_20260727_174321\pip_freeze.txt","C:\Users\user\OneDrive\바탕 화면\한재광\회사SW\DT준전문가교육\DLAB\SW Project\halal_web\_patch_backups\ml_field_labels_phase4a_20260727_174321\pip_freeze.txt","C:\Users\user\OneDrive\바탕 화면\한재광\회사SW\DT준전문가교육\DLAB\SW Project\halal_web\_project_inventory\inventory_20260731_141445\source_snapshot\_patch_backups\ml_field_labels_phase4a_20260727_174321\pip_freeze.txt","1227","COPIED"
"_patch_backups\ml_field_labels_phase4a_20260727_175411\git_status_before.txt","C:\Users\user\OneDrive\바탕 화면\한재광\회사SW\DT준전문가교육\DLAB\SW Project\halal_web\_patch_backups\ml_field_labels_phase4a_20260727_175411\git_status_before.txt","C:\Users\user\OneDrive\바탕 화면\한재광\회사SW\DT준전문가교육\DLAB\SW Project\halal_web\_project_inventory\inventory_20260731_141445\source_snapshot\_patch_backups\ml_field_labels_phase4a_20260727_175411\git_status_before.txt","4565","COPIED"
"_patch_backups\ml_field_labels_phase4a_20260727_175411\pip_freeze.txt","C:\Users\user\OneDrive\바탕 화면\한재광\회사SW\DT준전문가교육\DLAB\SW Project\halal_web\_patch_backups\ml_field_labels_phase4a_20260727_175411\pip_freeze.txt","C:\Users\user\OneDrive\바탕 화면\한재광\회사SW\DT준전문가교육\DLAB\SW Project\halal_web\_project_inventory\inventory_20260731_141445\source_snapshot\_patch_backups\ml_field_labels_phase4a_20260727_175411\pip_freeze.txt","1227","COPIED"
"_patch_backups\ml_field_rankers_phase4b_20260728_142316\git_status_before.txt","C:\Users\user\OneDrive\바탕 화면\한재광\회사SW\DT준전문가교육\DLAB\SW Project\halal_web\_patch_backups\ml_field_rankers_phase4b_20260728_142316\git_status_before.txt","C:\Users\user\OneDrive\바탕 화면\한재광\회사SW\DT준전문가교육\DLAB\SW Project\halal_web\_project_inventory\inventory_20260731_141445\source_snapshot\_patch_backups\ml_field_rankers_phase4b_20260728_142316\git_status_before.txt","4817","COPIED"
"_patch_backups\ml_field_rankers_phase4b_20260728_142316\pip_freeze_before.txt","C:\Users\user\OneDrive\바탕 화면\한재광\회사SW\DT준전문가교육\DLAB\SW Project\halal_web\_patch_backups\ml_field_rankers_phase4b_20260728_142316\pip_freeze_before.txt","C:\Users\user\OneDrive\바탕 화면\한재광\회사SW\DT준전문가교육\DLAB\SW Project\halal_web\_project_inventory\inventory_20260731_141445\source_snapshot\_patch_backups\ml_field_rankers_phase4b_20260728_142316\pip_freeze_before.txt","1227","COPIED"
"_patch_backups\ml_field_span_rankers_phase4b2_20260728_144231\git_status_before.txt","C:\Users\user\OneDrive\바탕 화면\한재광\회사SW\DT준전문가교육\DLAB\SW Project\halal_web\_patch_backups\ml_field_span_rankers_phase4b2_20260728_144231\git_status_before.txt","C:\Users\user\OneDrive\바탕 화면\한재광\회사SW\DT준전문가교육\DLAB\SW Project\halal_web\_project_inventory\inventory_20260731_141445\source_snapshot\_patch_backups\ml_field_span_rankers_phase4b2_20260728_144231\git_status_before.txt","4929","COPIED"
"_patch_backups\ml_field_span_rankers_phase4b2_20260728_144231\pip_freeze_before.txt","C:\Users\user\OneDrive\바탕 화면\한재광\회사SW\DT준전문가교육\DLAB\SW Project\halal_web\_patch_backups\ml_field_span_rankers_phase4b2_20260728_144231\pip_freeze_before.txt","C:\Users\user\OneDrive\바탕 화면\한재광\회사SW\DT준전문가교육\DLAB\SW Project\halal_web\_project_inventory\inventory_20260731_141445\source_snapshot\_patch_backups\ml_field_span_rankers_phase4b2_20260728_144231\pip_freeze_before.txt","1227","COPIED"
"_patch_backups\ml_product_items_phase4c_20260728_150520\git_status_before.txt","C:\Users\user\OneDrive\바탕 화면\한재광\회사SW\DT준전문가교육\DLAB\SW Project\halal_web\_patch_backups\ml_product_items_phase4c_20260728_150520\git_status_before.txt","C:\Users\user\OneDrive\바탕 화면\한재광\회사SW\DT준전문가교육\DLAB\SW Project\halal_web\_project_inventory\inventory_20260731_141445\source_snapshot\_patch_backups\ml_product_items_phase4c_20260728_150520\git_status_before.txt","5040","COPIED"
"_patch_backups\ml_product_items_phase4c_20260728_150520\pip_freeze_before.txt","C:\Users\user\OneDrive\바탕 화면\한재광\회사SW\DT준전문가교육\DLAB\SW Project\halal_web\_patch_backups\ml_product_items_phase4c_20260728_150520\pip_freeze_before.txt","C:\Users\user\OneDrive\바탕 화면\한재광\회사SW\DT준전문가교육\DLAB\SW Project\halal_web\_project_inventory\inventory_20260731_141445\source_snapshot\_patch_backups\ml_product_items_phase4c_20260728_150520\pip_freeze_before.txt","1227","COPIED"
"_patch_backups\ml_product_ocr_bias_phase4c1_20260728_161110\git_status_before.txt","C:\Users\user\OneDrive\바탕 화면\한재광\회사SW\DT준전문가교육\DLAB\SW Project\halal_web\_patch_backups\ml_product_ocr_bias_phase4c1_20260728_161110\git_status_before.txt","C:\Users\user\OneDrive\바탕 화면\한재광\회사SW\DT준전문가교육\DLAB\SW Project\halal_web\_project_inventory\inventory_20260731_141445\source_snapshot\_patch_backups\ml_product_ocr_bias_phase4c1_20260728_161110\git_status_before.txt","5155","COPIED"
"_patch_backups\ml_product_ocr_bias_phase4c1_20260728_161110\pip_freeze_before.txt","C:\Users\user\OneDrive\바탕 화면\한재광\회사SW\DT준전문가교육\DLAB\SW Project\halal_web\_patch_backups\ml_product_ocr_bias_phase4c1_20260728_161110\pip_freeze_before.txt","C:\Users\user\OneDrive\바탕 화면\한재광\회사SW\DT준전문가교육\DLAB\SW Project\halal_web\_project_inventory\inventory_20260731_141445\source_snapshot\_patch_backups\ml_product_ocr_bias_phase4c1_20260728_161110\pip_freeze_before.txt","1227","COPIED"
"_patch_backups\ocr_rule_v2_20260629_141556\certificate_rule_service.py","C:\Users\user\OneDrive\바탕 화면\한재광\회사SW\DT준전문가교육\DLAB\SW Project\halal_web\_patch_backups\ocr_rule_v2_20260629_141556\certificate_rule_service.py","C:\Users\user\OneDrive\바탕 화면\한재광\회사SW\DT준전문가교육\DLAB\SW Project\halal_web\_project_inventory\inventory_20260731_141445\source_snapshot\_patch_backups\ocr_rule_v2_20260629_141556\certificate_rule_service.py","91067","COPIED"
"_patch_backups\ocr_rule_v2_20260629_141556\ocr_context_service.py","C:\Users\user\OneDrive\바탕 화면\한재광\회사SW\DT준전문가교육\DLAB\SW Project\halal_web\_patch_backups\ocr_rule_v2_20260629_141556\ocr_context_service.py","C:\Users\user\OneDrive\바탕 화면\한재광\회사SW\DT준전문가교육\DLAB\SW Project\halal_web\_project_inventory\inventory_20260731_141445\source_snapshot\_patch_backups\ocr_rule_v2_20260629_141556\ocr_context_service.py","7694","COPIED"
"_patch_backups\ocr_rule_v2_20260629_141556\ocr_service.py","C:\Users\user\OneDrive\바탕 화면\한재광\회사SW\DT준전문가교육\DLAB\SW Project\halal_web\_patch_backups\ocr_rule_v2_20260629_141556\ocr_service.py","C:\Users\user\OneDrive\바탕 화면\한재광\회사SW\DT준전문가교육\DLAB\SW Project\halal_web\_project_inventory\inventory_20260731_141445\source_snapshot\_patch_backups\ocr_rule_v2_20260629_141556\ocr_service.py","42489","COPIED"
"_patch_backups\storage_fallback_20260629_172449\backend\app\core\config.py","C:\Users\user\OneDrive\바탕 화면\한재광\회사SW\DT준전문가교육\DLAB\SW Project\halal_web\_patch_backups\storage_fallback_20260629_172449\backend\app\core\config.py","C:\Users\user\OneDrive\바탕 화면\한재광\회사SW\DT준전문가교육\DLAB\SW Project\halal_web\_project_inventory\inventory_20260731_141445\source_snapshot\_patch_backups\storage_fallback_20260629_172449\backend\app\core\config.py","2381","COPIED"
"_patch_backups\storage_fallback_20260629_172449\backend\app\services\filing_name_service.py","C:\Users\user\OneDrive\바탕 화면\한재광\회사SW\DT준전문가교육\DLAB\SW Project\halal_web\_patch_backups\storage_fallback_20260629_172449\backend\app\services\filing_name_service.py","C:\Users\user\OneDrive\바탕 화면\한재광\회사SW\DT준전문가교육\DLAB\SW Project\halal_web\_project_inventory\inventory_20260731_141445\source_snapshot\_patch_backups\storage_fallback_20260629_172449\backend\app\services\filing_name_service.py","5067","COPIED"
"_patch_backups\storage_fallback_20260629_172457\backend\app\core\config.py","C:\Users\user\OneDrive\바탕 화면\한재광\회사SW\DT준전문가교육\DLAB\SW Project\halal_web\_patch_backups\storage_fallback_20260629_172457\backend\app\core\config.py","C:\Users\user\OneDrive\바탕 화면\한재광\회사SW\DT준전문가교육\DLAB\SW Project\halal_web\_project_inventory\inventory_20260731_141445\source_snapshot\_patch_backups\storage_fallback_20260629_172457\backend\app\core\config.py","2538","COPIED"
"_patch_backups\storage_fallback_20260629_172457\backend\app\services\filing_name_service.py","C:\Users\user\OneDrive\바탕 화면\한재광\회사SW\DT준전문가교육\DLAB\SW Project\halal_web\_patch_backups\storage_fallback_20260629_172457\backend\app\services\filing_name_service.py","C:\Users\user\OneDrive\바탕 화면\한재광\회사SW\DT준전문가교육\DLAB\SW Project\halal_web\_project_inventory\inventory_20260731_141445\source_snapshot\_patch_backups\storage_fallback_20260629_172457\backend\app\services\filing_name_service.py","5185","COPIED"
"_patch_backups\storage_fallback_20260629_172457\backend\app\services\storage_path_service.py","C:\Users\user\OneDrive\바탕 화면\한재광\회사SW\DT준전문가교육\DLAB\SW Project\halal_web\_patch_backups\storage_fallback_20260629_172457\backend\app\services\storage_path_service.py","C:\Users\user\OneDrive\바탕 화면\한재광\회사SW\DT준전문가교육\DLAB\SW Project\halal_web\_project_inventory\inventory_20260731_141445\source_snapshot\_patch_backups\storage_fallback_20260629_172457\backend\app\services\storage_path_service.py","3629","COPIED"
"_patch_backups\storage_fallback_20260629_172457\backend\scripts\audit_storage_paths.ps1","C:\Users\user\OneDrive\바탕 화면\한재광\회사SW\DT준전문가교육\DLAB\SW Project\halal_web\_patch_backups\storage_fallback_20260629_172457\backend\scripts\audit_storage_paths.ps1","C:\Users\user\OneDrive\바탕 화면\한재광\회사SW\DT준전문가교육\DLAB\SW Project\halal_web\_project_inventory\inventory_20260731_141445\source_snapshot\_patch_backups\storage_fallback_20260629_172457\backend\scripts\audit_storage_paths.ps1","2983","COPIED"
"_patch_backups\storage_fallback_20260629_172457\backend\scripts\start_demo_backend.ps1","C:\Users\user\OneDrive\바탕 화면\한재광\회사SW\DT준전문가교육\DLAB\SW Project\halal_web\_patch_backups\storage_fallback_20260629_172457\backend\scripts\start_demo_backend.ps1","C:\Users\user\OneDrive\바탕 화면\한재광\회사SW\DT준전문가교육\DLAB\SW Project\halal_web\_project_inventory\inventory_20260731_141445\source_snapshot\_patch_backups\storage_fallback_20260629_172457\backend\scripts\start_demo_backend.ps1","3559","COPIED"
"_patch_backups\storage_fallback_20260629_172457\backend\scripts\test_filing_storage.py","C:\Users\user\OneDrive\바탕 화면\한재광\회사SW\DT준전문가교육\DLAB\SW Project\halal_web\_patch_backups\storage_fallback_20260629_172457\backend\scripts\test_filing_storage.py","C:\Users\user\OneDrive\바탕 화면\한재광\회사SW\DT준전문가교육\DLAB\SW Project\halal_web\_project_inventory\inventory_20260731_141445\source_snapshot\_patch_backups\storage_fallback_20260629_172457\backend\scripts\test_filing_storage.py","2269","COPIED"
"_patch_backups\storage_fallback_20260629_172457\backend\scripts\test_ocr_api.py","C:\Users\user\OneDrive\바탕 화면\한재광\회사SW\DT준전문가교육\DLAB\SW Project\halal_web\_patch_backups\storage_fallback_20260629_172457\backend\scripts\test_ocr_api.py","C:\Users\user\OneDrive\바탕 화면\한재광\회사SW\DT준전문가교육\DLAB\SW Project\halal_web\_project_inventory\inventory_20260731_141445\source_snapshot\_patch_backups\storage_fallback_20260629_172457\backend\scripts\test_ocr_api.py","4607","COPIED"
"_patch_backups\storage_fallback_20260629_172547\backend\app\core\config.py","C:\Users\user\OneDrive\바탕 화면\한재광\회사SW\DT준전문가교육\DLAB\SW Project\halal_web\_patch_backups\storage_fallback_20260629_172547\backend\app\core\config.py","C:\Users\user\OneDrive\바탕 화면\한재광\회사SW\DT준전문가교육\DLAB\SW Project\halal_web\_project_inventory\inventory_20260731_141445\source_snapshot\_patch_backups\storage_fallback_20260629_172547\backend\app\core\config.py","2538","COPIED"
"_patch_backups\storage_fallback_20260629_172547\backend\app\services\filing_name_service.py","C:\Users\user\OneDrive\바탕 화면\한재광\회사SW\DT준전문가교육\DLAB\SW Project\halal_web\_patch_backups\storage_fallback_20260629_172547\backend\app\services\filing_name_service.py","C:\Users\user\OneDrive\바탕 화면\한재광\회사SW\DT준전문가교육\DLAB\SW Project\halal_web\_project_inventory\inventory_20260731_141445\source_snapshot\_patch_backups\storage_fallback_20260629_172547\backend\app\services\filing_name_service.py","5185","COPIED"
"_patch_backups\storage_fallback_20260629_172547\backend\app\services\storage_path_service.py","C:\Users\user\OneDrive\바탕 화면\한재광\회사SW\DT준전문가교육\DLAB\SW Project\halal_web\_patch_backups\storage_fallback_20260629_172547\backend\app\services\storage_path_service.py","C:\Users\user\OneDrive\바탕 화면\한재광\회사SW\DT준전문가교육\DLAB\SW Project\halal_web\_project_inventory\inventory_20260731_141445\source_snapshot\_patch_backups\storage_fallback_20260629_172547\backend\app\services\storage_path_service.py","3629","COPIED"
"_patch_backups\storage_fallback_20260629_172547\backend\scripts\audit_storage_paths.ps1","C:\Users\user\OneDrive\바탕 화면\한재광\회사SW\DT준전문가교육\DLAB\SW Project\halal_web\_patch_backups\storage_fallback_20260629_172547\backend\scripts\audit_storage_paths.ps1","C:\Users\user\OneDrive\바탕 화면\한재광\회사SW\DT준전문가교육\DLAB\SW Project\halal_web\_project_inventory\inventory_20260731_141445\source_snapshot\_patch_backups\storage_fallback_20260629_172547\backend\scripts\audit_storage_paths.ps1","2983","COPIED"
"_patch_backups\storage_fallback_20260629_172547\backend\scripts\start_demo_backend.ps1","C:\Users\user\OneDrive\바탕 화면\한재광\회사SW\DT준전문가교육\DLAB\SW Project\halal_web\_patch_backups\storage_fallback_20260629_172547\backend\scripts\start_demo_backend.ps1","C:\Users\user\OneDrive\바탕 화면\한재광\회사SW\DT준전문가교육\DLAB\SW Project\halal_web\_project_inventory\inventory_20260731_141445\source_snapshot\_patch_backups\storage_fallback_20260629_172547\backend\scripts\start_demo_backend.ps1","3559","COPIED"
"_patch_backups\storage_fallback_20260629_172547\backend\scripts\test_filing_storage.py","C:\Users\user\OneDrive\바탕 화면\한재광\회사SW\DT준전문가교육\DLAB\SW Project\halal_web\_patch_backups\storage_fallback_20260629_172547\backend\scripts\test_filing_storage.py","C:\Users\user\OneDrive\바탕 화면\한재광\회사SW\DT준전문가교육\DLAB\SW Project\halal_web\_project_inventory\inventory_20260731_141445\source_snapshot\_patch_backups\storage_fallback_20260629_172547\backend\scripts\test_filing_storage.py","2269","COPIED"
"_patch_backups\storage_fallback_20260629_172547\backend\scripts\test_ocr_api.py","C:\Users\user\OneDrive\바탕 화면\한재광\회사SW\DT준전문가교육\DLAB\SW Project\halal_web\_patch_backups\storage_fallback_20260629_172547\backend\scripts\test_ocr_api.py","C:\Users\user\OneDrive\바탕 화면\한재광\회사SW\DT준전문가교육\DLAB\SW Project\halal_web\_project_inventory\inventory_20260731_141445\source_snapshot\_patch_backups\storage_fallback_20260629_172547\backend\scripts\test_ocr_api.py","4607","COPIED"
"_patch_backups\storage_fallback_20260629_172604\backend\app\core\config.py","C:\Users\user\OneDrive\바탕 화면\한재광\회사SW\DT준전문가교육\DLAB\SW Project\halal_web\_patch_backups\storage_fallback_20260629_172604\backend\app\core\config.py","C:\Users\user\OneDrive\바탕 화면\한재광\회사SW\DT준전문가교육\DLAB\SW Project\halal_web\_project_inventory\inventory_20260731_141445\source_snapshot\_patch_backups\storage_fallback_20260629_172604\backend\app\core\config.py","2538","COPIED"
"_patch_backups\storage_fallback_20260629_172604\backend\app\services\filing_name_service.py","C:\Users\user\OneDrive\바탕 화면\한재광\회사SW\DT준전문가교육\DLAB\SW Project\halal_web\_patch_backups\storage_fallback_20260629_172604\backend\app\services\filing_name_service.py","C:\Users\user\OneDrive\바탕 화면\한재광\회사SW\DT준전문가교육\DLAB\SW Project\halal_web\_project_inventory\inventory_20260731_141445\source_snapshot\_patch_backups\storage_fallback_20260629_172604\backend\app\services\filing_name_service.py","5185","COPIED"
"_patch_backups\storage_fallback_20260629_172604\backend\app\services\storage_path_service.py","C:\Users\user\OneDrive\바탕 화면\한재광\회사SW\DT준전문가교육\DLAB\SW Project\halal_web\_patch_backups\storage_fallback_20260629_172604\backend\app\services\storage_path_service.py","C:\Users\user\OneDrive\바탕 화면\한재광\회사SW\DT준전문가교육\DLAB\SW Project\halal_web\_project_inventory\inventory_20260731_141445\source_snapshot\_patch_backups\storage_fallback_20260629_172604\backend\app\services\storage_path_service.py","3629","COPIED"
"_patch_backups\storage_fallback_20260629_172604\backend\scripts\audit_storage_paths.ps1","C:\Users\user\OneDrive\바탕 화면\한재광\회사SW\DT준전문가교육\DLAB\SW Project\halal_web\_patch_backups\storage_fallback_20260629_172604\backend\scripts\audit_storage_paths.ps1","C:\Users\user\OneDrive\바탕 화면\한재광\회사SW\DT준전문가교육\DLAB\SW Project\halal_web\_project_inventory\inventory_20260731_141445\source_snapshot\_patch_backups\storage_fallback_20260629_172604\backend\scripts\audit_storage_paths.ps1","2983","COPIED"
"_patch_backups\storage_fallback_20260629_172604\backend\scripts\start_demo_backend.ps1","C:\Users\user\OneDrive\바탕 화면\한재광\회사SW\DT준전문가교육\DLAB\SW Project\halal_web\_patch_backups\storage_fallback_20260629_172604\backend\scripts\start_demo_backend.ps1","C:\Users\user\OneDrive\바탕 화면\한재광\회사SW\DT준전문가교육\DLAB\SW Project\halal_web\_project_inventory\inventory_20260731_141445\source_snapshot\_patch_backups\storage_fallback_20260629_172604\backend\scripts\start_demo_backend.ps1","3559","COPIED"
"_patch_backups\storage_fallback_20260629_172604\backend\scripts\test_filing_storage.py","C:\Users\user\OneDrive\바탕 화면\한재광\회사SW\DT준전문가교육\DLAB\SW Project\halal_web\_patch_backups\storage_fallback_20260629_172604\backend\scripts\test_filing_storage.py","C:\Users\user\OneDrive\바탕 화면\한재광\회사SW\DT준전문가교육\DLAB\SW Project\halal_web\_project_inventory\inventory_20260731_141445\source_snapshot\_patch_backups\storage_fallback_20260629_172604\backend\scripts\test_filing_storage.py","2269","COPIED"
"_patch_backups\storage_fallback_20260629_172604\backend\scripts\test_ocr_api.py","C:\Users\user\OneDrive\바탕 화면\한재광\회사SW\DT준전문가교육\DLAB\SW Project\halal_web\_patch_backups\storage_fallback_20260629_172604\backend\scripts\test_ocr_api.py","C:\Users\user\OneDrive\바탕 화면\한재광\회사SW\DT준전문가교육\DLAB\SW Project\halal_web\_project_inventory\inventory_20260731_141445\source_snapshot\_patch_backups\storage_fallback_20260629_172604\backend\scripts\test_ocr_api.py","4607","COPIED"
"_patch_backups\storage_fallback_20260629_172618\backend\app\core\config.py","C:\Users\user\OneDrive\바탕 화면\한재광\회사SW\DT준전문가교육\DLAB\SW Project\halal_web\_patch_backups\storage_fallback_20260629_172618\backend\app\core\config.py","C:\Users\user\OneDrive\바탕 화면\한재광\회사SW\DT준전문가교육\DLAB\SW Project\halal_web\_project_inventory\inventory_20260731_141445\source_snapshot\_patch_backups\storage_fallback_20260629_172618\backend\app\core\config.py","2538","COPIED"
"_patch_backups\storage_fallback_20260629_172618\backend\app\services\filing_name_service.py","C:\Users\user\OneDrive\바탕 화면\한재광\회사SW\DT준전문가교육\DLAB\SW Project\halal_web\_patch_backups\storage_fallback_20260629_172618\backend\app\services\filing_name_service.py","C:\Users\user\OneDrive\바탕 화면\한재광\회사SW\DT준전문가교육\DLAB\SW Project\halal_web\_project_inventory\inventory_20260731_141445\source_snapshot\_patch_backups\storage_fallback_20260629_172618\backend\app\services\filing_name_service.py","5185","COPIED"
"_patch_backups\storage_fallback_20260629_172618\backend\app\services\storage_path_service.py","C:\Users\user\OneDrive\바탕 화면\한재광\회사SW\DT준전문가교육\DLAB\SW Project\halal_web\_patch_backups\storage_fallback_20260629_172618\backend\app\services\storage_path_service.py","C:\Users\user\OneDrive\바탕 화면\한재광\회사SW\DT준전문가교육\DLAB\SW Project\halal_web\_project_inventory\inventory_20260731_141445\source_snapshot\_patch_backups\storage_fallback_20260629_172618\backend\app\services\storage_path_service.py","3629","COPIED"
"_patch_backups\storage_fallback_20260629_172618\backend\scripts\audit_storage_paths.ps1","C:\Users\user\OneDrive\바탕 화면\한재광\회사SW\DT준전문가교육\DLAB\SW Project\halal_web\_patch_backups\storage_fallback_20260629_172618\backend\scripts\audit_storage_paths.ps1","C:\Users\user\OneDrive\바탕 화면\한재광\회사SW\DT준전문가교육\DLAB\SW Project\halal_web\_project_inventory\inventory_20260731_141445\source_snapshot\_patch_backups\storage_fallback_20260629_172618\backend\scripts\audit_storage_paths.ps1","2983","COPIED"
"_patch_backups\storage_fallback_20260629_172618\backend\scripts\start_demo_backend.ps1","C:\Users\user\OneDrive\바탕 화면\한재광\회사SW\DT준전문가교육\DLAB\SW Project\halal_web\_patch_backups\storage_fallback_20260629_172618\backend\scripts\start_demo_backend.ps1","C:\Users\user\OneDrive\바탕 화면\한재광\회사SW\DT준전문가교육\DLAB\SW Project\halal_web\_project_inventory\inventory_20260731_141445\source_snapshot\_patch_backups\storage_fallback_20260629_172618\backend\scripts\start_demo_backend.ps1","3559","COPIED"
"_patch_backups\storage_fallback_20260629_172618\backend\scripts\test_filing_storage.py","C:\Users\user\OneDrive\바탕 화면\한재광\회사SW\DT준전문가교육\DLAB\SW Project\halal_web\_patch_backups\storage_fallback_20260629_172618\backend\scripts\test_filing_storage.py","C:\Users\user\OneDrive\바탕 화면\한재광\회사SW\DT준전문가교육\DLAB\SW Project\halal_web\_project_inventory\inventory_20260731_141445\source_snapshot\_patch_backups\storage_fallback_20260629_172618\backend\scripts\test_filing_storage.py","2269","COPIED"
"_patch_backups\storage_fallback_20260629_172618\backend\scripts\test_ocr_api.py","C:\Users\user\OneDrive\바탕 화면\한재광\회사SW\DT준전문가교육\DLAB\SW Project\halal_web\_patch_backups\storage_fallback_20260629_172618\backend\scripts\test_ocr_api.py","C:\Users\user\OneDrive\바탕 화면\한재광\회사SW\DT준전문가교육\DLAB\SW Project\halal_web\_project_inventory\inventory_20260731_141445\source_snapshot\_patch_backups\storage_fallback_20260629_172618\backend\scripts\test_ocr_api.py","4607","COPIED"
"_patch_backups\synthetic_scan_generator_20260728_172920\backend\scripts\ml_data_augmentation\01_make_synthetic_scan_pdfs.py","C:\Users\user\OneDrive\바탕 화면\한재광\회사SW\DT준전문가교육\DLAB\SW Project\halal_web\_patch_backups\synthetic_scan_generator_20260728_172920\backend\scripts\ml_data_augmentation\01_make_synthetic_scan_pdfs.py","C:\Users\user\OneDrive\바탕 화면\한재광\회사SW\DT준전문가교육\DLAB\SW Project\halal_web\_project_inventory\inventory_20260731_141445\source_snapshot\_patch_backups\synthetic_scan_generator_20260728_172920\backend\scripts\ml_data_augmentation\01_make_synthetic_scan_pdfs.py","19814","COPIED"
