"file","line_number","line_text"
"apply_ocr_rule_v2.ps1","84","Write-Host ""OCR 기본 규칙은 작동하지만 메일/PMF 문맥 보강은 비활성 상태로 동작합니다."" -ForegroundColor Yellow"
"bpjph_expiry_flow.txt","132","469:         message = ""선택한 PMF 원료가 이 첨부파일에 연결된 메일 원료 후보와 일치하지 않습니다."""
"CHANGELOG.md","19","- PMF 원료 자동 매칭"
"CHANGELOG.md","21","- 확정 후 PMF 유효기간 업데이트"
"filing_performance_functions.txt","7","ensure_active_pmf_exists()"
"filing_performance_functions.txt","13","active_pmf.xlsm에서 필요한 시트를 읽는다."
"filing_performance_functions.txt","15","ensure_active_pmf_exists()"
"filing_performance_functions.txt","201","auto_match_blockers.append(""선택된 메일 항목의 PMF 매칭 점수가 부족합니다."")"
"project_tree.txt","25","|   |   |   |   pmf.py"
"project_tree.txt","34","|   |   |           pmf.cpython-310.pyc"
"project_tree.txt","74","|   |           active_pmf.xlsm"
"project_tree.txt","75","|   |           active_pmf_meta.json"
"project_tree_full.txt","29","|   |   |   |   pmf.py"
"project_tree_full.txt","38","|   |   |           pmf.cpython-310.pyc"
"project_tree_full.txt","78","|   |           active_pmf.xlsm"
"project_tree_full.txt","79","|   |           active_pmf_meta.json"
"README.md","1","# OCR Rule V2 + 메일/PMF 문맥 보강"
"README.md","19","- 제품명과 제조사는 OCR 원문에서 확인될 때만 PMF 표준명으로 정규화"
"README.md","21","- PMF 기존 유효기간보다 과거인 OCR 날짜는 자동확정 차단"
"README_PHASE2.md","8","- 메일 원료와 PMF 원료 후보 점수 매칭"
"README_PHASE2.md","11","- 확정판정 시 PMF 캐시의 인증기관/인증번호/유효기간 업데이트"
"README_PHASE2.md","13","- BPJPH PMF 유효기간은 메일의 `유지 확인 시 적용 예정` 값 사용"
"README_PHASE2.md","14","- PMF 변경 전 자동 백업"
"README_PHASE2.md","33","PMF 캐시가 아닌 별도 테스트 PMF 복사본을 수정하려면:"
"README_PHASE2.md","36","$env:PMF_UPDATE_PATH = ""C:\TEMP\halal_pmf_test\active_pmf_test.xlsm"""
"README_PHASE2.md","39","`PMF_UPDATE_PATH`를 지정하지 않으면 기존 `backend/cache/source_pmf/active_pmf.xlsm`만 수정한다. 네트워크 원본 PMF는 수정하지 않는다."
"REVIEW_RESULT.md","25","## 메일/PMF 문맥 테스트"
"REVIEW_RESULT.md","29","- HFFIA 잘린 제조사: OCR 원문에서 확인된 PMF 표준 제조사로 정규화"
"test_add_secondary_job521.py","21","""D:/halal_web_runtime/pmf_test/active_pmf_test.xlsm"""
"test_add_secondary_job521.py","42","/ ""active_pmf_test_copy.xlsm"""
"test_add_secondary_job521.py","63","f""PMF not found: {SOURCE_PMF}"""
"test_add_secondary_job521.py","341","print(""=== PMF PRIMARY REMAINS ==="")"
"test_confirm_integration_job521.py","19","""D:/halal_web_runtime/pmf_test/active_pmf_test.xlsm"""
"test_confirm_integration_job521.py","29","/ ""active_pmf_test_copy.xlsm"""
"test_confirm_integration_job521.py","50","f""Source PMF not found: {SOURCE_PMF}"""
"test_confirm_integration_job521.py","341","print(""=== UPDATED PMF ==="")"
"test_confirm_integration_job521_v2.py","22","""D:/halal_web_runtime/pmf_test/active_pmf_test.xlsm"""
"test_confirm_integration_job521_v2.py","32","/ ""active_pmf_test_copy.xlsm"""
"test_confirm_integration_job521_v2.py","95","f""Source PMF not found: {SOURCE_PMF}"""
"test_confirm_integration_job521_v2.py","362","""Fresh PMF reader returned no output."""
"test_confirm_integration_job521_v2.py","374","print(""=== RAW PMF SNAPSHOT ==="")"
"test_confirm_integration_job521_v2.py","409","""Updated PMF expiry mismatch. """
"test_confirm_integration_job521_v2.py","411","f""Test PMF: {TEST_PMF}"""
"test_confirm_integration_job521_v3.py","23","""D:/halal_web_runtime/pmf_test/active_pmf_test.xlsm"""
"test_confirm_integration_job521_v3.py","44","/ ""active_pmf_test_copy.xlsm"""
"test_confirm_integration_job521_v3.py","107","f""Source PMF not found: {SOURCE_PMF}"""
"test_confirm_integration_job521_v3.py","371","""Fresh PMF reader returned no output."""
"test_confirm_integration_job521_v3.py","383","print(""=== RAW PMF SNAPSHOT ==="")"
"test_confirm_integration_job521_v3.py","418","""Updated PMF expiry mismatch. """
"test_confirm_integration_job521_v3.py","420","f""Test PMF: {TEST_PMF}"""
"test_replace_current_job521.py","21","""D:/halal_web_runtime/pmf_test/active_pmf_test.xlsm"""
"test_replace_current_job521.py","42","/ ""active_pmf_test_copy.xlsm"""
"test_replace_current_job521.py","63","f""PMF not found: {SOURCE_PMF}"""
"test_replace_current_job521.py","363","print(""=== PMF PRIMARY REPLACED ==="")"
"test_rollback_job521.py","19","backup_file = tmp / ""backup.xlsm"""
"test_rollback_job521.py","20","pmf_file = tmp / ""pmf.xlsm"""
"_halal_project_check.txt","176","backend\app\routers\pmf.py"
"_halal_project_check.txt","1101","app\routers\pmf.py"
"_halal_project_check.txt","1103","app\routers\pmf.py"
"_halal_project_check.txt","1105","app\routers\pmf.py"
"_patch_filing_demo_page.py","551","OCR 판독 결과와 PMF 관리대장을 연결하여"
"_patch_filing_demo_page.py","561","PMF DATA 연결"
"_patch_filing_demo_page.py","591","PMF 변경 가능"
"_patch_filing_demo_page.py","615","인증서와 PMF 원료 매칭 결과"
"_patch_filing_demo_page.py","772","""PMF 원료 매칭 대기"""
"_patch_filing_demo_page.py","920","""이 후보는 PMF 위치 정보가 없어 """
"_patch_filing_demo_page.py","957","OCR 결과와 PMF 관리대장 비교 중"
"_patch_filing_demo_page.py","1178","PMF 관리대장 변경 예정"
"_patch_filing_demo_page.py","1249","? ""인증서 분류 및 PMF 갱신 가능"""
"_patch_filing_performance.py","154","# 2. Allow callers to pass one PMF bundle."
"_patch_filing_performance.py","220","""pass bundle to PMF matcher"","
"_patch_filing_performance.py","242","# 4. Load the PMF bundle only once per candidate request."
"_patch_filing_performance.py","256","""initialize request PMF bundle"","
"_patch_filing_performance.py","274","""lazy load PMF bundle"","
"_patch_filing_performance.py","293","""selected PMF matching block was not found"""
".runtime\run_backend.ps1","6","# BEGIN TEMP PMF TEST CONFIG"
".runtime\run_backend.ps1","7","# 임시 PMF 테스트 연결"
".runtime\run_backend.ps1","9","$env:PMF_FILE_PATH = 'D:\halal_web_runtime\pmf_test\active_pmf_test.xlsm'"
".runtime\run_backend.ps1","10","$env:PMF_PATH = 'D:\halal_web_runtime\pmf_test\active_pmf_test.xlsm'"
".runtime\run_backend.ps1","11","$env:PMF_ACTIVE_FILE = 'D:\halal_web_runtime\pmf_test\active_pmf_test.xlsm'"
".runtime\run_backend.ps1","12","$env:PMF_ACTIVE_FILE_PATH = 'D:\halal_web_runtime\pmf_test\active_pmf_test.xlsm'"
".runtime\run_backend.ps1","13","$env:PMF_WORKBOOK_PATH = 'D:\halal_web_runtime\pmf_test\active_pmf_test.xlsm'"
".runtime\run_backend.ps1","14","$env:PMF_SOURCE_PATH = 'D:\halal_web_runtime\pmf_test\active_pmf_test.xlsm'"
".runtime\run_backend.ps1","15","$env:ACTIVE_PMF_PATH = 'D:\halal_web_runtime\pmf_test\active_pmf_test.xlsm'"
".runtime\run_backend.ps1","16","$env:HALAL_PMF_FILE_PATH = 'D:\halal_web_runtime\pmf_test\active_pmf_test.xlsm'"
".runtime\run_backend.ps1","20","$env:PMF_FILE_NAME = 'active_pmf_test.xlsm'"
".runtime\run_backend.ps1","21","$env:PMF_FILENAME = 'active_pmf_test.xlsm'"
".runtime\run_backend.ps1","22","$env:PMF_WORKBOOK_NAME = 'active_pmf_test.xlsm'"
".runtime\run_backend.ps1","23","Write-Host 'PMF 테스트 파일 연결: D:\halal_web_runtime\pmf_test\active_pmf_test.xlsm' -ForegroundColor Yellow"
".runtime\run_backend.ps1","24","# END TEMP PMF TEST CONFIG"
"backend\app\main.py","4","from app.routers import pmf, suppliers, mail, lhln, ocr"
"backend\app\main.py","22","app.include_router(pmf.router, prefix=""/pmf"", tags=[""PMF""])"
"backend\app\core\config.py","21","# PMF 원본 폴더"
"backend\app\core\config.py","25","r'\\홍진우\공유\1) 인증심사관련\4. MUI HALAL\★ 자사 PMF 파일',"
"backend\app\core\config.py","32","PMF_ACTIVE_PATH = PMF_CACHE_DIR / 'active_pmf.xlsm'"
"backend\app\core\config.py","33","PMF_META_PATH = PMF_CACHE_DIR / 'active_pmf_meta.json'"
"backend\app\core\config.py","57","# PMF 시트명"
"backend\app\core\config.py","58","RAW_MATERIAL_SHEET = 'Raw material management'"
"backend\app\routers\certificate_filing.py","553","OCR 판독 결과와 PMF 관리대장을 연결하여"
"backend\app\routers\certificate_filing.py","563","PMF DATA 연결"
"backend\app\routers\certificate_filing.py","593","PMF 변경 가능"
"backend\app\routers\certificate_filing.py","617","인증서와 PMF 원료 매칭 결과"
"backend\app\routers\certificate_filing.py","774","""PMF 원료 매칭 대기"""
"backend\app\routers\certificate_filing.py","922","""이 후보는 PMF 위치 정보가 없어 """
"backend\app\routers\certificate_filing.py","959","OCR 결과와 PMF 관리대장 비교 중"
"backend\app\routers\certificate_filing.py","1180","PMF 관리대장 변경 예정"
"backend\app\routers\certificate_filing.py","1251","? ""인증서 분류 및 PMF 갱신 가능"""
"backend\app\routers\mail.py","87",""".xlsm"","
"backend\app\routers\pmf.py","25","""sync_active_pmf"","
"backend\app\routers\pmf.py","27","""prepare_active_pmf"","
"backend\app\routers\pmf.py","28","""ensure_active_pmf"","
"backend\app\routers\pmf.py","29","""copy_active_pmf"","
"backend\app\routers\pmf.py","50","if ""sync"" in name.lower() or ""pmf"" in name.lower()"
"backend\app\routers\pmf.py","57","PMF 상단 빈 행/다단 헤더 행/불완전 행 제외용."
"backend\app\routers\pmf.py","71","# PMF 다단 헤더 행 방어"
"backend\app\routers\pmf.py","226","PMF Raw material management 시트 기준 원료 검색."
"backend\app\routers\pmf.py","318","특정 PMF row의 메인/하부 원료 상세 구조 반환."
"backend\app\routers\pmf.py","374","선택 PMF row와 매칭되는 네트워크 하부원료 인증서 폴더/파일 후보 조회."
"backend\app\routers\pmf.py","406","PMF A열 번호 기준으로 기존 하부원료 서류 폴더를 빠르게 찾는다."
"backend\app\routers\suppliers.py","24","Raw PMF + E-mail 시트 + 수동확정 DB를 합친 메일주소 정리 데이터."
"backend\app\services\certificate_change_service.py","360","""The manufacturer differs from the current PMF manufacturer."","
"backend\app\services\certificate_change_service_backup_20260630_163235.py","225","""The manufacturer differs from the current PMF manufacturer."","
"backend\app\services\certificate_filing_workflow_service.py","334","blockers.append(""PMF 원료번호가 없습니다."")"
"backend\app\services\certificate_filing_workflow_service.py","337","blockers.append(""PMF 영문 원료명이 없습니다."")"
"backend\app\services\certificate_filing_workflow_service.py","340","blockers.append(""PMF 제조사가 없습니다."")"
"backend\app\services\certificate_filing_workflow_service.py","343","blockers.append(""PMF 공급사가 없습니다."")"
"backend\app\services\certificate_filing_workflow_service.py","354","blockers.append(""BPJPH 메일 요청 항목을 찾지 못해 PMF 예정 유효기간을 결정할 수 없습니다."")"
"backend\app\services\certificate_filing_workflow_service.py","359","warnings.append(""OCR 결과에 인증번호가 없습니다. PMF 기존 인증번호는 유지됩니다."")"
"backend\app\services\certificate_filing_workflow_service.py","487","message = ""선택한 PMF 원료가 이 첨부파일에 연결된 메일 원료 후보와 일치하지 않습니다."""
"backend\app\services\certificate_filing_workflow_service.py","1827","auto_match_blockers.append(""선택된 메일 항목의 PMF 매칭 점수가 부족합니다."")"
"backend\app\services\certificate_filing_workflow_service_backup_20260630_161149.py","186","blockers.append(""PMF 원료번호가 없습니다."")"
"backend\app\services\certificate_filing_workflow_service_backup_20260630_161149.py","189","blockers.append(""PMF 영문 원료명이 없습니다."")"
"backend\app\services\certificate_filing_workflow_service_backup_20260630_161149.py","192","blockers.append(""PMF 제조사가 없습니다."")"
"backend\app\services\certificate_filing_workflow_service_backup_20260630_161149.py","195","blockers.append(""PMF 공급사가 없습니다."")"
"backend\app\services\certificate_filing_workflow_service_backup_20260630_161149.py","206","blockers.append(""BPJPH 메일 요청 항목을 찾지 못해 PMF 예정 유효기간을 결정할 수 없습니다."")"
"backend\app\services\certificate_filing_workflow_service_backup_20260630_161149.py","211","warnings.append(""OCR 결과에 인증번호가 없습니다. PMF 기존 인증번호는 유지됩니다."")"
"backend\app\services\certificate_filing_workflow_service_backup_20260630_161149.py","250","message = ""선택한 PMF 원료가 이 첨부파일에 연결된 메일 원료 후보와 일치하지 않습니다."""
"backend\app\services\certificate_filing_workflow_service_backup_20260630_161149.py","537","auto_match_blockers.append(""선택된 메일 항목의 PMF 매칭 점수가 부족합니다."")"
"backend\app\services\certificate_filing_workflow_service_backup_20260630_163235.py","187","blockers.append(""PMF 원료번호가 없습니다."")"
"backend\app\services\certificate_filing_workflow_service_backup_20260630_163235.py","190","blockers.append(""PMF 영문 원료명이 없습니다."")"
"backend\app\services\certificate_filing_workflow_service_backup_20260630_163235.py","193","blockers.append(""PMF 제조사가 없습니다."")"
"backend\app\services\certificate_filing_workflow_service_backup_20260630_163235.py","196","blockers.append(""PMF 공급사가 없습니다."")"
"backend\app\services\certificate_filing_workflow_service_backup_20260630_163235.py","207","blockers.append(""BPJPH 메일 요청 항목을 찾지 못해 PMF 예정 유효기간을 결정할 수 없습니다."")"
"backend\app\services\certificate_filing_workflow_service_backup_20260630_163235.py","212","warnings.append(""OCR 결과에 인증번호가 없습니다. PMF 기존 인증번호는 유지됩니다."")"
"backend\app\services\certificate_filing_workflow_service_backup_20260630_163235.py","322","message = ""선택한 PMF 원료가 이 첨부파일에 연결된 메일 원료 후보와 일치하지 않습니다."""
"backend\app\services\certificate_filing_workflow_service_backup_20260630_163235.py","610","auto_match_blockers.append(""선택된 메일 항목의 PMF 매칭 점수가 부족합니다."")"
"backend\app\services\certificate_filing_workflow_service_backup_20260630_170903_415657.py","194","blockers.append(""PMF 원료번호가 없습니다."")"
"backend\app\services\certificate_filing_workflow_service_backup_20260630_170903_415657.py","197","blockers.append(""PMF 영문 원료명이 없습니다."")"
"backend\app\services\certificate_filing_workflow_service_backup_20260630_170903_415657.py","200","blockers.append(""PMF 제조사가 없습니다."")"
"backend\app\services\certificate_filing_workflow_service_backup_20260630_170903_415657.py","203","blockers.append(""PMF 공급사가 없습니다."")"
"backend\app\services\certificate_filing_workflow_service_backup_20260630_170903_415657.py","214","blockers.append(""BPJPH 메일 요청 항목을 찾지 못해 PMF 예정 유효기간을 결정할 수 없습니다."")"
"backend\app\services\certificate_filing_workflow_service_backup_20260630_170903_415657.py","219","warnings.append(""OCR 결과에 인증번호가 없습니다. PMF 기존 인증번호는 유지됩니다."")"
"backend\app\services\certificate_filing_workflow_service_backup_20260630_170903_415657.py","329","message = ""선택한 PMF 원료가 이 첨부파일에 연결된 메일 원료 후보와 일치하지 않습니다."""
"backend\app\services\certificate_filing_workflow_service_backup_20260630_170903_415657.py","617","auto_match_blockers.append(""선택된 메일 항목의 PMF 매칭 점수가 부족합니다."")"
"backend\app\services\certificate_filing_workflow_service_backup_20260630_172235_239488.py","194","blockers.append(""PMF 원료번호가 없습니다."")"
"backend\app\services\certificate_filing_workflow_service_backup_20260630_172235_239488.py","197","blockers.append(""PMF 영문 원료명이 없습니다."")"
"backend\app\services\certificate_filing_workflow_service_backup_20260630_172235_239488.py","200","blockers.append(""PMF 제조사가 없습니다."")"
"backend\app\services\certificate_filing_workflow_service_backup_20260630_172235_239488.py","203","blockers.append(""PMF 공급사가 없습니다."")"
"backend\app\services\certificate_filing_workflow_service_backup_20260630_172235_239488.py","214","blockers.append(""BPJPH 메일 요청 항목을 찾지 못해 PMF 예정 유효기간을 결정할 수 없습니다."")"
"backend\app\services\certificate_filing_workflow_service_backup_20260630_172235_239488.py","219","warnings.append(""OCR 결과에 인증번호가 없습니다. PMF 기존 인증번호는 유지됩니다."")"
"backend\app\services\certificate_filing_workflow_service_backup_20260630_172235_239488.py","329","message = ""선택한 PMF 원료가 이 첨부파일에 연결된 메일 원료 후보와 일치하지 않습니다."""
"backend\app\services\certificate_filing_workflow_service_backup_20260630_172235_239488.py","773","auto_match_blockers.append(""선택된 메일 항목의 PMF 매칭 점수가 부족합니다."")"
"backend\app\services\certificate_filing_workflow_service_backup_20260630_173152_053434.py","263","blockers.append(""PMF 원료번호가 없습니다."")"
"backend\app\services\certificate_filing_workflow_service_backup_20260630_173152_053434.py","266","blockers.append(""PMF 영문 원료명이 없습니다."")"
"backend\app\services\certificate_filing_workflow_service_backup_20260630_173152_053434.py","269","blockers.append(""PMF 제조사가 없습니다."")"
"backend\app\services\certificate_filing_workflow_service_backup_20260630_173152_053434.py","272","blockers.append(""PMF 공급사가 없습니다."")"
"backend\app\services\certificate_filing_workflow_service_backup_20260630_173152_053434.py","283","blockers.append(""BPJPH 메일 요청 항목을 찾지 못해 PMF 예정 유효기간을 결정할 수 없습니다."")"
"backend\app\services\certificate_filing_workflow_service_backup_20260630_173152_053434.py","288","warnings.append(""OCR 결과에 인증번호가 없습니다. PMF 기존 인증번호는 유지됩니다."")"
"backend\app\services\certificate_filing_workflow_service_backup_20260630_173152_053434.py","398","message = ""선택한 PMF 원료가 이 첨부파일에 연결된 메일 원료 후보와 일치하지 않습니다."""
"backend\app\services\certificate_filing_workflow_service_backup_20260630_173152_053434.py","1038","auto_match_blockers.append(""선택된 메일 항목의 PMF 매칭 점수가 부족합니다."")"
"backend\app\services\certificate_filing_workflow_service_backup_20260630_173825_551383.py","263","blockers.append(""PMF 원료번호가 없습니다."")"
"backend\app\services\certificate_filing_workflow_service_backup_20260630_173825_551383.py","266","blockers.append(""PMF 영문 원료명이 없습니다."")"
"backend\app\services\certificate_filing_workflow_service_backup_20260630_173825_551383.py","269","blockers.append(""PMF 제조사가 없습니다."")"
"backend\app\services\certificate_filing_workflow_service_backup_20260630_173825_551383.py","272","blockers.append(""PMF 공급사가 없습니다."")"
"backend\app\services\certificate_filing_workflow_service_backup_20260630_173825_551383.py","283","blockers.append(""BPJPH 메일 요청 항목을 찾지 못해 PMF 예정 유효기간을 결정할 수 없습니다."")"
"backend\app\services\certificate_filing_workflow_service_backup_20260630_173825_551383.py","288","warnings.append(""OCR 결과에 인증번호가 없습니다. PMF 기존 인증번호는 유지됩니다."")"
"backend\app\services\certificate_filing_workflow_service_backup_20260630_173825_551383.py","398","message = ""선택한 PMF 원료가 이 첨부파일에 연결된 메일 원료 후보와 일치하지 않습니다."""
"backend\app\services\certificate_filing_workflow_service_backup_20260630_173825_551383.py","1376","auto_match_blockers.append(""선택된 메일 항목의 PMF 매칭 점수가 부족합니다."")"
"backend\app\services\certificate_filing_workflow_service_backup_20260701_100916_077000.py","263","blockers.append(""PMF 원료번호가 없습니다."")"
"backend\app\services\certificate_filing_workflow_service_backup_20260701_100916_077000.py","266","blockers.append(""PMF 영문 원료명이 없습니다."")"
"backend\app\services\certificate_filing_workflow_service_backup_20260701_100916_077000.py","269","blockers.append(""PMF 제조사가 없습니다."")"
"backend\app\services\certificate_filing_workflow_service_backup_20260701_100916_077000.py","272","blockers.append(""PMF 공급사가 없습니다."")"
"backend\app\services\certificate_filing_workflow_service_backup_20260701_100916_077000.py","283","blockers.append(""BPJPH 메일 요청 항목을 찾지 못해 PMF 예정 유효기간을 결정할 수 없습니다."")"
"backend\app\services\certificate_filing_workflow_service_backup_20260701_100916_077000.py","288","warnings.append(""OCR 결과에 인증번호가 없습니다. PMF 기존 인증번호는 유지됩니다."")"
"backend\app\services\certificate_filing_workflow_service_backup_20260701_100916_077000.py","398","message = ""선택한 PMF 원료가 이 첨부파일에 연결된 메일 원료 후보와 일치하지 않습니다."""
"backend\app\services\certificate_filing_workflow_service_backup_20260701_100916_077000.py","1687","auto_match_blockers.append(""선택된 메일 항목의 PMF 매칭 점수가 부족합니다."")"
"backend\app\services\certificate_filing_workflow_service_backup_20260701_104558_642867.py","281","blockers.append(""PMF 원료번호가 없습니다."")"
"backend\app\services\certificate_filing_workflow_service_backup_20260701_104558_642867.py","284","blockers.append(""PMF 영문 원료명이 없습니다."")"
"backend\app\services\certificate_filing_workflow_service_backup_20260701_104558_642867.py","287","blockers.append(""PMF 제조사가 없습니다."")"
"backend\app\services\certificate_filing_workflow_service_backup_20260701_104558_642867.py","290","blockers.append(""PMF 공급사가 없습니다."")"
"backend\app\services\certificate_filing_workflow_service_backup_20260701_104558_642867.py","301","blockers.append(""BPJPH 메일 요청 항목을 찾지 못해 PMF 예정 유효기간을 결정할 수 없습니다."")"
"backend\app\services\certificate_filing_workflow_service_backup_20260701_104558_642867.py","306","warnings.append(""OCR 결과에 인증번호가 없습니다. PMF 기존 인증번호는 유지됩니다."")"
"backend\app\services\certificate_filing_workflow_service_backup_20260701_104558_642867.py","416","message = ""선택한 PMF 원료가 이 첨부파일에 연결된 메일 원료 후보와 일치하지 않습니다."""
"backend\app\services\certificate_filing_workflow_service_backup_20260701_104558_642867.py","1728","auto_match_blockers.append(""선택된 메일 항목의 PMF 매칭 점수가 부족합니다."")"
"backend\app\services\certificate_filing_workflow_service_broken_20260630_161327.py","186","blockers.append(""PMF 원료번호가 없습니다."")"
"backend\app\services\certificate_filing_workflow_service_broken_20260630_161327.py","189","blockers.append(""PMF 영문 원료명이 없습니다."")"
"backend\app\services\certificate_filing_workflow_service_broken_20260630_161327.py","192","blockers.append(""PMF 제조사가 없습니다."")"
"backend\app\services\certificate_filing_workflow_service_broken_20260630_161327.py","195","blockers.append(""PMF 공급사가 없습니다."")"
"backend\app\services\certificate_filing_workflow_service_broken_20260630_161327.py","206","blockers.append(""BPJPH 메일 요청 항목을 찾지 못해 PMF 예정 유효기간을 결정할 수 없습니다."")"
"backend\app\services\certificate_filing_workflow_service_broken_20260630_161327.py","211","warnings.append(""OCR 결과에 인증번호가 없습니다. PMF 기존 인증번호는 유지됩니다."")"
"backend\app\services\certificate_filing_workflow_service_broken_20260630_161327.py","267","# ?? ??? ??? PMF ?? ??? ????."
"backend\app\services\certificate_filing_workflow_service_broken_20260630_161327.py","275","#?? ?? ?? ???? ???? PMF ?? ?? ??? ??? ??."
"backend\app\services\certificate_filing_workflow_service_broken_20260630_161327.py","333","message = ""선택한 PMF 원료가 이 첨부파일에 연결된 메일 원료 후보와 일치하지 않습니다."""
"backend\app\services\certificate_filing_workflow_service_broken_20260630_161327.py","621","auto_match_blockers.append(""선택된 메일 항목의 PMF 매칭 점수가 부족합니다."")"
"backend\app\services\certificate_rule_service.py","422","# 제품명에 아랍어 문자가 들어가는 케이스는 현재 PMF 매칭 목적상 낮다고 본다."
"backend\app\services\certificate_rule_service.py","2471","- 제조사/제품명은 실제 OCR 원문에서 확인되는 경우에만 PMF 표준명으로 정규화한다."
"backend\app\services\certificate_rule_service.py","2518","f""OCR 인증기관({ocr_org})과 메일/PMF 인증기관({expected_org})이 다릅니다."""
"backend\app\services\certificate_rule_service.py","2563","warnings.append(""메일/PMF 제조사를 OCR 원문에서 확인하지 못했습니다."")"
"backend\app\services\certificate_rule_service.py","2566","f""OCR 제조사({ocr_maker})와 메일/PMF 제조사({expected_maker})의 유사도가 낮습니다."""
"backend\app\services\certificate_rule_service.py","2628","warnings.append(""메일/PMF 제품명을 OCR 원문 또는 제품 목록에서 확인하지 못했습니다."")"
"backend\app\services\certificate_rule_service.py","2655","f""OCR 유효기간({ocr_expiry})이 PMF 기존 유효기간({current_expiry})보다 과거입니다."""
"backend\app\services\certificate_rule_service.py","2731","""""""기존 규칙 판독 후 메일/PMF 문맥으로 안전하게 교차검증한다."""""""
"backend\app\services\certificate_rule_service_backup_20260701_144029_184472.py","422","# 제품명에 아랍어 문자가 들어가는 케이스는 현재 PMF 매칭 목적상 낮다고 본다."
"backend\app\services\certificate_rule_service_backup_20260701_144029_184472.py","2461","- 제조사/제품명은 실제 OCR 원문에서 확인되는 경우에만 PMF 표준명으로 정규화한다."
"backend\app\services\certificate_rule_service_backup_20260701_144029_184472.py","2508","f""OCR 인증기관({ocr_org})과 메일/PMF 인증기관({expected_org})이 다릅니다."""
"backend\app\services\certificate_rule_service_backup_20260701_144029_184472.py","2553","warnings.append(""메일/PMF 제조사를 OCR 원문에서 확인하지 못했습니다."")"
"backend\app\services\certificate_rule_service_backup_20260701_144029_184472.py","2556","f""OCR 제조사({ocr_maker})와 메일/PMF 제조사({expected_maker})의 유사도가 낮습니다."""
"backend\app\services\certificate_rule_service_backup_20260701_144029_184472.py","2618","warnings.append(""메일/PMF 제품명을 OCR 원문 또는 제품 목록에서 확인하지 못했습니다."")"
"backend\app\services\certificate_rule_service_backup_20260701_144029_184472.py","2645","f""OCR 유효기간({ocr_expiry})이 PMF 기존 유효기간({current_expiry})보다 과거입니다."""
"backend\app\services\certificate_rule_service_backup_20260701_144029_184472.py","2707","""""""기존 규칙 판독 후 메일/PMF 문맥으로 안전하게 교차검증한다."""""""
"backend\app\services\halal_doc_service.py","80","PMF A열 번호."
"backend\app\services\halal_doc_service.py","499","PMF A열 번호 보정."
"backend\app\services\halal_doc_service.py","586","PMF A열 번호 기준으로 하부원료 서류 폴더를 빠르게 찾는다."
"backend\app\services\halal_doc_service.py","623","""message"": ""PMF A열 번호를 찾지 못했습니다."","
"backend\app\services\mail_receive_service.py","34",""".xlsm"","
"backend\app\services\mail_request_item_service.py","570","메일 한 건에 여러 품목이 있을 때 PMF 파일을 반복해서 읽지 않기 위한 옵션이다."
"backend\app\services\mail_request_item_service.py","812","# 같은 요청 안의 모든 품목이 하나의 PMF 읽기 결과를 공유한다."
"backend\app\services\mail_service.py","234","PMF 기준 발송 대상 생성."
"backend\app\services\mail_service.py","639","request_id는 현재 PMF 기준 /mail/targets에서 다시 생성해 매칭한다."
"backend\app\services\ocr_context_service.py","21","""""""메일 항목 선택과 PMF 후보의 분리 정도로 문맥 신뢰도를 산정한다."""""""
"backend\app\services\ocr_context_service.py","55","메일 관리번호/첨부순번/PMF 후보를 OCR 교차검증용 단일 문맥으로 정리한다."
"backend\app\services\ocr_context_service.py","64","# 충분히 연결된 PMF 후보만 표준 표기값으로 사용한다."
"backend\app\services\ocr_context_service.py","131","실제 DB의 수신첨부 → 관리번호 → 발송메일 항목 → PMF 후보를 연결한다."
"backend\app\services\ocr_context_service.py","146","""hard_blockers"": [f""메일/PMF 연결 서비스를 불러오지 못했습니다: {exc}""],"
"backend\app\services\ocr_context_service.py","173","""hard_blockers"": [f""메일/PMF 문맥 연결 중 오류가 발생했습니다: {exc}""],"
"backend\app\services\ocr_context_service.py","184","""""""기본 OCR 규칙 판독 후 연결된 메일/PMF 문맥으로 안전하게 재검증한다."""""""
"backend\app\services\ocr_service.py","493","OCR 기본 규칙을 실행한 뒤, 메일 관리번호와 PMF 연결이 확인되는 경우에만"
"backend\app\services\ocr_service_backup_20260701_155912_790134.py","493","OCR 기본 규칙을 실행한 뒤, 메일 관리번호와 PMF 연결이 확인되는 경우에만"
"backend\app\services\pmf_filing_service.py","99","""PMF update file not found: """
"backend\app\services\pmf_filing_service.py","107","== "".xlsm"""
"backend\app\services\pmf_filing_service.py","137","""PMF row_pos out of range: """
"backend\app\services\pmf_filing_service.py","143","""PMF depth out of range: """
"backend\app\services\pmf_filing_service.py","165","""No valid material at PMF row: """
"backend\app\services\pmf_filing_service.py","215","raise ValueError(f""지원하지 않는 PMF depth입니다: {depth}"")"
"backend\app\services\pmf_filing_service.py","228","미지정 시 active_pmf.xlsm 캐시만 업데이트한다. 네트워크 원본은 직접 수정하지 않는다."
"backend\app\services\pmf_filing_service.py","243","raise ValueError(f""PMF 시트를 찾지 못했습니다: {target}"")"
"backend\app\services\pmf_filing_service.py","319","raise FileNotFoundError(f""업데이트 대상 PMF 파일을 찾지 못했습니다: {pmf_path}"")"
"backend\app\services\pmf_filing_service.py","327","keep_vba = pmf_path.suffix.lower() == "".xlsm"""
"backend\app\services\pmf_filing_service.py","343","# 빈값으로 기존 PMF 값을 지우지 않는다."
"backend\app\services\pmf_filing_service.py","390","meta[""active_pmf_updated_at""] = datetime.now().isoformat(timespec=""seconds"")"
"backend\app\services\pmf_filing_service.py","391","meta[""active_pmf_update_reason""] = ""certificate_filing_confirm"""
"backend\app\services\pmf_filing_service.py","413","raise FileNotFoundError(f""PMF 백업 파일을 찾지 못했습니다: {source}"")"
"backend\app\services\pmf_filing_service_backup_20260701_092937_601029.py","84","raise ValueError(f""PMF row_pos 범위를 벗어났습니다: {row_pos}"")"
"backend\app\services\pmf_filing_service_backup_20260701_092937_601029.py","87","raise ValueError(f""PMF depth 범위를 벗어났습니다: {depth}"")"
"backend\app\services\pmf_filing_service_backup_20260701_092937_601029.py","95","raise ValueError(f""선택한 PMF 단계에 유효한 원료명이 없습니다: row={row_pos}, depth={depth}"")"
"backend\app\services\pmf_filing_service_backup_20260701_092937_601029.py","122","raise ValueError(f""지원하지 않는 PMF depth입니다: {depth}"")"
"backend\app\services\pmf_filing_service_backup_20260701_092937_601029.py","135","미지정 시 active_pmf.xlsm 캐시만 업데이트한다. 네트워크 원본은 직접 수정하지 않는다."
"backend\app\services\pmf_filing_service_backup_20260701_092937_601029.py","150","raise ValueError(f""PMF 시트를 찾지 못했습니다: {target}"")"
"backend\app\services\pmf_filing_service_backup_20260701_092937_601029.py","226","raise FileNotFoundError(f""업데이트 대상 PMF 파일을 찾지 못했습니다: {pmf_path}"")"
"backend\app\services\pmf_filing_service_backup_20260701_092937_601029.py","234","keep_vba = pmf_path.suffix.lower() == "".xlsm"""
"backend\app\services\pmf_filing_service_backup_20260701_092937_601029.py","250","# 빈값으로 기존 PMF 값을 지우지 않는다."
"backend\app\services\pmf_filing_service_backup_20260701_092937_601029.py","297","meta[""active_pmf_updated_at""] = datetime.now().isoformat(timespec=""seconds"")"
"backend\app\services\pmf_filing_service_backup_20260701_092937_601029.py","298","meta[""active_pmf_update_reason""] = ""certificate_filing_confirm"""
"backend\app\services\pmf_filing_service_backup_20260701_092937_601029.py","320","raise FileNotFoundError(f""PMF 백업 파일을 찾지 못했습니다: {source}"")"
"backend\app\services\pmf_service.py","29","PMF 원본 폴더에서 Products and Materials File*.xlsm 중 최신 파일 탐색."
"backend\app\services\pmf_service.py","31","pattern = os.path.join(PMF_SOURCE_DIR, f""{PMF_FILE_PREFIX}*.xlsm"")"
"backend\app\services\pmf_service.py","36","f""PMF 원본 파일을 찾지 못했습니다. pattern={pattern}"""
"backend\app\services\pmf_service.py","60","최신 PMF 원본을 cache/source_pmf/active_pmf.xlsm 으로 복사."
"backend\app\services\pmf_service.py","61","PMF 내용은 DB 저장하지 않는다."
"backend\app\services\pmf_service.py","104","def ensure_active_pmf_exists() -> None:"
"backend\app\services\pmf_service.py","110","ensure_active_pmf_exists()"
"backend\app\services\pmf_service.py","132","active_pmf.xlsm에서 필요한 시트를 읽는다."
"backend\app\services\pmf_service.py","134","ensure_active_pmf_exists()"
"backend\app\services\pmf_service.py","199","""has_active_pmf"": PMF_ACTIVE_PATH.exists(),"
"backend\app\services\supplier_service.py","259","기존 Streamlit PMF 매핑 그대로 이식."
"backend\app\services\supplier_service.py","297","Raw material management 기준 업체별 할랄 인증 보유 여부 집계."
"backend\app\services\supplier_service.py","516","Raw PMF + E-mail sheet + override DB를 합쳐"
"backend\scripts\migrate_runtime_to_d.ps1","129","# cache: PMF 캐시"
"backend\scripts\patch_ocr_service_v2.py","42","OCR 기본 규칙을 실행한 뒤, 메일 관리번호와 PMF 연결이 확인되는 경우에만"
"backend\scripts\start_demo_backend.ps1","93","$PmfSource = Join-Path $BackendRoot ""cache\source_pmf\active_pmf.xlsm"""
"backend\scripts\start_demo_backend.ps1","95","$PmfTestPath = Join-Path $PmfTestDir ""active_pmf_test.xlsm"""
"backend\scripts\start_demo_backend.ps1","112","Write-Host ""경고: PMF 캐시 파일이 없습니다: $PmfSource"" -ForegroundColor Yellow"
"backend\scripts\test_certificate_filing_phase2.py","43","print(""pmf update path:"", resolve_pmf_update_path())"
"backend\scripts\test_certificate_filing_preview_api.py","83","print(f""PMF 위치   : row={payload['pmf_row_pos']}, depth={payload['pmf_depth']}"")"
"backend\scripts\test_certificate_filing_preview_api.py","108","print(f""PMF 변경예정  : {pmf_update}"")"
"backend\scripts\test_ocr_rule_v2.py","94","# 정상 연결: 메일/PMF 표준 제조사와 제품명이 OCR 원문에서 확인된다."
"backend\scripts\test_ocr_rule_v2.py","142","# OCR 제조사가 잘린 경우 원문에 실제 회사명이 있으면 PMF 표준명으로 정규화한다."
"backend\scripts\test_ocr_rule_v2.py","169","# PMF 후보 신뢰도 산정 순수 함수 테스트"
"backend\scripts\ml_field_extraction\01_build_field_label_candidates.py","340","return [], f""PMF를 읽지 못해 PMF 교차검증 없이 진행했습니다: {exc}"""
"backend\scripts\ml_field_extraction\01_build_field_label_candidates.py","469","pmf_products = [clean(item) for item in safe_list(source_values.get(""pmf"")) if clean(item)]"
"backend\scripts\ml_field_extraction\01_build_field_label_candidates.py","488","""reason"": ""강한 PMF 연결, 제품 후보와 본문 근거가 일치합니다."","
"backend\scripts\ml_field_extraction\01_build_field_label_candidates.py","489","""agreeing_sources"": [""pmf"", ""conditional_rule""],"
"backend\scripts\ml_field_extraction\01_build_field_label_candidates.py","506","""reason"": ""PMF 연결 제품은 있으나 인증서 제품목록 근거가 부족합니다."","
"backend\scripts\ml_field_extraction\01_build_field_label_candidates.py","507","""agreeing_sources"": [""pmf""],"
"backend\scripts\ml_field_extraction\01_build_field_label_candidates.py","561","""pmf"": 5,"
"backend\scripts\ml_field_extraction\01_build_field_label_candidates.py","596","elif pmf_strong and ""pmf"" in agreeing_sources and evidence.found:"
"backend\scripts\ml_field_extraction\01_build_field_label_candidates.py","598","reason = ""PMF, 추출값, 본문 근거가 일치합니다."""
"backend\scripts\ml_field_extraction\01_build_field_label_candidates.py","604","if pmf_strong and ""pmf"" in agreeing_sources and evidence.score >= 0.72:"
"backend\scripts\ml_field_extraction\01_build_field_label_candidates.py","606","reason = ""강한 PMF 연결과 본문 제조사 근거가 일치합니다."""
"backend\scripts\ml_field_extraction\01_build_field_label_candidates.py","614","if pmf_strong and ""pmf"" in agreeing_sources:"
"backend\scripts\ml_field_extraction\01_build_field_label_candidates.py","616","reason = ""PMF 제조국과 추출값이 일치합니다."""
"backend\scripts\ml_field_extraction\01_build_field_label_candidates.py","622","reason = ""제조국 후보는 있으나 본문 또는 PMF 교차검증이 부족합니다."""
"backend\scripts\ml_field_extraction\01_build_field_label_candidates.py","631","elif pmf_strong and ""pmf"" in agreeing_sources and evidence.found:"
"backend\scripts\ml_field_extraction\01_build_field_label_candidates.py","633","reason = ""PMF, 추출값, 본문 날짜 근거가 일치합니다."""
"backend\scripts\ml_field_extraction\01_build_field_label_candidates.py","715","(""PMF 강한 연결"", summary.get(""strong_pmf_match_count"", 0)),"
"backend\scripts\ml_field_extraction\01_build_field_label_candidates.py","889","""pmf"": clean(pmf_top.get(""cert_no"")) if pmf_strong else """","
"backend\scripts\ml_field_extraction\01_build_field_label_candidates.py","894","""pmf"": clean(pmf_top.get(""maker"")) if pmf_strong else """","
"backend\scripts\ml_field_extraction\01_build_field_label_candidates.py","899","""pmf"": clean(pmf_top.get(""maker_country"")).upper() if pmf_strong else """","
"backend\scripts\ml_field_extraction\01_build_field_label_candidates.py","904","""pmf"": normalize_date(pmf_top.get(""expiry_date"")) if pmf_strong else """","
"backend\scripts\ml_field_extraction\01_build_field_label_candidates.py","910","""pmf"": [clean(pmf_top.get(""english_name"") or pmf_top.get(""material_name""))]"
"backend\scripts\ml_field_extraction\01_build_field_label_candidates.py","921","source_order = (""pmf"", ""conditional_rule"", ""full_rule"", ""filename"") if field == ""products"" else tuple(provisional_values)"
"backend\scripts\ml_field_extraction\01_build_field_label_candidates.py","976","""source_pmf"": json_text(provisional_values.get(""pmf"")) if field == ""products"" else clean(provisional_values.get(""pmf"")),"
"backend\scripts\ml_field_extraction\01_build_field_label_candidates.py","1204","print(f""강한 PMF 연결    : {summary['strong_pmf_match_count']}"")"
"backend\scripts\ml_field_extraction\02_refine_field_label_candidates.py","145","""PMF 차이는 갱신본·접두어·운영값 차이로 분리했습니다."""
"backend\scripts\ml_field_extraction\03_train_field_rankers.py","36","""PMF 비교용 정규화에서만 수행합니다."""
"backend\scripts\ml_field_extraction\03_train_field_rankers.py","45","""삭제하지 않고 PMF 비교 시 핵심 회사명 토큰으로 비교합니다."""
"backend\scripts\ml_field_extraction\03_train_field_rankers.py","53","""현재 PDF에 적힌 유효기간을 학습합니다. PMF 날짜와의 일치는 """
"backend\scripts\ml_field_extraction\03_train_field_rankers.py","1297","""원문 보존. PMF 비교 시 LPPOM- 및 """
"backend\scripts\ml_field_extraction\03_train_field_rankers.py","1305","""현재 PDF 본문값을 정답으로 사용. PMF 날짜는 학습 조건에서 제외."""
"backend\scripts\ml_field_extraction\05_build_product_item_labels.py","1115","(""PMF 연결"", summary[""pmf_linked_count""]),"
"backend\scripts\ml_field_extraction\05_build_product_item_labels.py","1691","""PMF_LINKED는 PMF 값으로 본문을 덮어쓴 것이 아니라 """
"backend\scripts\ml_field_extraction\05_build_product_item_labels.py","1692","""추출된 제품행과 PMF 원료를 후처리로 연결한 결과입니다."""
"backend\scripts\ml_field_extraction\05_build_product_item_labels.py","1812","print(f""PMF 연결            : {summary['pmf_linked_count']}"")"
"docs\LOCAL_DEVELOPMENT.md","42","PMF 기능을 테스트하려면 `C:\TEMP\halal_pmf_source`에 실제 PMF xlsm 복사본을 둔다."
"docs\LOCAL_DEVELOPMENT.md","92","- PMF 읽기 정상"
"frontend\src\api.js","26","return request(""/pmf/summary"");"
"frontend\src\api.js","30","return request(""/pmf/sync?force=true"", {"
"frontend\src\api.js","209","return request(`/pmf/materials/search?${params.toString()}`);"
"frontend\src\api.js","213","return request(`/pmf/materials/${rowPos}`);"
"frontend\src\api.js","221","return request(`/pmf/materials/${rowPos}/related-files?${params.toString()}`);"
"frontend\src\api.js","229","return request(`/pmf/materials/${rowPos}/halal-docs?${params.toString()}`);"
"frontend\src\api.js","233","return `${API_BASE_URL}/pmf/halal-docs/file?path=${encodeURIComponent(path)}`;"
"frontend\src\api.js","238","return request(`/pmf/materials/${rowPos}/halal-folder`);"
"frontend\src\api.js","246","return request(`/pmf/halal-docs/open-folder?${params.toString()}`, {"
"frontend\src\App.css","2886","PMF MATERIAL DETAIL RESTORE"
"frontend\src\App.css","2889",".pmf-search-bar {"
"frontend\src\App.css","2897",".pmf-material-layout {"
"frontend\src\App.css","2905",".pmf-material-list,"
"frontend\src\App.css","2906",".pmf-material-detail {"
"frontend\src\App.css","2915",".pmf-material-list-head,"
"frontend\src\App.css","2916",".pmf-material-row {"
"frontend\src\App.css","2923",".pmf-material-list-head {"
"frontend\src\App.css","2933",".pmf-material-list-body {"
"frontend\src\App.css","2938",".pmf-material-row {"
"frontend\src\App.css","2950",".pmf-material-row:hover {"
"frontend\src\App.css","2954",".pmf-material-row.active {"
"frontend\src\App.css","2959",".pmf-material-row strong {"
"frontend\src\App.css","2968",".pmf-material-row span {"
"frontend\src\App.css","2978",".pmf-chain-box {"
"frontend\src\App.css","2986",".pmf-chain-box span {"
"frontend\src\App.css","2994",".pmf-chain-box strong {"
"frontend\src\App.css","3001",".pmf-level-stack {"
"frontend\src\App.css","3009",".pmf-level-card {"
"frontend\src\App.css","3016",".pmf-level-top {"
"frontend\src\App.css","3025",".pmf-level-top span {"
"frontend\src\App.css","3032",".pmf-level-top h3 {"
"frontend\src\App.css","3039",".pmf-level-top em {"
"frontend\src\App.css","3050",".pmf-level-grid {"
"frontend\src\App.css","3056",".pmf-level-grid div {"
"frontend\src\App.css","3063",".pmf-level-grid span {"
"frontend\src\App.css","3071",".pmf-level-grid strong {"
"frontend\src\App.css","3079",".pmf-search-bar,"
"frontend\src\App.css","3080",".pmf-material-layout {"
"frontend\src\App.css","3084",".pmf-material-list-head {"
"frontend\src\App.css","3088",".pmf-material-row {"
"frontend\src\App.css","3092",".pmf-level-grid {"
"frontend\src\App.css","3098","PMF RELATED FILE / OCR LINK PANEL"
"frontend\src\App.css","3101",".pmf-related-panel {"
"frontend\src\App.css","3107",".pmf-related-head {"
"frontend\src\App.css","3115",".pmf-related-head span {"
"frontend\src\App.css","3124",".pmf-related-head h3 {"
"frontend\src\App.css","3131",".pmf-related-head em {"
"frontend\src\App.css","3141",".pmf-related-empty {"
"frontend\src\App.css","3148",".pmf-related-list {"
"frontend\src\App.css","3156",".pmf-related-row {"
"frontend\src\App.css","3163",".pmf-related-main {"
"frontend\src\App.css","3168",".pmf-related-main strong {"
"frontend\src\App.css","3177",".pmf-related-main span {"
"frontend\src\App.css","3185",".pmf-related-meta {"
"frontend\src\App.css","3192",".pmf-related-meta span {"
"frontend\src\App.css","3201",".pmf-related-reasons {"
"frontend\src\App.css","3209","PMF SEARCH RESULT TABLE"
"frontend\src\App.css","3212",".pmf-search-table-shell {"
"frontend\src\App.css","3220",".pmf-search-table-scroll {"
"frontend\src\App.css","3226",".pmf-search-table {"
"frontend\src\App.css","3232",".pmf-search-table thead th {"
"frontend\src\App.css","3246",".pmf-search-table thead th.is-left {"
"frontend\src\App.css","3250",".pmf-search-table tbody tr {"
"frontend\src\App.css","3255",".pmf-search-table tbody td {"
"frontend\src\App.css","3264",".pmf-search-table tbody td.is-left {"
"frontend\src\App.css","3268",".pmf-search-table tbody tr:hover {"
"frontend\src\App.css","3272",".pmf-search-table tbody tr.is-selected {"
"frontend\src\App.css","3276",".pmf-search-table tbody tr.is-selected td,"
"frontend\src\App.css","3277",".pmf-search-table tbody tr.is-selected strong,"
"frontend\src\App.css","3278",".pmf-search-table tbody tr.is-selected span {"
"frontend\src\App.css","3282",".pmf-search-table tbody tr:last-child td {"
"frontend\src\App.css","3286",".pmf-cell-material {"
"frontend\src\App.css","3294",".pmf-cell-material strong {"
"frontend\src\App.css","3303",".pmf-cell-material span {"
"frontend\src\App.css","3312",".pmf-depth-badge {"
"frontend\src\App.css","3325",".pmf-search-table tbody tr.is-selected .pmf-depth-badge {"
"frontend\src\App.css","3330",".pmf-search-empty {"
"frontend\src\App.css","3338","PMF TABLE WIDTH / ALIGN PATCH"
"frontend\src\App.css","3341","/* PMF 화면은 데이터 표가 많으므로 다른 화면보다 넓게 사용 */"
"frontend\src\App.css","3342",".pmf-search-bar,"
"frontend\src\App.css","3343",".pmf-material-layout {"
"frontend\src\App.css","3348",".pmf-material-layout {"
"frontend\src\App.css","3353",".pmf-search-table-shell {"
"frontend\src\App.css","3357",".pmf-search-table-scroll {"
"frontend\src\App.css","3364",".pmf-search-table thead th {"
"frontend\src\App.css","3372",".pmf-search-table tbody td {"
"frontend\src\App.css","3378",".pmf-search-table tbody td:first-child {"
"frontend\src\App.css","3385",".pmf-cell-material strong {"
"frontend\src\App.css","3393",".pmf-cell-material span {"
"frontend\src\App.css","3399",".pmf-depth-badge {"
"frontend\src\App.css","3406",".pmf-material-detail,"
"frontend\src\App.css","3407",".pmf-material-list {"
"frontend\src\App.css","3411","/* PMF list/detail width balance */"
"frontend\src\App.css","3412",".pmf-search-bar,"
"frontend\src\App.css","3413",".pmf-material-layout {"
"frontend\src\App.css","3417",".pmf-material-layout {"
"frontend\src\App.css","3421",".pmf-search-table thead th {"
"frontend\src\App.css","3425",".pmf-search-table tbody td {"
"frontend\src\App.css","3429",".pmf-search-table tbody td:first-child {"
"frontend\src\App.css","3436",".pmf-cell-material strong {"
"frontend\src\App.css","3440",".pmf-cell-material span {"
"frontend\src\App.css","3444","/* PMF table: main/sub material split */"
"frontend\src\App.css","3445",".pmf-search-table thead th:nth-child(4) {"
"frontend\src\App.css","3449",".pmf-search-table tbody td:nth-child(4) {"
"frontend\src\App.css","3453",".pmf-search-table tbody td:nth-child(5) {"
"frontend\src\App.css","3458",".pmf-depth-badge {"
"frontend\src\App.css","3463","PMF OCR PREVIEW PANEL"
"frontend\src\App.css","3466",".pmf-related-row {"
"frontend\src\App.css","3473",".pmf-related-row:hover {"
"frontend\src\App.css","3479",".pmf-related-row.active {"
"frontend\src\App.css","3484",".pmf-related-row.active .pmf-related-main strong,"
"frontend\src\App.css","3485",".pmf-related-row.active .pmf-related-main span,"
"frontend\src\App.css","3486",".pmf-related-row.active .pmf-related-reasons {"
"frontend\src\App.css","3490",".pmf-related-row.active .pmf-related-meta span {"
"frontend\src\App.css","3495",".pmf-ocr-panel {"
"frontend\src\App.css","3501",".pmf-ocr-panel-head {"
"frontend\src\App.css","3509",".pmf-ocr-panel-head span {"
"frontend\src\App.css","3518",".pmf-ocr-panel-head h3 {"
"frontend\src\App.css","3525",".pmf-ocr-panel-head em {"
"frontend\src\App.css","3535",".pmf-ocr-attachment-box,"
"frontend\src\App.css","3536",".pmf-ocr-result-box {"
"frontend\src\App.css","3541",".pmf-ocr-file-meta {"
"frontend\src\App.css","3547",".pmf-ocr-file-meta div {"
"frontend\src\App.css","3554",".pmf-ocr-file-meta span {"
"frontend\src\App.css","3562",".pmf-ocr-file-meta strong {"
"frontend\src\App.css","3569",".pmf-ocr-text-preview {"
"frontend\src\App.css","3584","PMF HALAL DOCUMENT FOLDER / FILE PANEL"
"frontend\src\App.css","3587",".pmf-doc-panel {"
"frontend\src\App.css","3593",".pmf-doc-head {"
"frontend\src\App.css","3601",".pmf-doc-head span {"
"frontend\src\App.css","3610",".pmf-doc-head h3 {"
"frontend\src\App.css","3617",".pmf-doc-head em {"
"frontend\src\App.css","3627",".pmf-doc-list {"
"frontend\src\App.css","3635",".pmf-doc-row {"
"frontend\src\App.css","3642",".pmf-doc-main {"
"frontend\src\App.css","3647",".pmf-doc-main strong {"
"frontend\src\App.css","3655",".pmf-doc-main span {"
"frontend\src\App.css","3661",".pmf-doc-meta {"
"frontend\src\App.css","3668",".pmf-doc-meta span {"
"frontend\src\App.css","3677",".pmf-doc-reasons {"
"frontend\src\App.css","3684",".pmf-doc-actions {"
"frontend\src\App.css","3688",".pmf-doc-actions a,"
"frontend\src\App.css","3689",".pmf-doc-child-files a {"
"frontend\src\App.css","3703",".pmf-doc-child-files {"
"frontend\src\App.css","3709",".pmf-doc-child-files a {"
"frontend\src\App.css","3719","PMF FAST HALAL FOLDER PANEL"
"frontend\src\App.css","3722",".pmf-folder-panel {"
"frontend\src\App.css","3728",".pmf-folder-head {"
"frontend\src\App.css","3736",".pmf-folder-head span {"
"frontend\src\App.css","3745",".pmf-folder-head h3 {"
"frontend\src\App.css","3752",".pmf-folder-head em {"
"frontend\src\App.css","3762",".pmf-folder-card,"
"frontend\src\App.css","3763",".pmf-folder-empty {"
"frontend\src\App.css","3772",".pmf-folder-main {"
"frontend\src\App.css","3777",".pmf-folder-main strong {"
"frontend\src\App.css","3785",".pmf-folder-main span {"
"frontend\src\App.css","3791",".pmf-folder-meta {"
"frontend\src\App.css","3797",".pmf-folder-meta span {"
"frontend\src\App.css","3806",".pmf-folder-empty span {"
"frontend\src\App.css","3812",".pmf-folder-empty strong {"
"frontend\src\App.css","3817",".pmf-folder-empty p {"
"frontend\src\App.css","3824","/* PMF folder/file name display + copy buttons */"
"frontend\src\App.css","3826",".pmf-folder-field {"
"frontend\src\App.css","3835",".pmf-folder-field > span {"
"frontend\src\App.css","3841",".pmf-folder-field > div {"
"frontend\src\App.css","3848",".pmf-folder-field strong {"
"frontend\src\App.css","3870",".pmf-folder-file-list {"
"frontend\src\App.css","3878",".pmf-folder-file-title {"
"frontend\src\App.css","3885",".pmf-folder-file-row {"
"frontend\src\App.css","3894",".pmf-folder-file-main {"
"frontend\src\App.css","3899",".pmf-folder-file-main strong {"
"frontend\src\App.css","3906",".pmf-folder-file-main span {"
"frontend\src\App.css","3912",".pmf-folder-file-actions {"
"frontend\src\App.css","3918",".pmf-folder-file-actions button {"
"frontend\src\App.css","3929",".pmf-folder-file-actions button:hover {"
"frontend\src\App.css","3934","PMF FOLDER COMPACT ROW VIEW"
"frontend\src\App.css","3937",".pmf-folder-compact-card {"
"frontend\src\App.css","3941",".pmf-folder-line-row {"
"frontend\src\App.css","3952",".pmf-folder-line-row.file-row {"
"frontend\src\App.css","3956",".pmf-folder-line-label {"
"frontend\src\App.css","3963",".pmf-folder-line-value {"
"frontend\src\App.css","3971",".pmf-folder-line-actions {"
"frontend\src\App.css","3977",".pmf-folder-line-actions button {"
"frontend\src\App.css","3989",".pmf-folder-line-actions button:hover {"
"frontend\src\App.css","3993",".pmf-folder-file-list.compact {"
"frontend\src\App.css","4001",".pmf-folder-file-list.compact .pmf-folder-file-title {"
"frontend\src\App.css","4006",".pmf-folder-file-row {"
"frontend\src\App.css","4011","PMF FOLDER COMPACT ROW VIEW + CERT NOTICE"
"frontend\src\App.css","4014",".pmf-folder-compact-card {"
"frontend\src\App.css","4018",".pmf-folder-line-row {"
"frontend\src\App.css","4029",".pmf-folder-line-row.file-row {"
"frontend\src\App.css","4033",".pmf-folder-line-label {"
"frontend\src\App.css","4040",".pmf-folder-line-value {"
"frontend\src\App.css","4048",".pmf-folder-line-actions {"
"frontend\src\App.css","4054",".pmf-folder-line-actions button {"
"frontend\src\App.css","4066",".pmf-folder-line-actions button:hover {"
"frontend\src\App.css","4070",".pmf-folder-file-list.compact {"
"frontend\src\App.css","4078",".pmf-folder-file-title {"
"frontend\src\App.css","4086",".pmf-folder-cert-notice {"
"frontend\src\App.css","4095",".pmf-folder-cert-notice strong {"
"frontend\src\App.css","4101",".pmf-folder-cert-notice span {"
"frontend\src\App.css","4108","PMF LEVEL CARD COLLAPSE"
"frontend\src\App.css","4111",".pmf-level-actions {"
"frontend\src\App.css","4118",".pmf-level-actions em {"
"frontend\src\App.css","4129",".pmf-level-toggle {"
"frontend\src\App.css","4143",".pmf-level-toggle:hover {"
"frontend\src\App.css","4148",".pmf-level-card.collapsed {"
"frontend\src\App.css","4152",".pmf-level-card.collapsed .pmf-level-top {"
"frontend\src\App.css","4157",".pmf-level-card.collapsed h3 {"
"frontend\src\App.css","6477",".pmf-search-table tr.is-selected,"
"frontend\src\App.css","6478",".pmf-material-row.active {"
"frontend\src\App.css","6521","/* PMF/LHLN keyboard focus surfaces */"
"frontend\src\App.css","6522",".pmf-search-table-scroll:focus,"
"frontend\src\App.css","6531",".pmf-search-table tbody tr.is-selected,"
"frontend\src\App.css","6679",".pmf-search-table tr.is-selected,"
"frontend\src\App.css","7436","/* PMF lazy folder button */"
"frontend\src\App.css","7437",".pmf-folder-head {"
"frontend\src\App.css","7444",".pmf-folder-head .soft-chip-action {"
"frontend\src\App.css","8566","/* PMF/OCR 비교표 ellipsis + title tooltip */"
"frontend\src\App.jsx","176","className={active === ""pmf"" ? ""nav-button active"" : ""nav-button""}"
"frontend\src\App.jsx","177","onClick={() => setActive(""pmf"")}"
"frontend\src\App.jsx","180","<span>PMF / 원료</span>"
"frontend\src\App.jsx","306","{ key: ""pmf"", title: ""PMF / 원료"", desc: ""최신 PMF 원본과 원료 데이터를 확인합니다."", icon: ""◧"" },"
"frontend\src\App.jsx","335","PMF 원료 정보, 업체 메일주소, 인증서 만료관리, 수신 첨부파일,"
"frontend\src\App.jsx","346","<span>PMF Raw</span>"
"frontend\src\App.jsx","587","const ok = window.confirm(""PMF 원본을 다시 동기화합니다. 계속할까요?"");"
"frontend\src\App.jsx","595","alert(""PMF 동기화 완료"");"
"frontend\src\App.jsx","613","eyebrow=""PMF / MATERIAL"""
"frontend\src\App.jsx","614","title=""PMF / 원료"""
"frontend\src\App.jsx","615","desc=""PMF 원본을 기준으로 메인 원료와 하부 원료 상세 구성을 확인합니다."""
"frontend\src\App.jsx","628","<div className=""pmf-search-bar"">"
"frontend\src\App.jsx","643","PMF 동기화"
"frontend\src\App.jsx","647","<section className=""pmf-material-layout"">"
"frontend\src\App.jsx","648","<div className=""pmf-material-list"">"
"frontend\src\App.jsx","651","<div className=""pmf-search-table-shell"">"
"frontend\src\App.jsx","653","className=""pmf-search-table-scroll"""
"frontend\src\App.jsx","658","<table className=""pmf-search-table"">"
"frontend\src\App.jsx","680","<td colSpan={5} className=""pmf-search-empty"">"
"frontend\src\App.jsx","721","<div className=""pmf-cell-material"">"
"frontend\src\App.jsx","728","<span className=""pmf-depth-badge"">"
"frontend\src\App.jsx","734","<div className=""pmf-cell-material"">"
"frontend\src\App.jsx","751","<div className=""pmf-material-detail"">"
"frontend\src\App.jsx","760","<div className=""pmf-chain-box"">"
"frontend\src\App.jsx","765","<div className=""pmf-level-stack"">"
"frontend\src\App.jsx","771","className={isCollapsed ? ""pmf-level-card collapsed"" : ""pmf-level-card""}"
"frontend\src\App.jsx","774","<div className=""pmf-level-top"">"
"frontend\src\App.jsx","780","<div className=""pmf-level-actions"">"
"frontend\src\App.jsx","787","className=""pmf-level-toggle"""
"frontend\src\App.jsx","797","<div className=""pmf-level-grid"">"
"frontend\src\App.jsx","825","<div className=""pmf-folder-panel"">"
"frontend\src\App.jsx","826","<div className=""pmf-folder-head"">"
"frontend\src\App.jsx","850","<div className=""pmf-related-empty"">"
"frontend\src\App.jsx","854","<div className=""pmf-related-empty"">"
"frontend\src\App.jsx","858","<div className=""pmf-folder-empty"">"
"frontend\src\App.jsx","864","<div className=""pmf-folder-card pmf-folder-compact-card"">"
"frontend\src\App.jsx","865","<div className=""pmf-folder-line-row"">"
"frontend\src\App.jsx","866","<span className=""pmf-folder-line-label"">폴더명</span>"
"frontend\src\App.jsx","867","<strong className=""pmf-folder-line-value"">"
"frontend\src\App.jsx","870","<div className=""pmf-folder-line-actions"">"
"frontend\src\App.jsx","880","<div className=""pmf-folder-line-row"">"
"frontend\src\App.jsx","881","<span className=""pmf-folder-line-label"">폴더경로</span>"
"frontend\src\App.jsx","882","<strong className=""pmf-folder-line-value"">"
"frontend\src\App.jsx","885","<div className=""pmf-folder-line-actions"">"
"frontend\src\App.jsx","902","<div className=""pmf-folder-file-list compact"">"
"frontend\src\App.jsx","903","<div className=""pmf-folder-file-title"">"
"frontend\src\App.jsx","910","<div className=""pmf-folder-cert-notice"">"
"frontend\src\App.jsx","919","<div className=""pmf-folder-line-row file-row"" key={file.path}>"
"frontend\src\App.jsx","920","<span className=""pmf-folder-line-label"">파일명</span>"
"frontend\src\App.jsx","921","<strong className=""pmf-folder-line-value"">"
"frontend\src\App.jsx","924","<div className=""pmf-folder-line-actions"">"
"frontend\src\App.jsx","935","<div className=""pmf-related-empty"">"
"frontend\src\App.jsx","1351","desc=""PMF 기준으로 BPJPH 유지확인, 만료 통보, 만료 도래 대상 메일을 생성하고 검토한 뒤 체크한 대상만 발송합니다."""
"frontend\src\App.jsx","10984","{active === ""pmf"" && ("
"frontend\src\FilingPage.jsx","79","|| ""PMF 원료 확인 필요"","
"frontend\src\FilingPage.jsx","132","""The manufacturer differs from the current PMF manufacturer."":"
"frontend\src\FilingPage.jsx","133","""인증서 제조사와 PMF 제조사 확인이 필요합니다."","
"frontend\src\FilingPage.jsx","151","OCR 판독 결과를 메일 요청 정보와 PMF 관리대장에 연결하여 인증서 파일을"
"frontend\src\FilingPage.jsx","193","setError(""선택 후보에 PMF 행 위치가 없어 미리보기를 실행할 수 없습니다."");"
"frontend\src\FilingPage.jsx","271","""인증서 파일을 원료 폴더로 복사하고 PMF 관리대장을 실제로 갱신합니다.\n계속 진행하시겠습니까?"","
"frontend\src\FilingPage.jsx","328","[""02"", ""PMF 매칭"", ""요청 원료와 관리대장 연결""],"
"frontend\src\FilingPage.jsx","330","[""04"", ""PMF 자동갱신"", ""기관·번호·유효기간 실제 반영""],"
"frontend\src\FilingPage.jsx","352","<span>PMF 매칭</span>"
"frontend\src\FilingPage.jsx","381","<p>후보를 선택해 파일 분류 경로와 PMF 반영 내용을 확인한 뒤 실행합니다.</p>"
"frontend\src\FilingPage.jsx","406","<strong>OCR 후보와 PMF 정보를 연결하는 중</strong>"
"frontend\src\FilingPage.jsx","428","{item.canPreview ? ""PMF 매칭"" : ""매칭 확인""}"
"frontend\src\FilingPage.jsx","452","<h2>인증서 분류 및 PMF 갱신</h2>"
"frontend\src\FilingPage.jsx","453","<p>검증 결과를 확인하고 실제 파일 분류와 PMF 반영을 실행합니다.</p>"
"frontend\src\FilingPage.jsx","470","<strong>인증서와 PMF 관리대장을 비교하고 있습니다.</strong>"
"frontend\src\FilingPage.jsx","476","<p>선택 건의 저장 경로와 PMF 변경값이 여기에 표시됩니다.</p>"
"frontend\src\FilingPage.jsx","486","? ""인증서 파일 분류와 PMF 갱신을 진행할 수 있는 상태입니다."""
"frontend\src\FilingPage.jsx","533","<div><span>02</span><strong>PMF 관리대장 반영 내용</strong></div>"
"frontend\src\FilingPage.jsx","534","<em>{confirmResult ? ""PMF 반영 완료"" : (canUpdate ? ""반영 준비"" : ""검토 필요"")}</em>"
"frontend\src\FilingPage.jsx","569","<div><span>PMF 제조사</span><strong>{manufacturerChange?.before || snapshot?.maker || ""-""}</strong></div>"
"frontend\src\FilingPage.jsx","600","<strong>인증서 파일 분류 및 PMF 갱신 완료</strong>"
"frontend\src\FilingPage.jsx","601","<p>백엔드 처리 결과를 기준으로 파일 복사, PMF 반영, 이력 저장이 완료되었습니다.</p>"
"frontend\src\FilingPage.jsx","613","<div><small>PMF 갱신</small><strong>{confirmResult?.pmf_update?.status || ""완료""}</strong></div>"
"frontend\src\FilingPage.jsx","627","<dt>갱신된 PMF</dt>"
"frontend\src\FilingPage.jsx","644","<strong>{isReady ? ""인증서 파일 분류 및 PMF 갱신 준비 완료"" : ""실행 전 수동 검토 필요""}</strong>"
"frontend\src\FilingPage.jsx","647","? ""실행하면 인증서가 원료 폴더에 표준 파일명으로 복사되고 PMF 유효기간이 즉시 갱신됩니다."""
"frontend\src\FilingPage.jsx","656","{confirming ? ""파일 분류·PMF 갱신 중..."" : (isReady ? ""파일 분류 및 PMF 갱신 실행"" : ""실행 불가"")}"
"frontend\src\FilingPage.jsx","671","<span>PMF 업데이트 파일</span>"
"scripts\local_env.ps1","3","$env:PMF_UPDATE_PATH = ""C:\TEMP\halal_pmf_test\active_pmf_test.xlsm"""
"scripts\refresh_latest_pmf_copy.ps1","15","$CachedPmf = Join-Path $BackendDir ""cache\source_pmf\active_pmf.xlsm"""
"scripts\refresh_latest_pmf_copy.ps1","16","$MetaFile = Join-Path $BackendDir ""cache\source_pmf\active_pmf_meta.json"""
"scripts\refresh_latest_pmf_copy.ps1","26","Write-Host ""=== 최신 PMF 동기화 ==="" -ForegroundColor Cyan"
"scripts\refresh_latest_pmf_copy.ps1","39","throw ""최신 PMF 동기화에 실패했습니다."""
"scripts\refresh_latest_pmf_copy.ps1","47","throw ""동기화 후 active_pmf.xlsm을 찾지 못했습니다: $CachedPmf"""
"scripts\refresh_latest_pmf_copy.ps1","53","$LatestTestCopy = Join-Path $TestCopyDir ""active_pmf_test.xlsm"""
"scripts\refresh_latest_pmf_copy.ps1","54","$TimestampCopy = Join-Path $TestCopyDir ""active_pmf_test_$timestamp.xlsm"""
"scripts\refresh_latest_pmf_copy.ps1","70","Write-Host ""=== PMF 메타 ==="" -ForegroundColor Cyan"
"scripts\test_certificate_filing_preview_api.py","83","print(f""PMF 위치   : row={payload['pmf_row_pos']}, depth={payload['pmf_depth']}"")"
"scripts\test_certificate_filing_preview_api.py","108","print(f""PMF 변경예정  : {pmf_update}"")"
"_ml_integration_review\backend\app\main.py","4","from app.routers import pmf, suppliers, mail, lhln, ocr"
"_ml_integration_review\backend\app\main.py","22","app.include_router(pmf.router, prefix=""/pmf"", tags=[""PMF""])"
"_ml_integration_review\backend\app\core\config.py","21","# PMF 원본 폴더"
"_ml_integration_review\backend\app\core\config.py","25","r'\\홍진우\공유\1) 인증심사관련\4. MUI HALAL\★ 자사 PMF 파일',"
"_ml_integration_review\backend\app\core\config.py","32","PMF_ACTIVE_PATH = PMF_CACHE_DIR / 'active_pmf.xlsm'"
"_ml_integration_review\backend\app\core\config.py","33","PMF_META_PATH = PMF_CACHE_DIR / 'active_pmf_meta.json'"
"_ml_integration_review\backend\app\core\config.py","57","# PMF 시트명"
"_ml_integration_review\backend\app\core\config.py","58","RAW_MATERIAL_SHEET = 'Raw material management'"
"_ml_integration_review\backend\app\services\certificate_rule_service.py","422","# 제품명에 아랍어 문자가 들어가는 케이스는 현재 PMF 매칭 목적상 낮다고 본다."
"_ml_integration_review\backend\app\services\certificate_rule_service.py","2471","- 제조사/제품명은 실제 OCR 원문에서 확인되는 경우에만 PMF 표준명으로 정규화한다."
"_ml_integration_review\backend\app\services\certificate_rule_service.py","2518","f""OCR 인증기관({ocr_org})과 메일/PMF 인증기관({expected_org})이 다릅니다."""
"_ml_integration_review\backend\app\services\certificate_rule_service.py","2563","warnings.append(""메일/PMF 제조사를 OCR 원문에서 확인하지 못했습니다."")"
"_ml_integration_review\backend\app\services\certificate_rule_service.py","2566","f""OCR 제조사({ocr_maker})와 메일/PMF 제조사({expected_maker})의 유사도가 낮습니다."""
"_ml_integration_review\backend\app\services\certificate_rule_service.py","2628","warnings.append(""메일/PMF 제품명을 OCR 원문 또는 제품 목록에서 확인하지 못했습니다."")"
"_ml_integration_review\backend\app\services\certificate_rule_service.py","2655","f""OCR 유효기간({ocr_expiry})이 PMF 기존 유효기간({current_expiry})보다 과거입니다."""
"_ml_integration_review\backend\app\services\certificate_rule_service.py","2731","""""""기존 규칙 판독 후 메일/PMF 문맥으로 안전하게 교차검증한다."""""""
"_ml_integration_review\backend\app\services\ocr_context_service.py","21","""""""메일 항목 선택과 PMF 후보의 분리 정도로 문맥 신뢰도를 산정한다."""""""
"_ml_integration_review\backend\app\services\ocr_context_service.py","55","메일 관리번호/첨부순번/PMF 후보를 OCR 교차검증용 단일 문맥으로 정리한다."
"_ml_integration_review\backend\app\services\ocr_context_service.py","64","# 충분히 연결된 PMF 후보만 표준 표기값으로 사용한다."
"_ml_integration_review\backend\app\services\ocr_context_service.py","131","실제 DB의 수신첨부 → 관리번호 → 발송메일 항목 → PMF 후보를 연결한다."
"_ml_integration_review\backend\app\services\ocr_context_service.py","146","""hard_blockers"": [f""메일/PMF 연결 서비스를 불러오지 못했습니다: {exc}""],"
"_ml_integration_review\backend\app\services\ocr_context_service.py","173","""hard_blockers"": [f""메일/PMF 문맥 연결 중 오류가 발생했습니다: {exc}""],"
"_ml_integration_review\backend\app\services\ocr_context_service.py","184","""""""기본 OCR 규칙 판독 후 연결된 메일/PMF 문맥으로 안전하게 재검증한다."""""""
"_ml_integration_review\backend\app\services\ocr_service.py","493","OCR 기본 규칙을 실행한 뒤, 메일 관리번호와 PMF 연결이 확인되는 경우에만"
"_ml_integration_review\frontend\src\api.js","26","return request(""/pmf/summary"");"
"_ml_integration_review\frontend\src\api.js","30","return request(""/pmf/sync?force=true"", {"
"_ml_integration_review\frontend\src\api.js","209","return request(`/pmf/materials/search?${params.toString()}`);"
"_ml_integration_review\frontend\src\api.js","213","return request(`/pmf/materials/${rowPos}`);"
"_ml_integration_review\frontend\src\api.js","221","return request(`/pmf/materials/${rowPos}/related-files?${params.toString()}`);"
"_ml_integration_review\frontend\src\api.js","229","return request(`/pmf/materials/${rowPos}/halal-docs?${params.toString()}`);"
"_ml_integration_review\frontend\src\api.js","233","return `${API_BASE_URL}/pmf/halal-docs/file?path=${encodeURIComponent(path)}`;"
"_ml_integration_review\frontend\src\api.js","238","return request(`/pmf/materials/${rowPos}/halal-folder`);"
"_ml_integration_review\frontend\src\api.js","246","return request(`/pmf/halal-docs/open-folder?${params.toString()}`, {"
"_ml_integration_review\frontend\src\App.jsx","176","className={active === ""pmf"" ? ""nav-button active"" : ""nav-button""}"
"_ml_integration_review\frontend\src\App.jsx","177","onClick={() => setActive(""pmf"")}"
"_ml_integration_review\frontend\src\App.jsx","180","<span>PMF / 원료</span>"
"_ml_integration_review\frontend\src\App.jsx","306","{ key: ""pmf"", title: ""PMF / 원료"", desc: ""최신 PMF 원본과 원료 데이터를 확인합니다."", icon: ""◧"" },"
"_ml_integration_review\frontend\src\App.jsx","335","PMF 원료 정보, 업체 메일주소, 인증서 만료관리, 수신 첨부파일,"
"_ml_integration_review\frontend\src\App.jsx","346","<span>PMF Raw</span>"
"_ml_integration_review\frontend\src\App.jsx","587","const ok = window.confirm(""PMF 원본을 다시 동기화합니다. 계속할까요?"");"
"_ml_integration_review\frontend\src\App.jsx","595","alert(""PMF 동기화 완료"");"
"_ml_integration_review\frontend\src\App.jsx","613","eyebrow=""PMF / MATERIAL"""
"_ml_integration_review\frontend\src\App.jsx","614","title=""PMF / 원료"""
"_ml_integration_review\frontend\src\App.jsx","615","desc=""PMF 원본을 기준으로 메인 원료와 하부 원료 상세 구성을 확인합니다."""
"_ml_integration_review\frontend\src\App.jsx","628","<div className=""pmf-search-bar"">"
"_ml_integration_review\frontend\src\App.jsx","643","PMF 동기화"
"_ml_integration_review\frontend\src\App.jsx","647","<section className=""pmf-material-layout"">"
"_ml_integration_review\frontend\src\App.jsx","648","<div className=""pmf-material-list"">"
"_ml_integration_review\frontend\src\App.jsx","651","<div className=""pmf-search-table-shell"">"
"_ml_integration_review\frontend\src\App.jsx","653","className=""pmf-search-table-scroll"""
"_ml_integration_review\frontend\src\App.jsx","658","<table className=""pmf-search-table"">"
"_ml_integration_review\frontend\src\App.jsx","680","<td colSpan={5} className=""pmf-search-empty"">"
"_ml_integration_review\frontend\src\App.jsx","721","<div className=""pmf-cell-material"">"
"_ml_integration_review\frontend\src\App.jsx","728","<span className=""pmf-depth-badge"">"
"_ml_integration_review\frontend\src\App.jsx","734","<div className=""pmf-cell-material"">"
"_ml_integration_review\frontend\src\App.jsx","751","<div className=""pmf-material-detail"">"
"_ml_integration_review\frontend\src\App.jsx","760","<div className=""pmf-chain-box"">"
"_ml_integration_review\frontend\src\App.jsx","765","<div className=""pmf-level-stack"">"
"_ml_integration_review\frontend\src\App.jsx","771","className={isCollapsed ? ""pmf-level-card collapsed"" : ""pmf-level-card""}"
"_ml_integration_review\frontend\src\App.jsx","774","<div className=""pmf-level-top"">"
"_ml_integration_review\frontend\src\App.jsx","780","<div className=""pmf-level-actions"">"
"_ml_integration_review\frontend\src\App.jsx","787","className=""pmf-level-toggle"""
"_ml_integration_review\frontend\src\App.jsx","797","<div className=""pmf-level-grid"">"
"_ml_integration_review\frontend\src\App.jsx","825","<div className=""pmf-folder-panel"">"
"_ml_integration_review\frontend\src\App.jsx","826","<div className=""pmf-folder-head"">"
"_ml_integration_review\frontend\src\App.jsx","850","<div className=""pmf-related-empty"">"
"_ml_integration_review\frontend\src\App.jsx","854","<div className=""pmf-related-empty"">"
"_ml_integration_review\frontend\src\App.jsx","858","<div className=""pmf-folder-empty"">"
"_ml_integration_review\frontend\src\App.jsx","864","<div className=""pmf-folder-card pmf-folder-compact-card"">"
"_ml_integration_review\frontend\src\App.jsx","865","<div className=""pmf-folder-line-row"">"
"_ml_integration_review\frontend\src\App.jsx","866","<span className=""pmf-folder-line-label"">폴더명</span>"
"_ml_integration_review\frontend\src\App.jsx","867","<strong className=""pmf-folder-line-value"">"
"_ml_integration_review\frontend\src\App.jsx","870","<div className=""pmf-folder-line-actions"">"
"_ml_integration_review\frontend\src\App.jsx","880","<div className=""pmf-folder-line-row"">"
"_ml_integration_review\frontend\src\App.jsx","881","<span className=""pmf-folder-line-label"">폴더경로</span>"
"_ml_integration_review\frontend\src\App.jsx","882","<strong className=""pmf-folder-line-value"">"
"_ml_integration_review\frontend\src\App.jsx","885","<div className=""pmf-folder-line-actions"">"
"_ml_integration_review\frontend\src\App.jsx","902","<div className=""pmf-folder-file-list compact"">"
"_ml_integration_review\frontend\src\App.jsx","903","<div className=""pmf-folder-file-title"">"
"_ml_integration_review\frontend\src\App.jsx","910","<div className=""pmf-folder-cert-notice"">"
"_ml_integration_review\frontend\src\App.jsx","919","<div className=""pmf-folder-line-row file-row"" key={file.path}>"
"_ml_integration_review\frontend\src\App.jsx","920","<span className=""pmf-folder-line-label"">파일명</span>"
"_ml_integration_review\frontend\src\App.jsx","921","<strong className=""pmf-folder-line-value"">"
"_ml_integration_review\frontend\src\App.jsx","924","<div className=""pmf-folder-line-actions"">"
"_ml_integration_review\frontend\src\App.jsx","935","<div className=""pmf-related-empty"">"
"_ml_integration_review\frontend\src\App.jsx","1351","desc=""PMF 기준으로 BPJPH 유지확인, 만료 통보, 만료 도래 대상 메일을 생성하고 검토한 뒤 체크한 대상만 발송합니다."""
"_ml_integration_review\frontend\src\App.jsx","10984","{active === ""pmf"" && ("
"_patch_backups\certificate_filing_phase2_1_20260625_005746\app\services\certificate_filing_workflow_service.py","175","blockers.append(""PMF 원료번호가 없습니다."")"
"_patch_backups\certificate_filing_phase2_1_20260625_005746\app\services\certificate_filing_workflow_service.py","178","blockers.append(""PMF 영문 원료명이 없습니다."")"
"_patch_backups\certificate_filing_phase2_1_20260625_005746\app\services\certificate_filing_workflow_service.py","181","blockers.append(""PMF 제조사가 없습니다."")"
"_patch_backups\certificate_filing_phase2_1_20260625_005746\app\services\certificate_filing_workflow_service.py","184","blockers.append(""PMF 공급사가 없습니다."")"
"_patch_backups\certificate_filing_phase2_1_20260625_005746\app\services\certificate_filing_workflow_service.py","192","blockers.append(""BPJPH 메일 요청 항목을 찾지 못해 PMF 예정 유효기간을 결정할 수 없습니다."")"
"_patch_backups\certificate_filing_phase2_1_20260625_005746\app\services\certificate_filing_workflow_service.py","197","warnings.append(""OCR 결과에 인증번호가 없습니다. PMF 기존 인증번호는 유지됩니다."")"
"_patch_backups\certificate_filing_phase2_20260625_000608\app\main.py","4","from app.routers import pmf, suppliers, mail, lhln, ocr"
"_patch_backups\certificate_filing_phase2_20260625_000608\app\main.py","22","app.include_router(pmf.router, prefix=""/pmf"", tags=[""PMF""])"
"_patch_backups\certificate_filing_phase2_20260625_000608\app\services\certificate_filing_workflow_service.py","175","blockers.append(""PMF 원료번호가 없습니다."")"
"_patch_backups\certificate_filing_phase2_20260625_000608\app\services\certificate_filing_workflow_service.py","178","blockers.append(""PMF 영문 원료명이 없습니다."")"
"_patch_backups\certificate_filing_phase2_20260625_000608\app\services\certificate_filing_workflow_service.py","181","blockers.append(""PMF 제조사가 없습니다."")"
"_patch_backups\certificate_filing_phase2_20260625_000608\app\services\certificate_filing_workflow_service.py","184","blockers.append(""PMF 공급사가 없습니다."")"
"_patch_backups\certificate_filing_phase2_20260625_000608\app\services\certificate_filing_workflow_service.py","192","blockers.append(""BPJPH 메일 요청 항목을 찾지 못해 PMF 예정 유효기간을 결정할 수 없습니다."")"
"_patch_backups\certificate_filing_phase2_20260625_000608\app\services\certificate_filing_workflow_service.py","197","warnings.append(""OCR 결과에 인증번호가 없습니다. PMF 기존 인증번호는 유지됩니다."")"
"_patch_backups\certificate_filing_phase2_20260625_000608\app\services\pmf_filing_service.py","84","raise ValueError(f""PMF row_pos 범위를 벗어났습니다: {row_pos}"")"
"_patch_backups\certificate_filing_phase2_20260625_000608\app\services\pmf_filing_service.py","87","raise ValueError(f""PMF depth 범위를 벗어났습니다: {depth}"")"
"_patch_backups\certificate_filing_phase2_20260625_000608\app\services\pmf_filing_service.py","95","raise ValueError(f""선택한 PMF 단계에 유효한 원료명이 없습니다: row={row_pos}, depth={depth}"")"
"_patch_backups\certificate_filing_phase2_20260625_000608\app\services\pmf_filing_service.py","122","raise ValueError(f""지원하지 않는 PMF depth입니다: {depth}"")"
"_patch_backups\certificate_filing_phase2_20260625_000608\app\services\pmf_filing_service.py","135","미지정 시 active_pmf.xlsm 캐시만 업데이트한다. 네트워크 원본은 직접 수정하지 않는다."
"_patch_backups\certificate_filing_phase2_20260625_000608\app\services\pmf_filing_service.py","150","raise ValueError(f""PMF 시트를 찾지 못했습니다: {target}"")"
"_patch_backups\certificate_filing_phase2_20260625_000608\app\services\pmf_filing_service.py","226","raise FileNotFoundError(f""업데이트 대상 PMF 파일을 찾지 못했습니다: {pmf_path}"")"
"_patch_backups\certificate_filing_phase2_20260625_000608\app\services\pmf_filing_service.py","234","keep_vba = pmf_path.suffix.lower() == "".xlsm"""
"_patch_backups\certificate_filing_phase2_20260625_000608\app\services\pmf_filing_service.py","250","# 빈값으로 기존 PMF 값을 지우지 않는다."
"_patch_backups\certificate_filing_phase2_20260625_000608\app\services\pmf_filing_service.py","297","meta[""active_pmf_updated_at""] = datetime.now().isoformat(timespec=""seconds"")"
"_patch_backups\certificate_filing_phase2_20260625_000608\app\services\pmf_filing_service.py","298","meta[""active_pmf_update_reason""] = ""certificate_filing_confirm"""
"_patch_backups\certificate_filing_phase2_20260625_000608\app\services\pmf_filing_service.py","320","raise FileNotFoundError(f""PMF 백업 파일을 찾지 못했습니다: {source}"")"
"_patch_backups\certificate_filing_phase2_20260625_000608\scripts\test_certificate_filing_phase2.py","43","print(""pmf update path:"", resolve_pmf_update_path())"
"_patch_backups\css_line_clamp_20260727_085914\frontend\src\App.css","2886","PMF MATERIAL DETAIL RESTORE"
"_patch_backups\css_line_clamp_20260727_085914\frontend\src\App.css","2889",".pmf-search-bar {"
"_patch_backups\css_line_clamp_20260727_085914\frontend\src\App.css","2897",".pmf-material-layout {"
"_patch_backups\css_line_clamp_20260727_085914\frontend\src\App.css","2905",".pmf-material-list,"
"_patch_backups\css_line_clamp_20260727_085914\frontend\src\App.css","2906",".pmf-material-detail {"
"_patch_backups\css_line_clamp_20260727_085914\frontend\src\App.css","2915",".pmf-material-list-head,"
"_patch_backups\css_line_clamp_20260727_085914\frontend\src\App.css","2916",".pmf-material-row {"
"_patch_backups\css_line_clamp_20260727_085914\frontend\src\App.css","2923",".pmf-material-list-head {"
"_patch_backups\css_line_clamp_20260727_085914\frontend\src\App.css","2933",".pmf-material-list-body {"
"_patch_backups\css_line_clamp_20260727_085914\frontend\src\App.css","2938",".pmf-material-row {"
"_patch_backups\css_line_clamp_20260727_085914\frontend\src\App.css","2950",".pmf-material-row:hover {"
"_patch_backups\css_line_clamp_20260727_085914\frontend\src\App.css","2954",".pmf-material-row.active {"
"_patch_backups\css_line_clamp_20260727_085914\frontend\src\App.css","2959",".pmf-material-row strong {"
"_patch_backups\css_line_clamp_20260727_085914\frontend\src\App.css","2968",".pmf-material-row span {"
"_patch_backups\css_line_clamp_20260727_085914\frontend\src\App.css","2978",".pmf-chain-box {"
"_patch_backups\css_line_clamp_20260727_085914\frontend\src\App.css","2986",".pmf-chain-box span {"
"_patch_backups\css_line_clamp_20260727_085914\frontend\src\App.css","2994",".pmf-chain-box strong {"
"_patch_backups\css_line_clamp_20260727_085914\frontend\src\App.css","3001",".pmf-level-stack {"
"_patch_backups\css_line_clamp_20260727_085914\frontend\src\App.css","3009",".pmf-level-card {"
"_patch_backups\css_line_clamp_20260727_085914\frontend\src\App.css","3016",".pmf-level-top {"
"_patch_backups\css_line_clamp_20260727_085914\frontend\src\App.css","3025",".pmf-level-top span {"
"_patch_backups\css_line_clamp_20260727_085914\frontend\src\App.css","3032",".pmf-level-top h3 {"
"_patch_backups\css_line_clamp_20260727_085914\frontend\src\App.css","3039",".pmf-level-top em {"
"_patch_backups\css_line_clamp_20260727_085914\frontend\src\App.css","3050",".pmf-level-grid {"
"_patch_backups\css_line_clamp_20260727_085914\frontend\src\App.css","3056",".pmf-level-grid div {"
"_patch_backups\css_line_clamp_20260727_085914\frontend\src\App.css","3063",".pmf-level-grid span {"
"_patch_backups\css_line_clamp_20260727_085914\frontend\src\App.css","3071",".pmf-level-grid strong {"
"_patch_backups\css_line_clamp_20260727_085914\frontend\src\App.css","3079",".pmf-search-bar,"
"_patch_backups\css_line_clamp_20260727_085914\frontend\src\App.css","3080",".pmf-material-layout {"
"_patch_backups\css_line_clamp_20260727_085914\frontend\src\App.css","3084",".pmf-material-list-head {"
"_patch_backups\css_line_clamp_20260727_085914\frontend\src\App.css","3088",".pmf-material-row {"
"_patch_backups\css_line_clamp_20260727_085914\frontend\src\App.css","3092",".pmf-level-grid {"
"_patch_backups\css_line_clamp_20260727_085914\frontend\src\App.css","3098","PMF RELATED FILE / OCR LINK PANEL"
"_patch_backups\css_line_clamp_20260727_085914\frontend\src\App.css","3101",".pmf-related-panel {"
"_patch_backups\css_line_clamp_20260727_085914\frontend\src\App.css","3107",".pmf-related-head {"
"_patch_backups\css_line_clamp_20260727_085914\frontend\src\App.css","3115",".pmf-related-head span {"
"_patch_backups\css_line_clamp_20260727_085914\frontend\src\App.css","3124",".pmf-related-head h3 {"
"_patch_backups\css_line_clamp_20260727_085914\frontend\src\App.css","3131",".pmf-related-head em {"
"_patch_backups\css_line_clamp_20260727_085914\frontend\src\App.css","3141",".pmf-related-empty {"
"_patch_backups\css_line_clamp_20260727_085914\frontend\src\App.css","3148",".pmf-related-list {"
"_patch_backups\css_line_clamp_20260727_085914\frontend\src\App.css","3156",".pmf-related-row {"
"_patch_backups\css_line_clamp_20260727_085914\frontend\src\App.css","3163",".pmf-related-main {"
"_patch_backups\css_line_clamp_20260727_085914\frontend\src\App.css","3168",".pmf-related-main strong {"
"_patch_backups\css_line_clamp_20260727_085914\frontend\src\App.css","3177",".pmf-related-main span {"
"_patch_backups\css_line_clamp_20260727_085914\frontend\src\App.css","3185",".pmf-related-meta {"
"_patch_backups\css_line_clamp_20260727_085914\frontend\src\App.css","3192",".pmf-related-meta span {"
"_patch_backups\css_line_clamp_20260727_085914\frontend\src\App.css","3201",".pmf-related-reasons {"
"_patch_backups\css_line_clamp_20260727_085914\frontend\src\App.css","3209","PMF SEARCH RESULT TABLE"
"_patch_backups\css_line_clamp_20260727_085914\frontend\src\App.css","3212",".pmf-search-table-shell {"
"_patch_backups\css_line_clamp_20260727_085914\frontend\src\App.css","3220",".pmf-search-table-scroll {"
"_patch_backups\css_line_clamp_20260727_085914\frontend\src\App.css","3226",".pmf-search-table {"
"_patch_backups\css_line_clamp_20260727_085914\frontend\src\App.css","3232",".pmf-search-table thead th {"
"_patch_backups\css_line_clamp_20260727_085914\frontend\src\App.css","3246",".pmf-search-table thead th.is-left {"
"_patch_backups\css_line_clamp_20260727_085914\frontend\src\App.css","3250",".pmf-search-table tbody tr {"
"_patch_backups\css_line_clamp_20260727_085914\frontend\src\App.css","3255",".pmf-search-table tbody td {"
"_patch_backups\css_line_clamp_20260727_085914\frontend\src\App.css","3264",".pmf-search-table tbody td.is-left {"
"_patch_backups\css_line_clamp_20260727_085914\frontend\src\App.css","3268",".pmf-search-table tbody tr:hover {"
"_patch_backups\css_line_clamp_20260727_085914\frontend\src\App.css","3272",".pmf-search-table tbody tr.is-selected {"
"_patch_backups\css_line_clamp_20260727_085914\frontend\src\App.css","3276",".pmf-search-table tbody tr.is-selected td,"
"_patch_backups\css_line_clamp_20260727_085914\frontend\src\App.css","3277",".pmf-search-table tbody tr.is-selected strong,"
"_patch_backups\css_line_clamp_20260727_085914\frontend\src\App.css","3278",".pmf-search-table tbody tr.is-selected span {"
"_patch_backups\css_line_clamp_20260727_085914\frontend\src\App.css","3282",".pmf-search-table tbody tr:last-child td {"
"_patch_backups\css_line_clamp_20260727_085914\frontend\src\App.css","3286",".pmf-cell-material {"
"_patch_backups\css_line_clamp_20260727_085914\frontend\src\App.css","3294",".pmf-cell-material strong {"
"_patch_backups\css_line_clamp_20260727_085914\frontend\src\App.css","3303",".pmf-cell-material span {"
"_patch_backups\css_line_clamp_20260727_085914\frontend\src\App.css","3312",".pmf-depth-badge {"
"_patch_backups\css_line_clamp_20260727_085914\frontend\src\App.css","3325",".pmf-search-table tbody tr.is-selected .pmf-depth-badge {"
"_patch_backups\css_line_clamp_20260727_085914\frontend\src\App.css","3330",".pmf-search-empty {"
"_patch_backups\css_line_clamp_20260727_085914\frontend\src\App.css","3338","PMF TABLE WIDTH / ALIGN PATCH"
"_patch_backups\css_line_clamp_20260727_085914\frontend\src\App.css","3341","/* PMF 화면은 데이터 표가 많으므로 다른 화면보다 넓게 사용 */"
"_patch_backups\css_line_clamp_20260727_085914\frontend\src\App.css","3342",".pmf-search-bar,"
"_patch_backups\css_line_clamp_20260727_085914\frontend\src\App.css","3343",".pmf-material-layout {"
"_patch_backups\css_line_clamp_20260727_085914\frontend\src\App.css","3348",".pmf-material-layout {"
"_patch_backups\css_line_clamp_20260727_085914\frontend\src\App.css","3353",".pmf-search-table-shell {"
"_patch_backups\css_line_clamp_20260727_085914\frontend\src\App.css","3357",".pmf-search-table-scroll {"
"_patch_backups\css_line_clamp_20260727_085914\frontend\src\App.css","3364",".pmf-search-table thead th {"
"_patch_backups\css_line_clamp_20260727_085914\frontend\src\App.css","3372",".pmf-search-table tbody td {"
"_patch_backups\css_line_clamp_20260727_085914\frontend\src\App.css","3378",".pmf-search-table tbody td:first-child {"
"_patch_backups\css_line_clamp_20260727_085914\frontend\src\App.css","3385",".pmf-cell-material strong {"
"_patch_backups\css_line_clamp_20260727_085914\frontend\src\App.css","3393",".pmf-cell-material span {"
"_patch_backups\css_line_clamp_20260727_085914\frontend\src\App.css","3399",".pmf-depth-badge {"
"_patch_backups\css_line_clamp_20260727_085914\frontend\src\App.css","3406",".pmf-material-detail,"
"_patch_backups\css_line_clamp_20260727_085914\frontend\src\App.css","3407",".pmf-material-list {"
"_patch_backups\css_line_clamp_20260727_085914\frontend\src\App.css","3411","/* PMF list/detail width balance */"
"_patch_backups\css_line_clamp_20260727_085914\frontend\src\App.css","3412",".pmf-search-bar,"
"_patch_backups\css_line_clamp_20260727_085914\frontend\src\App.css","3413",".pmf-material-layout {"
"_patch_backups\css_line_clamp_20260727_085914\frontend\src\App.css","3417",".pmf-material-layout {"
"_patch_backups\css_line_clamp_20260727_085914\frontend\src\App.css","3421",".pmf-search-table thead th {"
"_patch_backups\css_line_clamp_20260727_085914\frontend\src\App.css","3425",".pmf-search-table tbody td {"
"_patch_backups\css_line_clamp_20260727_085914\frontend\src\App.css","3429",".pmf-search-table tbody td:first-child {"
"_patch_backups\css_line_clamp_20260727_085914\frontend\src\App.css","3436",".pmf-cell-material strong {"
"_patch_backups\css_line_clamp_20260727_085914\frontend\src\App.css","3440",".pmf-cell-material span {"
"_patch_backups\css_line_clamp_20260727_085914\frontend\src\App.css","3444","/* PMF table: main/sub material split */"
"_patch_backups\css_line_clamp_20260727_085914\frontend\src\App.css","3445",".pmf-search-table thead th:nth-child(4) {"
"_patch_backups\css_line_clamp_20260727_085914\frontend\src\App.css","3449",".pmf-search-table tbody td:nth-child(4) {"
"_patch_backups\css_line_clamp_20260727_085914\frontend\src\App.css","3453",".pmf-search-table tbody td:nth-child(5) {"
"_patch_backups\css_line_clamp_20260727_085914\frontend\src\App.css","3458",".pmf-depth-badge {"
"_patch_backups\css_line_clamp_20260727_085914\frontend\src\App.css","3463","PMF OCR PREVIEW PANEL"
"_patch_backups\css_line_clamp_20260727_085914\frontend\src\App.css","3466",".pmf-related-row {"
"_patch_backups\css_line_clamp_20260727_085914\frontend\src\App.css","3473",".pmf-related-row:hover {"
"_patch_backups\css_line_clamp_20260727_085914\frontend\src\App.css","3479",".pmf-related-row.active {"
"_patch_backups\css_line_clamp_20260727_085914\frontend\src\App.css","3484",".pmf-related-row.active .pmf-related-main strong,"
"_patch_backups\css_line_clamp_20260727_085914\frontend\src\App.css","3485",".pmf-related-row.active .pmf-related-main span,"
"_patch_backups\css_line_clamp_20260727_085914\frontend\src\App.css","3486",".pmf-related-row.active .pmf-related-reasons {"
"_patch_backups\css_line_clamp_20260727_085914\frontend\src\App.css","3490",".pmf-related-row.active .pmf-related-meta span {"
"_patch_backups\css_line_clamp_20260727_085914\frontend\src\App.css","3495",".pmf-ocr-panel {"
"_patch_backups\css_line_clamp_20260727_085914\frontend\src\App.css","3501",".pmf-ocr-panel-head {"
"_patch_backups\css_line_clamp_20260727_085914\frontend\src\App.css","3509",".pmf-ocr-panel-head span {"
"_patch_backups\css_line_clamp_20260727_085914\frontend\src\App.css","3518",".pmf-ocr-panel-head h3 {"
"_patch_backups\css_line_clamp_20260727_085914\frontend\src\App.css","3525",".pmf-ocr-panel-head em {"
"_patch_backups\css_line_clamp_20260727_085914\frontend\src\App.css","3535",".pmf-ocr-attachment-box,"
"_patch_backups\css_line_clamp_20260727_085914\frontend\src\App.css","3536",".pmf-ocr-result-box {"
"_patch_backups\css_line_clamp_20260727_085914\frontend\src\App.css","3541",".pmf-ocr-file-meta {"
"_patch_backups\css_line_clamp_20260727_085914\frontend\src\App.css","3547",".pmf-ocr-file-meta div {"
"_patch_backups\css_line_clamp_20260727_085914\frontend\src\App.css","3554",".pmf-ocr-file-meta span {"
"_patch_backups\css_line_clamp_20260727_085914\frontend\src\App.css","3562",".pmf-ocr-file-meta strong {"
"_patch_backups\css_line_clamp_20260727_085914\frontend\src\App.css","3569",".pmf-ocr-text-preview {"
"_patch_backups\css_line_clamp_20260727_085914\frontend\src\App.css","3584","PMF HALAL DOCUMENT FOLDER / FILE PANEL"
"_patch_backups\css_line_clamp_20260727_085914\frontend\src\App.css","3587",".pmf-doc-panel {"
"_patch_backups\css_line_clamp_20260727_085914\frontend\src\App.css","3593",".pmf-doc-head {"
"_patch_backups\css_line_clamp_20260727_085914\frontend\src\App.css","3601",".pmf-doc-head span {"
"_patch_backups\css_line_clamp_20260727_085914\frontend\src\App.css","3610",".pmf-doc-head h3 {"
"_patch_backups\css_line_clamp_20260727_085914\frontend\src\App.css","3617",".pmf-doc-head em {"
"_patch_backups\css_line_clamp_20260727_085914\frontend\src\App.css","3627",".pmf-doc-list {"
"_patch_backups\css_line_clamp_20260727_085914\frontend\src\App.css","3635",".pmf-doc-row {"
"_patch_backups\css_line_clamp_20260727_085914\frontend\src\App.css","3642",".pmf-doc-main {"
"_patch_backups\css_line_clamp_20260727_085914\frontend\src\App.css","3647",".pmf-doc-main strong {"
"_patch_backups\css_line_clamp_20260727_085914\frontend\src\App.css","3655",".pmf-doc-main span {"
"_patch_backups\css_line_clamp_20260727_085914\frontend\src\App.css","3661",".pmf-doc-meta {"
"_patch_backups\css_line_clamp_20260727_085914\frontend\src\App.css","3668",".pmf-doc-meta span {"
"_patch_backups\css_line_clamp_20260727_085914\frontend\src\App.css","3677",".pmf-doc-reasons {"
"_patch_backups\css_line_clamp_20260727_085914\frontend\src\App.css","3684",".pmf-doc-actions {"
"_patch_backups\css_line_clamp_20260727_085914\frontend\src\App.css","3688",".pmf-doc-actions a,"
"_patch_backups\css_line_clamp_20260727_085914\frontend\src\App.css","3689",".pmf-doc-child-files a {"
"_patch_backups\css_line_clamp_20260727_085914\frontend\src\App.css","3703",".pmf-doc-child-files {"
"_patch_backups\css_line_clamp_20260727_085914\frontend\src\App.css","3709",".pmf-doc-child-files a {"
"_patch_backups\css_line_clamp_20260727_085914\frontend\src\App.css","3719","PMF FAST HALAL FOLDER PANEL"
"_patch_backups\css_line_clamp_20260727_085914\frontend\src\App.css","3722",".pmf-folder-panel {"
"_patch_backups\css_line_clamp_20260727_085914\frontend\src\App.css","3728",".pmf-folder-head {"
"_patch_backups\css_line_clamp_20260727_085914\frontend\src\App.css","3736",".pmf-folder-head span {"
"_patch_backups\css_line_clamp_20260727_085914\frontend\src\App.css","3745",".pmf-folder-head h3 {"
"_patch_backups\css_line_clamp_20260727_085914\frontend\src\App.css","3752",".pmf-folder-head em {"
"_patch_backups\css_line_clamp_20260727_085914\frontend\src\App.css","3762",".pmf-folder-card,"
"_patch_backups\css_line_clamp_20260727_085914\frontend\src\App.css","3763",".pmf-folder-empty {"
"_patch_backups\css_line_clamp_20260727_085914\frontend\src\App.css","3772",".pmf-folder-main {"
"_patch_backups\css_line_clamp_20260727_085914\frontend\src\App.css","3777",".pmf-folder-main strong {"
"_patch_backups\css_line_clamp_20260727_085914\frontend\src\App.css","3785",".pmf-folder-main span {"
"_patch_backups\css_line_clamp_20260727_085914\frontend\src\App.css","3791",".pmf-folder-meta {"
"_patch_backups\css_line_clamp_20260727_085914\frontend\src\App.css","3797",".pmf-folder-meta span {"
"_patch_backups\css_line_clamp_20260727_085914\frontend\src\App.css","3806",".pmf-folder-empty span {"
"_patch_backups\css_line_clamp_20260727_085914\frontend\src\App.css","3812",".pmf-folder-empty strong {"
"_patch_backups\css_line_clamp_20260727_085914\frontend\src\App.css","3817",".pmf-folder-empty p {"
"_patch_backups\css_line_clamp_20260727_085914\frontend\src\App.css","3824","/* PMF folder/file name display + copy buttons */"
"_patch_backups\css_line_clamp_20260727_085914\frontend\src\App.css","3826",".pmf-folder-field {"
"_patch_backups\css_line_clamp_20260727_085914\frontend\src\App.css","3835",".pmf-folder-field > span {"
"_patch_backups\css_line_clamp_20260727_085914\frontend\src\App.css","3841",".pmf-folder-field > div {"
"_patch_backups\css_line_clamp_20260727_085914\frontend\src\App.css","3848",".pmf-folder-field strong {"
"_patch_backups\css_line_clamp_20260727_085914\frontend\src\App.css","3870",".pmf-folder-file-list {"
"_patch_backups\css_line_clamp_20260727_085914\frontend\src\App.css","3878",".pmf-folder-file-title {"
"_patch_backups\css_line_clamp_20260727_085914\frontend\src\App.css","3885",".pmf-folder-file-row {"
"_patch_backups\css_line_clamp_20260727_085914\frontend\src\App.css","3894",".pmf-folder-file-main {"
"_patch_backups\css_line_clamp_20260727_085914\frontend\src\App.css","3899",".pmf-folder-file-main strong {"
"_patch_backups\css_line_clamp_20260727_085914\frontend\src\App.css","3906",".pmf-folder-file-main span {"
"_patch_backups\css_line_clamp_20260727_085914\frontend\src\App.css","3912",".pmf-folder-file-actions {"
"_patch_backups\css_line_clamp_20260727_085914\frontend\src\App.css","3918",".pmf-folder-file-actions button {"
"_patch_backups\css_line_clamp_20260727_085914\frontend\src\App.css","3929",".pmf-folder-file-actions button:hover {"
"_patch_backups\css_line_clamp_20260727_085914\frontend\src\App.css","3934","PMF FOLDER COMPACT ROW VIEW"
"_patch_backups\css_line_clamp_20260727_085914\frontend\src\App.css","3937",".pmf-folder-compact-card {"
"_patch_backups\css_line_clamp_20260727_085914\frontend\src\App.css","3941",".pmf-folder-line-row {"
"_patch_backups\css_line_clamp_20260727_085914\frontend\src\App.css","3952",".pmf-folder-line-row.file-row {"
"_patch_backups\css_line_clamp_20260727_085914\frontend\src\App.css","3956",".pmf-folder-line-label {"
"_patch_backups\css_line_clamp_20260727_085914\frontend\src\App.css","3963",".pmf-folder-line-value {"
"_patch_backups\css_line_clamp_20260727_085914\frontend\src\App.css","3971",".pmf-folder-line-actions {"
"_patch_backups\css_line_clamp_20260727_085914\frontend\src\App.css","3977",".pmf-folder-line-actions button {"
"_patch_backups\css_line_clamp_20260727_085914\frontend\src\App.css","3989",".pmf-folder-line-actions button:hover {"
"_patch_backups\css_line_clamp_20260727_085914\frontend\src\App.css","3993",".pmf-folder-file-list.compact {"
"_patch_backups\css_line_clamp_20260727_085914\frontend\src\App.css","4001",".pmf-folder-file-list.compact .pmf-folder-file-title {"
"_patch_backups\css_line_clamp_20260727_085914\frontend\src\App.css","4006",".pmf-folder-file-row {"
"_patch_backups\css_line_clamp_20260727_085914\frontend\src\App.css","4011","PMF FOLDER COMPACT ROW VIEW + CERT NOTICE"
"_patch_backups\css_line_clamp_20260727_085914\frontend\src\App.css","4014",".pmf-folder-compact-card {"
"_patch_backups\css_line_clamp_20260727_085914\frontend\src\App.css","4018",".pmf-folder-line-row {"
"_patch_backups\css_line_clamp_20260727_085914\frontend\src\App.css","4029",".pmf-folder-line-row.file-row {"
"_patch_backups\css_line_clamp_20260727_085914\frontend\src\App.css","4033",".pmf-folder-line-label {"
"_patch_backups\css_line_clamp_20260727_085914\frontend\src\App.css","4040",".pmf-folder-line-value {"
"_patch_backups\css_line_clamp_20260727_085914\frontend\src\App.css","4048",".pmf-folder-line-actions {"
"_patch_backups\css_line_clamp_20260727_085914\frontend\src\App.css","4054",".pmf-folder-line-actions button {"
"_patch_backups\css_line_clamp_20260727_085914\frontend\src\App.css","4066",".pmf-folder-line-actions button:hover {"
"_patch_backups\css_line_clamp_20260727_085914\frontend\src\App.css","4070",".pmf-folder-file-list.compact {"
"_patch_backups\css_line_clamp_20260727_085914\frontend\src\App.css","4078",".pmf-folder-file-title {"
"_patch_backups\css_line_clamp_20260727_085914\frontend\src\App.css","4086",".pmf-folder-cert-notice {"
"_patch_backups\css_line_clamp_20260727_085914\frontend\src\App.css","4095",".pmf-folder-cert-notice strong {"
"_patch_backups\css_line_clamp_20260727_085914\frontend\src\App.css","4101",".pmf-folder-cert-notice span {"
"_patch_backups\css_line_clamp_20260727_085914\frontend\src\App.css","4108","PMF LEVEL CARD COLLAPSE"
"_patch_backups\css_line_clamp_20260727_085914\frontend\src\App.css","4111",".pmf-level-actions {"
"_patch_backups\css_line_clamp_20260727_085914\frontend\src\App.css","4118",".pmf-level-actions em {"
"_patch_backups\css_line_clamp_20260727_085914\frontend\src\App.css","4129",".pmf-level-toggle {"
"_patch_backups\css_line_clamp_20260727_085914\frontend\src\App.css","4143",".pmf-level-toggle:hover {"
"_patch_backups\css_line_clamp_20260727_085914\frontend\src\App.css","4148",".pmf-level-card.collapsed {"
"_patch_backups\css_line_clamp_20260727_085914\frontend\src\App.css","4152",".pmf-level-card.collapsed .pmf-level-top {"
"_patch_backups\css_line_clamp_20260727_085914\frontend\src\App.css","4157",".pmf-level-card.collapsed h3 {"
"_patch_backups\css_line_clamp_20260727_085914\frontend\src\App.css","6477",".pmf-search-table tr.is-selected,"
"_patch_backups\css_line_clamp_20260727_085914\frontend\src\App.css","6478",".pmf-material-row.active {"
"_patch_backups\css_line_clamp_20260727_085914\frontend\src\App.css","6521","/* PMF/LHLN keyboard focus surfaces */"
"_patch_backups\css_line_clamp_20260727_085914\frontend\src\App.css","6522",".pmf-search-table-scroll:focus,"
"_patch_backups\css_line_clamp_20260727_085914\frontend\src\App.css","6531",".pmf-search-table tbody tr.is-selected,"
"_patch_backups\css_line_clamp_20260727_085914\frontend\src\App.css","6679",".pmf-search-table tr.is-selected,"
"_patch_backups\css_line_clamp_20260727_085914\frontend\src\App.css","7436","/* PMF lazy folder button */"
"_patch_backups\css_line_clamp_20260727_085914\frontend\src\App.css","7437",".pmf-folder-head {"
"_patch_backups\css_line_clamp_20260727_085914\frontend\src\App.css","7444",".pmf-folder-head .soft-chip-action {"
"_patch_backups\css_line_clamp_20260727_085914\frontend\src\App.css","8566","/* PMF/OCR 비교표 ellipsis + title tooltip */"
"_patch_backups\ml_classifier_phase2_ocr_20260727_091505\frontend\src\App.css","2886","PMF MATERIAL DETAIL RESTORE"
"_patch_backups\ml_classifier_phase2_ocr_20260727_091505\frontend\src\App.css","2889",".pmf-search-bar {"
"_patch_backups\ml_classifier_phase2_ocr_20260727_091505\frontend\src\App.css","2897",".pmf-material-layout {"
"_patch_backups\ml_classifier_phase2_ocr_20260727_091505\frontend\src\App.css","2905",".pmf-material-list,"
"_patch_backups\ml_classifier_phase2_ocr_20260727_091505\frontend\src\App.css","2906",".pmf-material-detail {"
"_patch_backups\ml_classifier_phase2_ocr_20260727_091505\frontend\src\App.css","2915",".pmf-material-list-head,"
"_patch_backups\ml_classifier_phase2_ocr_20260727_091505\frontend\src\App.css","2916",".pmf-material-row {"
"_patch_backups\ml_classifier_phase2_ocr_20260727_091505\frontend\src\App.css","2923",".pmf-material-list-head {"
"_patch_backups\ml_classifier_phase2_ocr_20260727_091505\frontend\src\App.css","2933",".pmf-material-list-body {"
"_patch_backups\ml_classifier_phase2_ocr_20260727_091505\frontend\src\App.css","2938",".pmf-material-row {"
"_patch_backups\ml_classifier_phase2_ocr_20260727_091505\frontend\src\App.css","2950",".pmf-material-row:hover {"
"_patch_backups\ml_classifier_phase2_ocr_20260727_091505\frontend\src\App.css","2954",".pmf-material-row.active {"
"_patch_backups\ml_classifier_phase2_ocr_20260727_091505\frontend\src\App.css","2959",".pmf-material-row strong {"
"_patch_backups\ml_classifier_phase2_ocr_20260727_091505\frontend\src\App.css","2968",".pmf-material-row span {"
"_patch_backups\ml_classifier_phase2_ocr_20260727_091505\frontend\src\App.css","2978",".pmf-chain-box {"
"_patch_backups\ml_classifier_phase2_ocr_20260727_091505\frontend\src\App.css","2986",".pmf-chain-box span {"
"_patch_backups\ml_classifier_phase2_ocr_20260727_091505\frontend\src\App.css","2994",".pmf-chain-box strong {"
"_patch_backups\ml_classifier_phase2_ocr_20260727_091505\frontend\src\App.css","3001",".pmf-level-stack {"
"_patch_backups\ml_classifier_phase2_ocr_20260727_091505\frontend\src\App.css","3009",".pmf-level-card {"
"_patch_backups\ml_classifier_phase2_ocr_20260727_091505\frontend\src\App.css","3016",".pmf-level-top {"
"_patch_backups\ml_classifier_phase2_ocr_20260727_091505\frontend\src\App.css","3025",".pmf-level-top span {"
"_patch_backups\ml_classifier_phase2_ocr_20260727_091505\frontend\src\App.css","3032",".pmf-level-top h3 {"
"_patch_backups\ml_classifier_phase2_ocr_20260727_091505\frontend\src\App.css","3039",".pmf-level-top em {"
"_patch_backups\ml_classifier_phase2_ocr_20260727_091505\frontend\src\App.css","3050",".pmf-level-grid {"
"_patch_backups\ml_classifier_phase2_ocr_20260727_091505\frontend\src\App.css","3056",".pmf-level-grid div {"
"_patch_backups\ml_classifier_phase2_ocr_20260727_091505\frontend\src\App.css","3063",".pmf-level-grid span {"
"_patch_backups\ml_classifier_phase2_ocr_20260727_091505\frontend\src\App.css","3071",".pmf-level-grid strong {"
"_patch_backups\ml_classifier_phase2_ocr_20260727_091505\frontend\src\App.css","3079",".pmf-search-bar,"
"_patch_backups\ml_classifier_phase2_ocr_20260727_091505\frontend\src\App.css","3080",".pmf-material-layout {"
"_patch_backups\ml_classifier_phase2_ocr_20260727_091505\frontend\src\App.css","3084",".pmf-material-list-head {"
"_patch_backups\ml_classifier_phase2_ocr_20260727_091505\frontend\src\App.css","3088",".pmf-material-row {"
"_patch_backups\ml_classifier_phase2_ocr_20260727_091505\frontend\src\App.css","3092",".pmf-level-grid {"
"_patch_backups\ml_classifier_phase2_ocr_20260727_091505\frontend\src\App.css","3098","PMF RELATED FILE / OCR LINK PANEL"
"_patch_backups\ml_classifier_phase2_ocr_20260727_091505\frontend\src\App.css","3101",".pmf-related-panel {"
"_patch_backups\ml_classifier_phase2_ocr_20260727_091505\frontend\src\App.css","3107",".pmf-related-head {"
"_patch_backups\ml_classifier_phase2_ocr_20260727_091505\frontend\src\App.css","3115",".pmf-related-head span {"
"_patch_backups\ml_classifier_phase2_ocr_20260727_091505\frontend\src\App.css","3124",".pmf-related-head h3 {"
"_patch_backups\ml_classifier_phase2_ocr_20260727_091505\frontend\src\App.css","3131",".pmf-related-head em {"
"_patch_backups\ml_classifier_phase2_ocr_20260727_091505\frontend\src\App.css","3141",".pmf-related-empty {"
"_patch_backups\ml_classifier_phase2_ocr_20260727_091505\frontend\src\App.css","3148",".pmf-related-list {"
"_patch_backups\ml_classifier_phase2_ocr_20260727_091505\frontend\src\App.css","3156",".pmf-related-row {"
"_patch_backups\ml_classifier_phase2_ocr_20260727_091505\frontend\src\App.css","3163",".pmf-related-main {"
"_patch_backups\ml_classifier_phase2_ocr_20260727_091505\frontend\src\App.css","3168",".pmf-related-main strong {"
"_patch_backups\ml_classifier_phase2_ocr_20260727_091505\frontend\src\App.css","3177",".pmf-related-main span {"
"_patch_backups\ml_classifier_phase2_ocr_20260727_091505\frontend\src\App.css","3185",".pmf-related-meta {"
"_patch_backups\ml_classifier_phase2_ocr_20260727_091505\frontend\src\App.css","3192",".pmf-related-meta span {"
"_patch_backups\ml_classifier_phase2_ocr_20260727_091505\frontend\src\App.css","3201",".pmf-related-reasons {"
"_patch_backups\ml_classifier_phase2_ocr_20260727_091505\frontend\src\App.css","3209","PMF SEARCH RESULT TABLE"
"_patch_backups\ml_classifier_phase2_ocr_20260727_091505\frontend\src\App.css","3212",".pmf-search-table-shell {"
"_patch_backups\ml_classifier_phase2_ocr_20260727_091505\frontend\src\App.css","3220",".pmf-search-table-scroll {"
"_patch_backups\ml_classifier_phase2_ocr_20260727_091505\frontend\src\App.css","3226",".pmf-search-table {"
"_patch_backups\ml_classifier_phase2_ocr_20260727_091505\frontend\src\App.css","3232",".pmf-search-table thead th {"
"_patch_backups\ml_classifier_phase2_ocr_20260727_091505\frontend\src\App.css","3246",".pmf-search-table thead th.is-left {"
"_patch_backups\ml_classifier_phase2_ocr_20260727_091505\frontend\src\App.css","3250",".pmf-search-table tbody tr {"
"_patch_backups\ml_classifier_phase2_ocr_20260727_091505\frontend\src\App.css","3255",".pmf-search-table tbody td {"
"_patch_backups\ml_classifier_phase2_ocr_20260727_091505\frontend\src\App.css","3264",".pmf-search-table tbody td.is-left {"
"_patch_backups\ml_classifier_phase2_ocr_20260727_091505\frontend\src\App.css","3268",".pmf-search-table tbody tr:hover {"
"_patch_backups\ml_classifier_phase2_ocr_20260727_091505\frontend\src\App.css","3272",".pmf-search-table tbody tr.is-selected {"
"_patch_backups\ml_classifier_phase2_ocr_20260727_091505\frontend\src\App.css","3276",".pmf-search-table tbody tr.is-selected td,"
"_patch_backups\ml_classifier_phase2_ocr_20260727_091505\frontend\src\App.css","3277",".pmf-search-table tbody tr.is-selected strong,"
"_patch_backups\ml_classifier_phase2_ocr_20260727_091505\frontend\src\App.css","3278",".pmf-search-table tbody tr.is-selected span {"
"_patch_backups\ml_classifier_phase2_ocr_20260727_091505\frontend\src\App.css","3282",".pmf-search-table tbody tr:last-child td {"
"_patch_backups\ml_classifier_phase2_ocr_20260727_091505\frontend\src\App.css","3286",".pmf-cell-material {"
"_patch_backups\ml_classifier_phase2_ocr_20260727_091505\frontend\src\App.css","3294",".pmf-cell-material strong {"
"_patch_backups\ml_classifier_phase2_ocr_20260727_091505\frontend\src\App.css","3303",".pmf-cell-material span {"
"_patch_backups\ml_classifier_phase2_ocr_20260727_091505\frontend\src\App.css","3312",".pmf-depth-badge {"
"_patch_backups\ml_classifier_phase2_ocr_20260727_091505\frontend\src\App.css","3325",".pmf-search-table tbody tr.is-selected .pmf-depth-badge {"
"_patch_backups\ml_classifier_phase2_ocr_20260727_091505\frontend\src\App.css","3330",".pmf-search-empty {"
"_patch_backups\ml_classifier_phase2_ocr_20260727_091505\frontend\src\App.css","3338","PMF TABLE WIDTH / ALIGN PATCH"
"_patch_backups\ml_classifier_phase2_ocr_20260727_091505\frontend\src\App.css","3341","/* PMF 화면은 데이터 표가 많으므로 다른 화면보다 넓게 사용 */"
"_patch_backups\ml_classifier_phase2_ocr_20260727_091505\frontend\src\App.css","3342",".pmf-search-bar,"
"_patch_backups\ml_classifier_phase2_ocr_20260727_091505\frontend\src\App.css","3343",".pmf-material-layout {"
"_patch_backups\ml_classifier_phase2_ocr_20260727_091505\frontend\src\App.css","3348",".pmf-material-layout {"
"_patch_backups\ml_classifier_phase2_ocr_20260727_091505\frontend\src\App.css","3353",".pmf-search-table-shell {"
"_patch_backups\ml_classifier_phase2_ocr_20260727_091505\frontend\src\App.css","3357",".pmf-search-table-scroll {"
"_patch_backups\ml_classifier_phase2_ocr_20260727_091505\frontend\src\App.css","3364",".pmf-search-table thead th {"
"_patch_backups\ml_classifier_phase2_ocr_20260727_091505\frontend\src\App.css","3372",".pmf-search-table tbody td {"
"_patch_backups\ml_classifier_phase2_ocr_20260727_091505\frontend\src\App.css","3378",".pmf-search-table tbody td:first-child {"
"_patch_backups\ml_classifier_phase2_ocr_20260727_091505\frontend\src\App.css","3385",".pmf-cell-material strong {"
"_patch_backups\ml_classifier_phase2_ocr_20260727_091505\frontend\src\App.css","3393",".pmf-cell-material span {"
"_patch_backups\ml_classifier_phase2_ocr_20260727_091505\frontend\src\App.css","3399",".pmf-depth-badge {"
"_patch_backups\ml_classifier_phase2_ocr_20260727_091505\frontend\src\App.css","3406",".pmf-material-detail,"
"_patch_backups\ml_classifier_phase2_ocr_20260727_091505\frontend\src\App.css","3407",".pmf-material-list {"
"_patch_backups\ml_classifier_phase2_ocr_20260727_091505\frontend\src\App.css","3411","/* PMF list/detail width balance */"
"_patch_backups\ml_classifier_phase2_ocr_20260727_091505\frontend\src\App.css","3412",".pmf-search-bar,"
"_patch_backups\ml_classifier_phase2_ocr_20260727_091505\frontend\src\App.css","3413",".pmf-material-layout {"
"_patch_backups\ml_classifier_phase2_ocr_20260727_091505\frontend\src\App.css","3417",".pmf-material-layout {"
"_patch_backups\ml_classifier_phase2_ocr_20260727_091505\frontend\src\App.css","3421",".pmf-search-table thead th {"
"_patch_backups\ml_classifier_phase2_ocr_20260727_091505\frontend\src\App.css","3425",".pmf-search-table tbody td {"
"_patch_backups\ml_classifier_phase2_ocr_20260727_091505\frontend\src\App.css","3429",".pmf-search-table tbody td:first-child {"
"_patch_backups\ml_classifier_phase2_ocr_20260727_091505\frontend\src\App.css","3436",".pmf-cell-material strong {"
"_patch_backups\ml_classifier_phase2_ocr_20260727_091505\frontend\src\App.css","3440",".pmf-cell-material span {"
"_patch_backups\ml_classifier_phase2_ocr_20260727_091505\frontend\src\App.css","3444","/* PMF table: main/sub material split */"
"_patch_backups\ml_classifier_phase2_ocr_20260727_091505\frontend\src\App.css","3445",".pmf-search-table thead th:nth-child(4) {"
"_patch_backups\ml_classifier_phase2_ocr_20260727_091505\frontend\src\App.css","3449",".pmf-search-table tbody td:nth-child(4) {"
"_patch_backups\ml_classifier_phase2_ocr_20260727_091505\frontend\src\App.css","3453",".pmf-search-table tbody td:nth-child(5) {"
"_patch_backups\ml_classifier_phase2_ocr_20260727_091505\frontend\src\App.css","3458",".pmf-depth-badge {"
"_patch_backups\ml_classifier_phase2_ocr_20260727_091505\frontend\src\App.css","3463","PMF OCR PREVIEW PANEL"
"_patch_backups\ml_classifier_phase2_ocr_20260727_091505\frontend\src\App.css","3466",".pmf-related-row {"
"_patch_backups\ml_classifier_phase2_ocr_20260727_091505\frontend\src\App.css","3473",".pmf-related-row:hover {"
"_patch_backups\ml_classifier_phase2_ocr_20260727_091505\frontend\src\App.css","3479",".pmf-related-row.active {"
"_patch_backups\ml_classifier_phase2_ocr_20260727_091505\frontend\src\App.css","3484",".pmf-related-row.active .pmf-related-main strong,"
"_patch_backups\ml_classifier_phase2_ocr_20260727_091505\frontend\src\App.css","3485",".pmf-related-row.active .pmf-related-main span,"
"_patch_backups\ml_classifier_phase2_ocr_20260727_091505\frontend\src\App.css","3486",".pmf-related-row.active .pmf-related-reasons {"
"_patch_backups\ml_classifier_phase2_ocr_20260727_091505\frontend\src\App.css","3490",".pmf-related-row.active .pmf-related-meta span {"
"_patch_backups\ml_classifier_phase2_ocr_20260727_091505\frontend\src\App.css","3495",".pmf-ocr-panel {"
"_patch_backups\ml_classifier_phase2_ocr_20260727_091505\frontend\src\App.css","3501",".pmf-ocr-panel-head {"
"_patch_backups\ml_classifier_phase2_ocr_20260727_091505\frontend\src\App.css","3509",".pmf-ocr-panel-head span {"
"_patch_backups\ml_classifier_phase2_ocr_20260727_091505\frontend\src\App.css","3518",".pmf-ocr-panel-head h3 {"
"_patch_backups\ml_classifier_phase2_ocr_20260727_091505\frontend\src\App.css","3525",".pmf-ocr-panel-head em {"
"_patch_backups\ml_classifier_phase2_ocr_20260727_091505\frontend\src\App.css","3535",".pmf-ocr-attachment-box,"
"_patch_backups\ml_classifier_phase2_ocr_20260727_091505\frontend\src\App.css","3536",".pmf-ocr-result-box {"
"_patch_backups\ml_classifier_phase2_ocr_20260727_091505\frontend\src\App.css","3541",".pmf-ocr-file-meta {"
"_patch_backups\ml_classifier_phase2_ocr_20260727_091505\frontend\src\App.css","3547",".pmf-ocr-file-meta div {"
"_patch_backups\ml_classifier_phase2_ocr_20260727_091505\frontend\src\App.css","3554",".pmf-ocr-file-meta span {"
"_patch_backups\ml_classifier_phase2_ocr_20260727_091505\frontend\src\App.css","3562",".pmf-ocr-file-meta strong {"
"_patch_backups\ml_classifier_phase2_ocr_20260727_091505\frontend\src\App.css","3569",".pmf-ocr-text-preview {"
"_patch_backups\ml_classifier_phase2_ocr_20260727_091505\frontend\src\App.css","3584","PMF HALAL DOCUMENT FOLDER / FILE PANEL"
"_patch_backups\ml_classifier_phase2_ocr_20260727_091505\frontend\src\App.css","3587",".pmf-doc-panel {"
"_patch_backups\ml_classifier_phase2_ocr_20260727_091505\frontend\src\App.css","3593",".pmf-doc-head {"
"_patch_backups\ml_classifier_phase2_ocr_20260727_091505\frontend\src\App.css","3601",".pmf-doc-head span {"
"_patch_backups\ml_classifier_phase2_ocr_20260727_091505\frontend\src\App.css","3610",".pmf-doc-head h3 {"
"_patch_backups\ml_classifier_phase2_ocr_20260727_091505\frontend\src\App.css","3617",".pmf-doc-head em {"
"_patch_backups\ml_classifier_phase2_ocr_20260727_091505\frontend\src\App.css","3627",".pmf-doc-list {"
"_patch_backups\ml_classifier_phase2_ocr_20260727_091505\frontend\src\App.css","3635",".pmf-doc-row {"
"_patch_backups\ml_classifier_phase2_ocr_20260727_091505\frontend\src\App.css","3642",".pmf-doc-main {"
"_patch_backups\ml_classifier_phase2_ocr_20260727_091505\frontend\src\App.css","3647",".pmf-doc-main strong {"
"_patch_backups\ml_classifier_phase2_ocr_20260727_091505\frontend\src\App.css","3655",".pmf-doc-main span {"
"_patch_backups\ml_classifier_phase2_ocr_20260727_091505\frontend\src\App.css","3661",".pmf-doc-meta {"
"_patch_backups\ml_classifier_phase2_ocr_20260727_091505\frontend\src\App.css","3668",".pmf-doc-meta span {"
"_patch_backups\ml_classifier_phase2_ocr_20260727_091505\frontend\src\App.css","3677",".pmf-doc-reasons {"
"_patch_backups\ml_classifier_phase2_ocr_20260727_091505\frontend\src\App.css","3684",".pmf-doc-actions {"
"_patch_backups\ml_classifier_phase2_ocr_20260727_091505\frontend\src\App.css","3688",".pmf-doc-actions a,"
"_patch_backups\ml_classifier_phase2_ocr_20260727_091505\frontend\src\App.css","3689",".pmf-doc-child-files a {"
"_patch_backups\ml_classifier_phase2_ocr_20260727_091505\frontend\src\App.css","3703",".pmf-doc-child-files {"
"_patch_backups\ml_classifier_phase2_ocr_20260727_091505\frontend\src\App.css","3709",".pmf-doc-child-files a {"
"_patch_backups\ml_classifier_phase2_ocr_20260727_091505\frontend\src\App.css","3719","PMF FAST HALAL FOLDER PANEL"
"_patch_backups\ml_classifier_phase2_ocr_20260727_091505\frontend\src\App.css","3722",".pmf-folder-panel {"
"_patch_backups\ml_classifier_phase2_ocr_20260727_091505\frontend\src\App.css","3728",".pmf-folder-head {"
"_patch_backups\ml_classifier_phase2_ocr_20260727_091505\frontend\src\App.css","3736",".pmf-folder-head span {"
"_patch_backups\ml_classifier_phase2_ocr_20260727_091505\frontend\src\App.css","3745",".pmf-folder-head h3 {"
"_patch_backups\ml_classifier_phase2_ocr_20260727_091505\frontend\src\App.css","3752",".pmf-folder-head em {"
"_patch_backups\ml_classifier_phase2_ocr_20260727_091505\frontend\src\App.css","3762",".pmf-folder-card,"
"_patch_backups\ml_classifier_phase2_ocr_20260727_091505\frontend\src\App.css","3763",".pmf-folder-empty {"
"_patch_backups\ml_classifier_phase2_ocr_20260727_091505\frontend\src\App.css","3772",".pmf-folder-main {"
"_patch_backups\ml_classifier_phase2_ocr_20260727_091505\frontend\src\App.css","3777",".pmf-folder-main strong {"
"_patch_backups\ml_classifier_phase2_ocr_20260727_091505\frontend\src\App.css","3785",".pmf-folder-main span {"
"_patch_backups\ml_classifier_phase2_ocr_20260727_091505\frontend\src\App.css","3791",".pmf-folder-meta {"
"_patch_backups\ml_classifier_phase2_ocr_20260727_091505\frontend\src\App.css","3797",".pmf-folder-meta span {"
"_patch_backups\ml_classifier_phase2_ocr_20260727_091505\frontend\src\App.css","3806",".pmf-folder-empty span {"
"_patch_backups\ml_classifier_phase2_ocr_20260727_091505\frontend\src\App.css","3812",".pmf-folder-empty strong {"
"_patch_backups\ml_classifier_phase2_ocr_20260727_091505\frontend\src\App.css","3817",".pmf-folder-empty p {"
"_patch_backups\ml_classifier_phase2_ocr_20260727_091505\frontend\src\App.css","3824","/* PMF folder/file name display + copy buttons */"
"_patch_backups\ml_classifier_phase2_ocr_20260727_091505\frontend\src\App.css","3826",".pmf-folder-field {"
"_patch_backups\ml_classifier_phase2_ocr_20260727_091505\frontend\src\App.css","3835",".pmf-folder-field > span {"
"_patch_backups\ml_classifier_phase2_ocr_20260727_091505\frontend\src\App.css","3841",".pmf-folder-field > div {"
"_patch_backups\ml_classifier_phase2_ocr_20260727_091505\frontend\src\App.css","3848",".pmf-folder-field strong {"
"_patch_backups\ml_classifier_phase2_ocr_20260727_091505\frontend\src\App.css","3870",".pmf-folder-file-list {"
"_patch_backups\ml_classifier_phase2_ocr_20260727_091505\frontend\src\App.css","3878",".pmf-folder-file-title {"
"_patch_backups\ml_classifier_phase2_ocr_20260727_091505\frontend\src\App.css","3885",".pmf-folder-file-row {"
"_patch_backups\ml_classifier_phase2_ocr_20260727_091505\frontend\src\App.css","3894",".pmf-folder-file-main {"
"_patch_backups\ml_classifier_phase2_ocr_20260727_091505\frontend\src\App.css","3899",".pmf-folder-file-main strong {"
"_patch_backups\ml_classifier_phase2_ocr_20260727_091505\frontend\src\App.css","3906",".pmf-folder-file-main span {"
"_patch_backups\ml_classifier_phase2_ocr_20260727_091505\frontend\src\App.css","3912",".pmf-folder-file-actions {"
"_patch_backups\ml_classifier_phase2_ocr_20260727_091505\frontend\src\App.css","3918",".pmf-folder-file-actions button {"
"_patch_backups\ml_classifier_phase2_ocr_20260727_091505\frontend\src\App.css","3929",".pmf-folder-file-actions button:hover {"
"_patch_backups\ml_classifier_phase2_ocr_20260727_091505\frontend\src\App.css","3934","PMF FOLDER COMPACT ROW VIEW"
"_patch_backups\ml_classifier_phase2_ocr_20260727_091505\frontend\src\App.css","3937",".pmf-folder-compact-card {"
"_patch_backups\ml_classifier_phase2_ocr_20260727_091505\frontend\src\App.css","3941",".pmf-folder-line-row {"
"_patch_backups\ml_classifier_phase2_ocr_20260727_091505\frontend\src\App.css","3952",".pmf-folder-line-row.file-row {"
"_patch_backups\ml_classifier_phase2_ocr_20260727_091505\frontend\src\App.css","3956",".pmf-folder-line-label {"
"_patch_backups\ml_classifier_phase2_ocr_20260727_091505\frontend\src\App.css","3963",".pmf-folder-line-value {"
"_patch_backups\ml_classifier_phase2_ocr_20260727_091505\frontend\src\App.css","3971",".pmf-folder-line-actions {"
"_patch_backups\ml_classifier_phase2_ocr_20260727_091505\frontend\src\App.css","3977",".pmf-folder-line-actions button {"
"_patch_backups\ml_classifier_phase2_ocr_20260727_091505\frontend\src\App.css","3989",".pmf-folder-line-actions button:hover {"
"_patch_backups\ml_classifier_phase2_ocr_20260727_091505\frontend\src\App.css","3993",".pmf-folder-file-list.compact {"
"_patch_backups\ml_classifier_phase2_ocr_20260727_091505\frontend\src\App.css","4001",".pmf-folder-file-list.compact .pmf-folder-file-title {"
"_patch_backups\ml_classifier_phase2_ocr_20260727_091505\frontend\src\App.css","4006",".pmf-folder-file-row {"
"_patch_backups\ml_classifier_phase2_ocr_20260727_091505\frontend\src\App.css","4011","PMF FOLDER COMPACT ROW VIEW + CERT NOTICE"
"_patch_backups\ml_classifier_phase2_ocr_20260727_091505\frontend\src\App.css","4014",".pmf-folder-compact-card {"
"_patch_backups\ml_classifier_phase2_ocr_20260727_091505\frontend\src\App.css","4018",".pmf-folder-line-row {"
"_patch_backups\ml_classifier_phase2_ocr_20260727_091505\frontend\src\App.css","4029",".pmf-folder-line-row.file-row {"
"_patch_backups\ml_classifier_phase2_ocr_20260727_091505\frontend\src\App.css","4033",".pmf-folder-line-label {"
"_patch_backups\ml_classifier_phase2_ocr_20260727_091505\frontend\src\App.css","4040",".pmf-folder-line-value {"
"_patch_backups\ml_classifier_phase2_ocr_20260727_091505\frontend\src\App.css","4048",".pmf-folder-line-actions {"
"_patch_backups\ml_classifier_phase2_ocr_20260727_091505\frontend\src\App.css","4054",".pmf-folder-line-actions button {"
"_patch_backups\ml_classifier_phase2_ocr_20260727_091505\frontend\src\App.css","4066",".pmf-folder-line-actions button:hover {"
"_patch_backups\ml_classifier_phase2_ocr_20260727_091505\frontend\src\App.css","4070",".pmf-folder-file-list.compact {"
"_patch_backups\ml_classifier_phase2_ocr_20260727_091505\frontend\src\App.css","4078",".pmf-folder-file-title {"
"_patch_backups\ml_classifier_phase2_ocr_20260727_091505\frontend\src\App.css","4086",".pmf-folder-cert-notice {"
"_patch_backups\ml_classifier_phase2_ocr_20260727_091505\frontend\src\App.css","4095",".pmf-folder-cert-notice strong {"
"_patch_backups\ml_classifier_phase2_ocr_20260727_091505\frontend\src\App.css","4101",".pmf-folder-cert-notice span {"
"_patch_backups\ml_classifier_phase2_ocr_20260727_091505\frontend\src\App.css","4108","PMF LEVEL CARD COLLAPSE"
"_patch_backups\ml_classifier_phase2_ocr_20260727_091505\frontend\src\App.css","4111",".pmf-level-actions {"
"_patch_backups\ml_classifier_phase2_ocr_20260727_091505\frontend\src\App.css","4118",".pmf-level-actions em {"
"_patch_backups\ml_classifier_phase2_ocr_20260727_091505\frontend\src\App.css","4129",".pmf-level-toggle {"
"_patch_backups\ml_classifier_phase2_ocr_20260727_091505\frontend\src\App.css","4143",".pmf-level-toggle:hover {"
"_patch_backups\ml_classifier_phase2_ocr_20260727_091505\frontend\src\App.css","4148",".pmf-level-card.collapsed {"
"_patch_backups\ml_classifier_phase2_ocr_20260727_091505\frontend\src\App.css","4152",".pmf-level-card.collapsed .pmf-level-top {"
"_patch_backups\ml_classifier_phase2_ocr_20260727_091505\frontend\src\App.css","4157",".pmf-level-card.collapsed h3 {"
"_patch_backups\ml_classifier_phase2_ocr_20260727_091505\frontend\src\App.css","6477",".pmf-search-table tr.is-selected,"
"_patch_backups\ml_classifier_phase2_ocr_20260727_091505\frontend\src\App.css","6478",".pmf-material-row.active {"
"_patch_backups\ml_classifier_phase2_ocr_20260727_091505\frontend\src\App.css","6521","/* PMF/LHLN keyboard focus surfaces */"
"_patch_backups\ml_classifier_phase2_ocr_20260727_091505\frontend\src\App.css","6522",".pmf-search-table-scroll:focus,"
"_patch_backups\ml_classifier_phase2_ocr_20260727_091505\frontend\src\App.css","6531",".pmf-search-table tbody tr.is-selected,"
"_patch_backups\ml_classifier_phase2_ocr_20260727_091505\frontend\src\App.css","6679",".pmf-search-table tr.is-selected,"
"_patch_backups\ml_classifier_phase2_ocr_20260727_091505\frontend\src\App.css","7436","/* PMF lazy folder button */"
"_patch_backups\ml_classifier_phase2_ocr_20260727_091505\frontend\src\App.css","7437",".pmf-folder-head {"
"_patch_backups\ml_classifier_phase2_ocr_20260727_091505\frontend\src\App.css","7444",".pmf-folder-head .soft-chip-action {"
"_patch_backups\ml_classifier_phase2_ocr_20260727_091505\frontend\src\App.css","8566","/* PMF/OCR 비교표 ellipsis + title tooltip */"
"_patch_backups\ocr_rule_v2_20260629_141556\certificate_rule_service.py","422","# 제품명에 아랍어 문자가 들어가는 케이스는 현재 PMF 매칭 목적상 낮다고 본다."
"_patch_backups\ocr_rule_v2_20260629_141556\certificate_rule_service.py","2408","- 제조사/제품명은 실제 OCR 원문에서 확인되는 경우에만 PMF 표준명으로 정규화한다."
"_patch_backups\ocr_rule_v2_20260629_141556\certificate_rule_service.py","2455","f""OCR 인증기관({ocr_org})과 메일/PMF 인증기관({expected_org})이 다릅니다."""
"_patch_backups\ocr_rule_v2_20260629_141556\certificate_rule_service.py","2500","warnings.append(""메일/PMF 제조사를 OCR 원문에서 확인하지 못했습니다."")"
"_patch_backups\ocr_rule_v2_20260629_141556\certificate_rule_service.py","2503","f""OCR 제조사({ocr_maker})와 메일/PMF 제조사({expected_maker})의 유사도가 낮습니다."""
"_patch_backups\ocr_rule_v2_20260629_141556\certificate_rule_service.py","2565","warnings.append(""메일/PMF 제품명을 OCR 원문 또는 제품 목록에서 확인하지 못했습니다."")"
"_patch_backups\ocr_rule_v2_20260629_141556\certificate_rule_service.py","2592","f""OCR 유효기간({ocr_expiry})이 PMF 기존 유효기간({current_expiry})보다 과거입니다."""
"_patch_backups\ocr_rule_v2_20260629_141556\certificate_rule_service.py","2654","""""""기존 규칙 판독 후 메일/PMF 문맥으로 안전하게 교차검증한다."""""""
"_patch_backups\ocr_rule_v2_20260629_141556\ocr_context_service.py","21","""""""메일 항목 선택과 PMF 후보의 분리 정도로 문맥 신뢰도를 산정한다."""""""
"_patch_backups\ocr_rule_v2_20260629_141556\ocr_context_service.py","55","메일 관리번호/첨부순번/PMF 후보를 OCR 교차검증용 단일 문맥으로 정리한다."
"_patch_backups\ocr_rule_v2_20260629_141556\ocr_context_service.py","64","# 충분히 연결된 PMF 후보만 표준 표기값으로 사용한다."
"_patch_backups\ocr_rule_v2_20260629_141556\ocr_context_service.py","131","실제 DB의 수신첨부 → 관리번호 → 발송메일 항목 → PMF 후보를 연결한다."
"_patch_backups\ocr_rule_v2_20260629_141556\ocr_context_service.py","146","""hard_blockers"": [f""메일/PMF 연결 서비스를 불러오지 못했습니다: {exc}""],"
"_patch_backups\ocr_rule_v2_20260629_141556\ocr_context_service.py","173","""hard_blockers"": [f""메일/PMF 문맥 연결 중 오류가 발생했습니다: {exc}""],"
"_patch_backups\ocr_rule_v2_20260629_141556\ocr_context_service.py","184","""""""기본 OCR 규칙 판독 후 연결된 메일/PMF 문맥으로 안전하게 재검증한다."""""""
"_patch_backups\storage_fallback_20260629_172449\backend\app\core\config.py","20","# PMF 원본 폴더"
"_patch_backups\storage_fallback_20260629_172449\backend\app\core\config.py","24","r'\\홍진우\공유\1) 인증심사관련\4. MUI HALAL\★ 자사 PMF 파일',"
"_patch_backups\storage_fallback_20260629_172449\backend\app\core\config.py","31","PMF_ACTIVE_PATH = PMF_CACHE_DIR / 'active_pmf.xlsm'"
"_patch_backups\storage_fallback_20260629_172449\backend\app\core\config.py","32","PMF_META_PATH = PMF_CACHE_DIR / 'active_pmf_meta.json'"
"_patch_backups\storage_fallback_20260629_172449\backend\app\core\config.py","56","# PMF 시트명"
"_patch_backups\storage_fallback_20260629_172449\backend\app\core\config.py","57","RAW_MATERIAL_SHEET = 'Raw material management'"
"_patch_backups\storage_fallback_20260629_172457\backend\app\core\config.py","21","# PMF 원본 폴더"
"_patch_backups\storage_fallback_20260629_172457\backend\app\core\config.py","25","r'\\홍진우\공유\1) 인증심사관련\4. MUI HALAL\★ 자사 PMF 파일',"
"_patch_backups\storage_fallback_20260629_172457\backend\app\core\config.py","32","PMF_ACTIVE_PATH = PMF_CACHE_DIR / 'active_pmf.xlsm'"
"_patch_backups\storage_fallback_20260629_172457\backend\app\core\config.py","33","PMF_META_PATH = PMF_CACHE_DIR / 'active_pmf_meta.json'"
"_patch_backups\storage_fallback_20260629_172457\backend\app\core\config.py","57","# PMF 시트명"
"_patch_backups\storage_fallback_20260629_172457\backend\app\core\config.py","58","RAW_MATERIAL_SHEET = 'Raw material management'"
"_patch_backups\storage_fallback_20260629_172457\backend\scripts\start_demo_backend.ps1","93","$PmfSource = Join-Path $BackendRoot ""cache\source_pmf\active_pmf.xlsm"""
"_patch_backups\storage_fallback_20260629_172457\backend\scripts\start_demo_backend.ps1","95","$PmfTestPath = Join-Path $PmfTestDir ""active_pmf_test.xlsm"""
"_patch_backups\storage_fallback_20260629_172457\backend\scripts\start_demo_backend.ps1","112","Write-Host ""경고: PMF 캐시 파일이 없습니다: $PmfSource"" -ForegroundColor Yellow"
"_patch_backups\storage_fallback_20260629_172547\backend\app\core\config.py","21","# PMF 원본 폴더"
"_patch_backups\storage_fallback_20260629_172547\backend\app\core\config.py","25","r'\\홍진우\공유\1) 인증심사관련\4. MUI HALAL\★ 자사 PMF 파일',"
"_patch_backups\storage_fallback_20260629_172547\backend\app\core\config.py","32","PMF_ACTIVE_PATH = PMF_CACHE_DIR / 'active_pmf.xlsm'"
"_patch_backups\storage_fallback_20260629_172547\backend\app\core\config.py","33","PMF_META_PATH = PMF_CACHE_DIR / 'active_pmf_meta.json'"
"_patch_backups\storage_fallback_20260629_172547\backend\app\core\config.py","57","# PMF 시트명"
"_patch_backups\storage_fallback_20260629_172547\backend\app\core\config.py","58","RAW_MATERIAL_SHEET = 'Raw material management'"
"_patch_backups\storage_fallback_20260629_172547\backend\scripts\start_demo_backend.ps1","93","$PmfSource = Join-Path $BackendRoot ""cache\source_pmf\active_pmf.xlsm"""
"_patch_backups\storage_fallback_20260629_172547\backend\scripts\start_demo_backend.ps1","95","$PmfTestPath = Join-Path $PmfTestDir ""active_pmf_test.xlsm"""
"_patch_backups\storage_fallback_20260629_172547\backend\scripts\start_demo_backend.ps1","112","Write-Host ""경고: PMF 캐시 파일이 없습니다: $PmfSource"" -ForegroundColor Yellow"
"_patch_backups\storage_fallback_20260629_172604\backend\app\core\config.py","21","# PMF 원본 폴더"
"_patch_backups\storage_fallback_20260629_172604\backend\app\core\config.py","25","r'\\홍진우\공유\1) 인증심사관련\4. MUI HALAL\★ 자사 PMF 파일',"
"_patch_backups\storage_fallback_20260629_172604\backend\app\core\config.py","32","PMF_ACTIVE_PATH = PMF_CACHE_DIR / 'active_pmf.xlsm'"
"_patch_backups\storage_fallback_20260629_172604\backend\app\core\config.py","33","PMF_META_PATH = PMF_CACHE_DIR / 'active_pmf_meta.json'"
"_patch_backups\storage_fallback_20260629_172604\backend\app\core\config.py","57","# PMF 시트명"
"_patch_backups\storage_fallback_20260629_172604\backend\app\core\config.py","58","RAW_MATERIAL_SHEET = 'Raw material management'"
"_patch_backups\storage_fallback_20260629_172604\backend\scripts\start_demo_backend.ps1","93","$PmfSource = Join-Path $BackendRoot ""cache\source_pmf\active_pmf.xlsm"""
"_patch_backups\storage_fallback_20260629_172604\backend\scripts\start_demo_backend.ps1","95","$PmfTestPath = Join-Path $PmfTestDir ""active_pmf_test.xlsm"""
"_patch_backups\storage_fallback_20260629_172604\backend\scripts\start_demo_backend.ps1","112","Write-Host ""경고: PMF 캐시 파일이 없습니다: $PmfSource"" -ForegroundColor Yellow"
"_patch_backups\storage_fallback_20260629_172618\backend\app\core\config.py","21","# PMF 원본 폴더"
"_patch_backups\storage_fallback_20260629_172618\backend\app\core\config.py","25","r'\\홍진우\공유\1) 인증심사관련\4. MUI HALAL\★ 자사 PMF 파일',"
"_patch_backups\storage_fallback_20260629_172618\backend\app\core\config.py","32","PMF_ACTIVE_PATH = PMF_CACHE_DIR / 'active_pmf.xlsm'"
"_patch_backups\storage_fallback_20260629_172618\backend\app\core\config.py","33","PMF_META_PATH = PMF_CACHE_DIR / 'active_pmf_meta.json'"
"_patch_backups\storage_fallback_20260629_172618\backend\app\core\config.py","57","# PMF 시트명"
"_patch_backups\storage_fallback_20260629_172618\backend\app\core\config.py","58","RAW_MATERIAL_SHEET = 'Raw material management'"
"_patch_backups\storage_fallback_20260629_172618\backend\scripts\start_demo_backend.ps1","93","$PmfSource = Join-Path $BackendRoot ""cache\source_pmf\active_pmf.xlsm"""
"_patch_backups\storage_fallback_20260629_172618\backend\scripts\start_demo_backend.ps1","95","$PmfTestPath = Join-Path $PmfTestDir ""active_pmf_test.xlsm"""
"_patch_backups\storage_fallback_20260629_172618\backend\scripts\start_demo_backend.ps1","112","Write-Host ""경고: PMF 캐시 파일이 없습니다: $PmfSource"" -ForegroundColor Yellow"
