"root_label","root_path","full_path","relative_path","file_name","extension","size_bytes","size_mb","created_at","modified_at","category"
"PROJECT","C:\Users\user\OneDrive\바탕 화면\한재광\회사SW\DT준전문가교육\DLAB\SW Project\halal_web","C:\Users\user\OneDrive\바탕 화면\한재광\회사SW\DT준전문가교육\DLAB\SW Project\halal_web\.runtime\run_backend.ps1.bak_20260731_135415",".runtime\run_backend.ps1.bak_20260731_135415","run_backend.ps1.bak_20260731_135415",".bak_20260731_135415","851","0.0008","2026-07-31T13:54:15","2026-07-31T13:51:58","BACKUP"
"PROJECT","C:\Users\user\OneDrive\바탕 화면\한재광\회사SW\DT준전문가교육\DLAB\SW Project\halal_web","C:\Users\user\OneDrive\바탕 화면\한재광\회사SW\DT준전문가교육\DLAB\SW Project\halal_web\.runtime\run_backend.ps1.bak_20260731_135833",".runtime\run_backend.ps1.bak_20260731_135833","run_backend.ps1.bak_20260731_135833",".bak_20260731_135833","912","0.0009","2026-07-31T13:58:33","2026-07-31T13:54:15","BACKUP"
"PROJECT","C:\Users\user\OneDrive\바탕 화면\한재광\회사SW\DT준전문가교육\DLAB\SW Project\halal_web","C:\Users\user\OneDrive\바탕 화면\한재광\회사SW\DT준전문가교육\DLAB\SW Project\halal_web\.runtime\run_backend.ps1.bak_20260731_135847",".runtime\run_backend.ps1.bak_20260731_135847","run_backend.ps1.bak_20260731_135847",".bak_20260731_135847","912","0.0009","2026-07-31T13:58:47","2026-07-31T13:54:15","BACKUP"
"PROJECT","C:\Users\user\OneDrive\바탕 화면\한재광\회사SW\DT준전문가교육\DLAB\SW Project\halal_web","C:\Users\user\OneDrive\바탕 화면\한재광\회사SW\DT준전문가교육\DLAB\SW Project\halal_web\.runtime\run_backend.ps1.bak_20260731_140008",".runtime\run_backend.ps1.bak_20260731_140008","run_backend.ps1.bak_20260731_140008",".bak_20260731_140008","912","0.0009","2026-07-31T14:00:08","2026-07-31T13:54:15","BACKUP"
"PROJECT","C:\Users\user\OneDrive\바탕 화면\한재광\회사SW\DT준전문가교육\DLAB\SW Project\halal_web","C:\Users\user\OneDrive\바탕 화면\한재광\회사SW\DT준전문가교육\DLAB\SW Project\halal_web\.runtime\run_backend.ps1.bak_20260731_140046",".runtime\run_backend.ps1.bak_20260731_140046","run_backend.ps1.bak_20260731_140046",".bak_20260731_140046","2061","0.002","2026-07-31T14:00:46","2026-07-31T14:00:08","BACKUP"
"PROJECT","C:\Users\user\OneDrive\바탕 화면\한재광\회사SW\DT준전문가교육\DLAB\SW Project\halal_web","C:\Users\user\OneDrive\바탕 화면\한재광\회사SW\DT준전문가교육\DLAB\SW Project\halal_web\.runtime\run_backend.ps1.bak_20260731_140251",".runtime\run_backend.ps1.bak_20260731_140251","run_backend.ps1.bak_20260731_140251",".bak_20260731_140251","2065","0.002","2026-07-31T14:02:51","2026-07-31T14:00:46","BACKUP"
"PROJECT","C:\Users\user\OneDrive\바탕 화면\한재광\회사SW\DT준전문가교육\DLAB\SW Project\halal_web","C:\Users\user\OneDrive\바탕 화면\한재광\회사SW\DT준전문가교육\DLAB\SW Project\halal_web\.runtime\run_frontend.ps1.bak_20260731_135415",".runtime\run_frontend.ps1.bak_20260731_135415","run_frontend.ps1.bak_20260731_135415",".bak_20260731_135415","1081","0.001","2026-07-31T13:54:15","2026-07-31T13:51:59","BACKUP"
"PROJECT","C:\Users\user\OneDrive\바탕 화면\한재광\회사SW\DT준전문가교육\DLAB\SW Project\halal_web","C:\Users\user\OneDrive\바탕 화면\한재광\회사SW\DT준전문가교육\DLAB\SW Project\halal_web\backend\app\routers\certificate_filing.py.backup_20260701_181712","backend\app\routers\certificate_filing.py.backup_20260701_181712","certificate_filing.py.backup_20260701_181712",".backup_20260701_181712","3496","0.0033","2026-07-01T18:17:12","2026-07-01T11:24:56","BACKUP"
"PROJECT","C:\Users\user\OneDrive\바탕 화면\한재광\회사SW\DT준전문가교육\DLAB\SW Project\halal_web","C:\Users\user\OneDrive\바탕 화면\한재광\회사SW\DT준전문가교육\DLAB\SW Project\halal_web\backend\app\routers\certificate_filing_backup_20260630_170903_415657.py","backend\app\routers\certificate_filing_backup_20260630_170903_415657.py","certificate_filing_backup_20260630_170903_415657.py",".py","3121","0.003","2026-06-30T17:09:03","2026-06-24T14:42:42","SOURCE_OR_CONFIG"
"PROJECT","C:\Users\user\OneDrive\바탕 화면\한재광\회사SW\DT준전문가교육\DLAB\SW Project\halal_web","C:\Users\user\OneDrive\바탕 화면\한재광\회사SW\DT준전문가교육\DLAB\SW Project\halal_web\backend\app\routers\certificate_filing_backup_20260701_112456_081677.py","backend\app\routers\certificate_filing_backup_20260701_112456_081677.py","certificate_filing_backup_20260701_112456_081677.py",".py","3522","0.0034","2026-07-01T11:24:56","2026-06-30T17:09:03","SOURCE_OR_CONFIG"
"PROJECT","C:\Users\user\OneDrive\바탕 화면\한재광\회사SW\DT준전문가교육\DLAB\SW Project\halal_web","C:\Users\user\OneDrive\바탕 화면\한재광\회사SW\DT준전문가교육\DLAB\SW Project\halal_web\backend\app\routers\ocr_backup_20260701_152442_725388.py","backend\app\routers\ocr_backup_20260701_152442_725388.py","ocr_backup_20260701_152442_725388.py",".py","11709","0.0112","2026-07-01T15:24:42","2026-06-30T10:13:28","SOURCE_OR_CONFIG"
"PROJECT","C:\Users\user\OneDrive\바탕 화면\한재광\회사SW\DT준전문가교육\DLAB\SW Project\halal_web","C:\Users\user\OneDrive\바탕 화면\한재광\회사SW\DT준전문가교육\DLAB\SW Project\halal_web\backend\app\services\certificate_change_service.py.backup_20260701_180121","backend\app\services\certificate_change_service.py.backup_20260701_180121","certificate_change_service.py.backup_20260701_180121",".backup_20260701_180121","11430","0.0109","2026-07-01T18:01:21","2026-06-30T16:32:35","BACKUP"
"PROJECT","C:\Users\user\OneDrive\바탕 화면\한재광\회사SW\DT준전문가교육\DLAB\SW Project\halal_web","C:\Users\user\OneDrive\바탕 화면\한재광\회사SW\DT준전문가교육\DLAB\SW Project\halal_web\backend\app\services\certificate_change_service.py.backup_20260701_181120","backend\app\services\certificate_change_service.py.backup_20260701_181120","certificate_change_service.py.backup_20260701_181120",".backup_20260701_181120","13930","0.0133","2026-07-01T18:11:20","2026-07-01T18:01:21","BACKUP"
"PROJECT","C:\Users\user\OneDrive\바탕 화면\한재광\회사SW\DT준전문가교육\DLAB\SW Project\halal_web","C:\Users\user\OneDrive\바탕 화면\한재광\회사SW\DT준전문가교육\DLAB\SW Project\halal_web\backend\app\services\certificate_change_service_backup_20260630_163235.py","backend\app\services\certificate_change_service_backup_20260630_163235.py","certificate_change_service_backup_20260630_163235.py",".py","10684","0.0102","2026-06-30T16:32:35","2026-06-30T14:34:14","SOURCE_OR_CONFIG"
"PROJECT","C:\Users\user\OneDrive\바탕 화면\한재광\회사SW\DT준전문가교육\DLAB\SW Project\halal_web","C:\Users\user\OneDrive\바탕 화면\한재광\회사SW\DT준전문가교육\DLAB\SW Project\halal_web\backend\app\services\certificate_filing_workflow_service.py.backup_20260701_172348","backend\app\services\certificate_filing_workflow_service.py.backup_20260701_172348","certificate_filing_workflow_service.py.backup_20260701_172348",".backup_20260701_172348","52157","0.0497","2026-07-01T17:23:48","2026-07-01T10:45:58","BACKUP"
"PROJECT","C:\Users\user\OneDrive\바탕 화면\한재광\회사SW\DT준전문가교육\DLAB\SW Project\halal_web","C:\Users\user\OneDrive\바탕 화면\한재광\회사SW\DT준전문가교육\DLAB\SW Project\halal_web\backend\app\services\certificate_filing_workflow_service.py.backup_20260701_180617","backend\app\services\certificate_filing_workflow_service.py.backup_20260701_180617","certificate_filing_workflow_service.py.backup_20260701_180617",".backup_20260701_180617","52961","0.0505","2026-07-01T18:06:17","2026-07-01T17:23:48","BACKUP"
"PROJECT","C:\Users\user\OneDrive\바탕 화면\한재광\회사SW\DT준전문가교육\DLAB\SW Project\halal_web","C:\Users\user\OneDrive\바탕 화면\한재광\회사SW\DT준전문가교육\DLAB\SW Project\halal_web\backend\app\services\certificate_filing_workflow_service.py.backup_20260701_181120","backend\app\services\certificate_filing_workflow_service.py.backup_20260701_181120","certificate_filing_workflow_service.py.backup_20260701_181120",".backup_20260701_181120","53153","0.0507","2026-07-01T18:11:20","2026-07-01T18:06:17","BACKUP"
"PROJECT","C:\Users\user\OneDrive\바탕 화면\한재광\회사SW\DT준전문가교육\DLAB\SW Project\halal_web","C:\Users\user\OneDrive\바탕 화면\한재광\회사SW\DT준전문가교육\DLAB\SW Project\halal_web\backend\app\services\certificate_filing_workflow_service_backup_20260630_161149.py","backend\app\services\certificate_filing_workflow_service_backup_20260630_161149.py","certificate_filing_workflow_service_backup_20260630_161149.py",".py","21865","0.0209","2026-06-30T16:11:49","2026-06-25T00:57:22","SOURCE_OR_CONFIG"
"PROJECT","C:\Users\user\OneDrive\바탕 화면\한재광\회사SW\DT준전문가교육\DLAB\SW Project\halal_web","C:\Users\user\OneDrive\바탕 화면\한재광\회사SW\DT준전문가교육\DLAB\SW Project\halal_web\backend\app\services\certificate_filing_workflow_service_backup_20260630_163235.py","backend\app\services\certificate_filing_workflow_service_backup_20260630_163235.py","certificate_filing_workflow_service_backup_20260630_163235.py",".py","24618","0.0235","2026-06-30T16:32:35","2026-06-30T16:13:27","SOURCE_OR_CONFIG"
"PROJECT","C:\Users\user\OneDrive\바탕 화면\한재광\회사SW\DT준전문가교육\DLAB\SW Project\halal_web","C:\Users\user\OneDrive\바탕 화면\한재광\회사SW\DT준전문가교육\DLAB\SW Project\halal_web\backend\app\services\certificate_filing_workflow_service_backup_20260630_170903_415657.py","backend\app\services\certificate_filing_workflow_service_backup_20260630_170903_415657.py","certificate_filing_workflow_service_backup_20260630_170903_415657.py",".py","24795","0.0236","2026-06-30T17:09:03","2026-06-30T16:32:35","SOURCE_OR_CONFIG"
"PROJECT","C:\Users\user\OneDrive\바탕 화면\한재광\회사SW\DT준전문가교육\DLAB\SW Project\halal_web","C:\Users\user\OneDrive\바탕 화면\한재광\회사SW\DT준전문가교육\DLAB\SW Project\halal_web\backend\app\services\certificate_filing_workflow_service_backup_20260630_172235_239488.py","backend\app\services\certificate_filing_workflow_service_backup_20260630_172235_239488.py","certificate_filing_workflow_service_backup_20260630_172235_239488.py",".py","27998","0.0267","2026-06-30T17:22:35","2026-06-30T17:09:03","SOURCE_OR_CONFIG"
"PROJECT","C:\Users\user\OneDrive\바탕 화면\한재광\회사SW\DT준전문가교육\DLAB\SW Project\halal_web","C:\Users\user\OneDrive\바탕 화면\한재광\회사SW\DT준전문가교육\DLAB\SW Project\halal_web\backend\app\services\certificate_filing_workflow_service_backup_20260630_173152_053434.py","backend\app\services\certificate_filing_workflow_service_backup_20260630_173152_053434.py","certificate_filing_workflow_service_backup_20260630_173152_053434.py",".py","34241","0.0327","2026-06-30T17:31:52","2026-06-30T17:22:35","SOURCE_OR_CONFIG"
"PROJECT","C:\Users\user\OneDrive\바탕 화면\한재광\회사SW\DT준전문가교육\DLAB\SW Project\halal_web","C:\Users\user\OneDrive\바탕 화면\한재광\회사SW\DT준전문가교육\DLAB\SW Project\halal_web\backend\app\services\certificate_filing_workflow_service_backup_20260630_173825_551383.py","backend\app\services\certificate_filing_workflow_service_backup_20260630_173825_551383.py","certificate_filing_workflow_service_backup_20260630_173825_551383.py",".py","42468","0.0405","2026-06-30T17:38:25","2026-06-30T17:31:52","SOURCE_OR_CONFIG"
"PROJECT","C:\Users\user\OneDrive\바탕 화면\한재광\회사SW\DT준전문가교육\DLAB\SW Project\halal_web","C:\Users\user\OneDrive\바탕 화면\한재광\회사SW\DT준전문가교육\DLAB\SW Project\halal_web\backend\app\services\certificate_filing_workflow_service_backup_20260701_100916_077000.py","backend\app\services\certificate_filing_workflow_service_backup_20260701_100916_077000.py","certificate_filing_workflow_service_backup_20260701_100916_077000.py",".py","50113","0.0478","2026-07-01T10:09:16","2026-06-30T17:38:25","SOURCE_OR_CONFIG"
"PROJECT","C:\Users\user\OneDrive\바탕 화면\한재광\회사SW\DT준전문가교육\DLAB\SW Project\halal_web","C:\Users\user\OneDrive\바탕 화면\한재광\회사SW\DT준전문가교육\DLAB\SW Project\halal_web\backend\app\services\certificate_filing_workflow_service_backup_20260701_104558_642867.py","backend\app\services\certificate_filing_workflow_service_backup_20260701_104558_642867.py","certificate_filing_workflow_service_backup_20260701_104558_642867.py",".py","50862","0.0485","2026-07-01T10:45:58","2026-07-01T10:09:16","SOURCE_OR_CONFIG"
"PROJECT","C:\Users\user\OneDrive\바탕 화면\한재광\회사SW\DT준전문가교육\DLAB\SW Project\halal_web","C:\Users\user\OneDrive\바탕 화면\한재광\회사SW\DT준전문가교육\DLAB\SW Project\halal_web\backend\app\services\certificate_rule_service.py.bak","backend\app\services\certificate_rule_service.py.bak","certificate_rule_service.py.bak",".bak","39373","0.0375","2026-06-02T14:03:49","2026-06-02T13:42:52","BACKUP"
"PROJECT","C:\Users\user\OneDrive\바탕 화면\한재광\회사SW\DT준전문가교육\DLAB\SW Project\halal_web","C:\Users\user\OneDrive\바탕 화면\한재광\회사SW\DT준전문가교육\DLAB\SW Project\halal_web\backend\app\services\certificate_rule_service.py.bak_20260630_112826","backend\app\services\certificate_rule_service.py.bak_20260630_112826","certificate_rule_service.py.bak_20260630_112826",".bak_20260630_112826","91067","0.0868","2026-06-30T11:28:26","2026-06-29T11:37:40","BACKUP"
"PROJECT","C:\Users\user\OneDrive\바탕 화면\한재광\회사SW\DT준전문가교육\DLAB\SW Project\halal_web","C:\Users\user\OneDrive\바탕 화면\한재광\회사SW\DT준전문가교육\DLAB\SW Project\halal_web\backend\app\services\certificate_rule_service.py.bak_20260630_112843","backend\app\services\certificate_rule_service.py.bak_20260630_112843","certificate_rule_service.py.bak_20260630_112843",".bak_20260630_112843","91067","0.0868","2026-06-30T11:28:43","2026-06-29T11:37:40","BACKUP"
"PROJECT","C:\Users\user\OneDrive\바탕 화면\한재광\회사SW\DT준전문가교육\DLAB\SW Project\halal_web","C:\Users\user\OneDrive\바탕 화면\한재광\회사SW\DT준전문가교육\DLAB\SW Project\halal_web\backend\app\services\certificate_rule_service.py.bak_20260630_130239","backend\app\services\certificate_rule_service.py.bak_20260630_130239","certificate_rule_service.py.bak_20260630_130239",".bak_20260630_130239","91067","0.0868","2026-06-30T13:02:39","2026-06-29T11:37:40","BACKUP"
"PROJECT","C:\Users\user\OneDrive\바탕 화면\한재광\회사SW\DT준전문가교육\DLAB\SW Project\halal_web","C:\Users\user\OneDrive\바탕 화면\한재광\회사SW\DT준전문가교육\DLAB\SW Project\halal_web\backend\app\services\certificate_rule_service.py.bak_20260630_130254","backend\app\services\certificate_rule_service.py.bak_20260630_130254","certificate_rule_service.py.bak_20260630_130254",".bak_20260630_130254","91067","0.0868","2026-06-30T13:02:54","2026-06-29T11:37:40","BACKUP"
"PROJECT","C:\Users\user\OneDrive\바탕 화면\한재광\회사SW\DT준전문가교육\DLAB\SW Project\halal_web","C:\Users\user\OneDrive\바탕 화면\한재광\회사SW\DT준전문가교육\DLAB\SW Project\halal_web\backend\app\services\certificate_rule_service.py.bak_20260630_130423","backend\app\services\certificate_rule_service.py.bak_20260630_130423","certificate_rule_service.py.bak_20260630_130423",".bak_20260630_130423","91067","0.0868","2026-06-30T13:04:23","2026-06-29T11:37:40","BACKUP"
"PROJECT","C:\Users\user\OneDrive\바탕 화면\한재광\회사SW\DT준전문가교육\DLAB\SW Project\halal_web","C:\Users\user\OneDrive\바탕 화면\한재광\회사SW\DT준전문가교육\DLAB\SW Project\halal_web\backend\app\services\certificate_rule_service.py.bak_final_delta","backend\app\services\certificate_rule_service.py.bak_final_delta","certificate_rule_service.py.bak_final_delta",".bak_final_delta","58578","0.0559","2026-06-02T15:44:55","2026-06-02T15:37:10","BACKUP"
"PROJECT","C:\Users\user\OneDrive\바탕 화면\한재광\회사SW\DT준전문가교육\DLAB\SW Project\halal_web","C:\Users\user\OneDrive\바탕 화면\한재광\회사SW\DT준전문가교육\DLAB\SW Project\halal_web\backend\app\services\certificate_rule_service.py.bak_isa_delta","backend\app\services\certificate_rule_service.py.bak_isa_delta","certificate_rule_service.py.bak_isa_delta",".bak_isa_delta","56493","0.0539","2026-06-02T15:57:58","2026-06-02T15:50:24","BACKUP"
"PROJECT","C:\Users\user\OneDrive\바탕 화면\한재광\회사SW\DT준전문가교육\DLAB\SW Project\halal_web","C:\Users\user\OneDrive\바탕 화면\한재광\회사SW\DT준전문가교육\DLAB\SW Project\halal_web\backend\app\services\certificate_rule_service.py.bak_rule_ara_juhf_bpjph_mu","backend\app\services\certificate_rule_service.py.bak_rule_ara_juhf_bpjph_mu","certificate_rule_service.py.bak_rule_ara_juhf_bpjph_mu",".bak_rule_ara_juhf_bpjph_mu","63844","0.0609","2026-06-03T11:29:27","2026-06-03T10:05:37","BACKUP"
"PROJECT","C:\Users\user\OneDrive\바탕 화면\한재광\회사SW\DT준전문가교육\DLAB\SW Project\halal_web","C:\Users\user\OneDrive\바탕 화면\한재광\회사SW\DT준전문가교육\DLAB\SW Project\halal_web\backend\app\services\certificate_rule_service.py.bak_rule_fix_20260604_2","backend\app\services\certificate_rule_service.py.bak_rule_fix_20260604_2","certificate_rule_service.py.bak_rule_fix_20260604_2",".bak_rule_fix_20260604_2","61999","0.0591","2026-06-04T11:57:25","2026-06-04T08:11:47","BACKUP"
"PROJECT","C:\Users\user\OneDrive\바탕 화면\한재광\회사SW\DT준전문가교육\DLAB\SW Project\halal_web","C:\Users\user\OneDrive\바탕 화면\한재광\회사SW\DT준전문가교육\DLAB\SW Project\halal_web\backend\app\services\certificate_rule_service_backup_20260701_144029_184472.py","backend\app\services\certificate_rule_service_backup_20260701_144029_184472.py","certificate_rule_service_backup_20260701_144029_184472.py",".py","94503","0.0901","2026-07-01T14:40:29","2026-06-30T13:04:23","SOURCE_OR_CONFIG"
"PROJECT","C:\Users\user\OneDrive\바탕 화면\한재광\회사SW\DT준전문가교육\DLAB\SW Project\halal_web","C:\Users\user\OneDrive\바탕 화면\한재광\회사SW\DT준전문가교육\DLAB\SW Project\halal_web\backend\app\services\mail_request_item_service.py.backup_20260701_172348","backend\app\services\mail_request_item_service.py.backup_20260701_172348","mail_request_item_service.py.backup_20260701_172348",".backup_20260701_172348","20879","0.0199","2026-07-01T17:23:48","2026-06-25T00:57:22","BACKUP"
"PROJECT","C:\Users\user\OneDrive\바탕 화면\한재광\회사SW\DT준전문가교육\DLAB\SW Project\halal_web","C:\Users\user\OneDrive\바탕 화면\한재광\회사SW\DT준전문가교육\DLAB\SW Project\halal_web\backend\app\services\mail_request_item_service_backup_20260702_180941.py","backend\app\services\mail_request_item_service_backup_20260702_180941.py","mail_request_item_service_backup_20260702_180941.py",".py","21930","0.0209","2026-07-02T18:09:41","2026-07-01T17:23:48","SOURCE_OR_CONFIG"
"PROJECT","C:\Users\user\OneDrive\바탕 화면\한재광\회사SW\DT준전문가교육\DLAB\SW Project\halal_web","C:\Users\user\OneDrive\바탕 화면\한재광\회사SW\DT준전문가교육\DLAB\SW Project\halal_web\backend\app\services\ocr_exporter.py.bak","backend\app\services\ocr_exporter.py.bak","ocr_exporter.py.bak",".bak","16065","0.0153","2026-06-02T14:03:59","2026-06-02T11:53:26","BACKUP"
"PROJECT","C:\Users\user\OneDrive\바탕 화면\한재광\회사SW\DT준전문가교육\DLAB\SW Project\halal_web","C:\Users\user\OneDrive\바탕 화면\한재광\회사SW\DT준전문가교육\DLAB\SW Project\halal_web\backend\app\services\ocr_service.py.bak_ocr_rule_v2_20260629_141556","backend\app\services\ocr_service.py.bak_ocr_rule_v2_20260629_141556","ocr_service.py.bak_ocr_rule_v2_20260629_141556",".bak_ocr_rule_v2_20260629_141556","42489","0.0405","2026-06-29T14:15:56","2026-06-03T10:22:15","BACKUP"
"PROJECT","C:\Users\user\OneDrive\바탕 화면\한재광\회사SW\DT준전문가교육\DLAB\SW Project\halal_web","C:\Users\user\OneDrive\바탕 화면\한재광\회사SW\DT준전문가교육\DLAB\SW Project\halal_web\backend\app\services\ocr_service_backup_20260701_155912_790134.py","backend\app\services\ocr_service_backup_20260701_155912_790134.py","ocr_service_backup_20260701_155912_790134.py",".py","42997","0.041","2026-07-01T15:59:12","2026-06-29T14:15:56","SOURCE_OR_CONFIG"
"PROJECT","C:\Users\user\OneDrive\바탕 화면\한재광\회사SW\DT준전문가교육\DLAB\SW Project\halal_web","C:\Users\user\OneDrive\바탕 화면\한재광\회사SW\DT준전문가교육\DLAB\SW Project\halal_web\backend\app\services\pmf_filing_service_backup_20260701_092937_601029.py","backend\app\services\pmf_filing_service_backup_20260701_092937_601029.py","pmf_filing_service_backup_20260701_092937_601029.py",".py","9687","0.0092","2026-07-01T09:29:37","2026-06-24T14:43:48","SOURCE_OR_CONFIG"
"PROJECT","C:\Users\user\OneDrive\바탕 화면\한재광\회사SW\DT준전문가교육\DLAB\SW Project\halal_web","C:\Users\user\OneDrive\바탕 화면\한재광\회사SW\DT준전문가교육\DLAB\SW Project\halal_web\backend\app\services\pmf_service.py.backup_20260701_172348","backend\app\services\pmf_service.py.backup_20260701_172348","pmf_service.py.backup_20260701_172348",".backup_20260701_172348","6023","0.0057","2026-07-01T17:23:48","2026-05-09T00:19:43","BACKUP"
"PROJECT","C:\Users\user\OneDrive\바탕 화면\한재광\회사SW\DT준전문가교육\DLAB\SW Project\halal_web","C:\Users\user\OneDrive\바탕 화면\한재광\회사SW\DT준전문가교육\DLAB\SW Project\halal_web\backend\scripts\migrate_old_mail_logs.py","backend\scripts\migrate_old_mail_logs.py","migrate_old_mail_logs.py",".py","5943","0.0057","2026-05-09T02:25:32","2026-05-09T02:26:05","SOURCE_OR_CONFIG"
"PROJECT","C:\Users\user\OneDrive\바탕 화면\한재광\회사SW\DT준전문가교육\DLAB\SW Project\halal_web","C:\Users\user\OneDrive\바탕 화면\한재광\회사SW\DT준전문가교육\DLAB\SW Project\halal_web\backend\scripts\remove_onedrive_runtime_backups.ps1","backend\scripts\remove_onedrive_runtime_backups.ps1","remove_onedrive_runtime_backups.ps1",".ps1","1299","0.0012","2026-06-29T14:28:23","2026-06-29T05:25:22","SOURCE_OR_CONFIG"
"PROJECT","C:\Users\user\OneDrive\바탕 화면\한재광\회사SW\DT준전문가교육\DLAB\SW Project\halal_web","C:\Users\user\OneDrive\바탕 화면\한재광\회사SW\DT준전문가교육\DLAB\SW Project\halal_web\backend\scripts\verify_and_remove_onedrive_backups.ps1","backend\scripts\verify_and_remove_onedrive_backups.ps1","verify_and_remove_onedrive_backups.ps1",".ps1","7335","0.007","2026-06-29T16:41:18","2026-06-29T07:39:34","SOURCE_OR_CONFIG"
"PROJECT","C:\Users\user\OneDrive\바탕 화면\한재광\회사SW\DT준전문가교육\DLAB\SW Project\halal_web","C:\Users\user\OneDrive\바탕 화면\한재광\회사SW\DT준전문가교육\DLAB\SW Project\halal_web\backend\scripts\verify_and_remove_onedrive_backups_v2.ps1","backend\scripts\verify_and_remove_onedrive_backups_v2.ps1","verify_and_remove_onedrive_backups_v2.ps1",".ps1","6653","0.0063","2026-06-29T16:53:38","2026-06-29T07:50:46","SOURCE_OR_CONFIG"
"PROJECT","C:\Users\user\OneDrive\바탕 화면\한재광\회사SW\DT준전문가교육\DLAB\SW Project\halal_web","C:\Users\user\OneDrive\바탕 화면\한재광\회사SW\DT준전문가교육\DLAB\SW Project\halal_web\backend\scripts\verify_long_path_backups.py","backend\scripts\verify_long_path_backups.py","verify_long_path_backups.py",".py","14059","0.0134","2026-06-29T17:01:28","2026-06-29T08:00:42","SOURCE_OR_CONFIG"
"PROJECT","C:\Users\user\OneDrive\바탕 화면\한재광\회사SW\DT준전문가교육\DLAB\SW Project\halal_web","C:\Users\user\OneDrive\바탕 화면\한재광\회사SW\DT준전문가교육\DLAB\SW Project\halal_web\backend\scripts\ml_data_augmentation\01_make_synthetic_scan_pdfs.py.bak_20260728_175752","backend\scripts\ml_data_augmentation\01_make_synthetic_scan_pdfs.py.bak_20260728_175752","01_make_synthetic_scan_pdfs.py.bak_20260728_175752",".bak_20260728_175752","19814","0.0189","2026-07-28T17:57:52","2026-07-28T17:29:20","BACKUP"
"PROJECT","C:\Users\user\OneDrive\바탕 화면\한재광\회사SW\DT준전문가교육\DLAB\SW Project\halal_web","C:\Users\user\OneDrive\바탕 화면\한재광\회사SW\DT준전문가교육\DLAB\SW Project\halal_web\_patch_backups\all_junction_paths_20260630_110223\backend\app\core\path_utils.py","_patch_backups\all_junction_paths_20260630_110223\backend\app\core\path_utils.py","path_utils.py",".py","803","0.0008","2026-06-30T11:02:23","2026-06-30T10:22:17","SOURCE_OR_CONFIG"
"PROJECT","C:\Users\user\OneDrive\바탕 화면\한재광\회사SW\DT준전문가교육\DLAB\SW Project\halal_web","C:\Users\user\OneDrive\바탕 화면\한재광\회사SW\DT준전문가교육\DLAB\SW Project\halal_web\_patch_backups\all_junction_paths_20260630_110223\backend\app\services\ocr_test_service.py","_patch_backups\all_junction_paths_20260630_110223\backend\app\services\ocr_test_service.py","ocr_test_service.py",".py","14203","0.0135","2026-06-30T11:02:24","2026-05-20T08:38:24","SOURCE_OR_CONFIG"
"PROJECT","C:\Users\user\OneDrive\바탕 화면\한재광\회사SW\DT준전문가교육\DLAB\SW Project\halal_web","C:\Users\user\OneDrive\바탕 화면\한재광\회사SW\DT준전문가교육\DLAB\SW Project\halal_web\_patch_backups\certificate_filing_phase2_1_20260625_005746\app\services\certificate_filing_workflow_service.py","_patch_backups\certificate_filing_phase2_1_20260625_005746\app\services\certificate_filing_workflow_service.py","certificate_filing_workflow_service.py",".py","19072","0.0182","2026-06-25T00:57:46","2026-06-24T14:43:48","SOURCE_OR_CONFIG"
"PROJECT","C:\Users\user\OneDrive\바탕 화면\한재광\회사SW\DT준전문가교육\DLAB\SW Project\halal_web","C:\Users\user\OneDrive\바탕 화면\한재광\회사SW\DT준전문가교육\DLAB\SW Project\halal_web\_patch_backups\certificate_filing_phase2_1_20260625_005746\app\services\mail_request_item_service.py","_patch_backups\certificate_filing_phase2_1_20260625_005746\app\services\mail_request_item_service.py","mail_request_item_service.py",".py","13607","0.013","2026-06-25T00:57:46","2026-06-24T14:43:48","SOURCE_OR_CONFIG"
"PROJECT","C:\Users\user\OneDrive\바탕 화면\한재광\회사SW\DT준전문가교육\DLAB\SW Project\halal_web","C:\Users\user\OneDrive\바탕 화면\한재광\회사SW\DT준전문가교육\DLAB\SW Project\halal_web\_patch_backups\certificate_filing_phase2_20260625_000608\app\main.py","_patch_backups\certificate_filing_phase2_20260625_000608\app\main.py","main.py",".py","1177","0.0011","2026-06-25T00:06:08","2026-06-24T23:42:53","SOURCE_OR_CONFIG"
"PROJECT","C:\Users\user\OneDrive\바탕 화면\한재광\회사SW\DT준전문가교육\DLAB\SW Project\halal_web","C:\Users\user\OneDrive\바탕 화면\한재광\회사SW\DT준전문가교육\DLAB\SW Project\halal_web\_patch_backups\certificate_filing_phase2_20260625_000608\app\routers\certificate_filing.py","_patch_backups\certificate_filing_phase2_20260625_000608\app\routers\certificate_filing.py","certificate_filing.py",".py","3121","0.003","2026-06-25T00:06:08","2026-06-24T23:42:42","SOURCE_OR_CONFIG"
"PROJECT","C:\Users\user\OneDrive\바탕 화면\한재광\회사SW\DT준전문가교육\DLAB\SW Project\halal_web","C:\Users\user\OneDrive\바탕 화면\한재광\회사SW\DT준전문가교육\DLAB\SW Project\halal_web\_patch_backups\certificate_filing_phase2_20260625_000608\app\services\certificate_filing_workflow_service.py","_patch_backups\certificate_filing_phase2_20260625_000608\app\services\certificate_filing_workflow_service.py","certificate_filing_workflow_service.py",".py","19072","0.0182","2026-06-25T00:06:08","2026-06-24T23:43:48","SOURCE_OR_CONFIG"
"PROJECT","C:\Users\user\OneDrive\바탕 화면\한재광\회사SW\DT준전문가교육\DLAB\SW Project\halal_web","C:\Users\user\OneDrive\바탕 화면\한재광\회사SW\DT준전문가교육\DLAB\SW Project\halal_web\_patch_backups\certificate_filing_phase2_20260625_000608\app\services\mail_request_item_service.py","_patch_backups\certificate_filing_phase2_20260625_000608\app\services\mail_request_item_service.py","mail_request_item_service.py",".py","13607","0.013","2026-06-25T00:06:08","2026-06-24T23:43:48","SOURCE_OR_CONFIG"
"PROJECT","C:\Users\user\OneDrive\바탕 화면\한재광\회사SW\DT준전문가교육\DLAB\SW Project\halal_web","C:\Users\user\OneDrive\바탕 화면\한재광\회사SW\DT준전문가교육\DLAB\SW Project\halal_web\_patch_backups\certificate_filing_phase2_20260625_000608\app\services\pmf_filing_service.py","_patch_backups\certificate_filing_phase2_20260625_000608\app\services\pmf_filing_service.py","pmf_filing_service.py",".py","9687","0.0092","2026-06-25T00:06:08","2026-06-24T23:43:48","SOURCE_OR_CONFIG"
"PROJECT","C:\Users\user\OneDrive\바탕 화면\한재광\회사SW\DT준전문가교육\DLAB\SW Project\halal_web","C:\Users\user\OneDrive\바탕 화면\한재광\회사SW\DT준전문가교육\DLAB\SW Project\halal_web\_patch_backups\certificate_filing_phase2_20260625_000608\scripts\test_certificate_filing_phase2.py","_patch_backups\certificate_filing_phase2_20260625_000608\scripts\test_certificate_filing_phase2.py","test_certificate_filing_phase2.py",".py","1512","0.0014","2026-06-25T00:06:08","2026-06-24T23:44:21","SOURCE_OR_CONFIG"
"PROJECT","C:\Users\user\OneDrive\바탕 화면\한재광\회사SW\DT준전문가교육\DLAB\SW Project\halal_web","C:\Users\user\OneDrive\바탕 화면\한재광\회사SW\DT준전문가교육\DLAB\SW Project\halal_web\_patch_backups\css_line_clamp_20260727_085914\frontend\src\App.css","_patch_backups\css_line_clamp_20260727_085914\frontend\src\App.css","App.css",".css","241890","0.2307","2026-07-27T08:59:14","2026-07-01T23:03:47","SOURCE_OR_CONFIG"
"PROJECT","C:\Users\user\OneDrive\바탕 화면\한재광\회사SW\DT준전문가교육\DLAB\SW Project\halal_web","C:\Users\user\OneDrive\바탕 화면\한재광\회사SW\DT준전문가교육\DLAB\SW Project\halal_web\_patch_backups\ml_classifier_phase1_20260727_085122\backup_info.txt","_patch_backups\ml_classifier_phase1_20260727_085122\backup_info.txt","backup_info.txt",".txt","393","0.0004","2026-07-27T08:51:25","2026-07-27T08:51:25","SOURCE_OR_CONFIG"
"PROJECT","C:\Users\user\OneDrive\바탕 화면\한재광\회사SW\DT준전문가교육\DLAB\SW Project\halal_web","C:\Users\user\OneDrive\바탕 화면\한재광\회사SW\DT준전문가교육\DLAB\SW Project\halal_web\_patch_backups\ml_classifier_phase1_20260727_085122\git_diff_before.patch","_patch_backups\ml_classifier_phase1_20260727_085122\git_diff_before.patch","git_diff_before.patch",".patch","136013","0.1297","2026-07-27T08:51:25","2026-07-27T08:51:25","BACKUP"
"PROJECT","C:\Users\user\OneDrive\바탕 화면\한재광\회사SW\DT준전문가교육\DLAB\SW Project\halal_web","C:\Users\user\OneDrive\바탕 화면\한재광\회사SW\DT준전문가교육\DLAB\SW Project\halal_web\_patch_backups\ml_classifier_phase1_20260727_085122\git_status_before.txt","_patch_backups\ml_classifier_phase1_20260727_085122\git_status_before.txt","git_status_before.txt",".txt","4032","0.0038","2026-07-27T08:51:24","2026-07-27T08:51:24","SOURCE_OR_CONFIG"
"PROJECT","C:\Users\user\OneDrive\바탕 화면\한재광\회사SW\DT준전문가교육\DLAB\SW Project\halal_web","C:\Users\user\OneDrive\바탕 화면\한재광\회사SW\DT준전문가교육\DLAB\SW Project\halal_web\_patch_backups\ml_classifier_phase1_20260727_085122\pip_freeze_after.txt","_patch_backups\ml_classifier_phase1_20260727_085122\pip_freeze_after.txt","pip_freeze_after.txt",".txt","937","0.0009","2026-07-27T08:52:00","2026-07-27T08:52:00","SOURCE_OR_CONFIG"
"PROJECT","C:\Users\user\OneDrive\바탕 화면\한재광\회사SW\DT준전문가교육\DLAB\SW Project\halal_web","C:\Users\user\OneDrive\바탕 화면\한재광\회사SW\DT준전문가교육\DLAB\SW Project\halal_web\_patch_backups\ml_classifier_phase1_20260727_085122\pip_freeze_before.txt","_patch_backups\ml_classifier_phase1_20260727_085122\pip_freeze_before.txt","pip_freeze_before.txt",".txt","846","0.0008","2026-07-27T08:51:24","2026-07-27T08:51:24","SOURCE_OR_CONFIG"
"PROJECT","C:\Users\user\OneDrive\바탕 화면\한재광\회사SW\DT준전문가교육\DLAB\SW Project\halal_web","C:\Users\user\OneDrive\바탕 화면\한재광\회사SW\DT준전문가교육\DLAB\SW Project\halal_web\_patch_backups\ml_classifier_phase1_20260727_085122\backend\requirements.txt","_patch_backups\ml_classifier_phase1_20260727_085122\backend\requirements.txt","requirements.txt",".txt","228","0.0002","2026-07-27T08:51:22","2026-06-24T22:06:11","SOURCE_OR_CONFIG"
"PROJECT","C:\Users\user\OneDrive\바탕 화면\한재광\회사SW\DT준전문가교육\DLAB\SW Project\halal_web","C:\Users\user\OneDrive\바탕 화면\한재광\회사SW\DT준전문가교육\DLAB\SW Project\halal_web\_patch_backups\ml_classifier_phase2_ocr_20260727_091505\backup_info.txt","_patch_backups\ml_classifier_phase2_ocr_20260727_091505\backup_info.txt","backup_info.txt",".txt","438","0.0004","2026-07-27T09:15:06","2026-07-27T09:15:06","SOURCE_OR_CONFIG"
"PROJECT","C:\Users\user\OneDrive\바탕 화면\한재광\회사SW\DT준전문가교육\DLAB\SW Project\halal_web","C:\Users\user\OneDrive\바탕 화면\한재광\회사SW\DT준전문가교육\DLAB\SW Project\halal_web\_patch_backups\ml_classifier_phase2_ocr_20260727_091505\git_diff_before.patch","_patch_backups\ml_classifier_phase2_ocr_20260727_091505\git_diff_before.patch","git_diff_before.patch",".patch","136628","0.1303","2026-07-27T09:15:06","2026-07-27T09:15:06","BACKUP"
"PROJECT","C:\Users\user\OneDrive\바탕 화면\한재광\회사SW\DT준전문가교육\DLAB\SW Project\halal_web","C:\Users\user\OneDrive\바탕 화면\한재광\회사SW\DT준전문가교육\DLAB\SW Project\halal_web\_patch_backups\ml_classifier_phase2_ocr_20260727_091505\git_status_before.txt","_patch_backups\ml_classifier_phase2_ocr_20260727_091505\git_status_before.txt","git_status_before.txt",".txt","4277","0.0041","2026-07-27T09:15:06","2026-07-27T09:15:06","SOURCE_OR_CONFIG"
"PROJECT","C:\Users\user\OneDrive\바탕 화면\한재광\회사SW\DT준전문가교육\DLAB\SW Project\halal_web","C:\Users\user\OneDrive\바탕 화면\한재광\회사SW\DT준전문가교육\DLAB\SW Project\halal_web\_patch_backups\ml_classifier_phase2_ocr_20260727_091505\pip_freeze_after.txt","_patch_backups\ml_classifier_phase2_ocr_20260727_091505\pip_freeze_after.txt","pip_freeze_after.txt",".txt","1227","0.0012","2026-07-27T09:40:09","2026-07-27T09:40:09","SOURCE_OR_CONFIG"
"PROJECT","C:\Users\user\OneDrive\바탕 화면\한재광\회사SW\DT준전문가교육\DLAB\SW Project\halal_web","C:\Users\user\OneDrive\바탕 화면\한재광\회사SW\DT준전문가교육\DLAB\SW Project\halal_web\_patch_backups\ml_classifier_phase2_ocr_20260727_091505\pip_freeze_before.txt","_patch_backups\ml_classifier_phase2_ocr_20260727_091505\pip_freeze_before.txt","pip_freeze_before.txt",".txt","937","0.0009","2026-07-27T09:15:06","2026-07-27T09:15:06","SOURCE_OR_CONFIG"
"PROJECT","C:\Users\user\OneDrive\바탕 화면\한재광\회사SW\DT준전문가교육\DLAB\SW Project\halal_web","C:\Users\user\OneDrive\바탕 화면\한재광\회사SW\DT준전문가교육\DLAB\SW Project\halal_web\_patch_backups\ml_classifier_phase2_ocr_20260727_091505\backend\requirements.txt","_patch_backups\ml_classifier_phase2_ocr_20260727_091505\backend\requirements.txt","requirements.txt",".txt","280","0.0003","2026-07-27T09:15:05","2026-07-27T08:51:59","SOURCE_OR_CONFIG"
"PROJECT","C:\Users\user\OneDrive\바탕 화면\한재광\회사SW\DT준전문가교육\DLAB\SW Project\halal_web","C:\Users\user\OneDrive\바탕 화면\한재광\회사SW\DT준전문가교육\DLAB\SW Project\halal_web\_patch_backups\ml_classifier_phase2_ocr_20260727_091505\frontend\src\App.css","_patch_backups\ml_classifier_phase2_ocr_20260727_091505\frontend\src\App.css","App.css",".css","254530","0.2427","2026-07-27T09:15:05","2026-07-27T08:59:14","SOURCE_OR_CONFIG"
"PROJECT","C:\Users\user\OneDrive\바탕 화면\한재광\회사SW\DT준전문가교육\DLAB\SW Project\halal_web","C:\Users\user\OneDrive\바탕 화면\한재광\회사SW\DT준전문가교육\DLAB\SW Project\halal_web\_patch_backups\ml_classifier_phase3b_label_fix_20260727_114115\git_diff_before.patch","_patch_backups\ml_classifier_phase3b_label_fix_20260727_114115\git_diff_before.patch","git_diff_before.patch",".patch","136565","0.1302","2026-07-27T11:41:15","2026-07-27T11:41:15","BACKUP"
"PROJECT","C:\Users\user\OneDrive\바탕 화면\한재광\회사SW\DT준전문가교육\DLAB\SW Project\halal_web","C:\Users\user\OneDrive\바탕 화면\한재광\회사SW\DT준전문가교육\DLAB\SW Project\halal_web\_patch_backups\ml_classifier_phase3b_label_fix_20260727_114115\git_status_before.txt","_patch_backups\ml_classifier_phase3b_label_fix_20260727_114115\git_status_before.txt","git_status_before.txt",".txt","4445","0.0042","2026-07-27T11:41:15","2026-07-27T11:41:15","SOURCE_OR_CONFIG"
"PROJECT","C:\Users\user\OneDrive\바탕 화면\한재광\회사SW\DT준전문가교육\DLAB\SW Project\halal_web","C:\Users\user\OneDrive\바탕 화면\한재광\회사SW\DT준전문가교육\DLAB\SW Project\halal_web\_patch_backups\ml_classifier_phase3b_label_fix_20260727_114115\pip_freeze_before.txt","_patch_backups\ml_classifier_phase3b_label_fix_20260727_114115\pip_freeze_before.txt","pip_freeze_before.txt",".txt","1227","0.0012","2026-07-27T11:41:15","2026-07-27T11:41:15","SOURCE_OR_CONFIG"
"PROJECT","C:\Users\user\OneDrive\바탕 화면\한재광\회사SW\DT준전문가교육\DLAB\SW Project\halal_web","C:\Users\user\OneDrive\바탕 화면\한재광\회사SW\DT준전문가교육\DLAB\SW Project\halal_web\_patch_backups\ml_classifier_phase3b_label_fix_20260727_114115\backend\scripts\ml_certificate_classifier\02_train_classifier.py","_patch_backups\ml_classifier_phase3b_label_fix_20260727_114115\backend\scripts\ml_certificate_classifier\02_train_classifier.py","02_train_classifier.py",".py","38659","0.0369","2026-07-27T11:41:15","2026-07-27T11:18:03","SOURCE_OR_CONFIG"
"PROJECT","C:\Users\user\OneDrive\바탕 화면\한재광\회사SW\DT준전문가교육\DLAB\SW Project\halal_web","C:\Users\user\OneDrive\바탕 화면\한재광\회사SW\DT준전문가교육\DLAB\SW Project\halal_web\_patch_backups\ml_classifier_phase3b_label_fix_20260727_114115\runtime\current_dataset_before.txt","_patch_backups\ml_classifier_phase3b_label_fix_20260727_114115\runtime\current_dataset_before.txt","current_dataset_before.txt",".txt","80","0.0001","2026-07-27T11:41:15","2026-07-23T17:34:54","SOURCE_OR_CONFIG"
"PROJECT","C:\Users\user\OneDrive\바탕 화면\한재광\회사SW\DT준전문가교육\DLAB\SW Project\halal_web","C:\Users\user\OneDrive\바탕 화면\한재광\회사SW\DT준전문가교육\DLAB\SW Project\halal_web\_patch_backups\ml_classifier_phase3b_label_fix_20260727_114115\runtime\current_model_before.txt","_patch_backups\ml_classifier_phase3b_label_fix_20260727_114115\runtime\current_model_before.txt","current_model_before.txt",".txt","90","0.0001","2026-07-27T11:41:15","2026-07-27T11:18:19","SOURCE_OR_CONFIG"
"PROJECT","C:\Users\user\OneDrive\바탕 화면\한재광\회사SW\DT준전문가교육\DLAB\SW Project\halal_web","C:\Users\user\OneDrive\바탕 화면\한재광\회사SW\DT준전문가교육\DLAB\SW Project\halal_web\_patch_backups\ml_classifier_phase3b_label_fix_20260727_114115\runtime\latest_model_training_before.txt","_patch_backups\ml_classifier_phase3b_label_fix_20260727_114115\runtime\latest_model_training_before.txt","latest_model_training_before.txt",".txt","82","0.0001","2026-07-27T11:41:15","2026-07-27T11:18:19","SOURCE_OR_CONFIG"
"PROJECT","C:\Users\user\OneDrive\바탕 화면\한재광\회사SW\DT준전문가교육\DLAB\SW Project\halal_web","C:\Users\user\OneDrive\바탕 화면\한재광\회사SW\DT준전문가교육\DLAB\SW Project\halal_web\_patch_backups\ml_classifier_phase3_20260727_111751\backup_info.txt","_patch_backups\ml_classifier_phase3_20260727_111751\backup_info.txt","backup_info.txt",".txt","759","0.0007","2026-07-27T11:17:54","2026-07-27T11:17:54","SOURCE_OR_CONFIG"
"PROJECT","C:\Users\user\OneDrive\바탕 화면\한재광\회사SW\DT준전문가교육\DLAB\SW Project\halal_web","C:\Users\user\OneDrive\바탕 화면\한재광\회사SW\DT준전문가교육\DLAB\SW Project\halal_web\_patch_backups\ml_classifier_phase3_20260727_111751\git_diff_before.patch","_patch_backups\ml_classifier_phase3_20260727_111751\git_diff_before.patch","git_diff_before.patch",".patch","136565","0.1302","2026-07-27T11:17:54","2026-07-27T11:17:54","BACKUP"
"PROJECT","C:\Users\user\OneDrive\바탕 화면\한재광\회사SW\DT준전문가교육\DLAB\SW Project\halal_web","C:\Users\user\OneDrive\바탕 화면\한재광\회사SW\DT준전문가교육\DLAB\SW Project\halal_web\_patch_backups\ml_classifier_phase3_20260727_111751\git_status_before.txt","_patch_backups\ml_classifier_phase3_20260727_111751\git_status_before.txt","git_status_before.txt",".txt","4334","0.0041","2026-07-27T11:17:54","2026-07-27T11:17:54","SOURCE_OR_CONFIG"
"PROJECT","C:\Users\user\OneDrive\바탕 화면\한재광\회사SW\DT준전문가교육\DLAB\SW Project\halal_web","C:\Users\user\OneDrive\바탕 화면\한재광\회사SW\DT준전문가교육\DLAB\SW Project\halal_web\_patch_backups\ml_classifier_phase3_20260727_111751\pip_freeze_after.txt","_patch_backups\ml_classifier_phase3_20260727_111751\pip_freeze_after.txt","pip_freeze_after.txt",".txt","1227","0.0012","2026-07-27T11:18:20","2026-07-27T11:18:20","SOURCE_OR_CONFIG"
"PROJECT","C:\Users\user\OneDrive\바탕 화면\한재광\회사SW\DT준전문가교육\DLAB\SW Project\halal_web","C:\Users\user\OneDrive\바탕 화면\한재광\회사SW\DT준전문가교육\DLAB\SW Project\halal_web\_patch_backups\ml_classifier_phase3_20260727_111751\pip_freeze_before.txt","_patch_backups\ml_classifier_phase3_20260727_111751\pip_freeze_before.txt","pip_freeze_before.txt",".txt","1227","0.0012","2026-07-27T11:17:53","2026-07-27T11:17:54","SOURCE_OR_CONFIG"
"PROJECT","C:\Users\user\OneDrive\바탕 화면\한재광\회사SW\DT준전문가교육\DLAB\SW Project\halal_web","C:\Users\user\OneDrive\바탕 화면\한재광\회사SW\DT준전문가교육\DLAB\SW Project\halal_web\_patch_backups\ml_classifier_phase3_20260727_111751\backend\requirements.txt","_patch_backups\ml_classifier_phase3_20260727_111751\backend\requirements.txt","requirements.txt",".txt","335","0.0003","2026-07-27T11:17:51","2026-07-27T09:15:37","SOURCE_OR_CONFIG"
"PROJECT","C:\Users\user\OneDrive\바탕 화면\한재광\회사SW\DT준전문가교육\DLAB\SW Project\halal_web","C:\Users\user\OneDrive\바탕 화면\한재광\회사SW\DT준전문가교육\DLAB\SW Project\halal_web\_patch_backups\ml_field_labels_phase4a2_20260728_135717\git_diff_before.patch","_patch_backups\ml_field_labels_phase4a2_20260728_135717\git_diff_before.patch","git_diff_before.patch",".patch","137623","0.1312","2026-07-28T13:57:19","2026-07-28T13:57:19","BACKUP"
"PROJECT","C:\Users\user\OneDrive\바탕 화면\한재광\회사SW\DT준전문가교육\DLAB\SW Project\halal_web","C:\Users\user\OneDrive\바탕 화면\한재광\회사SW\DT준전문가교육\DLAB\SW Project\halal_web\_patch_backups\ml_field_labels_phase4a2_20260728_135717\git_status_before.txt","_patch_backups\ml_field_labels_phase4a2_20260728_135717\git_status_before.txt","git_status_before.txt",".txt","4710","0.0045","2026-07-28T13:57:19","2026-07-28T13:57:19","SOURCE_OR_CONFIG"
"PROJECT","C:\Users\user\OneDrive\바탕 화면\한재광\회사SW\DT준전문가교육\DLAB\SW Project\halal_web","C:\Users\user\OneDrive\바탕 화면\한재광\회사SW\DT준전문가교육\DLAB\SW Project\halal_web\_patch_backups\ml_field_labels_phase4a2_20260728_135717\pip_freeze_before.txt","_patch_backups\ml_field_labels_phase4a2_20260728_135717\pip_freeze_before.txt","pip_freeze_before.txt",".txt","1227","0.0012","2026-07-28T13:57:19","2026-07-28T13:57:19","SOURCE_OR_CONFIG"
"PROJECT","C:\Users\user\OneDrive\바탕 화면\한재광\회사SW\DT준전문가교육\DLAB\SW Project\halal_web","C:\Users\user\OneDrive\바탕 화면\한재광\회사SW\DT준전문가교육\DLAB\SW Project\halal_web\_patch_backups\ml_field_labels_phase4a_20260727_174321\git_status_before.txt","_patch_backups\ml_field_labels_phase4a_20260727_174321\git_status_before.txt","git_status_before.txt",".txt","4505","0.0043","2026-07-27T17:43:23","2026-07-27T17:43:23","SOURCE_OR_CONFIG"
"PROJECT","C:\Users\user\OneDrive\바탕 화면\한재광\회사SW\DT준전문가교육\DLAB\SW Project\halal_web","C:\Users\user\OneDrive\바탕 화면\한재광\회사SW\DT준전문가교육\DLAB\SW Project\halal_web\_patch_backups\ml_field_labels_phase4a_20260727_174321\pip_freeze.txt","_patch_backups\ml_field_labels_phase4a_20260727_174321\pip_freeze.txt","pip_freeze.txt",".txt","1227","0.0012","2026-07-27T17:43:23","2026-07-27T17:43:23","SOURCE_OR_CONFIG"
"PROJECT","C:\Users\user\OneDrive\바탕 화면\한재광\회사SW\DT준전문가교육\DLAB\SW Project\halal_web","C:\Users\user\OneDrive\바탕 화면\한재광\회사SW\DT준전문가교육\DLAB\SW Project\halal_web\_patch_backups\ml_field_labels_phase4a_20260727_175411\git_diff_before.patch","_patch_backups\ml_field_labels_phase4a_20260727_175411\git_diff_before.patch","git_diff_before.patch",".patch","137623","0.1312","2026-07-27T17:54:11","2026-07-27T17:54:11","BACKUP"
"PROJECT","C:\Users\user\OneDrive\바탕 화면\한재광\회사SW\DT준전문가교육\DLAB\SW Project\halal_web","C:\Users\user\OneDrive\바탕 화면\한재광\회사SW\DT준전문가교육\DLAB\SW Project\halal_web\_patch_backups\ml_field_labels_phase4a_20260727_175411\git_status_before.txt","_patch_backups\ml_field_labels_phase4a_20260727_175411\git_status_before.txt","git_status_before.txt",".txt","4565","0.0044","2026-07-27T17:54:11","2026-07-27T17:54:11","SOURCE_OR_CONFIG"
"PROJECT","C:\Users\user\OneDrive\바탕 화면\한재광\회사SW\DT준전문가교육\DLAB\SW Project\halal_web","C:\Users\user\OneDrive\바탕 화면\한재광\회사SW\DT준전문가교육\DLAB\SW Project\halal_web\_patch_backups\ml_field_labels_phase4a_20260727_175411\pip_freeze.txt","_patch_backups\ml_field_labels_phase4a_20260727_175411\pip_freeze.txt","pip_freeze.txt",".txt","1227","0.0012","2026-07-27T17:54:11","2026-07-27T17:54:11","SOURCE_OR_CONFIG"
"PROJECT","C:\Users\user\OneDrive\바탕 화면\한재광\회사SW\DT준전문가교육\DLAB\SW Project\halal_web","C:\Users\user\OneDrive\바탕 화면\한재광\회사SW\DT준전문가교육\DLAB\SW Project\halal_web\_patch_backups\ml_field_rankers_phase4b_20260728_142316\git_diff_before.patch","_patch_backups\ml_field_rankers_phase4b_20260728_142316\git_diff_before.patch","git_diff_before.patch",".patch","137623","0.1312","2026-07-28T14:23:16","2026-07-28T14:23:16","BACKUP"
"PROJECT","C:\Users\user\OneDrive\바탕 화면\한재광\회사SW\DT준전문가교육\DLAB\SW Project\halal_web","C:\Users\user\OneDrive\바탕 화면\한재광\회사SW\DT준전문가교육\DLAB\SW Project\halal_web\_patch_backups\ml_field_rankers_phase4b_20260728_142316\git_status_before.txt","_patch_backups\ml_field_rankers_phase4b_20260728_142316\git_status_before.txt","git_status_before.txt",".txt","4817","0.0046","2026-07-28T14:23:16","2026-07-28T14:23:16","SOURCE_OR_CONFIG"
"PROJECT","C:\Users\user\OneDrive\바탕 화면\한재광\회사SW\DT준전문가교육\DLAB\SW Project\halal_web","C:\Users\user\OneDrive\바탕 화면\한재광\회사SW\DT준전문가교육\DLAB\SW Project\halal_web\_patch_backups\ml_field_rankers_phase4b_20260728_142316\pip_freeze_before.txt","_patch_backups\ml_field_rankers_phase4b_20260728_142316\pip_freeze_before.txt","pip_freeze_before.txt",".txt","1227","0.0012","2026-07-28T14:23:16","2026-07-28T14:23:16","SOURCE_OR_CONFIG"
"PROJECT","C:\Users\user\OneDrive\바탕 화면\한재광\회사SW\DT준전문가교육\DLAB\SW Project\halal_web","C:\Users\user\OneDrive\바탕 화면\한재광\회사SW\DT준전문가교육\DLAB\SW Project\halal_web\_patch_backups\ml_field_span_rankers_phase4b2_20260728_144231\git_diff_before.patch","_patch_backups\ml_field_span_rankers_phase4b2_20260728_144231\git_diff_before.patch","git_diff_before.patch",".patch","137623","0.1312","2026-07-28T14:42:31","2026-07-28T14:42:31","BACKUP"
"PROJECT","C:\Users\user\OneDrive\바탕 화면\한재광\회사SW\DT준전문가교육\DLAB\SW Project\halal_web","C:\Users\user\OneDrive\바탕 화면\한재광\회사SW\DT준전문가교육\DLAB\SW Project\halal_web\_patch_backups\ml_field_span_rankers_phase4b2_20260728_144231\git_status_before.txt","_patch_backups\ml_field_span_rankers_phase4b2_20260728_144231\git_status_before.txt","git_status_before.txt",".txt","4929","0.0047","2026-07-28T14:42:31","2026-07-28T14:42:31","SOURCE_OR_CONFIG"
"PROJECT","C:\Users\user\OneDrive\바탕 화면\한재광\회사SW\DT준전문가교육\DLAB\SW Project\halal_web","C:\Users\user\OneDrive\바탕 화면\한재광\회사SW\DT준전문가교육\DLAB\SW Project\halal_web\_patch_backups\ml_field_span_rankers_phase4b2_20260728_144231\pip_freeze_before.txt","_patch_backups\ml_field_span_rankers_phase4b2_20260728_144231\pip_freeze_before.txt","pip_freeze_before.txt",".txt","1227","0.0012","2026-07-28T14:42:31","2026-07-28T14:42:31","SOURCE_OR_CONFIG"
"PROJECT","C:\Users\user\OneDrive\바탕 화면\한재광\회사SW\DT준전문가교육\DLAB\SW Project\halal_web","C:\Users\user\OneDrive\바탕 화면\한재광\회사SW\DT준전문가교육\DLAB\SW Project\halal_web\_patch_backups\ml_product_items_phase4c_20260728_150520\git_diff_before.patch","_patch_backups\ml_product_items_phase4c_20260728_150520\git_diff_before.patch","git_diff_before.patch",".patch","137623","0.1312","2026-07-28T15:05:20","2026-07-28T15:05:20","BACKUP"
"PROJECT","C:\Users\user\OneDrive\바탕 화면\한재광\회사SW\DT준전문가교육\DLAB\SW Project\halal_web","C:\Users\user\OneDrive\바탕 화면\한재광\회사SW\DT준전문가교육\DLAB\SW Project\halal_web\_patch_backups\ml_product_items_phase4c_20260728_150520\git_status_before.txt","_patch_backups\ml_product_items_phase4c_20260728_150520\git_status_before.txt","git_status_before.txt",".txt","5040","0.0048","2026-07-28T15:05:20","2026-07-28T15:05:20","SOURCE_OR_CONFIG"
"PROJECT","C:\Users\user\OneDrive\바탕 화면\한재광\회사SW\DT준전문가교육\DLAB\SW Project\halal_web","C:\Users\user\OneDrive\바탕 화면\한재광\회사SW\DT준전문가교육\DLAB\SW Project\halal_web\_patch_backups\ml_product_items_phase4c_20260728_150520\pip_freeze_before.txt","_patch_backups\ml_product_items_phase4c_20260728_150520\pip_freeze_before.txt","pip_freeze_before.txt",".txt","1227","0.0012","2026-07-28T15:05:20","2026-07-28T15:05:20","SOURCE_OR_CONFIG"
"PROJECT","C:\Users\user\OneDrive\바탕 화면\한재광\회사SW\DT준전문가교육\DLAB\SW Project\halal_web","C:\Users\user\OneDrive\바탕 화면\한재광\회사SW\DT준전문가교육\DLAB\SW Project\halal_web\_patch_backups\ml_product_ocr_bias_phase4c1_20260728_161110\git_diff_before.patch","_patch_backups\ml_product_ocr_bias_phase4c1_20260728_161110\git_diff_before.patch","git_diff_before.patch",".patch","137623","0.1312","2026-07-28T16:11:11","2026-07-28T16:11:11","BACKUP"
"PROJECT","C:\Users\user\OneDrive\바탕 화면\한재광\회사SW\DT준전문가교육\DLAB\SW Project\halal_web","C:\Users\user\OneDrive\바탕 화면\한재광\회사SW\DT준전문가교육\DLAB\SW Project\halal_web\_patch_backups\ml_product_ocr_bias_phase4c1_20260728_161110\git_status_before.txt","_patch_backups\ml_product_ocr_bias_phase4c1_20260728_161110\git_status_before.txt","git_status_before.txt",".txt","5155","0.0049","2026-07-28T16:11:11","2026-07-28T16:11:11","SOURCE_OR_CONFIG"
"PROJECT","C:\Users\user\OneDrive\바탕 화면\한재광\회사SW\DT준전문가교육\DLAB\SW Project\halal_web","C:\Users\user\OneDrive\바탕 화면\한재광\회사SW\DT준전문가교육\DLAB\SW Project\halal_web\_patch_backups\ml_product_ocr_bias_phase4c1_20260728_161110\pip_freeze_before.txt","_patch_backups\ml_product_ocr_bias_phase4c1_20260728_161110\pip_freeze_before.txt","pip_freeze_before.txt",".txt","1227","0.0012","2026-07-28T16:11:11","2026-07-28T16:11:11","SOURCE_OR_CONFIG"
"PROJECT","C:\Users\user\OneDrive\바탕 화면\한재광\회사SW\DT준전문가교육\DLAB\SW Project\halal_web","C:\Users\user\OneDrive\바탕 화면\한재광\회사SW\DT준전문가교육\DLAB\SW Project\halal_web\_patch_backups\ocr_rule_v2_20260629_141556\certificate_rule_service.py","_patch_backups\ocr_rule_v2_20260629_141556\certificate_rule_service.py","certificate_rule_service.py",".py","91067","0.0868","2026-06-29T14:15:56","2026-06-29T11:37:40","SOURCE_OR_CONFIG"
"PROJECT","C:\Users\user\OneDrive\바탕 화면\한재광\회사SW\DT준전문가교육\DLAB\SW Project\halal_web","C:\Users\user\OneDrive\바탕 화면\한재광\회사SW\DT준전문가교육\DLAB\SW Project\halal_web\_patch_backups\ocr_rule_v2_20260629_141556\ocr_context_service.py","_patch_backups\ocr_rule_v2_20260629_141556\ocr_context_service.py","ocr_context_service.py",".py","7694","0.0073","2026-06-29T14:15:56","2026-06-29T11:37:40","SOURCE_OR_CONFIG"
"PROJECT","C:\Users\user\OneDrive\바탕 화면\한재광\회사SW\DT준전문가교육\DLAB\SW Project\halal_web","C:\Users\user\OneDrive\바탕 화면\한재광\회사SW\DT준전문가교육\DLAB\SW Project\halal_web\_patch_backups\ocr_rule_v2_20260629_141556\ocr_service.py","_patch_backups\ocr_rule_v2_20260629_141556\ocr_service.py","ocr_service.py",".py","42489","0.0405","2026-06-29T14:15:56","2026-06-03T10:22:15","SOURCE_OR_CONFIG"
"PROJECT","C:\Users\user\OneDrive\바탕 화면\한재광\회사SW\DT준전문가교육\DLAB\SW Project\halal_web","C:\Users\user\OneDrive\바탕 화면\한재광\회사SW\DT준전문가교육\DLAB\SW Project\halal_web\_patch_backups\storage_fallback_20260629_172449\backend\app\core\config.py","_patch_backups\storage_fallback_20260629_172449\backend\app\core\config.py","config.py",".py","2381","0.0023","2026-06-29T17:24:49","2026-06-24T22:06:11","SOURCE_OR_CONFIG"
"PROJECT","C:\Users\user\OneDrive\바탕 화면\한재광\회사SW\DT준전문가교육\DLAB\SW Project\halal_web","C:\Users\user\OneDrive\바탕 화면\한재광\회사SW\DT준전문가교육\DLAB\SW Project\halal_web\_patch_backups\storage_fallback_20260629_172449\backend\app\services\filing_name_service.py","_patch_backups\storage_fallback_20260629_172449\backend\app\services\filing_name_service.py","filing_name_service.py",".py","5067","0.0048","2026-06-29T17:24:49","2026-06-24T09:10:58","SOURCE_OR_CONFIG"
"PROJECT","C:\Users\user\OneDrive\바탕 화면\한재광\회사SW\DT준전문가교육\DLAB\SW Project\halal_web","C:\Users\user\OneDrive\바탕 화면\한재광\회사SW\DT준전문가교육\DLAB\SW Project\halal_web\_patch_backups\storage_fallback_20260629_172457\backend\app\core\config.py","_patch_backups\storage_fallback_20260629_172457\backend\app\core\config.py","config.py",".py","2538","0.0024","2026-06-29T17:24:57","2026-06-29T17:24:49","SOURCE_OR_CONFIG"
"PROJECT","C:\Users\user\OneDrive\바탕 화면\한재광\회사SW\DT준전문가교육\DLAB\SW Project\halal_web","C:\Users\user\OneDrive\바탕 화면\한재광\회사SW\DT준전문가교육\DLAB\SW Project\halal_web\_patch_backups\storage_fallback_20260629_172457\backend\app\services\filing_name_service.py","_patch_backups\storage_fallback_20260629_172457\backend\app\services\filing_name_service.py","filing_name_service.py",".py","5185","0.0049","2026-06-29T17:24:57","2026-06-29T17:24:49","SOURCE_OR_CONFIG"
"PROJECT","C:\Users\user\OneDrive\바탕 화면\한재광\회사SW\DT준전문가교육\DLAB\SW Project\halal_web","C:\Users\user\OneDrive\바탕 화면\한재광\회사SW\DT준전문가교육\DLAB\SW Project\halal_web\_patch_backups\storage_fallback_20260629_172457\backend\app\services\storage_path_service.py","_patch_backups\storage_fallback_20260629_172457\backend\app\services\storage_path_service.py","storage_path_service.py",".py","3629","0.0035","2026-06-29T17:24:57","2026-06-29T17:24:40","SOURCE_OR_CONFIG"
"PROJECT","C:\Users\user\OneDrive\바탕 화면\한재광\회사SW\DT준전문가교육\DLAB\SW Project\halal_web","C:\Users\user\OneDrive\바탕 화면\한재광\회사SW\DT준전문가교육\DLAB\SW Project\halal_web\_patch_backups\storage_fallback_20260629_172457\backend\scripts\audit_storage_paths.ps1","_patch_backups\storage_fallback_20260629_172457\backend\scripts\audit_storage_paths.ps1","audit_storage_paths.ps1",".ps1","2983","0.0028","2026-06-29T17:24:57","2026-06-29T17:24:40","SOURCE_OR_CONFIG"
"PROJECT","C:\Users\user\OneDrive\바탕 화면\한재광\회사SW\DT준전문가교육\DLAB\SW Project\halal_web","C:\Users\user\OneDrive\바탕 화면\한재광\회사SW\DT준전문가교육\DLAB\SW Project\halal_web\_patch_backups\storage_fallback_20260629_172457\backend\scripts\start_demo_backend.ps1","_patch_backups\storage_fallback_20260629_172457\backend\scripts\start_demo_backend.ps1","start_demo_backend.ps1",".ps1","3559","0.0034","2026-06-29T17:24:57","2026-06-29T17:24:40","SOURCE_OR_CONFIG"
"PROJECT","C:\Users\user\OneDrive\바탕 화면\한재광\회사SW\DT준전문가교육\DLAB\SW Project\halal_web","C:\Users\user\OneDrive\바탕 화면\한재광\회사SW\DT준전문가교육\DLAB\SW Project\halal_web\_patch_backups\storage_fallback_20260629_172457\backend\scripts\test_filing_storage.py","_patch_backups\storage_fallback_20260629_172457\backend\scripts\test_filing_storage.py","test_filing_storage.py",".py","2269","0.0022","2026-06-29T17:24:57","2026-06-29T17:24:40","SOURCE_OR_CONFIG"
"PROJECT","C:\Users\user\OneDrive\바탕 화면\한재광\회사SW\DT준전문가교육\DLAB\SW Project\halal_web","C:\Users\user\OneDrive\바탕 화면\한재광\회사SW\DT준전문가교육\DLAB\SW Project\halal_web\_patch_backups\storage_fallback_20260629_172457\backend\scripts\test_ocr_api.py","_patch_backups\storage_fallback_20260629_172457\backend\scripts\test_ocr_api.py","test_ocr_api.py",".py","4607","0.0044","2026-06-29T17:24:57","2026-06-29T17:24:40","SOURCE_OR_CONFIG"
"PROJECT","C:\Users\user\OneDrive\바탕 화면\한재광\회사SW\DT준전문가교육\DLAB\SW Project\halal_web","C:\Users\user\OneDrive\바탕 화면\한재광\회사SW\DT준전문가교육\DLAB\SW Project\halal_web\_patch_backups\storage_fallback_20260629_172547\backend\app\core\config.py","_patch_backups\storage_fallback_20260629_172547\backend\app\core\config.py","config.py",".py","2538","0.0024","2026-06-29T17:25:47","2026-06-29T17:24:57","SOURCE_OR_CONFIG"
"PROJECT","C:\Users\user\OneDrive\바탕 화면\한재광\회사SW\DT준전문가교육\DLAB\SW Project\halal_web","C:\Users\user\OneDrive\바탕 화면\한재광\회사SW\DT준전문가교육\DLAB\SW Project\halal_web\_patch_backups\storage_fallback_20260629_172547\backend\app\services\filing_name_service.py","_patch_backups\storage_fallback_20260629_172547\backend\app\services\filing_name_service.py","filing_name_service.py",".py","5185","0.0049","2026-06-29T17:25:47","2026-06-29T17:24:57","SOURCE_OR_CONFIG"
"PROJECT","C:\Users\user\OneDrive\바탕 화면\한재광\회사SW\DT준전문가교육\DLAB\SW Project\halal_web","C:\Users\user\OneDrive\바탕 화면\한재광\회사SW\DT준전문가교육\DLAB\SW Project\halal_web\_patch_backups\storage_fallback_20260629_172547\backend\app\services\storage_path_service.py","_patch_backups\storage_fallback_20260629_172547\backend\app\services\storage_path_service.py","storage_path_service.py",".py","3629","0.0035","2026-06-29T17:25:47","2026-06-29T17:24:40","SOURCE_OR_CONFIG"
"PROJECT","C:\Users\user\OneDrive\바탕 화면\한재광\회사SW\DT준전문가교육\DLAB\SW Project\halal_web","C:\Users\user\OneDrive\바탕 화면\한재광\회사SW\DT준전문가교육\DLAB\SW Project\halal_web\_patch_backups\storage_fallback_20260629_172547\backend\scripts\audit_storage_paths.ps1","_patch_backups\storage_fallback_20260629_172547\backend\scripts\audit_storage_paths.ps1","audit_storage_paths.ps1",".ps1","2983","0.0028","2026-06-29T17:25:47","2026-06-29T17:24:40","SOURCE_OR_CONFIG"
"PROJECT","C:\Users\user\OneDrive\바탕 화면\한재광\회사SW\DT준전문가교육\DLAB\SW Project\halal_web","C:\Users\user\OneDrive\바탕 화면\한재광\회사SW\DT준전문가교육\DLAB\SW Project\halal_web\_patch_backups\storage_fallback_20260629_172547\backend\scripts\start_demo_backend.ps1","_patch_backups\storage_fallback_20260629_172547\backend\scripts\start_demo_backend.ps1","start_demo_backend.ps1",".ps1","3559","0.0034","2026-06-29T17:25:47","2026-06-29T17:24:40","SOURCE_OR_CONFIG"
"PROJECT","C:\Users\user\OneDrive\바탕 화면\한재광\회사SW\DT준전문가교육\DLAB\SW Project\halal_web","C:\Users\user\OneDrive\바탕 화면\한재광\회사SW\DT준전문가교육\DLAB\SW Project\halal_web\_patch_backups\storage_fallback_20260629_172547\backend\scripts\test_filing_storage.py","_patch_backups\storage_fallback_20260629_172547\backend\scripts\test_filing_storage.py","test_filing_storage.py",".py","2269","0.0022","2026-06-29T17:25:47","2026-06-29T17:24:40","SOURCE_OR_CONFIG"
"PROJECT","C:\Users\user\OneDrive\바탕 화면\한재광\회사SW\DT준전문가교육\DLAB\SW Project\halal_web","C:\Users\user\OneDrive\바탕 화면\한재광\회사SW\DT준전문가교육\DLAB\SW Project\halal_web\_patch_backups\storage_fallback_20260629_172547\backend\scripts\test_ocr_api.py","_patch_backups\storage_fallback_20260629_172547\backend\scripts\test_ocr_api.py","test_ocr_api.py",".py","4607","0.0044","2026-06-29T17:25:47","2026-06-29T17:24:40","SOURCE_OR_CONFIG"
"PROJECT","C:\Users\user\OneDrive\바탕 화면\한재광\회사SW\DT준전문가교육\DLAB\SW Project\halal_web","C:\Users\user\OneDrive\바탕 화면\한재광\회사SW\DT준전문가교육\DLAB\SW Project\halal_web\_patch_backups\storage_fallback_20260629_172604\backend\app\core\config.py","_patch_backups\storage_fallback_20260629_172604\backend\app\core\config.py","config.py",".py","2538","0.0024","2026-06-29T17:26:04","2026-06-29T17:25:47","SOURCE_OR_CONFIG"
"PROJECT","C:\Users\user\OneDrive\바탕 화면\한재광\회사SW\DT준전문가교육\DLAB\SW Project\halal_web","C:\Users\user\OneDrive\바탕 화면\한재광\회사SW\DT준전문가교육\DLAB\SW Project\halal_web\_patch_backups\storage_fallback_20260629_172604\backend\app\services\filing_name_service.py","_patch_backups\storage_fallback_20260629_172604\backend\app\services\filing_name_service.py","filing_name_service.py",".py","5185","0.0049","2026-06-29T17:26:04","2026-06-29T17:25:47","SOURCE_OR_CONFIG"
"PROJECT","C:\Users\user\OneDrive\바탕 화면\한재광\회사SW\DT준전문가교육\DLAB\SW Project\halal_web","C:\Users\user\OneDrive\바탕 화면\한재광\회사SW\DT준전문가교육\DLAB\SW Project\halal_web\_patch_backups\storage_fallback_20260629_172604\backend\app\services\storage_path_service.py","_patch_backups\storage_fallback_20260629_172604\backend\app\services\storage_path_service.py","storage_path_service.py",".py","3629","0.0035","2026-06-29T17:26:04","2026-06-29T17:24:40","SOURCE_OR_CONFIG"
"PROJECT","C:\Users\user\OneDrive\바탕 화면\한재광\회사SW\DT준전문가교육\DLAB\SW Project\halal_web","C:\Users\user\OneDrive\바탕 화면\한재광\회사SW\DT준전문가교육\DLAB\SW Project\halal_web\_patch_backups\storage_fallback_20260629_172604\backend\scripts\audit_storage_paths.ps1","_patch_backups\storage_fallback_20260629_172604\backend\scripts\audit_storage_paths.ps1","audit_storage_paths.ps1",".ps1","2983","0.0028","2026-06-29T17:26:04","2026-06-29T17:24:40","SOURCE_OR_CONFIG"
"PROJECT","C:\Users\user\OneDrive\바탕 화면\한재광\회사SW\DT준전문가교육\DLAB\SW Project\halal_web","C:\Users\user\OneDrive\바탕 화면\한재광\회사SW\DT준전문가교육\DLAB\SW Project\halal_web\_patch_backups\storage_fallback_20260629_172604\backend\scripts\start_demo_backend.ps1","_patch_backups\storage_fallback_20260629_172604\backend\scripts\start_demo_backend.ps1","start_demo_backend.ps1",".ps1","3559","0.0034","2026-06-29T17:26:04","2026-06-29T17:24:40","SOURCE_OR_CONFIG"
"PROJECT","C:\Users\user\OneDrive\바탕 화면\한재광\회사SW\DT준전문가교육\DLAB\SW Project\halal_web","C:\Users\user\OneDrive\바탕 화면\한재광\회사SW\DT준전문가교육\DLAB\SW Project\halal_web\_patch_backups\storage_fallback_20260629_172604\backend\scripts\test_filing_storage.py","_patch_backups\storage_fallback_20260629_172604\backend\scripts\test_filing_storage.py","test_filing_storage.py",".py","2269","0.0022","2026-06-29T17:26:04","2026-06-29T17:24:40","SOURCE_OR_CONFIG"
"PROJECT","C:\Users\user\OneDrive\바탕 화면\한재광\회사SW\DT준전문가교육\DLAB\SW Project\halal_web","C:\Users\user\OneDrive\바탕 화면\한재광\회사SW\DT준전문가교육\DLAB\SW Project\halal_web\_patch_backups\storage_fallback_20260629_172604\backend\scripts\test_ocr_api.py","_patch_backups\storage_fallback_20260629_172604\backend\scripts\test_ocr_api.py","test_ocr_api.py",".py","4607","0.0044","2026-06-29T17:26:04","2026-06-29T17:24:40","SOURCE_OR_CONFIG"
"PROJECT","C:\Users\user\OneDrive\바탕 화면\한재광\회사SW\DT준전문가교육\DLAB\SW Project\halal_web","C:\Users\user\OneDrive\바탕 화면\한재광\회사SW\DT준전문가교육\DLAB\SW Project\halal_web\_patch_backups\storage_fallback_20260629_172618\backend\app\core\config.py","_patch_backups\storage_fallback_20260629_172618\backend\app\core\config.py","config.py",".py","2538","0.0024","2026-06-29T17:26:18","2026-06-29T17:26:04","SOURCE_OR_CONFIG"
"PROJECT","C:\Users\user\OneDrive\바탕 화면\한재광\회사SW\DT준전문가교육\DLAB\SW Project\halal_web","C:\Users\user\OneDrive\바탕 화면\한재광\회사SW\DT준전문가교육\DLAB\SW Project\halal_web\_patch_backups\storage_fallback_20260629_172618\backend\app\services\filing_name_service.py","_patch_backups\storage_fallback_20260629_172618\backend\app\services\filing_name_service.py","filing_name_service.py",".py","5185","0.0049","2026-06-29T17:26:18","2026-06-29T17:26:04","SOURCE_OR_CONFIG"
"PROJECT","C:\Users\user\OneDrive\바탕 화면\한재광\회사SW\DT준전문가교육\DLAB\SW Project\halal_web","C:\Users\user\OneDrive\바탕 화면\한재광\회사SW\DT준전문가교육\DLAB\SW Project\halal_web\_patch_backups\storage_fallback_20260629_172618\backend\app\services\storage_path_service.py","_patch_backups\storage_fallback_20260629_172618\backend\app\services\storage_path_service.py","storage_path_service.py",".py","3629","0.0035","2026-06-29T17:26:18","2026-06-29T17:24:40","SOURCE_OR_CONFIG"
"PROJECT","C:\Users\user\OneDrive\바탕 화면\한재광\회사SW\DT준전문가교육\DLAB\SW Project\halal_web","C:\Users\user\OneDrive\바탕 화면\한재광\회사SW\DT준전문가교육\DLAB\SW Project\halal_web\_patch_backups\storage_fallback_20260629_172618\backend\scripts\audit_storage_paths.ps1","_patch_backups\storage_fallback_20260629_172618\backend\scripts\audit_storage_paths.ps1","audit_storage_paths.ps1",".ps1","2983","0.0028","2026-06-29T17:26:18","2026-06-29T17:24:40","SOURCE_OR_CONFIG"
"PROJECT","C:\Users\user\OneDrive\바탕 화면\한재광\회사SW\DT준전문가교육\DLAB\SW Project\halal_web","C:\Users\user\OneDrive\바탕 화면\한재광\회사SW\DT준전문가교육\DLAB\SW Project\halal_web\_patch_backups\storage_fallback_20260629_172618\backend\scripts\start_demo_backend.ps1","_patch_backups\storage_fallback_20260629_172618\backend\scripts\start_demo_backend.ps1","start_demo_backend.ps1",".ps1","3559","0.0034","2026-06-29T17:26:18","2026-06-29T17:24:40","SOURCE_OR_CONFIG"
"PROJECT","C:\Users\user\OneDrive\바탕 화면\한재광\회사SW\DT준전문가교육\DLAB\SW Project\halal_web","C:\Users\user\OneDrive\바탕 화면\한재광\회사SW\DT준전문가교육\DLAB\SW Project\halal_web\_patch_backups\storage_fallback_20260629_172618\backend\scripts\test_filing_storage.py","_patch_backups\storage_fallback_20260629_172618\backend\scripts\test_filing_storage.py","test_filing_storage.py",".py","2269","0.0022","2026-06-29T17:26:18","2026-06-29T17:24:40","SOURCE_OR_CONFIG"
"PROJECT","C:\Users\user\OneDrive\바탕 화면\한재광\회사SW\DT준전문가교육\DLAB\SW Project\halal_web","C:\Users\user\OneDrive\바탕 화면\한재광\회사SW\DT준전문가교육\DLAB\SW Project\halal_web\_patch_backups\storage_fallback_20260629_172618\backend\scripts\test_ocr_api.py","_patch_backups\storage_fallback_20260629_172618\backend\scripts\test_ocr_api.py","test_ocr_api.py",".py","4607","0.0044","2026-06-29T17:26:18","2026-06-29T17:24:40","SOURCE_OR_CONFIG"
"PROJECT","C:\Users\user\OneDrive\바탕 화면\한재광\회사SW\DT준전문가교육\DLAB\SW Project\halal_web","C:\Users\user\OneDrive\바탕 화면\한재광\회사SW\DT준전문가교육\DLAB\SW Project\halal_web\_patch_backups\synthetic_scan_generator_20260728_172920\backend\scripts\ml_data_augmentation\01_make_synthetic_scan_pdfs.py","_patch_backups\synthetic_scan_generator_20260728_172920\backend\scripts\ml_data_augmentation\01_make_synthetic_scan_pdfs.py","01_make_synthetic_scan_pdfs.py",".py","19814","0.0189","2026-07-28T17:29:20","2026-07-28T17:27:15","SOURCE_OR_CONFIG"
"RUNTIME","D:\halal_web_runtime","D:\halal_web_runtime\backup_long_path_verification_20260629_170151.json","backup_long_path_verification_20260629_170151.json","backup_long_path_verification_20260629_170151.json",".json","576205","0.5495","2026-06-29T17:01:51","2026-06-29T17:01:51","SOURCE_OR_CONFIG"
"RUNTIME","D:\halal_web_runtime","D:\halal_web_runtime\backup_long_path_verification_20260629_170335.json","backup_long_path_verification_20260629_170335.json","backup_long_path_verification_20260629_170335.json",".json","573690","0.5471","2026-06-29T17:03:35","2026-06-29T17:03:35","SOURCE_OR_CONFIG"
"RUNTIME","D:\halal_web_runtime","D:\halal_web_runtime\backup_long_path_verification_20260629_170348.json","backup_long_path_verification_20260629_170348.json","backup_long_path_verification_20260629_170348.json",".json","573690","0.5471","2026-06-29T17:03:48","2026-06-29T17:03:48","SOURCE_OR_CONFIG"
"RUNTIME","D:\halal_web_runtime","D:\halal_web_runtime\cache\source_pmf\pmf_backups\active_pmf_20260701_231426_219486.xlsm","cache\source_pmf\pmf_backups\active_pmf_20260701_231426_219486.xlsm","active_pmf_20260701_231426_219486.xlsm",".xlsm","43054342","41.0598","2026-07-01T23:14:26","2026-05-29T08:11:17","PMF_WORKBOOK"
"RUNTIME","D:\halal_web_runtime","D:\halal_web_runtime\cache\source_pmf\pmf_backups\active_pmf_20260701_231730_842053.xlsm","cache\source_pmf\pmf_backups\active_pmf_20260701_231730_842053.xlsm","active_pmf_20260701_231730_842053.xlsm",".xlsm","8174750","7.796","2026-07-01T23:17:30","2026-07-01T23:16:38","PMF_WORKBOOK"
"RUNTIME","D:\halal_web_runtime","D:\halal_web_runtime\cache\source_pmf\pmf_backups\active_pmf_20260701_232252_145241.xlsm","cache\source_pmf\pmf_backups\active_pmf_20260701_232252_145241.xlsm","active_pmf_20260701_232252_145241.xlsm",".xlsm","8014717","7.6434","2026-07-01T23:22:52","2026-07-01T23:18:54","PMF_WORKBOOK"
"RUNTIME","D:\halal_web_runtime","D:\halal_web_runtime\integration_tests\job521_73jiyrsv\pmf_backups\active_pmf_test_copy_20260630_174900_225429.xlsm","integration_tests\job521_73jiyrsv\pmf_backups\active_pmf_test_copy_20260630_174900_225429.xlsm","active_pmf_test_copy_20260630_174900_225429.xlsm",".xlsm","43054342","41.0598","2026-06-30T17:49:00","2026-05-29T08:11:17","PMF_WORKBOOK"
"RUNTIME","D:\halal_web_runtime","D:\halal_web_runtime\integration_tests\job521_9u3piffh\pmf_backups\active_pmf_test_copy_20260701_092957_681367.xlsm","integration_tests\job521_9u3piffh\pmf_backups\active_pmf_test_copy_20260701_092957_681367.xlsm","active_pmf_test_copy_20260701_092957_681367.xlsm",".xlsm","43054342","41.0598","2026-07-01T09:29:57","2026-05-29T08:11:17","PMF_WORKBOOK"
"RUNTIME","D:\halal_web_runtime","D:\halal_web_runtime\integration_tests\job521_oklexr4r\pmf_backups\active_pmf_test_copy_20260630_175155_920815.xlsm","integration_tests\job521_oklexr4r\pmf_backups\active_pmf_test_copy_20260630_175155_920815.xlsm","active_pmf_test_copy_20260630_175155_920815.xlsm",".xlsm","43054342","41.0598","2026-06-30T17:51:55","2026-05-29T08:11:17","PMF_WORKBOOK"
"RUNTIME","D:\halal_web_runtime","D:\halal_web_runtime\integration_tests\job521_replace_wbd847bt\pmf_backups\active_pmf_test_copy_20260701_094544_789053.xlsm","integration_tests\job521_replace_wbd847bt\pmf_backups\active_pmf_test_copy_20260701_094544_789053.xlsm","active_pmf_test_copy_20260701_094544_789053.xlsm",".xlsm","43054342","41.0598","2026-07-01T09:45:44","2026-05-29T08:11:17","PMF_WORKBOOK"
"RUNTIME","D:\halal_web_runtime","D:\halal_web_runtime\integration_tests\job521_replace_zg2phxsi\pmf_backups\active_pmf_test_copy_20260701_101155_065635.xlsm","integration_tests\job521_replace_zg2phxsi\pmf_backups\active_pmf_test_copy_20260701_101155_065635.xlsm","active_pmf_test_copy_20260701_101155_065635.xlsm",".xlsm","43054342","41.0598","2026-07-01T10:11:55","2026-05-29T08:11:17","PMF_WORKBOOK"
"RUNTIME","D:\halal_web_runtime","D:\halal_web_runtime\_onedrive_backup_archive\cache.__onedrive_backup_20260629_144030\source_pmf\active_pmf.xlsm","_onedrive_backup_archive\cache.__onedrive_backup_20260629_144030\source_pmf\active_pmf.xlsm","active_pmf.xlsm",".xlsm","43054342","41.0598","2026-05-09T00:20:50","2026-05-29T08:11:17","PMF_WORKBOOK"
"RUNTIME","D:\halal_web_runtime","D:\halal_web_runtime\_onedrive_backup_archive\cache.__onedrive_backup_20260629_144030\source_pmf\active_pmf_meta.json","_onedrive_backup_archive\cache.__onedrive_backup_20260629_144030\source_pmf\active_pmf_meta.json","active_pmf_meta.json",".json","676","0.0006","2026-05-09T00:20:54","2026-06-25T00:32:17","SOURCE_OR_CONFIG"
"RUNTIME","D:\halal_web_runtime","D:\halal_web_runtime\_onedrive_backup_archive\data.__onedrive_backup_20260629_144030\filing\certificate_filing_history.jsonl","_onedrive_backup_archive\data.__onedrive_backup_20260629_144030\filing\certificate_filing_history.jsonl","certificate_filing_history.jsonl",".jsonl","3350","0.0032","2026-06-24T18:55:29","2026-06-24T22:00:11","SOURCE_OR_CONFIG"
"RUNTIME","D:\halal_web_runtime","D:\halal_web_runtime\_onedrive_backup_archive\data.__onedrive_backup_20260629_144030\mail_downloads\2026-05-21\HALAL-REQ-20260504-73B3120C\body.txt","_onedrive_backup_archive\data.__onedrive_backup_20260629_144030\mail_downloads\2026-05-21\HALAL-REQ-20260504-73B3120C\body.txt","body.txt",".txt","2602","0.0025","2026-05-25T13:28:42","2026-05-25T13:28:42","SOURCE_OR_CONFIG"
"RUNTIME","D:\halal_web_runtime","D:\halal_web_runtime\_onedrive_backup_archive\data.__onedrive_backup_20260629_144030\mail_downloads\2026-05-21\HALAL-REQ-20260504-73B3120C\mail_meta.json","_onedrive_backup_archive\data.__onedrive_backup_20260629_144030\mail_downloads\2026-05-21\HALAL-REQ-20260504-73B3120C\mail_meta.json","mail_meta.json",".json","5276","0.005","2026-05-25T13:28:42","2026-05-25T13:28:42","SOURCE_OR_CONFIG"
"RUNTIME","D:\halal_web_runtime","D:\halal_web_runtime\_onedrive_backup_archive\data.__onedrive_backup_20260629_144030\mail_downloads\2026-05-21\HALAL-REQ-20260504-73B3120C\attachments\HALAL-REQ-20260504-73B3120C__001__[전분당] KMF HALAL Corn Starch etc. 9 (~27.12.07)_(재)발효미생물산업진흥원(한국미생물).pdf","_onedrive_backup_archive\data.__onedrive_backup_20260629_144030\mail_downloads\2026-05-21\HALAL-REQ-20260504-73B3120C\attachments\HALAL-REQ-20260504-73B3120C__001__[전분당] KMF HALAL Corn Starch etc. 9 (~27.12.07)_(재)발효미생물산업진흥원(한국미생물).pdf","HALAL-REQ-20260504-73B3120C__001__[전분당] KMF HALAL Corn Starch etc. 9 (~27.12.07)_(재)발효미생물산업진흥원(한국미생물).pdf",".pdf","446482","0.4258","2026-05-25T13:28:42","2026-05-25T13:28:42","PDF"
"RUNTIME","D:\halal_web_runtime","D:\halal_web_runtime\_onedrive_backup_archive\data.__onedrive_backup_20260629_144030\mail_downloads\2026-05-22\HALAL-REQ-20260504-365CEC9A\body.txt","_onedrive_backup_archive\data.__onedrive_backup_20260629_144030\mail_downloads\2026-05-22\HALAL-REQ-20260504-365CEC9A\body.txt","body.txt",".txt","5741","0.0055","2026-05-25T13:28:42","2026-05-25T13:28:42","SOURCE_OR_CONFIG"
"RUNTIME","D:\halal_web_runtime","D:\halal_web_runtime\_onedrive_backup_archive\data.__onedrive_backup_20260629_144030\mail_downloads\2026-05-22\HALAL-REQ-20260504-365CEC9A\mail_meta.json","_onedrive_backup_archive\data.__onedrive_backup_20260629_144030\mail_downloads\2026-05-22\HALAL-REQ-20260504-365CEC9A\mail_meta.json","mail_meta.json",".json","9517","0.0091","2026-05-25T13:28:42","2026-05-25T13:28:42","SOURCE_OR_CONFIG"
"RUNTIME","D:\halal_web_runtime","D:\halal_web_runtime\_onedrive_backup_archive\data.__onedrive_backup_20260629_144030\mail_downloads\2026-05-22\HALAL-REQ-20260504-365CEC9A\attachments\HALAL-REQ-20260504-365CEC9A__001__L-글루탐산 HALAL by 28.05.17.pdf","_onedrive_backup_archive\data.__onedrive_backup_20260629_144030\mail_downloads\2026-05-22\HALAL-REQ-20260504-365CEC9A\attachments\HALAL-REQ-20260504-365CEC9A__001__L-글루탐산 HALAL by 28.05.17.pdf","HALAL-REQ-20260504-365CEC9A__001__L-글루탐산 HALAL by 28.05.17.pdf",".pdf","1594213","1.5204","2026-05-25T13:28:42","2026-05-25T13:28:42","PDF"
"RUNTIME","D:\halal_web_runtime","D:\halal_web_runtime\_onedrive_backup_archive\data.__onedrive_backup_20260629_144030\mail_downloads\2026-05-22\HALAL-REQ-20260504-365CEC9A\attachments\HALAL-REQ-20260504-365CEC9A__002__HALAL Certificate (~2028.12.24).pdf","_onedrive_backup_archive\data.__onedrive_backup_20260629_144030\mail_downloads\2026-05-22\HALAL-REQ-20260504-365CEC9A\attachments\HALAL-REQ-20260504-365CEC9A__002__HALAL Certificate (~2028.12.24).pdf","HALAL-REQ-20260504-365CEC9A__002__HALAL Certificate (~2028.12.24).pdf",".pdf","74352","0.0709","2026-05-25T13:28:42","2026-05-25T13:28:42","PDF"
"RUNTIME","D:\halal_web_runtime","D:\halal_web_runtime\_onedrive_backup_archive\data.__onedrive_backup_20260629_144030\mail_downloads\2026-05-22\HALAL-REQ-20260504-365CEC9A\attachments\HALAL-REQ-20260504-365CEC9A__003__NU55_할랄서류.pdf","_onedrive_backup_archive\data.__onedrive_backup_20260629_144030\mail_downloads\2026-05-22\HALAL-REQ-20260504-365CEC9A\attachments\HALAL-REQ-20260504-365CEC9A__003__NU55_할랄서류.pdf","HALAL-REQ-20260504-365CEC9A__003__NU55_할랄서류.pdf",".pdf","423406","0.4038","2026-05-25T13:28:42","2026-05-25T13:28:42","PDF"
"RUNTIME","D:\halal_web_runtime","D:\halal_web_runtime\_onedrive_backup_archive\data.__onedrive_backup_20260629_144030\mail_downloads\2026-05-26\HALAL-REQ-20260504-1874ECAD\body.txt","_onedrive_backup_archive\data.__onedrive_backup_20260629_144030\mail_downloads\2026-05-26\HALAL-REQ-20260504-1874ECAD\body.txt","body.txt",".txt","5250","0.005","2026-06-03T09:11:45","2026-06-03T09:11:45","SOURCE_OR_CONFIG"
"RUNTIME","D:\halal_web_runtime","D:\halal_web_runtime\_onedrive_backup_archive\data.__onedrive_backup_20260629_144030\mail_downloads\2026-05-26\HALAL-REQ-20260504-1874ECAD\mail_meta.json","_onedrive_backup_archive\data.__onedrive_backup_20260629_144030\mail_downloads\2026-05-26\HALAL-REQ-20260504-1874ECAD\mail_meta.json","mail_meta.json",".json","7911","0.0075","2026-06-03T09:11:45","2026-06-03T09:11:45","SOURCE_OR_CONFIG"
"RUNTIME","D:\halal_web_runtime","D:\halal_web_runtime\_onedrive_backup_archive\data.__onedrive_backup_20260629_144030\mail_downloads\2026-05-26\HALAL-REQ-20260504-1874ECAD\attachments\HALAL-REQ-20260504-1874ECAD__001__962539 Halal (~'28.05.31).pdf","_onedrive_backup_archive\data.__onedrive_backup_20260629_144030\mail_downloads\2026-05-26\HALAL-REQ-20260504-1874ECAD\attachments\HALAL-REQ-20260504-1874ECAD__001__962539 Halal (~'28.05.31).pdf","HALAL-REQ-20260504-1874ECAD__001__962539 Halal (~'28.05.31).pdf",".pdf","464060","0.4426","2026-06-03T09:11:45","2026-06-03T09:11:45","PDF"
"RUNTIME","D:\halal_web_runtime","D:\halal_web_runtime\_onedrive_backup_archive\data.__onedrive_backup_20260629_144030\mail_downloads\HALAL-REQ-20260504-0127D0FA\body.txt","_onedrive_backup_archive\data.__onedrive_backup_20260629_144030\mail_downloads\HALAL-REQ-20260504-0127D0FA\body.txt","body.txt",".txt","1691","0.0016","2026-05-11T18:40:20","2026-05-11T18:40:20","SOURCE_OR_CONFIG"
"RUNTIME","D:\halal_web_runtime","D:\halal_web_runtime\_onedrive_backup_archive\data.__onedrive_backup_20260629_144030\mail_downloads\HALAL-REQ-20260504-0127D0FA\mail_meta.json","_onedrive_backup_archive\data.__onedrive_backup_20260629_144030\mail_downloads\HALAL-REQ-20260504-0127D0FA\mail_meta.json","mail_meta.json",".json","2288","0.0022","2026-05-11T18:40:20","2026-05-11T18:40:20","SOURCE_OR_CONFIG"
"RUNTIME","D:\halal_web_runtime","D:\halal_web_runtime\_onedrive_backup_archive\data.__onedrive_backup_20260629_144030\mail_downloads\HALAL-REQ-20260504-0127D0FA\attachments\HALAL-REQ-20260504-0127D0FA__001__BPJPH_교차인정기관_안내.pdf","_onedrive_backup_archive\data.__onedrive_backup_20260629_144030\mail_downloads\HALAL-REQ-20260504-0127D0FA\attachments\HALAL-REQ-20260504-0127D0FA__001__BPJPH_교차인정기관_안내.pdf","HALAL-REQ-20260504-0127D0FA__001__BPJPH_교차인정기관_안내.pdf",".pdf","13848359","13.2068","2026-05-11T18:40:20","2026-05-11T18:40:20","PDF"
"RUNTIME","D:\halal_web_runtime","D:\halal_web_runtime\_onedrive_backup_archive\data.__onedrive_backup_20260629_144030\mail_downloads\HALAL-REQ-20260504-059852B5\body.txt","_onedrive_backup_archive\data.__onedrive_backup_20260629_144030\mail_downloads\HALAL-REQ-20260504-059852B5\body.txt","body.txt",".txt","4055","0.0039","2026-05-11T18:40:06","2026-05-11T18:40:06","SOURCE_OR_CONFIG"
"RUNTIME","D:\halal_web_runtime","D:\halal_web_runtime\_onedrive_backup_archive\data.__onedrive_backup_20260629_144030\mail_downloads\HALAL-REQ-20260504-059852B5\mail_meta.json","_onedrive_backup_archive\data.__onedrive_backup_20260629_144030\mail_downloads\HALAL-REQ-20260504-059852B5\mail_meta.json","mail_meta.json",".json","4623","0.0044","2026-05-11T18:40:06","2026-05-11T18:40:06","SOURCE_OR_CONFIG"
"RUNTIME","D:\halal_web_runtime","D:\halal_web_runtime\_onedrive_backup_archive\data.__onedrive_backup_20260629_144030\mail_downloads\HALAL-REQ-20260504-059852B5\attachments\HALAL-REQ-20260504-059852B5__001__신양_할랄인증서(BPJPH)_Seasoning_26.03.12~유효기간없음.pdf","_onedrive_backup_archive\data.__onedrive_backup_20260629_144030\mail_downloads\HALAL-REQ-20260504-059852B5\attachments\HALAL-REQ-20260504-059852B5__001__신양_할랄인증서(BPJPH)_Seasoning_26.03.12~유효기간없음.pdf","HALAL-REQ-20260504-059852B5__001__신양_할랄인증서(BPJPH)_Seasoning_26.03.12~유효기간없음.pdf",".pdf","1326981","1.2655","2026-05-11T18:40:06","2026-05-11T18:40:06","PDF"
"RUNTIME","D:\halal_web_runtime","D:\halal_web_runtime\_onedrive_backup_archive\data.__onedrive_backup_20260629_144030\mail_downloads\HALAL-REQ-20260504-096B0407\body.txt","_onedrive_backup_archive\data.__onedrive_backup_20260629_144030\mail_downloads\HALAL-REQ-20260504-096B0407\body.txt","body.txt",".txt","5133","0.0049","2026-05-11T18:05:01","2026-05-11T18:05:01","SOURCE_OR_CONFIG"
"RUNTIME","D:\halal_web_runtime","D:\halal_web_runtime\_onedrive_backup_archive\data.__onedrive_backup_20260629_144030\mail_downloads\HALAL-REQ-20260504-096B0407\mail_meta.json","_onedrive_backup_archive\data.__onedrive_backup_20260629_144030\mail_downloads\HALAL-REQ-20260504-096B0407\mail_meta.json","mail_meta.json",".json","5757","0.0055","2026-05-11T18:05:01","2026-05-11T18:05:01","SOURCE_OR_CONFIG"
"RUNTIME","D:\halal_web_runtime","D:\halal_web_runtime\_onedrive_backup_archive\data.__onedrive_backup_20260629_144030\mail_downloads\HALAL-REQ-20260504-096B0407\attachments\HALAL-REQ-20260504-096B0407__001__image001.png","_onedrive_backup_archive\data.__onedrive_backup_20260629_144030\mail_downloads\HALAL-REQ-20260504-096B0407\attachments\HALAL-REQ-20260504-096B0407__001__image001.png","HALAL-REQ-20260504-096B0407__001__image001.png",".png","7902","0.0075","2026-05-11T18:05:01","2026-05-11T18:05:01","BACKUP"
"RUNTIME","D:\halal_web_runtime","D:\halal_web_runtime\_onedrive_backup_archive\data.__onedrive_backup_20260629_144030\mail_downloads\HALAL-REQ-20260504-096B0407\attachments\HALAL-REQ-20260504-096B0407__002__Halal Certificate ZFS 26-27.pdf","_onedrive_backup_archive\data.__onedrive_backup_20260629_144030\mail_downloads\HALAL-REQ-20260504-096B0407\attachments\HALAL-REQ-20260504-096B0407__002__Halal Certificate ZFS 26-27.pdf","HALAL-REQ-20260504-096B0407__002__Halal Certificate ZFS 26-27.pdf",".pdf","273442","0.2608","2026-05-11T18:05:01","2026-05-11T18:05:01","PDF"
"RUNTIME","D:\halal_web_runtime","D:\halal_web_runtime\_onedrive_backup_archive\data.__onedrive_backup_20260629_144030\mail_downloads\HALAL-REQ-20260504-0D1E1B8B\body.txt","_onedrive_backup_archive\data.__onedrive_backup_20260629_144030\mail_downloads\HALAL-REQ-20260504-0D1E1B8B\body.txt","body.txt",".txt","3750","0.0036","2026-05-11T18:28:34","2026-05-11T18:28:34","SOURCE_OR_CONFIG"
"RUNTIME","D:\halal_web_runtime","D:\halal_web_runtime\_onedrive_backup_archive\data.__onedrive_backup_20260629_144030\mail_downloads\HALAL-REQ-20260504-0D1E1B8B\mail_meta.json","_onedrive_backup_archive\data.__onedrive_backup_20260629_144030\mail_downloads\HALAL-REQ-20260504-0D1E1B8B\mail_meta.json","mail_meta.json",".json","4399","0.0042","2026-05-11T18:28:34","2026-05-11T18:28:34","SOURCE_OR_CONFIG"
"RUNTIME","D:\halal_web_runtime","D:\halal_web_runtime\_onedrive_backup_archive\data.__onedrive_backup_20260629_144030\mail_downloads\HALAL-REQ-20260504-1874ECAD\body.txt","_onedrive_backup_archive\data.__onedrive_backup_20260629_144030\mail_downloads\HALAL-REQ-20260504-1874ECAD\body.txt","body.txt",".txt","1617","0.0015","2026-05-11T18:40:10","2026-05-11T18:40:10","SOURCE_OR_CONFIG"
"RUNTIME","D:\halal_web_runtime","D:\halal_web_runtime\_onedrive_backup_archive\data.__onedrive_backup_20260629_144030\mail_downloads\HALAL-REQ-20260504-1874ECAD\mail_meta.json","_onedrive_backup_archive\data.__onedrive_backup_20260629_144030\mail_downloads\HALAL-REQ-20260504-1874ECAD\mail_meta.json","mail_meta.json",".json","2184","0.0021","2026-05-11T18:40:10","2026-05-11T18:40:10","SOURCE_OR_CONFIG"
"RUNTIME","D:\halal_web_runtime","D:\halal_web_runtime\_onedrive_backup_archive\data.__onedrive_backup_20260629_144030\mail_downloads\HALAL-REQ-20260504-1874ECAD\attachments\HALAL-REQ-20260504-1874ECAD__001__BPJPH_교차인정기관_안내.pdf","_onedrive_backup_archive\data.__onedrive_backup_20260629_144030\mail_downloads\HALAL-REQ-20260504-1874ECAD\attachments\HALAL-REQ-20260504-1874ECAD__001__BPJPH_교차인정기관_안내.pdf","HALAL-REQ-20260504-1874ECAD__001__BPJPH_교차인정기관_안내.pdf",".pdf","13848359","13.2068","2026-05-11T18:40:10","2026-05-11T18:40:10","PDF"
"RUNTIME","D:\halal_web_runtime","D:\halal_web_runtime\_onedrive_backup_archive\data.__onedrive_backup_20260629_144030\mail_downloads\HALAL-REQ-20260504-365CEC9A\body.txt","_onedrive_backup_archive\data.__onedrive_backup_20260629_144030\mail_downloads\HALAL-REQ-20260504-365CEC9A\body.txt","body.txt",".txt","2311","0.0022","2026-05-11T18:40:13","2026-05-11T18:40:13","SOURCE_OR_CONFIG"
"RUNTIME","D:\halal_web_runtime","D:\halal_web_runtime\_onedrive_backup_archive\data.__onedrive_backup_20260629_144030\mail_downloads\HALAL-REQ-20260504-365CEC9A\mail_meta.json","_onedrive_backup_archive\data.__onedrive_backup_20260629_144030\mail_downloads\HALAL-REQ-20260504-365CEC9A\mail_meta.json","mail_meta.json",".json","2878","0.0027","2026-05-11T18:40:13","2026-05-11T18:40:13","SOURCE_OR_CONFIG"
"RUNTIME","D:\halal_web_runtime","D:\halal_web_runtime\_onedrive_backup_archive\data.__onedrive_backup_20260629_144030\mail_downloads\HALAL-REQ-20260504-365CEC9A\attachments\HALAL-REQ-20260504-365CEC9A__001__BPJPH_교차인정기관_안내.pdf","_onedrive_backup_archive\data.__onedrive_backup_20260629_144030\mail_downloads\HALAL-REQ-20260504-365CEC9A\attachments\HALAL-REQ-20260504-365CEC9A__001__BPJPH_교차인정기관_안내.pdf","HALAL-REQ-20260504-365CEC9A__001__BPJPH_교차인정기관_안내.pdf",".pdf","13848359","13.2068","2026-05-11T18:40:13","2026-05-11T18:40:13","PDF"
"RUNTIME","D:\halal_web_runtime","D:\halal_web_runtime\_onedrive_backup_archive\data.__onedrive_backup_20260629_144030\mail_downloads\HALAL-REQ-20260504-3827036A\body.txt","_onedrive_backup_archive\data.__onedrive_backup_20260629_144030\mail_downloads\HALAL-REQ-20260504-3827036A\body.txt","body.txt",".txt","3721","0.0035","2026-05-11T18:40:06","2026-05-11T18:40:06","SOURCE_OR_CONFIG"
"RUNTIME","D:\halal_web_runtime","D:\halal_web_runtime\_onedrive_backup_archive\data.__onedrive_backup_20260629_144030\mail_downloads\HALAL-REQ-20260504-3827036A\mail_meta.json","_onedrive_backup_archive\data.__onedrive_backup_20260629_144030\mail_downloads\HALAL-REQ-20260504-3827036A\mail_meta.json","mail_meta.json",".json","4332","0.0041","2026-05-11T18:40:06","2026-05-11T18:40:06","SOURCE_OR_CONFIG"
"RUNTIME","D:\halal_web_runtime","D:\halal_web_runtime\_onedrive_backup_archive\data.__onedrive_backup_20260629_144030\mail_downloads\HALAL-REQ-20260504-3827036A\attachments\HALAL-REQ-20260504-3827036A__001__2025-2026 Halal Certificate Warden, WA.pdf","_onedrive_backup_archive\data.__onedrive_backup_20260629_144030\mail_downloads\HALAL-REQ-20260504-3827036A\attachments\HALAL-REQ-20260504-3827036A__001__2025-2026 Halal Certificate Warden, WA.pdf","HALAL-REQ-20260504-3827036A__001__2025-2026 Halal Certificate Warden, WA.pdf",".pdf","208592","0.1989","2026-05-11T18:40:06","2026-05-11T18:40:06","PDF"
"RUNTIME","D:\halal_web_runtime","D:\halal_web_runtime\_onedrive_backup_archive\data.__onedrive_backup_20260629_144030\mail_downloads\HALAL-REQ-20260504-40128340\body.txt","_onedrive_backup_archive\data.__onedrive_backup_20260629_144030\mail_downloads\HALAL-REQ-20260504-40128340\body.txt","body.txt",".txt","4585","0.0044","2026-05-11T18:05:02","2026-05-11T18:05:02","SOURCE_OR_CONFIG"
"RUNTIME","D:\halal_web_runtime","D:\halal_web_runtime\_onedrive_backup_archive\data.__onedrive_backup_20260629_144030\mail_downloads\HALAL-REQ-20260504-40128340\mail_meta.json","_onedrive_backup_archive\data.__onedrive_backup_20260629_144030\mail_downloads\HALAL-REQ-20260504-40128340\mail_meta.json","mail_meta.json",".json","5230","0.005","2026-05-11T18:05:02","2026-05-11T18:05:02","SOURCE_OR_CONFIG"
"RUNTIME","D:\halal_web_runtime","D:\halal_web_runtime\_onedrive_backup_archive\data.__onedrive_backup_20260629_144030\mail_downloads\HALAL-REQ-20260504-40128340\attachments\HALAL-REQ-20260504-40128340__001__3023462 Halal Certificate KR EN 20260506.pdf","_onedrive_backup_archive\data.__onedrive_backup_20260629_144030\mail_downloads\HALAL-REQ-20260504-40128340\attachments\HALAL-REQ-20260504-40128340__001__3023462 Halal Certificate KR EN 20260506.pdf","HALAL-REQ-20260504-40128340__001__3023462 Halal Certificate KR EN 20260506.pdf",".pdf","140821","0.1343","2026-05-11T18:05:02","2026-05-11T18:05:02","PDF"
"RUNTIME","D:\halal_web_runtime","D:\halal_web_runtime\_onedrive_backup_archive\data.__onedrive_backup_20260629_144030\mail_downloads\HALAL-REQ-20260504-4493D808\body.txt","_onedrive_backup_archive\data.__onedrive_backup_20260629_144030\mail_downloads\HALAL-REQ-20260504-4493D808\body.txt","body.txt",".txt","2522","0.0024","2026-05-11T18:05:03","2026-05-11T18:05:03","SOURCE_OR_CONFIG"
"RUNTIME","D:\halal_web_runtime","D:\halal_web_runtime\_onedrive_backup_archive\data.__onedrive_backup_20260629_144030\mail_downloads\HALAL-REQ-20260504-4493D808\mail_meta.json","_onedrive_backup_archive\data.__onedrive_backup_20260629_144030\mail_downloads\HALAL-REQ-20260504-4493D808\mail_meta.json","mail_meta.json",".json","3092","0.0029","2026-05-11T18:05:03","2026-05-11T18:05:03","SOURCE_OR_CONFIG"
"RUNTIME","D:\halal_web_runtime","D:\halal_web_runtime\_onedrive_backup_archive\data.__onedrive_backup_20260629_144030\mail_downloads\HALAL-REQ-20260504-4493D808\attachments\HALAL-REQ-20260504-4493D808__001__할랄 인증서 갱신 해당 없음 회신(26.05.06).pdf","_onedrive_backup_archive\data.__onedrive_backup_20260629_144030\mail_downloads\HALAL-REQ-20260504-4493D808\attachments\HALAL-REQ-20260504-4493D808__001__할랄 인증서 갱신 해당 없음 회신(26.05.06).pdf","HALAL-REQ-20260504-4493D808__001__할랄 인증서 갱신 해당 없음 회신(26.05.06).pdf",".pdf","61792","0.0589","2026-05-11T18:05:03","2026-05-11T18:05:03","PDF"
"RUNTIME","D:\halal_web_runtime","D:\halal_web_runtime\_onedrive_backup_archive\data.__onedrive_backup_20260629_144030\mail_downloads\HALAL-REQ-20260504-4493D808\attachments\HALAL-REQ-20260504-4493D808__002__세제 SJM-50WAG (GHS-MSDS).pdf","_onedrive_backup_archive\data.__onedrive_backup_20260629_144030\mail_downloads\HALAL-REQ-20260504-4493D808\attachments\HALAL-REQ-20260504-4493D808__002__세제 SJM-50WAG (GHS-MSDS).pdf","HALAL-REQ-20260504-4493D808__002__세제 SJM-50WAG (GHS-MSDS).pdf",".pdf","105341","0.1005","2026-05-11T18:05:03","2026-05-11T18:05:03","PDF"
"RUNTIME","D:\halal_web_runtime","D:\halal_web_runtime\_onedrive_backup_archive\data.__onedrive_backup_20260629_144030\mail_downloads\HALAL-REQ-20260504-4A0E6AEA\body.txt","_onedrive_backup_archive\data.__onedrive_backup_20260629_144030\mail_downloads\HALAL-REQ-20260504-4A0E6AEA\body.txt","body.txt",".txt","6158","0.0059","2026-05-11T18:05:03","2026-05-11T18:05:03","SOURCE_OR_CONFIG"
"RUNTIME","D:\halal_web_runtime","D:\halal_web_runtime\_onedrive_backup_archive\data.__onedrive_backup_20260629_144030\mail_downloads\HALAL-REQ-20260504-4A0E6AEA\mail_meta.json","_onedrive_backup_archive\data.__onedrive_backup_20260629_144030\mail_downloads\HALAL-REQ-20260504-4A0E6AEA\mail_meta.json","mail_meta.json",".json","6817","0.0065","2026-05-11T18:05:03","2026-05-11T18:05:03","SOURCE_OR_CONFIG"
"RUNTIME","D:\halal_web_runtime","D:\halal_web_runtime\_onedrive_backup_archive\data.__onedrive_backup_20260629_144030\mail_downloads\HALAL-REQ-20260504-4A0E6AEA\attachments\HALAL-REQ-20260504-4A0E6AEA__001__HEBEI HUAYANG BPJPH HALAL 인증서(유효기간 없음).pdf","_onedrive_backup_archive\data.__onedrive_backup_20260629_144030\mail_downloads\HALAL-REQ-20260504-4A0E6AEA\attachments\HALAL-REQ-20260504-4A0E6AEA__001__HEBEI HUAYANG BPJPH HALAL 인증서(유효기간 없음).pdf","HALAL-REQ-20260504-4A0E6AEA__001__HEBEI HUAYANG BPJPH HALAL 인증서(유효기간 없음).pdf",".pdf","623339","0.5945","2026-05-11T18:05:03","2026-05-11T18:05:03","PDF"
"RUNTIME","D:\halal_web_runtime","D:\halal_web_runtime\_onedrive_backup_archive\data.__onedrive_backup_20260629_144030\mail_downloads\HALAL-REQ-20260504-4BFCC05F\body.txt","_onedrive_backup_archive\data.__onedrive_backup_20260629_144030\mail_downloads\HALAL-REQ-20260504-4BFCC05F\body.txt","body.txt",".txt","4183","0.004","2026-05-11T18:28:34","2026-05-11T18:28:34","SOURCE_OR_CONFIG"
"RUNTIME","D:\halal_web_runtime","D:\halal_web_runtime\_onedrive_backup_archive\data.__onedrive_backup_20260629_144030\mail_downloads\HALAL-REQ-20260504-4BFCC05F\mail_meta.json","_onedrive_backup_archive\data.__onedrive_backup_20260629_144030\mail_downloads\HALAL-REQ-20260504-4BFCC05F\mail_meta.json","mail_meta.json",".json","4792","0.0046","2026-05-11T18:28:34","2026-05-11T18:28:34","SOURCE_OR_CONFIG"
"RUNTIME","D:\halal_web_runtime","D:\halal_web_runtime\_onedrive_backup_archive\data.__onedrive_backup_20260629_144030\mail_downloads\HALAL-REQ-20260504-4BFCC05F\attachments\HALAL-REQ-20260504-4BFCC05F__001__Ohly GmbH - Halal Certificate valid_2026-10-31_DE_V01.pdf","_onedrive_backup_archive\data.__onedrive_backup_20260629_144030\mail_downloads\HALAL-REQ-20260504-4BFCC05F\attachments\HALAL-REQ-20260504-4BFCC05F__001__Ohly GmbH - Halal Certificate valid_2026-10-31_DE_V01.pdf","HALAL-REQ-20260504-4BFCC05F__001__Ohly GmbH - Halal Certificate valid_2026-10-31_DE_V01.pdf",".pdf","1701710","1.6229","2026-05-11T18:28:34","2026-05-11T18:28:34","PDF"
"RUNTIME","D:\halal_web_runtime","D:\halal_web_runtime\_onedrive_backup_archive\data.__onedrive_backup_20260629_144030\mail_downloads\HALAL-REQ-20260504-61460534\body.txt","_onedrive_backup_archive\data.__onedrive_backup_20260629_144030\mail_downloads\HALAL-REQ-20260504-61460534\body.txt","body.txt",".txt","4434","0.0042","2026-05-11T18:40:07","2026-05-11T18:40:07","SOURCE_OR_CONFIG"
"RUNTIME","D:\halal_web_runtime","D:\halal_web_runtime\_onedrive_backup_archive\data.__onedrive_backup_20260629_144030\mail_downloads\HALAL-REQ-20260504-61460534\mail_meta.json","_onedrive_backup_archive\data.__onedrive_backup_20260629_144030\mail_downloads\HALAL-REQ-20260504-61460534\mail_meta.json","mail_meta.json",".json","5064","0.0048","2026-05-11T18:40:07","2026-05-11T18:40:07","SOURCE_OR_CONFIG"
"RUNTIME","D:\halal_web_runtime","D:\halal_web_runtime\_onedrive_backup_archive\data.__onedrive_backup_20260629_144030\mail_downloads\HALAL-REQ-20260504-61460534\attachments\HALAL-REQ-20260504-61460534__001__image_1","_onedrive_backup_archive\data.__onedrive_backup_20260629_144030\mail_downloads\HALAL-REQ-20260504-61460534\attachments\HALAL-REQ-20260504-61460534__001__image_1","HALAL-REQ-20260504-61460534__001__image_1","","36086","0.0344","2026-05-11T18:40:07","2026-05-11T18:40:07","BACKUP"
"RUNTIME","D:\halal_web_runtime","D:\halal_web_runtime\_onedrive_backup_archive\data.__onedrive_backup_20260629_144030\mail_downloads\HALAL-REQ-20260504-61460534\attachments\HALAL-REQ-20260504-61460534__002__image_2","_onedrive_backup_archive\data.__onedrive_backup_20260629_144030\mail_downloads\HALAL-REQ-20260504-61460534\attachments\HALAL-REQ-20260504-61460534__002__image_2","HALAL-REQ-20260504-61460534__002__image_2","","103261","0.0985","2026-05-11T18:40:08","2026-05-11T18:40:08","BACKUP"
"RUNTIME","D:\halal_web_runtime","D:\halal_web_runtime\_onedrive_backup_archive\data.__onedrive_backup_20260629_144030\mail_downloads\HALAL-REQ-20260504-61460534\attachments\HALAL-REQ-20260504-61460534__003__[말토덱스트린] Halal Certificate (2028.03.15 만료).pdf","_onedrive_backup_archive\data.__onedrive_backup_20260629_144030\mail_downloads\HALAL-REQ-20260504-61460534\attachments\HALAL-REQ-20260504-61460534__003__[말토덱스트린] Halal Certificate (2028.03.15 만료).pdf","HALAL-REQ-20260504-61460534__003__[말토덱스트린] Halal Certificate (2028.03.15 만료).pdf",".pdf","353039","0.3367","2026-05-11T18:40:08","2026-05-11T18:40:08","PDF"
"RUNTIME","D:\halal_web_runtime","D:\halal_web_runtime\_onedrive_backup_archive\data.__onedrive_backup_20260629_144030\mail_downloads\HALAL-REQ-20260504-6EF9F444\body.txt","_onedrive_backup_archive\data.__onedrive_backup_20260629_144030\mail_downloads\HALAL-REQ-20260504-6EF9F444\body.txt","body.txt",".txt","5343","0.0051","2026-05-11T18:40:07","2026-05-11T18:40:07","SOURCE_OR_CONFIG"
"RUNTIME","D:\halal_web_runtime","D:\halal_web_runtime\_onedrive_backup_archive\data.__onedrive_backup_20260629_144030\mail_downloads\HALAL-REQ-20260504-6EF9F444\mail_meta.json","_onedrive_backup_archive\data.__onedrive_backup_20260629_144030\mail_downloads\HALAL-REQ-20260504-6EF9F444\mail_meta.json","mail_meta.json",".json","5980","0.0057","2026-05-11T18:40:07","2026-05-11T18:40:07","SOURCE_OR_CONFIG"
"RUNTIME","D:\halal_web_runtime","D:\halal_web_runtime\_onedrive_backup_archive\data.__onedrive_backup_20260629_144030\mail_downloads\HALAL-REQ-20260504-6EF9F444\attachments\HALAL-REQ-20260504-6EF9F444__001__halal certificate profiles.jpg","_onedrive_backup_archive\data.__onedrive_backup_20260629_144030\mail_downloads\HALAL-REQ-20260504-6EF9F444\attachments\HALAL-REQ-20260504-6EF9F444__001__halal certificate profiles.jpg","HALAL-REQ-20260504-6EF9F444__001__halal certificate profiles.jpg",".jpg","264726","0.2525","2026-05-11T18:40:07","2026-05-11T18:40:07","BACKUP"
"RUNTIME","D:\halal_web_runtime","D:\halal_web_runtime\_onedrive_backup_archive\data.__onedrive_backup_20260629_144030\mail_downloads\HALAL-REQ-20260504-6EF9F444\attachments\HALAL-REQ-20260504-6EF9F444__002__halal certificate profiles(번역본).jpg","_onedrive_backup_archive\data.__onedrive_backup_20260629_144030\mail_downloads\HALAL-REQ-20260504-6EF9F444\attachments\HALAL-REQ-20260504-6EF9F444__002__halal certificate profiles(번역본).jpg","HALAL-REQ-20260504-6EF9F444__002__halal certificate profiles(번역본).jpg",".jpg","192223","0.1833","2026-05-11T18:40:07","2026-05-11T18:40:07","BACKUP"
"RUNTIME","D:\halal_web_runtime","D:\halal_web_runtime\_onedrive_backup_archive\data.__onedrive_backup_20260629_144030\mail_downloads\HALAL-REQ-20260504-6EF9F444\attachments\HALAL-REQ-20260504-6EF9F444__003__## HALAL STATEMENT(Permanent Certification Status).pdf","_onedrive_backup_archive\data.__onedrive_backup_20260629_144030\mail_downloads\HALAL-REQ-20260504-6EF9F444\attachments\HALAL-REQ-20260504-6EF9F444__003__## HALAL STATEMENT(Permanent Certification Status).pdf","HALAL-REQ-20260504-6EF9F444__003__## HALAL STATEMENT(Permanent Certification Status).pdf",".pdf","184055","0.1755","2026-05-11T18:40:07","2026-05-11T18:40:07","PDF"
"RUNTIME","D:\halal_web_runtime","D:\halal_web_runtime\_onedrive_backup_archive\data.__onedrive_backup_20260629_144030\mail_downloads\HALAL-REQ-20260504-6EF9F444\attachments\HALAL-REQ-20260504-6EF9F444__004__##인도네시아 정부 HALAL CERTIFICATE(BPJPH)(-2026.04.28, 자동 갱신).pdf","_onedrive_backup_archive\data.__onedrive_backup_20260629_144030\mail_downloads\HALAL-REQ-20260504-6EF9F444\attachments\HALAL-REQ-20260504-6EF9F444__004__##인도네시아 정부 HALAL CERTIFICATE(BPJPH)(-2026.04.28, 자동 갱신).pdf","HALAL-REQ-20260504-6EF9F444__004__##인도네시아 정부 HALAL CERTIFICATE(BPJPH)(-2026.04.28, 자동 갱신).pdf",".pdf","452086","0.4311","2026-05-11T18:40:07","2026-05-11T18:40:07","PDF"
"RUNTIME","D:\halal_web_runtime","D:\halal_web_runtime\_onedrive_backup_archive\data.__onedrive_backup_20260629_144030\mail_downloads\HALAL-REQ-20260504-6EF9F444\attachments\HALAL-REQ-20260504-6EF9F444__005__Halal 04 04 2028(JUHF).pdf","_onedrive_backup_archive\data.__onedrive_backup_20260629_144030\mail_downloads\HALAL-REQ-20260504-6EF9F444\attachments\HALAL-REQ-20260504-6EF9F444__005__Halal 04 04 2028(JUHF).pdf","HALAL-REQ-20260504-6EF9F444__005__Halal 04 04 2028(JUHF).pdf",".pdf","393720","0.3755","2026-05-11T18:40:07","2026-05-11T18:40:07","PDF"
"RUNTIME","D:\halal_web_runtime","D:\halal_web_runtime\_onedrive_backup_archive\data.__onedrive_backup_20260629_144030\mail_downloads\HALAL-REQ-20260504-743C7975\body.txt","_onedrive_backup_archive\data.__onedrive_backup_20260629_144030\mail_downloads\HALAL-REQ-20260504-743C7975\body.txt","body.txt",".txt","2110","0.002","2026-05-11T18:40:23","2026-05-11T18:40:23","SOURCE_OR_CONFIG"
"RUNTIME","D:\halal_web_runtime","D:\halal_web_runtime\_onedrive_backup_archive\data.__onedrive_backup_20260629_144030\mail_downloads\HALAL-REQ-20260504-743C7975\mail_meta.json","_onedrive_backup_archive\data.__onedrive_backup_20260629_144030\mail_downloads\HALAL-REQ-20260504-743C7975\mail_meta.json","mail_meta.json",".json","2687","0.0026","2026-05-11T18:40:23","2026-05-11T18:40:23","SOURCE_OR_CONFIG"
"RUNTIME","D:\halal_web_runtime","D:\halal_web_runtime\_onedrive_backup_archive\data.__onedrive_backup_20260629_144030\mail_downloads\HALAL-REQ-20260504-743C7975\attachments\HALAL-REQ-20260504-743C7975__001__BPJPH_교차인정기관_안내.pdf","_onedrive_backup_archive\data.__onedrive_backup_20260629_144030\mail_downloads\HALAL-REQ-20260504-743C7975\attachments\HALAL-REQ-20260504-743C7975__001__BPJPH_교차인정기관_안내.pdf","HALAL-REQ-20260504-743C7975__001__BPJPH_교차인정기관_안내.pdf",".pdf","13848359","13.2068","2026-05-11T18:40:23","2026-05-11T18:40:23","PDF"
"RUNTIME","D:\halal_web_runtime","D:\halal_web_runtime\_onedrive_backup_archive\data.__onedrive_backup_20260629_144030\mail_downloads\HALAL-REQ-20260504-7653D3EE\body.txt","_onedrive_backup_archive\data.__onedrive_backup_20260629_144030\mail_downloads\HALAL-REQ-20260504-7653D3EE\body.txt","body.txt",".txt","5310","0.0051","2026-05-11T18:05:04","2026-05-11T18:05:04","SOURCE_OR_CONFIG"
"RUNTIME","D:\halal_web_runtime","D:\halal_web_runtime\_onedrive_backup_archive\data.__onedrive_backup_20260629_144030\mail_downloads\HALAL-REQ-20260504-7653D3EE\mail_meta.json","_onedrive_backup_archive\data.__onedrive_backup_20260629_144030\mail_downloads\HALAL-REQ-20260504-7653D3EE\mail_meta.json","mail_meta.json",".json","5904","0.0056","2026-05-11T18:05:04","2026-05-11T18:05:04","SOURCE_OR_CONFIG"
"RUNTIME","D:\halal_web_runtime","D:\halal_web_runtime\_onedrive_backup_archive\data.__onedrive_backup_20260629_144030\mail_downloads\HALAL-REQ-20260504-7653D3EE\attachments\HALAL-REQ-20260504-7653D3EE__001__4.감초엑기스[H](MUI28.12.18).pdf","_onedrive_backup_archive\data.__onedrive_backup_20260629_144030\mail_downloads\HALAL-REQ-20260504-7653D3EE\attachments\HALAL-REQ-20260504-7653D3EE__001__4.감초엑기스[H](MUI28.12.18).pdf","HALAL-REQ-20260504-7653D3EE__001__4.감초엑기스[H](MUI28.12.18).pdf",".pdf","119714","0.1142","2026-05-11T18:05:04","2026-05-11T18:05:04","PDF"
"RUNTIME","D:\halal_web_runtime","D:\halal_web_runtime\_onedrive_backup_archive\data.__onedrive_backup_20260629_144030\mail_downloads\HALAL-REQ-20260504-7653D3EE\attachments\HALAL-REQ-20260504-7653D3EE__002__11.우스타소스(S)(MUI28.12.18).pdf","_onedrive_backup_archive\data.__onedrive_backup_20260629_144030\mail_downloads\HALAL-REQ-20260504-7653D3EE\attachments\HALAL-REQ-20260504-7653D3EE__002__11.우스타소스(S)(MUI28.12.18).pdf","HALAL-REQ-20260504-7653D3EE__002__11.우스타소스(S)(MUI28.12.18).pdf",".pdf","119714","0.1142","2026-05-11T18:05:04","2026-05-11T18:05:04","PDF"
"RUNTIME","D:\halal_web_runtime","D:\halal_web_runtime\_onedrive_backup_archive\data.__onedrive_backup_20260629_144030\mail_downloads\HALAL-REQ-20260504-7653D3EE\attachments\HALAL-REQ-20260504-7653D3EE__003__MUI HALAL Certificate (28.12.18).pdf","_onedrive_backup_archive\data.__onedrive_backup_20260629_144030\mail_downloads\HALAL-REQ-20260504-7653D3EE\attachments\HALAL-REQ-20260504-7653D3EE__003__MUI HALAL Certificate (28.12.18).pdf","HALAL-REQ-20260504-7653D3EE__003__MUI HALAL Certificate (28.12.18).pdf",".pdf","1976949","1.8854","2026-05-11T18:05:04","2026-05-11T18:05:04","PDF"
"RUNTIME","D:\halal_web_runtime","D:\halal_web_runtime\_onedrive_backup_archive\data.__onedrive_backup_20260629_144030\mail_downloads\HALAL-REQ-20260504-7653D3EE\attachments\HALAL-REQ-20260504-7653D3EE__004__하얀설탕(삼양사) - KMF 할랄인증서 (~2028.12.24).pdf","_onedrive_backup_archive\data.__onedrive_backup_20260629_144030\mail_downloads\HALAL-REQ-20260504-7653D3EE\attachments\HALAL-REQ-20260504-7653D3EE__004__하얀설탕(삼양사) - KMF 할랄인증서 (~2028.12.24).pdf","HALAL-REQ-20260504-7653D3EE__004__하얀설탕(삼양사) - KMF 할랄인증서 (~2028.12.24).pdf",".pdf","74352","0.0709","2026-05-11T18:05:04","2026-05-11T18:05:04","PDF"
"RUNTIME","D:\halal_web_runtime","D:\halal_web_runtime\_onedrive_backup_archive\data.__onedrive_backup_20260629_144030\mail_downloads\HALAL-REQ-20260504-798B933F\body.txt","_onedrive_backup_archive\data.__onedrive_backup_20260629_144030\mail_downloads\HALAL-REQ-20260504-798B933F\body.txt","body.txt",".txt","6096","0.0058","2026-05-11T18:28:33","2026-05-11T18:28:33","SOURCE_OR_CONFIG"
"RUNTIME","D:\halal_web_runtime","D:\halal_web_runtime\_onedrive_backup_archive\data.__onedrive_backup_20260629_144030\mail_downloads\HALAL-REQ-20260504-798B933F\mail_meta.json","_onedrive_backup_archive\data.__onedrive_backup_20260629_144030\mail_downloads\HALAL-REQ-20260504-798B933F\mail_meta.json","mail_meta.json",".json","6760","0.0064","2026-05-11T18:28:33","2026-05-11T18:28:33","SOURCE_OR_CONFIG"
"RUNTIME","D:\halal_web_runtime","D:\halal_web_runtime\_onedrive_backup_archive\data.__onedrive_backup_20260629_144030\mail_downloads\HALAL-REQ-20260504-798B933F\attachments\HALAL-REQ-20260504-798B933F__001__image001.png","_onedrive_backup_archive\data.__onedrive_backup_20260629_144030\mail_downloads\HALAL-REQ-20260504-798B933F\attachments\HALAL-REQ-20260504-798B933F__001__image001.png","HALAL-REQ-20260504-798B933F__001__image001.png",".png","3925","0.0037","2026-05-11T18:28:33","2026-05-11T18:28:33","BACKUP"
"RUNTIME","D:\halal_web_runtime","D:\halal_web_runtime\_onedrive_backup_archive\data.__onedrive_backup_20260629_144030\mail_downloads\HALAL-REQ-20260504-798B933F\attachments\HALAL-REQ-20260504-798B933F__002__BPJPH HALAL certi SAJO CPK_Syrup_Icheon.pdf","_onedrive_backup_archive\data.__onedrive_backup_20260629_144030\mail_downloads\HALAL-REQ-20260504-798B933F\attachments\HALAL-REQ-20260504-798B933F__002__BPJPH HALAL certi SAJO CPK_Syrup_Icheon.pdf","HALAL-REQ-20260504-798B933F__002__BPJPH HALAL certi SAJO CPK_Syrup_Icheon.pdf",".pdf","707035","0.6743","2026-05-11T18:28:33","2026-05-11T18:28:33","PDF"
"RUNTIME","D:\halal_web_runtime","D:\halal_web_runtime\_onedrive_backup_archive\data.__onedrive_backup_20260629_144030\mail_downloads\HALAL-REQ-20260504-9160F2AA\body.txt","_onedrive_backup_archive\data.__onedrive_backup_20260629_144030\mail_downloads\HALAL-REQ-20260504-9160F2AA\body.txt","body.txt",".txt","5816","0.0055","2026-05-11T18:40:06","2026-05-11T18:40:06","SOURCE_OR_CONFIG"
"RUNTIME","D:\halal_web_runtime","D:\halal_web_runtime\_onedrive_backup_archive\data.__onedrive_backup_20260629_144030\mail_downloads\HALAL-REQ-20260504-9160F2AA\mail_meta.json","_onedrive_backup_archive\data.__onedrive_backup_20260629_144030\mail_downloads\HALAL-REQ-20260504-9160F2AA\mail_meta.json","mail_meta.json",".json","6495","0.0062","2026-05-11T18:40:06","2026-05-11T18:40:06","SOURCE_OR_CONFIG"
"RUNTIME","D:\halal_web_runtime","D:\halal_web_runtime\_onedrive_backup_archive\data.__onedrive_backup_20260629_144030\mail_downloads\HALAL-REQ-20260504-9160F2AA\attachments\HALAL-REQ-20260504-9160F2AA__001__Halal Certificate-BSP exp31.12.2026.pdf","_onedrive_backup_archive\data.__onedrive_backup_20260629_144030\mail_downloads\HALAL-REQ-20260504-9160F2AA\attachments\HALAL-REQ-20260504-9160F2AA__001__Halal Certificate-BSP exp31.12.2026.pdf","HALAL-REQ-20260504-9160F2AA__001__Halal Certificate-BSP exp31.12.2026.pdf",".pdf","272727","0.2601","2026-05-11T18:40:06","2026-05-11T18:40:06","PDF"
"RUNTIME","D:\halal_web_runtime","D:\halal_web_runtime\_onedrive_backup_archive\data.__onedrive_backup_20260629_144030\mail_downloads\HALAL-REQ-20260504-A4244390\body.txt","_onedrive_backup_archive\data.__onedrive_backup_20260629_144030\mail_downloads\HALAL-REQ-20260504-A4244390\body.txt","body.txt",".txt","4328","0.0041","2026-05-11T18:40:07","2026-05-11T18:40:07","SOURCE_OR_CONFIG"
"RUNTIME","D:\halal_web_runtime","D:\halal_web_runtime\_onedrive_backup_archive\data.__onedrive_backup_20260629_144030\mail_downloads\HALAL-REQ-20260504-A4244390\mail_meta.json","_onedrive_backup_archive\data.__onedrive_backup_20260629_144030\mail_downloads\HALAL-REQ-20260504-A4244390\mail_meta.json","mail_meta.json",".json","4970","0.0047","2026-05-11T18:40:07","2026-05-11T18:40:07","SOURCE_OR_CONFIG"
"RUNTIME","D:\halal_web_runtime","D:\halal_web_runtime\_onedrive_backup_archive\data.__onedrive_backup_20260629_144030\mail_downloads\HALAL-REQ-20260504-A4244390\attachments\HALAL-REQ-20260504-A4244390__001__[SMS] KREATION KE8 (Exp. Oct 14, 2026).pdf","_onedrive_backup_archive\data.__onedrive_backup_20260629_144030\mail_downloads\HALAL-REQ-20260504-A4244390\attachments\HALAL-REQ-20260504-A4244390__001__[SMS] KREATION KE8 (Exp. Oct 14, 2026).pdf","HALAL-REQ-20260504-A4244390__001__[SMS] KREATION KE8 (Exp. Oct 14, 2026).pdf",".pdf","496793","0.4738","2026-05-11T18:40:07","2026-05-11T18:40:07","PDF"
"RUNTIME","D:\halal_web_runtime","D:\halal_web_runtime\_onedrive_backup_archive\data.__onedrive_backup_20260629_144030\mail_downloads\HALAL-REQ-20260504-A5A479FF\body.txt","_onedrive_backup_archive\data.__onedrive_backup_20260629_144030\mail_downloads\HALAL-REQ-20260504-A5A479FF\body.txt","body.txt",".txt","2592","0.0025","2026-05-11T18:28:34","2026-05-11T18:28:34","SOURCE_OR_CONFIG"
"RUNTIME","D:\halal_web_runtime","D:\halal_web_runtime\_onedrive_backup_archive\data.__onedrive_backup_20260629_144030\mail_downloads\HALAL-REQ-20260504-A5A479FF\mail_meta.json","_onedrive_backup_archive\data.__onedrive_backup_20260629_144030\mail_downloads\HALAL-REQ-20260504-A5A479FF\mail_meta.json","mail_meta.json",".json","3164","0.003","2026-05-11T18:28:34","2026-05-11T18:28:34","SOURCE_OR_CONFIG"
"RUNTIME","D:\halal_web_runtime","D:\halal_web_runtime\_onedrive_backup_archive\data.__onedrive_backup_20260629_144030\mail_downloads\HALAL-REQ-20260504-A5A479FF\attachments\HALAL-REQ-20260504-A5A479FF__001__2026 Halal_SI MA France.pdf","_onedrive_backup_archive\data.__onedrive_backup_20260629_144030\mail_downloads\HALAL-REQ-20260504-A5A479FF\attachments\HALAL-REQ-20260504-A5A479FF__001__2026 Halal_SI MA France.pdf","HALAL-REQ-20260504-A5A479FF__001__2026 Halal_SI MA France.pdf",".pdf","645922","0.616","2026-05-11T18:28:34","2026-05-11T18:28:34","PDF"
"RUNTIME","D:\halal_web_runtime","D:\halal_web_runtime\_onedrive_backup_archive\data.__onedrive_backup_20260629_144030\mail_downloads\HALAL-REQ-20260504-B84B32F4\body.txt","_onedrive_backup_archive\data.__onedrive_backup_20260629_144030\mail_downloads\HALAL-REQ-20260504-B84B32F4\body.txt","body.txt",".txt","4725","0.0045","2026-05-11T18:05:03","2026-05-11T18:05:03","SOURCE_OR_CONFIG"
"RUNTIME","D:\halal_web_runtime","D:\halal_web_runtime\_onedrive_backup_archive\data.__onedrive_backup_20260629_144030\mail_downloads\HALAL-REQ-20260504-B84B32F4\mail_meta.json","_onedrive_backup_archive\data.__onedrive_backup_20260629_144030\mail_downloads\HALAL-REQ-20260504-B84B32F4\mail_meta.json","mail_meta.json",".json","5265","0.005","2026-05-11T18:05:03","2026-05-11T18:05:03","SOURCE_OR_CONFIG"
"RUNTIME","D:\halal_web_runtime","D:\halal_web_runtime\_onedrive_backup_archive\data.__onedrive_backup_20260629_144030\mail_downloads\HALAL-REQ-20260504-B84B32F4\attachments\HALAL-REQ-20260504-B84B32F4__001__Halal(2025-2026) HCA 212 JAKIM NEDSPICE PROCESSING VIETNAM LIMITED.pdf","_onedrive_backup_archive\data.__onedrive_backup_20260629_144030\mail_downloads\HALAL-REQ-20260504-B84B32F4\attachments\HALAL-REQ-20260504-B84B32F4__001__Halal(2025-2026) HCA 212 JAKIM NEDSPICE PROCESSING VIETNAM LIMITED.pdf","HALAL-REQ-20260504-B84B32F4__001__Halal(2025-2026) HCA 212 JAKIM NEDSPICE PROCESSING VIETNAM LIMITED.pdf",".pdf","662155","0.6315","2026-05-11T18:05:03","2026-05-11T18:05:03","PDF"
"RUNTIME","D:\halal_web_runtime","D:\halal_web_runtime\_onedrive_backup_archive\data.__onedrive_backup_20260629_144030\mail_downloads\HALAL-REQ-20260504-BDD7030C\body.txt","_onedrive_backup_archive\data.__onedrive_backup_20260629_144030\mail_downloads\HALAL-REQ-20260504-BDD7030C\body.txt","body.txt",".txt","1648","0.0016","2026-05-11T18:40:15","2026-05-11T18:40:15","SOURCE_OR_CONFIG"
"RUNTIME","D:\halal_web_runtime","D:\halal_web_runtime\_onedrive_backup_archive\data.__onedrive_backup_20260629_144030\mail_downloads\HALAL-REQ-20260504-BDD7030C\mail_meta.json","_onedrive_backup_archive\data.__onedrive_backup_20260629_144030\mail_downloads\HALAL-REQ-20260504-BDD7030C\mail_meta.json","mail_meta.json",".json","2215","0.0021","2026-05-11T18:40:15","2026-05-11T18:40:15","SOURCE_OR_CONFIG"
"RUNTIME","D:\halal_web_runtime","D:\halal_web_runtime\_onedrive_backup_archive\data.__onedrive_backup_20260629_144030\mail_downloads\HALAL-REQ-20260504-BDD7030C\attachments\HALAL-REQ-20260504-BDD7030C__001__BPJPH_교차인정기관_안내.pdf","_onedrive_backup_archive\data.__onedrive_backup_20260629_144030\mail_downloads\HALAL-REQ-20260504-BDD7030C\attachments\HALAL-REQ-20260504-BDD7030C__001__BPJPH_교차인정기관_안내.pdf","HALAL-REQ-20260504-BDD7030C__001__BPJPH_교차인정기관_안내.pdf",".pdf","13848359","13.2068","2026-05-11T18:40:15","2026-05-11T18:40:15","PDF"
"RUNTIME","D:\halal_web_runtime","D:\halal_web_runtime\_onedrive_backup_archive\data.__onedrive_backup_20260629_144030\mail_downloads\HALAL-REQ-20260504-BE6E2BFD\body.txt","_onedrive_backup_archive\data.__onedrive_backup_20260629_144030\mail_downloads\HALAL-REQ-20260504-BE6E2BFD\body.txt","body.txt",".txt","3658","0.0035","2026-05-11T18:05:03","2026-05-11T18:05:03","SOURCE_OR_CONFIG"
"RUNTIME","D:\halal_web_runtime","D:\halal_web_runtime\_onedrive_backup_archive\data.__onedrive_backup_20260629_144030\mail_downloads\HALAL-REQ-20260504-BE6E2BFD\mail_meta.json","_onedrive_backup_archive\data.__onedrive_backup_20260629_144030\mail_downloads\HALAL-REQ-20260504-BE6E2BFD\mail_meta.json","mail_meta.json",".json","4249","0.0041","2026-05-11T18:05:03","2026-05-11T18:05:03","SOURCE_OR_CONFIG"
"RUNTIME","D:\halal_web_runtime","D:\halal_web_runtime\_onedrive_backup_archive\data.__onedrive_backup_20260629_144030\mail_downloads\HALAL-REQ-20260504-BE6E2BFD\attachments\HALAL-REQ-20260504-BE6E2BFD__001__Kalizea_HCE_GSO_Halal_Certificate_2026.pdf","_onedrive_backup_archive\data.__onedrive_backup_20260629_144030\mail_downloads\HALAL-REQ-20260504-BE6E2BFD\attachments\HALAL-REQ-20260504-BE6E2BFD__001__Kalizea_HCE_GSO_Halal_Certificate_2026.pdf","HALAL-REQ-20260504-BE6E2BFD__001__Kalizea_HCE_GSO_Halal_Certificate_2026.pdf",".pdf","325867","0.3108","2026-05-11T18:05:03","2026-05-11T18:05:03","PDF"
"RUNTIME","D:\halal_web_runtime","D:\halal_web_runtime\_onedrive_backup_archive\data.__onedrive_backup_20260629_144030\mail_downloads\HALAL-REQ-20260504-D9FDDA69\body.txt","_onedrive_backup_archive\data.__onedrive_backup_20260629_144030\mail_downloads\HALAL-REQ-20260504-D9FDDA69\body.txt","body.txt",".txt","4686","0.0045","2026-05-11T18:05:02","2026-05-11T18:05:02","SOURCE_OR_CONFIG"
"RUNTIME","D:\halal_web_runtime","D:\halal_web_runtime\_onedrive_backup_archive\data.__onedrive_backup_20260629_144030\mail_downloads\HALAL-REQ-20260504-D9FDDA69\mail_meta.json","_onedrive_backup_archive\data.__onedrive_backup_20260629_144030\mail_downloads\HALAL-REQ-20260504-D9FDDA69\mail_meta.json","mail_meta.json",".json","5299","0.0051","2026-05-11T18:05:02","2026-05-11T18:05:02","SOURCE_OR_CONFIG"
"RUNTIME","D:\halal_web_runtime","D:\halal_web_runtime\_onedrive_backup_archive\data.__onedrive_backup_20260629_144030\mail_downloads\HALAL-REQ-20260504-D9FDDA69\attachments\HALAL-REQ-20260504-D9FDDA69__001__Halal certificate 2026 - 2027.pdf","_onedrive_backup_archive\data.__onedrive_backup_20260629_144030\mail_downloads\HALAL-REQ-20260504-D9FDDA69\attachments\HALAL-REQ-20260504-D9FDDA69__001__Halal certificate 2026 - 2027.pdf","HALAL-REQ-20260504-D9FDDA69__001__Halal certificate 2026 - 2027.pdf",".pdf","778013","0.742","2026-05-11T18:05:02","2026-05-11T18:05:02","PDF"
"RUNTIME","D:\halal_web_runtime","D:\halal_web_runtime\_onedrive_backup_archive\data.__onedrive_backup_20260629_144030\mail_downloads\HALAL-REQ-20260504-F0C466EC\body.txt","_onedrive_backup_archive\data.__onedrive_backup_20260629_144030\mail_downloads\HALAL-REQ-20260504-F0C466EC\body.txt","body.txt",".txt","4416","0.0042","2026-05-11T18:28:33","2026-05-11T18:28:33","SOURCE_OR_CONFIG"
"RUNTIME","D:\halal_web_runtime","D:\halal_web_runtime\_onedrive_backup_archive\data.__onedrive_backup_20260629_144030\mail_downloads\HALAL-REQ-20260504-F0C466EC\mail_meta.json","_onedrive_backup_archive\data.__onedrive_backup_20260629_144030\mail_downloads\HALAL-REQ-20260504-F0C466EC\mail_meta.json","mail_meta.json",".json","4980","0.0047","2026-05-11T18:28:33","2026-05-11T18:28:33","SOURCE_OR_CONFIG"
"RUNTIME","D:\halal_web_runtime","D:\halal_web_runtime\_onedrive_backup_archive\data.__onedrive_backup_20260629_144030\mail_downloads\HALAL-REQ-20260504-F0C466EC\attachments\HALAL-REQ-20260504-F0C466EC__001__HALAL HFQ EVESA 2026-2027.pdf","_onedrive_backup_archive\data.__onedrive_backup_20260629_144030\mail_downloads\HALAL-REQ-20260504-F0C466EC\attachments\HALAL-REQ-20260504-F0C466EC__001__HALAL HFQ EVESA 2026-2027.pdf","HALAL-REQ-20260504-F0C466EC__001__HALAL HFQ EVESA 2026-2027.pdf",".pdf","785492","0.7491","2026-05-11T18:28:33","2026-05-11T18:28:33","PDF"
"RUNTIME","D:\halal_web_runtime","D:\halal_web_runtime\_onedrive_backup_archive\data.__onedrive_backup_20260629_144030\mail_downloads\HALAL-REQ-20260504-FE43759C\body.txt","_onedrive_backup_archive\data.__onedrive_backup_20260629_144030\mail_downloads\HALAL-REQ-20260504-FE43759C\body.txt","body.txt",".txt","1685","0.0016","2026-05-11T18:40:18","2026-05-11T18:40:18","SOURCE_OR_CONFIG"
"RUNTIME","D:\halal_web_runtime","D:\halal_web_runtime\_onedrive_backup_archive\data.__onedrive_backup_20260629_144030\mail_downloads\HALAL-REQ-20260504-FE43759C\mail_meta.json","_onedrive_backup_archive\data.__onedrive_backup_20260629_144030\mail_downloads\HALAL-REQ-20260504-FE43759C\mail_meta.json","mail_meta.json",".json","2254","0.0021","2026-05-11T18:40:18","2026-05-11T18:40:18","SOURCE_OR_CONFIG"
"RUNTIME","D:\halal_web_runtime","D:\halal_web_runtime\_onedrive_backup_archive\data.__onedrive_backup_20260629_144030\mail_downloads\HALAL-REQ-20260504-FE43759C\attachments\HALAL-REQ-20260504-FE43759C__001__BPJPH_교차인정기관_안내.pdf","_onedrive_backup_archive\data.__onedrive_backup_20260629_144030\mail_downloads\HALAL-REQ-20260504-FE43759C\attachments\HALAL-REQ-20260504-FE43759C__001__BPJPH_교차인정기관_안내.pdf","HALAL-REQ-20260504-FE43759C__001__BPJPH_교차인정기관_안내.pdf",".pdf","13848359","13.2068","2026-05-11T18:40:18","2026-05-11T18:40:18","PDF"
"RUNTIME","D:\halal_web_runtime","D:\halal_web_runtime\_onedrive_backup_archive\data.__onedrive_backup_20260629_144030\mail_downloads\HALAL-REQ-20260504-FF0A6E69\body.txt","_onedrive_backup_archive\data.__onedrive_backup_20260629_144030\mail_downloads\HALAL-REQ-20260504-FF0A6E69\body.txt","body.txt",".txt","4491","0.0043","2026-05-11T18:05:02","2026-05-11T18:05:02","SOURCE_OR_CONFIG"
"RUNTIME","D:\halal_web_runtime","D:\halal_web_runtime\_onedrive_backup_archive\data.__onedrive_backup_20260629_144030\mail_downloads\HALAL-REQ-20260504-FF0A6E69\mail_meta.json","_onedrive_backup_archive\data.__onedrive_backup_20260629_144030\mail_downloads\HALAL-REQ-20260504-FF0A6E69\mail_meta.json","mail_meta.json",".json","5067","0.0048","2026-05-11T18:05:02","2026-05-11T18:05:02","SOURCE_OR_CONFIG"
"RUNTIME","D:\halal_web_runtime","D:\halal_web_runtime\_onedrive_backup_archive\data.__onedrive_backup_20260629_144030\mail_downloads\HALAL-REQ-20260504-FF0A6E69\attachments\HALAL-REQ-20260504-FF0A6E69__001__Certificate(MUI)-Chenguang-~270328.pdf","_onedrive_backup_archive\data.__onedrive_backup_20260629_144030\mail_downloads\HALAL-REQ-20260504-FF0A6E69\attachments\HALAL-REQ-20260504-FF0A6E69__001__Certificate(MUI)-Chenguang-~270328.pdf","HALAL-REQ-20260504-FF0A6E69__001__Certificate(MUI)-Chenguang-~270328.pdf",".pdf","1186923","1.1319","2026-05-11T18:05:02","2026-05-11T18:05:02","PDF"
"RUNTIME","D:\halal_web_runtime","D:\halal_web_runtime\_onedrive_backup_archive\data.__onedrive_backup_20260629_144030\mail_downloads\HALAL-REQ-20260504-FF0A6E69\attachments\HALAL-REQ-20260504-FF0A6E69__002__Evesa_TK50 제품에 대한 할랄인증서HALAL_HFQ_EVESA_2026-2027.pdf","_onedrive_backup_archive\data.__onedrive_backup_20260629_144030\mail_downloads\HALAL-REQ-20260504-FF0A6E69\attachments\HALAL-REQ-20260504-FF0A6E69__002__Evesa_TK50 제품에 대한 할랄인증서HALAL_HFQ_EVESA_2026-2027.pdf","HALAL-REQ-20260504-FF0A6E69__002__Evesa_TK50 제품에 대한 할랄인증서HALAL_HFQ_EVESA_2026-2027.pdf",".pdf","785492","0.7491","2026-05-11T18:05:02","2026-05-11T18:05:02","PDF"
"RUNTIME","D:\halal_web_runtime","D:\halal_web_runtime\_onedrive_backup_archive\data.__onedrive_backup_20260629_144030\mail_downloads\_unmatched\2026-04-13\MAIL-20260413_144703-413890\body.txt","_onedrive_backup_archive\data.__onedrive_backup_20260629_144030\mail_downloads\_unmatched\2026-04-13\MAIL-20260413_144703-413890\body.txt","body.txt",".txt","1001","0.001","2026-05-12T18:23:12","2026-05-12T18:23:12","SOURCE_OR_CONFIG"
"RUNTIME","D:\halal_web_runtime","D:\halal_web_runtime\_onedrive_backup_archive\data.__onedrive_backup_20260629_144030\mail_downloads\_unmatched\2026-04-13\MAIL-20260413_144703-413890\mail_meta.json","_onedrive_backup_archive\data.__onedrive_backup_20260629_144030\mail_downloads\_unmatched\2026-04-13\MAIL-20260413_144703-413890\mail_meta.json","mail_meta.json",".json","2800","0.0027","2026-05-12T18:23:12","2026-05-12T18:23:12","SOURCE_OR_CONFIG"
"RUNTIME","D:\halal_web_runtime","D:\halal_web_runtime\_onedrive_backup_archive\data.__onedrive_backup_20260629_144030\mail_downloads\_unmatched\2026-04-13\MAIL-20260413_144703-413890\attachments\UNMATCHED__001__돼지 미사용 증명서.xlsx","_onedrive_backup_archive\data.__onedrive_backup_20260629_144030\mail_downloads\_unmatched\2026-04-13\MAIL-20260413_144703-413890\attachments\UNMATCHED__001__돼지 미사용 증명서.xlsx","UNMATCHED__001__돼지 미사용 증명서.xlsx",".xlsx","11694","0.0112","2026-05-12T18:23:12","2026-05-12T18:23:12","SPREADSHEET"
"RUNTIME","D:\halal_web_runtime","D:\halal_web_runtime\_onedrive_backup_archive\data.__onedrive_backup_20260629_144030\mail_downloads\_unmatched\2026-04-14\MAIL-20260414_165905-831399\body.txt","_onedrive_backup_archive\data.__onedrive_backup_20260629_144030\mail_downloads\_unmatched\2026-04-14\MAIL-20260414_165905-831399\body.txt","body.txt",".txt","10183","0.0097","2026-05-12T18:23:12","2026-05-12T18:23:12","SOURCE_OR_CONFIG"
"RUNTIME","D:\halal_web_runtime","D:\halal_web_runtime\_onedrive_backup_archive\data.__onedrive_backup_20260629_144030\mail_downloads\_unmatched\2026-04-14\MAIL-20260414_165905-831399\mail_meta.json","_onedrive_backup_archive\data.__onedrive_backup_20260629_144030\mail_downloads\_unmatched\2026-04-14\MAIL-20260414_165905-831399\mail_meta.json","mail_meta.json",".json","13448","0.0128","2026-05-12T18:23:12","2026-05-12T18:23:12","SOURCE_OR_CONFIG"
"RUNTIME","D:\halal_web_runtime","D:\halal_web_runtime\_onedrive_backup_archive\data.__onedrive_backup_20260629_144030\mail_downloads\_unmatched\2026-04-14\MAIL-20260414_165905-831399\attachments\UNMATCHED__001__세우_본양조간장-N 관련 요청 자료.xlsx","_onedrive_backup_archive\data.__onedrive_backup_20260629_144030\mail_downloads\_unmatched\2026-04-14\MAIL-20260414_165905-831399\attachments\UNMATCHED__001__세우_본양조간장-N 관련 요청 자료.xlsx","UNMATCHED__001__세우_본양조간장-N 관련 요청 자료.xlsx",".xlsx","13903","0.0133","2026-05-12T18:23:12","2026-05-12T18:23:12","SPREADSHEET"
"RUNTIME","D:\halal_web_runtime","D:\halal_web_runtime\_onedrive_backup_archive\data.__onedrive_backup_20260629_144030\mail_downloads\_unmatched\2026-04-14\MAIL-20260414_165905-831399\attachments\UNMATCHED__002__[JAKIM]상호 인정 할랄 인증원 리스트.pdf","_onedrive_backup_archive\data.__onedrive_backup_20260629_144030\mail_downloads\_unmatched\2026-04-14\MAIL-20260414_165905-831399\attachments\UNMATCHED__002__[JAKIM]상호 인정 할랄 인증원 리스트.pdf","UNMATCHED__002__[JAKIM]상호 인정 할랄 인증원 리스트.pdf",".pdf","4272023","4.0741","2026-05-12T18:23:12","2026-05-12T18:23:12","PDF"
"RUNTIME","D:\halal_web_runtime","D:\halal_web_runtime\_onedrive_backup_archive\data.__onedrive_backup_20260629_144030\mail_downloads\_unmatched\2026-04-16\MAIL-20260416_140659-647051\body.txt","_onedrive_backup_archive\data.__onedrive_backup_20260629_144030\mail_downloads\_unmatched\2026-04-16\MAIL-20260416_140659-647051\body.txt","body.txt",".txt","961","0.0009","2026-05-12T18:23:11","2026-05-12T18:23:11","SOURCE_OR_CONFIG"
"RUNTIME","D:\halal_web_runtime","D:\halal_web_runtime\_onedrive_backup_archive\data.__onedrive_backup_20260629_144030\mail_downloads\_unmatched\2026-04-16\MAIL-20260416_140659-647051\mail_meta.json","_onedrive_backup_archive\data.__onedrive_backup_20260629_144030\mail_downloads\_unmatched\2026-04-16\MAIL-20260416_140659-647051\mail_meta.json","mail_meta.json",".json","2551","0.0024","2026-05-12T18:23:11","2026-05-12T18:23:11","SOURCE_OR_CONFIG"
"RUNTIME","D:\halal_web_runtime","D:\halal_web_runtime\_onedrive_backup_archive\data.__onedrive_backup_20260629_144030\mail_downloads\_unmatched\2026-04-16\MAIL-20260416_140659-647051\attachments\UNMATCHED__001__1776315979975.png","_onedrive_backup_archive\data.__onedrive_backup_20260629_144030\mail_downloads\_unmatched\2026-04-16\MAIL-20260416_140659-647051\attachments\UNMATCHED__001__1776315979975.png","UNMATCHED__001__1776315979975.png",".png","15810","0.0151","2026-05-12T18:23:11","2026-05-12T18:23:11","BACKUP"
"RUNTIME","D:\halal_web_runtime","D:\halal_web_runtime\_onedrive_backup_archive\data.__onedrive_backup_20260629_144030\mail_downloads\_unmatched\2026-06-01\MAIL-20260601_155903-065849\body.txt","_onedrive_backup_archive\data.__onedrive_backup_20260629_144030\mail_downloads\_unmatched\2026-06-01\MAIL-20260601_155903-065849\body.txt","body.txt",".txt","2060","0.002","2026-06-03T09:11:45","2026-06-03T09:11:45","SOURCE_OR_CONFIG"
"RUNTIME","D:\halal_web_runtime","D:\halal_web_runtime\_onedrive_backup_archive\data.__onedrive_backup_20260629_144030\mail_downloads\_unmatched\2026-06-01\MAIL-20260601_155903-065849\mail_meta.json","_onedrive_backup_archive\data.__onedrive_backup_20260629_144030\mail_downloads\_unmatched\2026-06-01\MAIL-20260601_155903-065849\mail_meta.json","mail_meta.json",".json","4536","0.0043","2026-06-03T09:11:45","2026-06-03T09:11:45","SOURCE_OR_CONFIG"
"RUNTIME","D:\halal_web_runtime","D:\halal_web_runtime\_onedrive_backup_archive\data.__onedrive_backup_20260629_144030\mail_downloads\_unmatched\2026-06-01\MAIL-20260601_155903-065849\attachments\UNMATCHED__001__D-토코페롤(혼합형)_ZHEJIANG WORLDBESTVE_HALAL(BPJPH)_22.01.27~.pdf","_onedrive_backup_archive\data.__onedrive_backup_20260629_144030\mail_downloads\_unmatched\2026-06-01\MAIL-20260601_155903-065849\attachments\UNMATCHED__001__D-토코페롤(혼합형)_ZHEJIANG WORLDBESTVE_HALAL(BPJPH)_22.01.27~.pdf","UNMATCHED__001__D-토코페롤(혼합형)_ZHEJIANG WORLDBESTVE_HALAL(BPJPH)_22.01.27~.pdf",".pdf","801664","0.7645","2026-06-03T09:11:45","2026-06-03T09:11:45","PDF"
"RUNTIME","D:\halal_web_runtime","D:\halal_web_runtime\_onedrive_backup_archive\data.__onedrive_backup_20260629_144030\mail_downloads\_unmatched\20260430_082649_yeojin.jang@sajo.co.kr\body.txt","_onedrive_backup_archive\data.__onedrive_backup_20260629_144030\mail_downloads\_unmatched\20260430_082649_yeojin.jang@sajo.co.kr\body.txt","body.txt",".txt","2655","0.0025","2026-05-11T18:28:30","2026-05-11T18:28:30","SOURCE_OR_CONFIG"
"RUNTIME","D:\halal_web_runtime","D:\halal_web_runtime\_onedrive_backup_archive\data.__onedrive_backup_20260629_144030\mail_downloads\_unmatched\20260430_082649_yeojin.jang@sajo.co.kr\mail_meta.json","_onedrive_backup_archive\data.__onedrive_backup_20260629_144030\mail_downloads\_unmatched\20260430_082649_yeojin.jang@sajo.co.kr\mail_meta.json","mail_meta.json",".json","3261","0.0031","2026-05-11T18:28:30","2026-05-11T18:28:30","SOURCE_OR_CONFIG"
"RUNTIME","D:\halal_web_runtime","D:\halal_web_runtime\_onedrive_backup_archive\data.__onedrive_backup_20260629_144030\mail_downloads\_unmatched\20260430_082649_yeojin.jang@sajo.co.kr\attachments\UNMATCHED__001__image001.png","_onedrive_backup_archive\data.__onedrive_backup_20260629_144030\mail_downloads\_unmatched\20260430_082649_yeojin.jang@sajo.co.kr\attachments\UNMATCHED__001__image001.png","UNMATCHED__001__image001.png",".png","3925","0.0037","2026-05-11T18:28:30","2026-05-11T18:28:30","BACKUP"
"RUNTIME","D:\halal_web_runtime","D:\halal_web_runtime\_onedrive_backup_archive\data.__onedrive_backup_20260629_144030\mail_downloads\_unmatched\20260430_083431_ko113202@nate.com\body.txt","_onedrive_backup_archive\data.__onedrive_backup_20260629_144030\mail_downloads\_unmatched\20260430_083431_ko113202@nate.com\body.txt","body.txt",".txt","796","0.0008","2026-05-11T18:28:30","2026-05-11T18:28:30","SOURCE_OR_CONFIG"
"RUNTIME","D:\halal_web_runtime","D:\halal_web_runtime\_onedrive_backup_archive\data.__onedrive_backup_20260629_144030\mail_downloads\_unmatched\20260430_083431_ko113202@nate.com\mail_meta.json","_onedrive_backup_archive\data.__onedrive_backup_20260629_144030\mail_downloads\_unmatched\20260430_083431_ko113202@nate.com\mail_meta.json","mail_meta.json",".json","1334","0.0013","2026-05-11T18:28:30","2026-05-11T18:28:30","SOURCE_OR_CONFIG"
"RUNTIME","D:\halal_web_runtime","D:\halal_web_runtime\_onedrive_backup_archive\data.__onedrive_backup_20260629_144030\mail_downloads\_unmatched\20260430_083431_ko113202@nate.com\attachments\UNMATCHED__001__양지뜰 양조 간장.jpg","_onedrive_backup_archive\data.__onedrive_backup_20260629_144030\mail_downloads\_unmatched\20260430_083431_ko113202@nate.com\attachments\UNMATCHED__001__양지뜰 양조 간장.jpg","UNMATCHED__001__양지뜰 양조 간장.jpg",".jpg","287748","0.2744","2026-05-11T18:28:30","2026-05-11T18:28:30","BACKUP"
"RUNTIME","D:\halal_web_runtime","D:\halal_web_runtime\_onedrive_backup_archive\data.__onedrive_backup_20260629_144030\mail_downloads\_unmatched\20260430_111956_yeojin.jang@sajo.co.kr\body.txt","_onedrive_backup_archive\data.__onedrive_backup_20260629_144030\mail_downloads\_unmatched\20260430_111956_yeojin.jang@sajo.co.kr\body.txt","body.txt",".txt","5644","0.0054","2026-05-11T18:28:30","2026-05-11T18:28:30","SOURCE_OR_CONFIG"
"RUNTIME","D:\halal_web_runtime","D:\halal_web_runtime\_onedrive_backup_archive\data.__onedrive_backup_20260629_144030\mail_downloads\_unmatched\20260430_111956_yeojin.jang@sajo.co.kr\mail_meta.json","_onedrive_backup_archive\data.__onedrive_backup_20260629_144030\mail_downloads\_unmatched\20260430_111956_yeojin.jang@sajo.co.kr\mail_meta.json","mail_meta.json",".json","6336","0.006","2026-05-11T18:28:30","2026-05-11T18:28:30","SOURCE_OR_CONFIG"
"RUNTIME","D:\halal_web_runtime","D:\halal_web_runtime\_onedrive_backup_archive\data.__onedrive_backup_20260629_144030\mail_downloads\_unmatched\20260430_111956_yeojin.jang@sajo.co.kr\attachments\UNMATCHED__001__image001.png","_onedrive_backup_archive\data.__onedrive_backup_20260629_144030\mail_downloads\_unmatched\20260430_111956_yeojin.jang@sajo.co.kr\attachments\UNMATCHED__001__image001.png","UNMATCHED__001__image001.png",".png","3925","0.0037","2026-05-11T18:28:30","2026-05-11T18:28:30","BACKUP"
"RUNTIME","D:\halal_web_runtime","D:\halal_web_runtime\_onedrive_backup_archive\data.__onedrive_backup_20260629_144030\mail_downloads\_unmatched\20260430_111956_yeojin.jang@sajo.co.kr\attachments\UNMATCHED__002__제품 원산지 증명서_말토덱스트린.pdf","_onedrive_backup_archive\data.__onedrive_backup_20260629_144030\mail_downloads\_unmatched\20260430_111956_yeojin.jang@sajo.co.kr\attachments\UNMATCHED__002__제품 원산지 증명서_말토덱스트린.pdf","UNMATCHED__002__제품 원산지 증명서_말토덱스트린.pdf",".pdf","119270","0.1137","2026-05-11T18:28:30","2026-05-11T18:28:30","PDF"
"RUNTIME","D:\halal_web_runtime","D:\halal_web_runtime\_onedrive_backup_archive\data.__onedrive_backup_20260629_144030\mail_downloads\_unmatched\20260430_140702_jhsong1@dynesoze.co.kr\body.txt","_onedrive_backup_archive\data.__onedrive_backup_20260629_144030\mail_downloads\_unmatched\20260430_140702_jhsong1@dynesoze.co.kr\body.txt","body.txt",".txt","1482","0.0014","2026-05-11T18:28:29","2026-05-11T18:28:29","SOURCE_OR_CONFIG"
"RUNTIME","D:\halal_web_runtime","D:\halal_web_runtime\_onedrive_backup_archive\data.__onedrive_backup_20260629_144030\mail_downloads\_unmatched\20260430_140702_jhsong1@dynesoze.co.kr\mail_meta.json","_onedrive_backup_archive\data.__onedrive_backup_20260629_144030\mail_downloads\_unmatched\20260430_140702_jhsong1@dynesoze.co.kr\mail_meta.json","mail_meta.json",".json","2025","0.0019","2026-05-11T18:28:29","2026-05-11T18:28:29","SOURCE_OR_CONFIG"
"RUNTIME","D:\halal_web_runtime","D:\halal_web_runtime\_onedrive_backup_archive\data.__onedrive_backup_20260629_144030\mail_downloads\_unmatched\20260430_140702_jhsong1@dynesoze.co.kr\attachments\UNMATCHED__001__견적서(세우)260430.pdf","_onedrive_backup_archive\data.__onedrive_backup_20260629_144030\mail_downloads\_unmatched\20260430_140702_jhsong1@dynesoze.co.kr\attachments\UNMATCHED__001__견적서(세우)260430.pdf","UNMATCHED__001__견적서(세우)260430.pdf",".pdf","107120","0.1022","2026-05-11T18:28:29","2026-05-11T18:28:29","PDF"
"RUNTIME","D:\halal_web_runtime","D:\halal_web_runtime\_onedrive_backup_archive\data.__onedrive_backup_20260629_144030\mail_downloads\_unmatched\20260430_140702_jhsong1@dynesoze.co.kr\attachments\UNMATCHED__002__api+20+a.pdf","_onedrive_backup_archive\data.__onedrive_backup_20260629_144030\mail_downloads\_unmatched\20260430_140702_jhsong1@dynesoze.co.kr\attachments\UNMATCHED__002__api+20+a.pdf","UNMATCHED__002__api+20+a.pdf",".pdf","2141707","2.0425","2026-05-11T18:28:29","2026-05-11T18:28:29","PDF"
"RUNTIME","D:\halal_web_runtime","D:\halal_web_runtime\_onedrive_backup_archive\data.__onedrive_backup_20260629_144030\mail_downloads\_unmatched\20260430_140702_jhsong1@dynesoze.co.kr\attachments\UNMATCHED__003__견적서2(세우)260430.pdf","_onedrive_backup_archive\data.__onedrive_backup_20260629_144030\mail_downloads\_unmatched\20260430_140702_jhsong1@dynesoze.co.kr\attachments\UNMATCHED__003__견적서2(세우)260430.pdf","UNMATCHED__003__견적서2(세우)260430.pdf",".pdf","104865","0.1","2026-05-11T18:28:29","2026-05-11T18:28:29","PDF"
"RUNTIME","D:\halal_web_runtime","D:\halal_web_runtime\_onedrive_backup_archive\data.__onedrive_backup_20260629_144030\mail_downloads\_unmatched\20260430_154912_ko113202@nate.com\body.txt","_onedrive_backup_archive\data.__onedrive_backup_20260629_144030\mail_downloads\_unmatched\20260430_154912_ko113202@nate.com\body.txt","body.txt",".txt","2177","0.0021","2026-05-11T18:28:29","2026-05-11T18:28:29","SOURCE_OR_CONFIG"
"RUNTIME","D:\halal_web_runtime","D:\halal_web_runtime\_onedrive_backup_archive\data.__onedrive_backup_20260629_144030\mail_downloads\_unmatched\20260430_154912_ko113202@nate.com\mail_meta.json","_onedrive_backup_archive\data.__onedrive_backup_20260629_144030\mail_downloads\_unmatched\20260430_154912_ko113202@nate.com\mail_meta.json","mail_meta.json",".json","2726","0.0026","2026-05-11T18:28:29","2026-05-11T18:28:29","SOURCE_OR_CONFIG"
"RUNTIME","D:\halal_web_runtime","D:\halal_web_runtime\_onedrive_backup_archive\data.__onedrive_backup_20260629_144030\mail_downloads\_unmatched\20260430_154912_ko113202@nate.com\attachments\UNMATCHED__001__양지뜰진간장.jpg","_onedrive_backup_archive\data.__onedrive_backup_20260629_144030\mail_downloads\_unmatched\20260430_154912_ko113202@nate.com\attachments\UNMATCHED__001__양지뜰진간장.jpg","UNMATCHED__001__양지뜰진간장.jpg",".jpg","299782","0.2859","2026-05-11T18:28:29","2026-05-11T18:28:29","BACKUP"
"RUNTIME","D:\halal_web_runtime","D:\halal_web_runtime\_onedrive_backup_archive\data.__onedrive_backup_20260629_144030\mail_downloads\_unmatched\20260430_163919_yhkim@seoulfnf.com\body.txt","_onedrive_backup_archive\data.__onedrive_backup_20260629_144030\mail_downloads\_unmatched\20260430_163919_yhkim@seoulfnf.com\body.txt","body.txt",".txt","5386","0.0051","2026-05-11T18:28:28","2026-05-11T18:28:28","SOURCE_OR_CONFIG"
"RUNTIME","D:\halal_web_runtime","D:\halal_web_runtime\_onedrive_backup_archive\data.__onedrive_backup_20260629_144030\mail_downloads\_unmatched\20260430_163919_yhkim@seoulfnf.com\mail_meta.json","_onedrive_backup_archive\data.__onedrive_backup_20260629_144030\mail_downloads\_unmatched\20260430_163919_yhkim@seoulfnf.com\mail_meta.json","mail_meta.json",".json","5985","0.0057","2026-05-11T18:28:28","2026-05-11T18:28:28","SOURCE_OR_CONFIG"
"RUNTIME","D:\halal_web_runtime","D:\halal_web_runtime\_onedrive_backup_archive\data.__onedrive_backup_20260629_144030\mail_downloads\_unmatched\20260430_163919_yhkim@seoulfnf.com\attachments\UNMATCHED__001__간장향_NS-40500_원료확인서.pdf","_onedrive_backup_archive\data.__onedrive_backup_20260629_144030\mail_downloads\_unmatched\20260430_163919_yhkim@seoulfnf.com\attachments\UNMATCHED__001__간장향_NS-40500_원료확인서.pdf","UNMATCHED__001__간장향_NS-40500_원료확인서.pdf",".pdf","61912","0.059","2026-05-11T18:28:28","2026-05-11T18:28:28","PDF"
"RUNTIME","D:\halal_web_runtime","D:\halal_web_runtime\_onedrive_backup_archive\data.__onedrive_backup_20260629_144030\mail_downloads\_unmatched\20260504_084328_hyunseung.yoo@lotte.net\body.txt","_onedrive_backup_archive\data.__onedrive_backup_20260629_144030\mail_downloads\_unmatched\20260504_084328_hyunseung.yoo@lotte.net\body.txt","body.txt",".txt","4066","0.0039","2026-05-11T18:28:28","2026-05-11T18:28:28","SOURCE_OR_CONFIG"
"RUNTIME","D:\halal_web_runtime","D:\halal_web_runtime\_onedrive_backup_archive\data.__onedrive_backup_20260629_144030\mail_downloads\_unmatched\20260504_084328_hyunseung.yoo@lotte.net\mail_meta.json","_onedrive_backup_archive\data.__onedrive_backup_20260629_144030\mail_downloads\_unmatched\20260504_084328_hyunseung.yoo@lotte.net\mail_meta.json","mail_meta.json",".json","4664","0.0044","2026-05-11T18:28:28","2026-05-11T18:28:28","SOURCE_OR_CONFIG"
"RUNTIME","D:\halal_web_runtime","D:\halal_web_runtime\_onedrive_backup_archive\data.__onedrive_backup_20260629_144030\mail_downloads\_unmatched\20260504_084328_hyunseung.yoo@lotte.net\attachments\UNMATCHED__001__NG대두유(네덜란드,러시아,태국) NG Certi.zip","_onedrive_backup_archive\data.__onedrive_backup_20260629_144030\mail_downloads\_unmatched\20260504_084328_hyunseung.yoo@lotte.net\attachments\UNMATCHED__001__NG대두유(네덜란드,러시아,태국) NG Certi.zip","UNMATCHED__001__NG대두유(네덜란드,러시아,태국) NG Certi.zip",".zip","2737730","2.6109","2026-05-11T18:28:28","2026-05-11T18:28:28","BACKUP"
"RUNTIME","D:\halal_web_runtime","D:\halal_web_runtime\_onedrive_backup_archive\data.__onedrive_backup_20260629_144030\mail_downloads\_unmatched\20260504_094828_hwalim@kewi.re.kr\body.txt","_onedrive_backup_archive\data.__onedrive_backup_20260629_144030\mail_downloads\_unmatched\20260504_094828_hwalim@kewi.re.kr\body.txt","body.txt",".txt","101","0.0001","2026-05-11T18:28:27","2026-05-11T18:28:27","SOURCE_OR_CONFIG"
"RUNTIME","D:\halal_web_runtime","D:\halal_web_runtime\_onedrive_backup_archive\data.__onedrive_backup_20260629_144030\mail_downloads\_unmatched\20260504_094828_hwalim@kewi.re.kr\mail_meta.json","_onedrive_backup_archive\data.__onedrive_backup_20260629_144030\mail_downloads\_unmatched\20260504_094828_hwalim@kewi.re.kr\mail_meta.json","mail_meta.json",".json","626","0.0006","2026-05-11T18:28:27","2026-05-11T18:28:27","SOURCE_OR_CONFIG"
"RUNTIME","D:\halal_web_runtime","D:\halal_web_runtime\_onedrive_backup_archive\data.__onedrive_backup_20260629_144030\mail_downloads\_unmatched\20260504_094828_hwalim@kewi.re.kr\attachments\UNMATCHED__001__EU-260106.pdf","_onedrive_backup_archive\data.__onedrive_backup_20260629_144030\mail_downloads\_unmatched\20260504_094828_hwalim@kewi.re.kr\attachments\UNMATCHED__001__EU-260106.pdf","UNMATCHED__001__EU-260106.pdf",".pdf","167075","0.1593","2026-05-11T18:28:27","2026-05-11T18:28:27","PDF"
"RUNTIME","D:\halal_web_runtime","D:\halal_web_runtime\_onedrive_backup_archive\data.__onedrive_backup_20260629_144030\mail_downloads\_unmatched\20260504_094828_hwalim@kewi.re.kr\attachments\UNMATCHED__002__EU-260106-E.pdf","_onedrive_backup_archive\data.__onedrive_backup_20260629_144030\mail_downloads\_unmatched\20260504_094828_hwalim@kewi.re.kr\attachments\UNMATCHED__002__EU-260106-E.pdf","UNMATCHED__002__EU-260106-E.pdf",".pdf","137349","0.131","2026-05-11T18:28:27","2026-05-11T18:28:27","PDF"
"RUNTIME","D:\halal_web_runtime","D:\halal_web_runtime\_onedrive_backup_archive\data.__onedrive_backup_20260629_144030\mail_downloads\_unmatched\20260504_100838_parkhs@honeybee.or.kr\body.txt","_onedrive_backup_archive\data.__onedrive_backup_20260629_144030\mail_downloads\_unmatched\20260504_100838_parkhs@honeybee.or.kr\body.txt","body.txt",".txt","229","0.0002","2026-05-11T18:28:27","2026-05-11T18:28:27","SOURCE_OR_CONFIG"
"RUNTIME","D:\halal_web_runtime","D:\halal_web_runtime\_onedrive_backup_archive\data.__onedrive_backup_20260629_144030\mail_downloads\_unmatched\20260504_100838_parkhs@honeybee.or.kr\mail_meta.json","_onedrive_backup_archive\data.__onedrive_backup_20260629_144030\mail_downloads\_unmatched\20260504_100838_parkhs@honeybee.or.kr\mail_meta.json","mail_meta.json",".json","784","0.0007","2026-05-11T18:28:27","2026-05-11T18:28:27","SOURCE_OR_CONFIG"
"RUNTIME","D:\halal_web_runtime","D:\halal_web_runtime\_onedrive_backup_archive\data.__onedrive_backup_20260629_144030\mail_downloads\_unmatched\20260504_100838_parkhs@honeybee.or.kr\attachments\UNMATCHED__001__바지락살(국산) 원산지증명서.pdf","_onedrive_backup_archive\data.__onedrive_backup_20260629_144030\mail_downloads\_unmatched\20260504_100838_parkhs@honeybee.or.kr\attachments\UNMATCHED__001__바지락살(국산) 원산지증명서.pdf","UNMATCHED__001__바지락살(국산) 원산지증명서.pdf",".pdf","318273","0.3035","2026-05-11T18:28:27","2026-05-11T18:28:27","PDF"
"RUNTIME","D:\halal_web_runtime","D:\halal_web_runtime\_onedrive_backup_archive\data.__onedrive_backup_20260629_144030\mail_downloads\_unmatched\20260505_150219_whaaodm02@dongbangfood.com\body.txt","_onedrive_backup_archive\data.__onedrive_backup_20260629_144030\mail_downloads\_unmatched\20260505_150219_whaaodm02@dongbangfood.com\body.txt","body.txt",".txt","1584","0.0015","2026-05-11T18:28:27","2026-05-11T18:28:27","SOURCE_OR_CONFIG"
"RUNTIME","D:\halal_web_runtime","D:\halal_web_runtime\_onedrive_backup_archive\data.__onedrive_backup_20260629_144030\mail_downloads\_unmatched\20260505_150219_whaaodm02@dongbangfood.com\mail_meta.json","_onedrive_backup_archive\data.__onedrive_backup_20260629_144030\mail_downloads\_unmatched\20260505_150219_whaaodm02@dongbangfood.com\mail_meta.json","mail_meta.json",".json","2130","0.002","2026-05-11T18:28:27","2026-05-11T18:28:27","SOURCE_OR_CONFIG"
"RUNTIME","D:\halal_web_runtime","D:\halal_web_runtime\_onedrive_backup_archive\data.__onedrive_backup_20260629_144030\mail_downloads\_unmatched\20260505_150219_whaaodm02@dongbangfood.com\attachments\UNMATCHED__001__카놀라탈검유_수입필증,확인증.pdf","_onedrive_backup_archive\data.__onedrive_backup_20260629_144030\mail_downloads\_unmatched\20260505_150219_whaaodm02@dongbangfood.com\attachments\UNMATCHED__001__카놀라탈검유_수입필증,확인증.pdf","UNMATCHED__001__카놀라탈검유_수입필증,확인증.pdf",".pdf","526509","0.5021","2026-05-11T18:28:27","2026-05-11T18:28:27","PDF"
"RUNTIME","D:\halal_web_runtime","D:\halal_web_runtime\_onedrive_backup_archive\data.__onedrive_backup_20260629_144030\mail_downloads\_unmatched\20260505_150219_whaaodm02@dongbangfood.com\attachments\UNMATCHED__002__대두_수입신고필증_2026 미국 브라질.pdf","_onedrive_backup_archive\data.__onedrive_backup_20260629_144030\mail_downloads\_unmatched\20260505_150219_whaaodm02@dongbangfood.com\attachments\UNMATCHED__002__대두_수입신고필증_2026 미국 브라질.pdf","UNMATCHED__002__대두_수입신고필증_2026 미국 브라질.pdf",".pdf","372660","0.3554","2026-05-11T18:28:27","2026-05-11T18:28:27","PDF"
"RUNTIME","D:\halal_web_runtime","D:\halal_web_runtime\_onedrive_backup_archive\data.__onedrive_backup_20260629_144030\mail_downloads\_unmatched\20260505_150219_whaaodm02@dongbangfood.com\attachments\UNMATCHED__003__대두_수입신고필증_2026 (파라과이 25년) (1).pdf","_onedrive_backup_archive\data.__onedrive_backup_20260629_144030\mail_downloads\_unmatched\20260505_150219_whaaodm02@dongbangfood.com\attachments\UNMATCHED__003__대두_수입신고필증_2026 (파라과이 25년) (1).pdf","UNMATCHED__003__대두_수입신고필증_2026 (파라과이 25년) (1).pdf",".pdf","1794500","1.7114","2026-05-11T18:28:27","2026-05-11T18:28:27","PDF"
"RUNTIME","D:\halal_web_runtime","D:\halal_web_runtime\_onedrive_backup_archive\data.__onedrive_backup_20260629_144030\mail_downloads\_unmatched\20260506_090722_ug.lee@lotte.net\body.txt","_onedrive_backup_archive\data.__onedrive_backup_20260629_144030\mail_downloads\_unmatched\20260506_090722_ug.lee@lotte.net\body.txt","body.txt",".txt","6080","0.0058","2026-05-11T18:28:26","2026-05-11T18:28:26","SOURCE_OR_CONFIG"
"RUNTIME","D:\halal_web_runtime","D:\halal_web_runtime\_onedrive_backup_archive\data.__onedrive_backup_20260629_144030\mail_downloads\_unmatched\20260506_090722_ug.lee@lotte.net\mail_meta.json","_onedrive_backup_archive\data.__onedrive_backup_20260629_144030\mail_downloads\_unmatched\20260506_090722_ug.lee@lotte.net\mail_meta.json","mail_meta.json",".json","6724","0.0064","2026-05-11T18:28:26","2026-05-11T18:28:26","SOURCE_OR_CONFIG"
"RUNTIME","D:\halal_web_runtime","D:\halal_web_runtime\_onedrive_backup_archive\data.__onedrive_backup_20260629_144030\mail_downloads\_unmatched\20260506_090722_ug.lee@lotte.net\attachments\UNMATCHED__001__각 업체별 제품별 현황 및 공인시험성적서 제출 요청 양식.xlsx","_onedrive_backup_archive\data.__onedrive_backup_20260629_144030\mail_downloads\_unmatched\20260506_090722_ug.lee@lotte.net\attachments\UNMATCHED__001__각 업체별 제품별 현황 및 공인시험성적서 제출 요청 양식.xlsx","UNMATCHED__001__각 업체별 제품별 현황 및 공인시험성적서 제출 요청 양식.xlsx",".xlsx","21273","0.0203","2026-05-11T18:28:26","2026-05-11T18:28:26","SPREADSHEET"
"RUNTIME","D:\halal_web_runtime","D:\halal_web_runtime\_onedrive_backup_archive\data.__onedrive_backup_20260629_144030\mail_downloads\_unmatched\20260506_134912_whs00317@gmail.com\body.txt","_onedrive_backup_archive\data.__onedrive_backup_20260629_144030\mail_downloads\_unmatched\20260506_134912_whs00317@gmail.com\body.txt","body.txt",".txt","2309","0.0022","2026-05-11T18:28:26","2026-05-11T18:28:26","SOURCE_OR_CONFIG"
"RUNTIME","D:\halal_web_runtime","D:\halal_web_runtime\_onedrive_backup_archive\data.__onedrive_backup_20260629_144030\mail_downloads\_unmatched\20260506_134912_whs00317@gmail.com\mail_meta.json","_onedrive_backup_archive\data.__onedrive_backup_20260629_144030\mail_downloads\_unmatched\20260506_134912_whs00317@gmail.com\mail_meta.json","mail_meta.json",".json","2915","0.0028","2026-05-11T18:28:26","2026-05-11T18:28:26","SOURCE_OR_CONFIG"
"RUNTIME","D:\halal_web_runtime","D:\halal_web_runtime\_onedrive_backup_archive\data.__onedrive_backup_20260629_144030\mail_downloads\_unmatched\20260506_134912_whs00317@gmail.com\attachments\UNMATCHED__001__세우 원료_리스트_260506.xlsx","_onedrive_backup_archive\data.__onedrive_backup_20260629_144030\mail_downloads\_unmatched\20260506_134912_whs00317@gmail.com\attachments\UNMATCHED__001__세우 원료_리스트_260506.xlsx","UNMATCHED__001__세우 원료_리스트_260506.xlsx",".xlsx","11653","0.0111","2026-05-11T18:28:26","2026-05-11T18:28:26","SPREADSHEET"
"RUNTIME","D:\halal_web_runtime","D:\halal_web_runtime\_onedrive_backup_archive\data.__onedrive_backup_20260629_144030\mail_downloads\_unmatched\20260506_140621_saemyi.kwon@bonchon.com\body.txt","_onedrive_backup_archive\data.__onedrive_backup_20260629_144030\mail_downloads\_unmatched\20260506_140621_saemyi.kwon@bonchon.com\body.txt","body.txt",".txt","21256","0.0203","2026-05-11T18:28:26","2026-05-11T18:28:26","SOURCE_OR_CONFIG"
"RUNTIME","D:\halal_web_runtime","D:\halal_web_runtime\_onedrive_backup_archive\data.__onedrive_backup_20260629_144030\mail_downloads\_unmatched\20260506_140621_saemyi.kwon@bonchon.com\mail_meta.json","_onedrive_backup_archive\data.__onedrive_backup_20260629_144030\mail_downloads\_unmatched\20260506_140621_saemyi.kwon@bonchon.com\mail_meta.json","mail_meta.json",".json","22100","0.0211","2026-05-11T18:28:26","2026-05-11T18:28:26","SOURCE_OR_CONFIG"
"RUNTIME","D:\halal_web_runtime","D:\halal_web_runtime\_onedrive_backup_archive\data.__onedrive_backup_20260629_144030\mail_downloads\_unmatched\20260506_140621_saemyi.kwon@bonchon.com\attachments\UNMATCHED__001__image.png","_onedrive_backup_archive\data.__onedrive_backup_20260629_144030\mail_downloads\_unmatched\20260506_140621_saemyi.kwon@bonchon.com\attachments\UNMATCHED__001__image.png","UNMATCHED__001__image.png",".png","59278","0.0565","2026-05-11T18:28:26","2026-05-11T18:28:26","BACKUP"
"RUNTIME","D:\halal_web_runtime","D:\halal_web_runtime\_onedrive_backup_archive\data.__onedrive_backup_20260629_144030\mail_downloads\_unmatched\20260506_142509_hjhan@tkfood.co.kr\body.txt","_onedrive_backup_archive\data.__onedrive_backup_20260629_144030\mail_downloads\_unmatched\20260506_142509_hjhan@tkfood.co.kr\body.txt","body.txt",".txt","5298","0.0051","2026-05-11T18:28:25","2026-05-11T18:28:25","SOURCE_OR_CONFIG"
"RUNTIME","D:\halal_web_runtime","D:\halal_web_runtime\_onedrive_backup_archive\data.__onedrive_backup_20260629_144030\mail_downloads\_unmatched\20260506_142509_hjhan@tkfood.co.kr\mail_meta.json","_onedrive_backup_archive\data.__onedrive_backup_20260629_144030\mail_downloads\_unmatched\20260506_142509_hjhan@tkfood.co.kr\mail_meta.json","mail_meta.json",".json","5955","0.0057","2026-05-11T18:28:25","2026-05-11T18:28:25","SOURCE_OR_CONFIG"
"RUNTIME","D:\halal_web_runtime","D:\halal_web_runtime\_onedrive_backup_archive\data.__onedrive_backup_20260629_144030\mail_downloads\_unmatched\20260506_142509_hjhan@tkfood.co.kr\attachments\UNMATCHED__001__전달 이미지","_onedrive_backup_archive\data.__onedrive_backup_20260629_144030\mail_downloads\_unmatched\20260506_142509_hjhan@tkfood.co.kr\attachments\UNMATCHED__001__전달 이미지","UNMATCHED__001__전달 이미지","","12257","0.0117","2026-05-11T18:28:25","2026-05-11T18:28:25","BACKUP"
"RUNTIME","D:\halal_web_runtime","D:\halal_web_runtime\_onedrive_backup_archive\data.__onedrive_backup_20260629_144030\mail_downloads\_unmatched\20260506_142509_hjhan@tkfood.co.kr\attachments\UNMATCHED__002__hjhan@tkfood_637782819212977204.PNG","_onedrive_backup_archive\data.__onedrive_backup_20260629_144030\mail_downloads\_unmatched\20260506_142509_hjhan@tkfood.co.kr\attachments\UNMATCHED__002__hjhan@tkfood_637782819212977204.PNG","UNMATCHED__002__hjhan@tkfood_637782819212977204.PNG",".png","12257","0.0117","2026-05-11T18:28:25","2026-05-11T18:28:25","BACKUP"
"RUNTIME","D:\halal_web_runtime","D:\halal_web_runtime\_onedrive_backup_archive\data.__onedrive_backup_20260629_144030\mail_downloads\_unmatched\20260506_150515_hometaxadmin@hometax.go.kr\body.txt","_onedrive_backup_archive\data.__onedrive_backup_20260629_144030\mail_downloads\_unmatched\20260506_150515_hometaxadmin@hometax.go.kr\body.txt","body.txt",".txt","979","0.0009","2026-05-11T18:28:25","2026-05-11T18:28:25","SOURCE_OR_CONFIG"
"RUNTIME","D:\halal_web_runtime","D:\halal_web_runtime\_onedrive_backup_archive\data.__onedrive_backup_20260629_144030\mail_downloads\_unmatched\20260506_150515_hometaxadmin@hometax.go.kr\mail_meta.json","_onedrive_backup_archive\data.__onedrive_backup_20260629_144030\mail_downloads\_unmatched\20260506_150515_hometaxadmin@hometax.go.kr\mail_meta.json","mail_meta.json",".json","1516","0.0014","2026-05-11T18:28:25","2026-05-11T18:28:25","SOURCE_OR_CONFIG"
"RUNTIME","D:\halal_web_runtime","D:\halal_web_runtime\_onedrive_backup_archive\data.__onedrive_backup_20260629_144030\mail_downloads\_unmatched\20260506_150515_hometaxadmin@hometax.go.kr\attachments\UNMATCHED__001__NTS_eTaxInvoice.html","_onedrive_backup_archive\data.__onedrive_backup_20260629_144030\mail_downloads\_unmatched\20260506_150515_hometaxadmin@hometax.go.kr\attachments\UNMATCHED__001__NTS_eTaxInvoice.html","UNMATCHED__001__NTS_eTaxInvoice.html",".html","93720","0.0894","2026-05-11T18:28:25","2026-05-11T18:28:25","SOURCE_OR_CONFIG"
"RUNTIME","D:\halal_web_runtime","D:\halal_web_runtime\_onedrive_backup_archive\data.__onedrive_backup_20260629_144030\mail_downloads\_unmatched\20260506_151959_saemyi.kwon@bonchon.com\body.txt","_onedrive_backup_archive\data.__onedrive_backup_20260629_144030\mail_downloads\_unmatched\20260506_151959_saemyi.kwon@bonchon.com\body.txt","body.txt",".txt","23118","0.022","2026-05-11T18:28:25","2026-05-11T18:28:25","SOURCE_OR_CONFIG"
"RUNTIME","D:\halal_web_runtime","D:\halal_web_runtime\_onedrive_backup_archive\data.__onedrive_backup_20260629_144030\mail_downloads\_unmatched\20260506_151959_saemyi.kwon@bonchon.com\mail_meta.json","_onedrive_backup_archive\data.__onedrive_backup_20260629_144030\mail_downloads\_unmatched\20260506_151959_saemyi.kwon@bonchon.com\mail_meta.json","mail_meta.json",".json","23983","0.0229","2026-05-11T18:28:25","2026-05-11T18:28:25","SOURCE_OR_CONFIG"
"RUNTIME","D:\halal_web_runtime","D:\halal_web_runtime\_onedrive_backup_archive\data.__onedrive_backup_20260629_144030\mail_downloads\_unmatched\20260506_151959_saemyi.kwon@bonchon.com\attachments\UNMATCHED__001__Outlook-55y24fa4.png","_onedrive_backup_archive\data.__onedrive_backup_20260629_144030\mail_downloads\_unmatched\20260506_151959_saemyi.kwon@bonchon.com\attachments\UNMATCHED__001__Outlook-55y24fa4.png","UNMATCHED__001__Outlook-55y24fa4.png",".png","59278","0.0565","2026-05-11T18:28:25","2026-05-11T18:28:25","BACKUP"
"RUNTIME","D:\halal_web_runtime","D:\halal_web_runtime\_onedrive_backup_archive\data.__onedrive_backup_20260629_144030\mail_downloads\_unmatched\20260506_153918_leehyemin9809@naver.com\body.txt","_onedrive_backup_archive\data.__onedrive_backup_20260629_144030\mail_downloads\_unmatched\20260506_153918_leehyemin9809@naver.com\body.txt","body.txt",".txt","2039","0.0019","2026-05-11T18:28:25","2026-05-11T18:28:25","SOURCE_OR_CONFIG"
"RUNTIME","D:\halal_web_runtime","D:\halal_web_runtime\_onedrive_backup_archive\data.__onedrive_backup_20260629_144030\mail_downloads\_unmatched\20260506_153918_leehyemin9809@naver.com\mail_meta.json","_onedrive_backup_archive\data.__onedrive_backup_20260629_144030\mail_downloads\_unmatched\20260506_153918_leehyemin9809@naver.com\mail_meta.json","mail_meta.json",".json","2583","0.0025","2026-05-11T18:28:25","2026-05-11T18:28:25","SOURCE_OR_CONFIG"
"RUNTIME","D:\halal_web_runtime","D:\halal_web_runtime\_onedrive_backup_archive\data.__onedrive_backup_20260629_144030\mail_downloads\_unmatched\20260506_153918_leehyemin9809@naver.com\attachments\UNMATCHED__001__간장분말NM 구분유통증명서.pdf","_onedrive_backup_archive\data.__onedrive_backup_20260629_144030\mail_downloads\_unmatched\20260506_153918_leehyemin9809@naver.com\attachments\UNMATCHED__001__간장분말NM 구분유통증명서.pdf","UNMATCHED__001__간장분말NM 구분유통증명서.pdf",".pdf","37218","0.0355","2026-05-11T18:28:25","2026-05-11T18:28:25","PDF"
"RUNTIME","D:\halal_web_runtime","D:\halal_web_runtime\_onedrive_backup_archive\data.__onedrive_backup_20260629_144030\mail_downloads\_unmatched\20260506_153918_leehyemin9809@naver.com\attachments\UNMATCHED__002__본양조간장N 구분유통증명서.pdf","_onedrive_backup_archive\data.__onedrive_backup_20260629_144030\mail_downloads\_unmatched\20260506_153918_leehyemin9809@naver.com\attachments\UNMATCHED__002__본양조간장N 구분유통증명서.pdf","UNMATCHED__002__본양조간장N 구분유통증명서.pdf",".pdf","37167","0.0354","2026-05-11T18:28:25","2026-05-11T18:28:25","PDF"
"RUNTIME","D:\halal_web_runtime","D:\halal_web_runtime\_onedrive_backup_archive\data.__onedrive_backup_20260629_144030\mail_downloads\_unmatched\20260506_153918_leehyemin9809@naver.com\attachments\UNMATCHED__003__분말고추장2호 구분유통증명서.pdf","_onedrive_backup_archive\data.__onedrive_backup_20260629_144030\mail_downloads\_unmatched\20260506_153918_leehyemin9809@naver.com\attachments\UNMATCHED__003__분말고추장2호 구분유통증명서.pdf","UNMATCHED__003__분말고추장2호 구분유통증명서.pdf",".pdf","37084","0.0354","2026-05-11T18:28:25","2026-05-11T18:28:25","PDF"
"RUNTIME","D:\halal_web_runtime","D:\halal_web_runtime\_onedrive_backup_archive\data.__onedrive_backup_20260629_144030\mail_downloads\_unmatched\20260506_153918_leehyemin9809@naver.com\attachments\UNMATCHED__004__분말김치국물2호NM 구분유통증명서.pdf","_onedrive_backup_archive\data.__onedrive_backup_20260629_144030\mail_downloads\_unmatched\20260506_153918_leehyemin9809@naver.com\attachments\UNMATCHED__004__분말김치국물2호NM 구분유통증명서.pdf","UNMATCHED__004__분말김치국물2호NM 구분유통증명서.pdf",".pdf","38393","0.0366","2026-05-11T18:28:25","2026-05-11T18:28:25","PDF"
"RUNTIME","D:\halal_web_runtime","D:\halal_web_runtime\_onedrive_backup_archive\data.__onedrive_backup_20260629_144030\mail_downloads\_unmatched\20260506_153918_leehyemin9809@naver.com\attachments\UNMATCHED__005__비프엑기스SW-10 구분유통증명서.pdf","_onedrive_backup_archive\data.__onedrive_backup_20260629_144030\mail_downloads\_unmatched\20260506_153918_leehyemin9809@naver.com\attachments\UNMATCHED__005__비프엑기스SW-10 구분유통증명서.pdf","UNMATCHED__005__비프엑기스SW-10 구분유통증명서.pdf",".pdf","37837","0.0361","2026-05-11T18:28:25","2026-05-11T18:28:25","PDF"
"RUNTIME","D:\halal_web_runtime","D:\halal_web_runtime\_onedrive_backup_archive\data.__onedrive_backup_20260629_144030\mail_downloads\_unmatched\20260506_153918_leehyemin9809@naver.com\attachments\UNMATCHED__006__소고기분말TN 구분유통증명서.pdf","_onedrive_backup_archive\data.__onedrive_backup_20260629_144030\mail_downloads\_unmatched\20260506_153918_leehyemin9809@naver.com\attachments\UNMATCHED__006__소고기분말TN 구분유통증명서.pdf","UNMATCHED__006__소고기분말TN 구분유통증명서.pdf",".pdf","36731","0.035","2026-05-11T18:28:25","2026-05-11T18:28:25","PDF"
"RUNTIME","D:\halal_web_runtime","D:\halal_web_runtime\_onedrive_backup_archive\data.__onedrive_backup_20260629_144030\mail_downloads\_unmatched\20260506_163830_hwshin@dhflour.co.kr\body.txt","_onedrive_backup_archive\data.__onedrive_backup_20260629_144030\mail_downloads\_unmatched\20260506_163830_hwshin@dhflour.co.kr\body.txt","body.txt",".txt","2310","0.0022","2026-05-11T18:28:25","2026-05-11T18:28:25","SOURCE_OR_CONFIG"
"RUNTIME","D:\halal_web_runtime","D:\halal_web_runtime\_onedrive_backup_archive\data.__onedrive_backup_20260629_144030\mail_downloads\_unmatched\20260506_163830_hwshin@dhflour.co.kr\mail_meta.json","_onedrive_backup_archive\data.__onedrive_backup_20260629_144030\mail_downloads\_unmatched\20260506_163830_hwshin@dhflour.co.kr\mail_meta.json","mail_meta.json",".json","2845","0.0027","2026-05-11T18:28:25","2026-05-11T18:28:25","SOURCE_OR_CONFIG"
"RUNTIME","D:\halal_web_runtime","D:\halal_web_runtime\_onedrive_backup_archive\data.__onedrive_backup_20260629_144030\mail_downloads\_unmatched\20260506_163830_hwshin@dhflour.co.kr\attachments\UNMATCHED__001__세우_수입신고필증 확인증.pdf","_onedrive_backup_archive\data.__onedrive_backup_20260629_144030\mail_downloads\_unmatched\20260506_163830_hwshin@dhflour.co.kr\attachments\UNMATCHED__001__세우_수입신고필증 확인증.pdf","UNMATCHED__001__세우_수입신고필증 확인증.pdf",".pdf","579442","0.5526","2026-05-11T18:28:25","2026-05-11T18:28:25","PDF"
"RUNTIME","D:\halal_web_runtime","D:\halal_web_runtime\_onedrive_backup_archive\data.__onedrive_backup_20260629_144030\mail_downloads\_unmatched\20260507_090543_jinjucom2@daum.net\body.txt","_onedrive_backup_archive\data.__onedrive_backup_20260629_144030\mail_downloads\_unmatched\20260507_090543_jinjucom2@daum.net\body.txt","body.txt",".txt","252","0.0002","2026-05-11T18:28:25","2026-05-11T18:28:25","SOURCE_OR_CONFIG"
"RUNTIME","D:\halal_web_runtime","D:\halal_web_runtime\_onedrive_backup_archive\data.__onedrive_backup_20260629_144030\mail_downloads\_unmatched\20260507_090543_jinjucom2@daum.net\mail_meta.json","_onedrive_backup_archive\data.__onedrive_backup_20260629_144030\mail_downloads\_unmatched\20260507_090543_jinjucom2@daum.net\mail_meta.json","mail_meta.json",".json","777","0.0007","2026-05-11T18:28:25","2026-05-11T18:28:25","SOURCE_OR_CONFIG"
"RUNTIME","D:\halal_web_runtime","D:\halal_web_runtime\_onedrive_backup_archive\data.__onedrive_backup_20260629_144030\mail_downloads\_unmatched\20260507_090543_jinjucom2@daum.net\attachments\UNMATCHED__001__조영본 명함.PNG","_onedrive_backup_archive\data.__onedrive_backup_20260629_144030\mail_downloads\_unmatched\20260507_090543_jinjucom2@daum.net\attachments\UNMATCHED__001__조영본 명함.PNG","UNMATCHED__001__조영본 명함.PNG",".png","14118","0.0135","2026-05-11T18:28:25","2026-05-11T18:28:25","BACKUP"
"RUNTIME","D:\halal_web_runtime","D:\halal_web_runtime\_onedrive_backup_archive\data.__onedrive_backup_20260629_144030\mail_downloads\_unmatched\20260507_100218_info@martiankorea.com\body.txt","_onedrive_backup_archive\data.__onedrive_backup_20260629_144030\mail_downloads\_unmatched\20260507_100218_info@martiankorea.com\body.txt","body.txt",".txt","771","0.0007","2026-05-11T18:28:25","2026-05-11T18:28:25","SOURCE_OR_CONFIG"
"RUNTIME","D:\halal_web_runtime","D:\halal_web_runtime\_onedrive_backup_archive\data.__onedrive_backup_20260629_144030\mail_downloads\_unmatched\20260507_100218_info@martiankorea.com\mail_meta.json","_onedrive_backup_archive\data.__onedrive_backup_20260629_144030\mail_downloads\_unmatched\20260507_100218_info@martiankorea.com\mail_meta.json","mail_meta.json",".json","1294","0.0012","2026-05-11T18:28:25","2026-05-11T18:28:25","SOURCE_OR_CONFIG"
"RUNTIME","D:\halal_web_runtime","D:\halal_web_runtime\_onedrive_backup_archive\data.__onedrive_backup_20260629_144030\mail_downloads\_unmatched\20260507_100218_info@martiankorea.com\attachments\UNMATCHED__001__20260507-(주)세우 견적서.pdf","_onedrive_backup_archive\data.__onedrive_backup_20260629_144030\mail_downloads\_unmatched\20260507_100218_info@martiankorea.com\attachments\UNMATCHED__001__20260507-(주)세우 견적서.pdf","UNMATCHED__001__20260507-(주)세우 견적서.pdf",".pdf","60640","0.0578","2026-05-11T18:28:25","2026-05-11T18:28:25","PDF"
"RUNTIME","D:\halal_web_runtime","D:\halal_web_runtime\_onedrive_backup_archive\data.__onedrive_backup_20260629_144030\mail_downloads\_unmatched\20260508_101826_pys96@nongshimtk.com\body.txt","_onedrive_backup_archive\data.__onedrive_backup_20260629_144030\mail_downloads\_unmatched\20260508_101826_pys96@nongshimtk.com\body.txt","body.txt",".txt","2380","0.0023","2026-05-11T18:28:24","2026-05-11T18:28:24","SOURCE_OR_CONFIG"
"RUNTIME","D:\halal_web_runtime","D:\halal_web_runtime\_onedrive_backup_archive\data.__onedrive_backup_20260629_144030\mail_downloads\_unmatched\20260508_101826_pys96@nongshimtk.com\mail_meta.json","_onedrive_backup_archive\data.__onedrive_backup_20260629_144030\mail_downloads\_unmatched\20260508_101826_pys96@nongshimtk.com\mail_meta.json","mail_meta.json",".json","2957","0.0028","2026-05-11T18:28:24","2026-05-11T18:28:24","SOURCE_OR_CONFIG"
"RUNTIME","D:\halal_web_runtime","D:\halal_web_runtime\_onedrive_backup_archive\data.__onedrive_backup_20260629_144030\mail_downloads\_unmatched\20260508_101826_pys96@nongshimtk.com\attachments\UNMATCHED__001__농심태경 안성공장_협력업체별 원료 리스트_2026년_전송용_내수원료.xlsx","_onedrive_backup_archive\data.__onedrive_backup_20260629_144030\mail_downloads\_unmatched\20260508_101826_pys96@nongshimtk.com\attachments\UNMATCHED__001__농심태경 안성공장_협력업체별 원료 리스트_2026년_전송용_내수원료.xlsx","UNMATCHED__001__농심태경 안성공장_협력업체별 원료 리스트_2026년_전송용_내수원료.xlsx",".xlsx","63857","0.0609","2026-05-11T18:28:24","2026-05-11T18:28:24","SPREADSHEET"
"RUNTIME","D:\halal_web_runtime","D:\halal_web_runtime\_onedrive_backup_archive\data.__onedrive_backup_20260629_144030\mail_downloads\_unmatched\20260508_112744_info@martiankorea.com\body.txt","_onedrive_backup_archive\data.__onedrive_backup_20260629_144030\mail_downloads\_unmatched\20260508_112744_info@martiankorea.com\body.txt","body.txt",".txt","469","0.0004","2026-05-11T18:28:23","2026-05-11T18:28:23","SOURCE_OR_CONFIG"
"RUNTIME","D:\halal_web_runtime","D:\halal_web_runtime\_onedrive_backup_archive\data.__onedrive_backup_20260629_144030\mail_downloads\_unmatched\20260508_112744_info@martiankorea.com\mail_meta.json","_onedrive_backup_archive\data.__onedrive_backup_20260629_144030\mail_downloads\_unmatched\20260508_112744_info@martiankorea.com\mail_meta.json","mail_meta.json",".json","1017","0.001","2026-05-11T18:28:23","2026-05-11T18:28:23","SOURCE_OR_CONFIG"
"RUNTIME","D:\halal_web_runtime","D:\halal_web_runtime\_onedrive_backup_archive\data.__onedrive_backup_20260629_144030\mail_downloads\_unmatched\20260508_112744_info@martiankorea.com\attachments\UNMATCHED__001__20260508-세우 박정현 대리님 한길 오토클레이브 견적서.pdf","_onedrive_backup_archive\data.__onedrive_backup_20260629_144030\mail_downloads\_unmatched\20260508_112744_info@martiankorea.com\attachments\UNMATCHED__001__20260508-세우 박정현 대리님 한길 오토클레이브 견적서.pdf","UNMATCHED__001__20260508-세우 박정현 대리님 한길 오토클레이브 견적서.pdf",".pdf","97663","0.0931","2026-05-11T18:28:23","2026-05-11T18:28:23","PDF"
"RUNTIME","D:\halal_web_runtime","D:\halal_web_runtime\_onedrive_backup_archive\data.__onedrive_backup_20260629_144030\mail_downloads\_unmatched\20260508_112744_info@martiankorea.com\attachments\UNMATCHED__002__한길 오토클레이브 카탈로그.pdf","_onedrive_backup_archive\data.__onedrive_backup_20260629_144030\mail_downloads\_unmatched\20260508_112744_info@martiankorea.com\attachments\UNMATCHED__002__한길 오토클레이브 카탈로그.pdf","UNMATCHED__002__한길 오토클레이브 카탈로그.pdf",".pdf","448327","0.4276","2026-05-11T18:28:23","2026-05-11T18:28:23","PDF"
"RUNTIME","D:\halal_web_runtime","D:\halal_web_runtime\_onedrive_backup_archive\data.__onedrive_backup_20260629_144030\mail_downloads\_unmatched\20260508_112744_info@martiankorea.com\attachments\UNMATCHED__003__20260508-세우 박정현 대리님 비전 오토클레이브 견적서.pdf","_onedrive_backup_archive\data.__onedrive_backup_20260629_144030\mail_downloads\_unmatched\20260508_112744_info@martiankorea.com\attachments\UNMATCHED__003__20260508-세우 박정현 대리님 비전 오토클레이브 견적서.pdf","UNMATCHED__003__20260508-세우 박정현 대리님 비전 오토클레이브 견적서.pdf",".pdf","98062","0.0935","2026-05-11T18:28:23","2026-05-11T18:28:23","PDF"
"RUNTIME","D:\halal_web_runtime","D:\halal_web_runtime\_onedrive_backup_archive\data.__onedrive_backup_20260629_144030\mail_downloads\_unmatched\20260508_112744_info@martiankorea.com\attachments\UNMATCHED__004__비전 오토클레이브 카탈로그.pdf","_onedrive_backup_archive\data.__onedrive_backup_20260629_144030\mail_downloads\_unmatched\20260508_112744_info@martiankorea.com\attachments\UNMATCHED__004__비전 오토클레이브 카탈로그.pdf","UNMATCHED__004__비전 오토클레이브 카탈로그.pdf",".pdf","226764","0.2163","2026-05-11T18:28:23","2026-05-11T18:28:23","PDF"
"RUNTIME","D:\halal_web_runtime","D:\halal_web_runtime\_onedrive_backup_archive\data.__onedrive_backup_20260629_144030\mail_downloads\_unmatched\20260508_140043_djh1788@nongshimtk.com\body.txt","_onedrive_backup_archive\data.__onedrive_backup_20260629_144030\mail_downloads\_unmatched\20260508_140043_djh1788@nongshimtk.com\body.txt","body.txt",".txt","2784","0.0027","2026-05-11T17:53:45","2026-05-11T17:53:45","SOURCE_OR_CONFIG"
"RUNTIME","D:\halal_web_runtime","D:\halal_web_runtime\_onedrive_backup_archive\data.__onedrive_backup_20260629_144030\mail_downloads\_unmatched\20260508_140043_djh1788@nongshimtk.com\mail_meta.json","_onedrive_backup_archive\data.__onedrive_backup_20260629_144030\mail_downloads\_unmatched\20260508_140043_djh1788@nongshimtk.com\mail_meta.json","mail_meta.json",".json","3399","0.0032","2026-05-11T17:53:45","2026-05-11T17:53:45","SOURCE_OR_CONFIG"
"RUNTIME","D:\halal_web_runtime","D:\halal_web_runtime\_onedrive_backup_archive\data.__onedrive_backup_20260629_144030\mail_downloads\_unmatched\20260508_140043_djh1788@nongshimtk.com\attachments\UNMATCHED__001__농심태경 대구공장_미국 알레르기물질_확인 요청 List_추가요청(2022~2024년 입고분).xlsx","_onedrive_backup_archive\data.__onedrive_backup_20260629_144030\mail_downloads\_unmatched\20260508_140043_djh1788@nongshimtk.com\attachments\UNMATCHED__001__농심태경 대구공장_미국 알레르기물질_확인 요청 List_추가요청(2022~2024년 입고분).xlsx","UNMATCHED__001__농심태경 대구공장_미국 알레르기물질_확인 요청 List_추가요청(2022~2024년 입고분).xlsx",".xlsx","54062","0.0516","2026-05-11T17:53:45","2026-05-11T17:53:45","SPREADSHEET"
"RUNTIME","D:\halal_web_runtime","D:\halal_web_runtime\_onedrive_backup_archive\data.__onedrive_backup_20260629_144030\mail_downloads\_unmatched\20260508_154659_qc@isaacfood.com\body.txt","_onedrive_backup_archive\data.__onedrive_backup_20260629_144030\mail_downloads\_unmatched\20260508_154659_qc@isaacfood.com\body.txt","body.txt",".txt","2601","0.0025","2026-05-11T17:53:45","2026-05-11T17:53:45","SOURCE_OR_CONFIG"
"RUNTIME","D:\halal_web_runtime","D:\halal_web_runtime\_onedrive_backup_archive\data.__onedrive_backup_20260629_144030\mail_downloads\_unmatched\20260508_154659_qc@isaacfood.com\mail_meta.json","_onedrive_backup_archive\data.__onedrive_backup_20260629_144030\mail_downloads\_unmatched\20260508_154659_qc@isaacfood.com\mail_meta.json","mail_meta.json",".json","3250","0.0031","2026-05-11T17:53:45","2026-05-11T17:53:45","SOURCE_OR_CONFIG"
"RUNTIME","D:\halal_web_runtime","D:\halal_web_runtime\_onedrive_backup_archive\data.__onedrive_backup_20260629_144030\mail_downloads\_unmatched\20260508_154659_qc@isaacfood.com\attachments\UNMATCHED__001__(주)팔도_피스타치오_교차오염_확인.xlsx","_onedrive_backup_archive\data.__onedrive_backup_20260629_144030\mail_downloads\_unmatched\20260508_154659_qc@isaacfood.com\attachments\UNMATCHED__001__(주)팔도_피스타치오_교차오염_확인.xlsx","UNMATCHED__001__(주)팔도_피스타치오_교차오염_확인.xlsx",".xlsx","45228","0.0431","2026-05-11T17:53:45","2026-05-11T17:53:45","SPREADSHEET"
"RUNTIME","D:\halal_web_runtime","D:\halal_web_runtime\_onedrive_backup_archive\data.__onedrive_backup_20260629_144030\mail_downloads\_unmatched\20260508_163058_qc@isaacfood.com\body.txt","_onedrive_backup_archive\data.__onedrive_backup_20260629_144030\mail_downloads\_unmatched\20260508_163058_qc@isaacfood.com\body.txt","body.txt",".txt","2883","0.0027","2026-05-11T17:53:45","2026-05-11T17:53:45","SOURCE_OR_CONFIG"
"RUNTIME","D:\halal_web_runtime","D:\halal_web_runtime\_onedrive_backup_archive\data.__onedrive_backup_20260629_144030\mail_downloads\_unmatched\20260508_163058_qc@isaacfood.com\mail_meta.json","_onedrive_backup_archive\data.__onedrive_backup_20260629_144030\mail_downloads\_unmatched\20260508_163058_qc@isaacfood.com\mail_meta.json","mail_meta.json",".json","3552","0.0034","2026-05-11T17:53:45","2026-05-11T17:53:45","SOURCE_OR_CONFIG"
"RUNTIME","D:\halal_web_runtime","D:\halal_web_runtime\_onedrive_backup_archive\data.__onedrive_backup_20260629_144030\mail_downloads\_unmatched\20260508_163058_qc@isaacfood.com\attachments\UNMATCHED__001__피스타치오_함유_및_교차오염_확인표_제품명.xlsx","_onedrive_backup_archive\data.__onedrive_backup_20260629_144030\mail_downloads\_unmatched\20260508_163058_qc@isaacfood.com\attachments\UNMATCHED__001__피스타치오_함유_및_교차오염_확인표_제품명.xlsx","UNMATCHED__001__피스타치오_함유_및_교차오염_확인표_제품명.xlsx",".xlsx","13636","0.013","2026-05-11T17:53:45","2026-05-11T17:53:45","SPREADSHEET"
"RUNTIME","D:\halal_web_runtime","D:\halal_web_runtime\_onedrive_backup_archive\data.__onedrive_backup_20260629_144030\mail_downloads\_unmatched\20260511_104515_srb_lab@casinbio.co.kr\body.txt","_onedrive_backup_archive\data.__onedrive_backup_20260629_144030\mail_downloads\_unmatched\20260511_104515_srb_lab@casinbio.co.kr\body.txt","body.txt",".txt","3047","0.0029","2026-05-11T17:53:44","2026-05-11T17:53:44","SOURCE_OR_CONFIG"
"RUNTIME","D:\halal_web_runtime","D:\halal_web_runtime\_onedrive_backup_archive\data.__onedrive_backup_20260629_144030\mail_downloads\_unmatched\20260511_104515_srb_lab@casinbio.co.kr\mail_meta.json","_onedrive_backup_archive\data.__onedrive_backup_20260629_144030\mail_downloads\_unmatched\20260511_104515_srb_lab@casinbio.co.kr\mail_meta.json","mail_meta.json",".json","3619","0.0035","2026-05-11T17:53:44","2026-05-11T17:53:44","SOURCE_OR_CONFIG"
"RUNTIME","D:\halal_web_runtime","D:\halal_web_runtime\_onedrive_backup_archive\data.__onedrive_backup_20260629_144030\mail_downloads\_unmatched\20260511_104515_srb_lab@casinbio.co.kr\attachments\UNMATCHED__001__잔류농약 510종 성적서 2025.09.29 올레오레진 생강.pdf","_onedrive_backup_archive\data.__onedrive_backup_20260629_144030\mail_downloads\_unmatched\20260511_104515_srb_lab@casinbio.co.kr\attachments\UNMATCHED__001__잔류농약 510종 성적서 2025.09.29 올레오레진 생강.pdf","UNMATCHED__001__잔류농약 510종 성적서 2025.09.29 올레오레진 생강.pdf",".pdf","526723","0.5023","2026-05-11T17:53:44","2026-05-11T17:53:44","PDF"
"RUNTIME","D:\halal_web_runtime","D:\halal_web_runtime\_onedrive_backup_archive\data.__onedrive_backup_20260629_144030\mail_downloads\_unmatched\20260511_104515_srb_lab@casinbio.co.kr\attachments\UNMATCHED__002__잔류농약510종성적서 2025.02.21 파프리카추출색소 (스페인) EVESA.pdf","_onedrive_backup_archive\data.__onedrive_backup_20260629_144030\mail_downloads\_unmatched\20260511_104515_srb_lab@casinbio.co.kr\attachments\UNMATCHED__002__잔류농약510종성적서 2025.02.21 파프리카추출색소 (스페인) EVESA.pdf","UNMATCHED__002__잔류농약510종성적서 2025.02.21 파프리카추출색소 (스페인) EVESA.pdf",".pdf","1578796","1.5057","2026-05-11T17:53:44","2026-05-11T17:53:44","PDF"
"RUNTIME","D:\halal_web_runtime","D:\halal_web_runtime\_onedrive_backup_archive\data.__onedrive_backup_20260629_144030\mail_downloads\_unmatched\20260511_110351_jisulog@dhflour.co.kr\body.txt","_onedrive_backup_archive\data.__onedrive_backup_20260629_144030\mail_downloads\_unmatched\20260511_110351_jisulog@dhflour.co.kr\body.txt","body.txt",".txt","1879","0.0018","2026-05-11T17:53:44","2026-05-11T17:53:44","SOURCE_OR_CONFIG"
"RUNTIME","D:\halal_web_runtime","D:\halal_web_runtime\_onedrive_backup_archive\data.__onedrive_backup_20260629_144030\mail_downloads\_unmatched\20260511_110351_jisulog@dhflour.co.kr\mail_meta.json","_onedrive_backup_archive\data.__onedrive_backup_20260629_144030\mail_downloads\_unmatched\20260511_110351_jisulog@dhflour.co.kr\mail_meta.json","mail_meta.json",".json","2418","0.0023","2026-05-11T17:53:44","2026-05-11T17:53:44","SOURCE_OR_CONFIG"
"RUNTIME","D:\halal_web_runtime","D:\halal_web_runtime\_onedrive_backup_archive\data.__onedrive_backup_20260629_144030\mail_downloads\_unmatched\20260511_110351_jisulog@dhflour.co.kr\attachments\UNMATCHED__001__260417 자율개선요청서_세우.xlsx","_onedrive_backup_archive\data.__onedrive_backup_20260629_144030\mail_downloads\_unmatched\20260511_110351_jisulog@dhflour.co.kr\attachments\UNMATCHED__001__260417 자율개선요청서_세우.xlsx","UNMATCHED__001__260417 자율개선요청서_세우.xlsx",".xlsx","739873","0.7056","2026-05-11T17:53:44","2026-05-11T17:53:44","SPREADSHEET"
"RUNTIME","D:\halal_web_runtime","D:\halal_web_runtime\_onedrive_backup_archive\data.__onedrive_backup_20260629_144030\mail_downloads\_unmatched\20260511_112058_whfood@naver.com\body.txt","_onedrive_backup_archive\data.__onedrive_backup_20260629_144030\mail_downloads\_unmatched\20260511_112058_whfood@naver.com\body.txt","body.txt",".txt","2593","0.0025","2026-05-11T18:05:01","2026-05-11T18:05:01","SOURCE_OR_CONFIG"
"RUNTIME","D:\halal_web_runtime","D:\halal_web_runtime\_onedrive_backup_archive\data.__onedrive_backup_20260629_144030\mail_downloads\_unmatched\20260511_112058_whfood@naver.com\mail_meta.json","_onedrive_backup_archive\data.__onedrive_backup_20260629_144030\mail_downloads\_unmatched\20260511_112058_whfood@naver.com\mail_meta.json","mail_meta.json",".json","3132","0.003","2026-05-11T18:05:01","2026-05-11T18:05:01","SOURCE_OR_CONFIG"
"RUNTIME","D:\halal_web_runtime","D:\halal_web_runtime\_onedrive_backup_archive\data.__onedrive_backup_20260629_144030\mail_downloads\_unmatched\20260511_112058_whfood@naver.com\attachments\UNMATCHED__001__홍합엑기스NM-2 할랄인증서.pdf","_onedrive_backup_archive\data.__onedrive_backup_20260629_144030\mail_downloads\_unmatched\20260511_112058_whfood@naver.com\attachments\UNMATCHED__001__홍합엑기스NM-2 할랄인증서.pdf","UNMATCHED__001__홍합엑기스NM-2 할랄인증서.pdf",".pdf","675817","0.6445","2026-05-11T18:05:01","2026-05-11T18:05:01","PDF"
"RUNTIME","D:\halal_web_runtime","D:\halal_web_runtime\_onedrive_backup_archive\data.__onedrive_backup_20260629_144030\mail_downloads\_unmatched\20260511_142213_jung924992@gmail.com\body.txt","_onedrive_backup_archive\data.__onedrive_backup_20260629_144030\mail_downloads\_unmatched\20260511_142213_jung924992@gmail.com\body.txt","body.txt",".txt","1281","0.0012","2026-05-11T17:37:44","2026-05-11T17:37:44","SOURCE_OR_CONFIG"
"RUNTIME","D:\halal_web_runtime","D:\halal_web_runtime\_onedrive_backup_archive\data.__onedrive_backup_20260629_144030\mail_downloads\_unmatched\20260511_142213_jung924992@gmail.com\mail_meta.json","_onedrive_backup_archive\data.__onedrive_backup_20260629_144030\mail_downloads\_unmatched\20260511_142213_jung924992@gmail.com\mail_meta.json","mail_meta.json",".json","1867","0.0018","2026-05-11T17:37:44","2026-05-11T17:37:44","SOURCE_OR_CONFIG"
"RUNTIME","D:\halal_web_runtime","D:\halal_web_runtime\_onedrive_backup_archive\data.__onedrive_backup_20260629_144030\mail_downloads\_unmatched\20260511_142213_jung924992@gmail.com\attachments\UNMATCHED__001__설민 명함.jpg","_onedrive_backup_archive\data.__onedrive_backup_20260629_144030\mail_downloads\_unmatched\20260511_142213_jung924992@gmail.com\attachments\UNMATCHED__001__설민 명함.jpg","UNMATCHED__001__설민 명함.jpg",".jpg","135411","0.1291","2026-05-11T17:37:44","2026-05-11T17:37:44","BACKUP"
"RUNTIME","D:\halal_web_runtime","D:\halal_web_runtime\_onedrive_backup_archive\data.__onedrive_backup_20260629_144030\mail_downloads\_unmatched\20260511_143115_jaek_ing@naver.com\body.txt","_onedrive_backup_archive\data.__onedrive_backup_20260629_144030\mail_downloads\_unmatched\20260511_143115_jaek_ing@naver.com\body.txt","body.txt",".txt","1658","0.0016","2026-05-11T17:37:44","2026-05-11T17:37:44","SOURCE_OR_CONFIG"
"RUNTIME","D:\halal_web_runtime","D:\halal_web_runtime\_onedrive_backup_archive\data.__onedrive_backup_20260629_144030\mail_downloads\_unmatched\20260511_143115_jaek_ing@naver.com\mail_meta.json","_onedrive_backup_archive\data.__onedrive_backup_20260629_144030\mail_downloads\_unmatched\20260511_143115_jaek_ing@naver.com\mail_meta.json","mail_meta.json",".json","2209","0.0021","2026-05-11T17:37:44","2026-05-11T17:37:44","SOURCE_OR_CONFIG"
"RUNTIME","D:\halal_web_runtime","D:\halal_web_runtime\_onedrive_backup_archive\data.__onedrive_backup_20260629_144030\mail_downloads\_unmatched\20260511_143115_jaek_ing@naver.com\attachments\UNMATCHED__001__sigpdfsnqkpmvqlluji.jpg","_onedrive_backup_archive\data.__onedrive_backup_20260629_144030\mail_downloads\_unmatched\20260511_143115_jaek_ing@naver.com\attachments\UNMATCHED__001__sigpdfsnqkpmvqlluji.jpg","UNMATCHED__001__sigpdfsnqkpmvqlluji.jpg",".jpg","46015","0.0439","2026-05-11T17:37:44","2026-05-11T17:37:44","BACKUP"
"RUNTIME","D:\halal_web_runtime","D:\halal_web_runtime\_onedrive_backup_archive\data.__onedrive_backup_20260629_144030\mail_downloads\_unmatched\20260511_143129_jaek_ing@naver.com\body.txt","_onedrive_backup_archive\data.__onedrive_backup_20260629_144030\mail_downloads\_unmatched\20260511_143129_jaek_ing@naver.com\body.txt","body.txt",".txt","1314","0.0013","2026-05-11T17:37:44","2026-05-11T17:37:44","SOURCE_OR_CONFIG"
"RUNTIME","D:\halal_web_runtime","D:\halal_web_runtime\_onedrive_backup_archive\data.__onedrive_backup_20260629_144030\mail_downloads\_unmatched\20260511_143129_jaek_ing@naver.com\mail_meta.json","_onedrive_backup_archive\data.__onedrive_backup_20260629_144030\mail_downloads\_unmatched\20260511_143129_jaek_ing@naver.com\mail_meta.json","mail_meta.json",".json","1868","0.0018","2026-05-11T17:37:44","2026-05-11T17:37:44","SOURCE_OR_CONFIG"
"RUNTIME","D:\halal_web_runtime","D:\halal_web_runtime\_onedrive_backup_archive\data.__onedrive_backup_20260629_144030\mail_downloads\_unmatched\20260511_143129_jaek_ing@naver.com\attachments\UNMATCHED__001__sigzniozebqonycyflf.jpg","_onedrive_backup_archive\data.__onedrive_backup_20260629_144030\mail_downloads\_unmatched\20260511_143129_jaek_ing@naver.com\attachments\UNMATCHED__001__sigzniozebqonycyflf.jpg","UNMATCHED__001__sigzniozebqonycyflf.jpg",".jpg","46015","0.0439","2026-05-11T17:37:44","2026-05-11T17:37:44","BACKUP"
"RUNTIME","D:\halal_web_runtime","D:\halal_web_runtime\_onedrive_backup_archive\data.__onedrive_backup_20260629_144030\mail_downloads\_unmatched\20260511_143139_jaek_ing@naver.com\body.txt","_onedrive_backup_archive\data.__onedrive_backup_20260629_144030\mail_downloads\_unmatched\20260511_143139_jaek_ing@naver.com\body.txt","body.txt",".txt","1091","0.001","2026-05-11T17:37:44","2026-05-11T17:37:44","SOURCE_OR_CONFIG"
"RUNTIME","D:\halal_web_runtime","D:\halal_web_runtime\_onedrive_backup_archive\data.__onedrive_backup_20260629_144030\mail_downloads\_unmatched\20260511_143139_jaek_ing@naver.com\mail_meta.json","_onedrive_backup_archive\data.__onedrive_backup_20260629_144030\mail_downloads\_unmatched\20260511_143139_jaek_ing@naver.com\mail_meta.json","mail_meta.json",".json","1646","0.0016","2026-05-11T17:37:44","2026-05-11T17:37:44","SOURCE_OR_CONFIG"
"RUNTIME","D:\halal_web_runtime","D:\halal_web_runtime\_onedrive_backup_archive\data.__onedrive_backup_20260629_144030\mail_downloads\_unmatched\20260511_143139_jaek_ing@naver.com\attachments\UNMATCHED__001__sigfgfufbydrhqtgakl.jpg","_onedrive_backup_archive\data.__onedrive_backup_20260629_144030\mail_downloads\_unmatched\20260511_143139_jaek_ing@naver.com\attachments\UNMATCHED__001__sigfgfufbydrhqtgakl.jpg","UNMATCHED__001__sigfgfufbydrhqtgakl.jpg",".jpg","46015","0.0439","2026-05-11T17:37:44","2026-05-11T17:37:44","BACKUP"
"RUNTIME","D:\halal_web_runtime","D:\halal_web_runtime\_onedrive_backup_archive\data.__onedrive_backup_20260629_144030\mail_downloads\_unmatched\20260511_143139_jaek_ing@naver.com\attachments\UNMATCHED__002__세우 특별방제 결과보고서 (26년 04월).pdf","_onedrive_backup_archive\data.__onedrive_backup_20260629_144030\mail_downloads\_unmatched\20260511_143139_jaek_ing@naver.com\attachments\UNMATCHED__002__세우 특별방제 결과보고서 (26년 04월).pdf","UNMATCHED__002__세우 특별방제 결과보고서 (26년 04월).pdf",".pdf","919249","0.8767","2026-05-11T17:37:44","2026-05-11T17:37:44","PDF"
"RUNTIME","D:\halal_web_runtime","D:\halal_web_runtime\_onedrive_backup_archive\data.__onedrive_backup_20260629_144030\mail_downloads\_unmatched\20260511_143139_jaek_ing@naver.com\attachments\UNMATCHED__003__세우 특별방제 결과보고서 (26년 04월).pptx","_onedrive_backup_archive\data.__onedrive_backup_20260629_144030\mail_downloads\_unmatched\20260511_143139_jaek_ing@naver.com\attachments\UNMATCHED__003__세우 특별방제 결과보고서 (26년 04월).pptx","UNMATCHED__003__세우 특별방제 결과보고서 (26년 04월).pptx",".pptx","817680","0.7798","2026-05-11T17:37:44","2026-05-11T17:37:44","BACKUP"
"RUNTIME","D:\halal_web_runtime","D:\halal_web_runtime\_onedrive_backup_archive\data.__onedrive_backup_20260629_144030\mail_downloads\_unmatched\20260511_173941_tk8560@naver.com\body.txt","_onedrive_backup_archive\data.__onedrive_backup_20260629_144030\mail_downloads\_unmatched\20260511_173941_tk8560@naver.com\body.txt","body.txt",".txt","2358","0.0022","2026-05-11T17:53:43","2026-05-11T17:53:43","SOURCE_OR_CONFIG"
"RUNTIME","D:\halal_web_runtime","D:\halal_web_runtime\_onedrive_backup_archive\data.__onedrive_backup_20260629_144030\mail_downloads\_unmatched\20260511_173941_tk8560@naver.com\mail_meta.json","_onedrive_backup_archive\data.__onedrive_backup_20260629_144030\mail_downloads\_unmatched\20260511_173941_tk8560@naver.com\mail_meta.json","mail_meta.json",".json","2881","0.0027","2026-05-11T17:53:43","2026-05-11T17:53:43","SOURCE_OR_CONFIG"
"RUNTIME","D:\halal_web_runtime","D:\halal_web_runtime\_onedrive_backup_archive\data.__onedrive_backup_20260629_144030\mail_downloads\_unmatched\20260511_173941_tk8560@naver.com\attachments\UNMATCHED__001__Specificate_sheet_Chilli_Extract_Powder_TK.doc","_onedrive_backup_archive\data.__onedrive_backup_20260629_144030\mail_downloads\_unmatched\20260511_173941_tk8560@naver.com\attachments\UNMATCHED__001__Specificate_sheet_Chilli_Extract_Powder_TK.doc","UNMATCHED__001__Specificate_sheet_Chilli_Extract_Powder_TK.doc",".doc","63488","0.0605","2026-05-11T17:53:43","2026-05-11T17:53:43","BACKUP"
"RUNTIME","D:\halal_web_runtime","D:\halal_web_runtime\_onedrive_backup_archive\data.__onedrive_backup_20260629_144030\mail_downloads\_unmatched\20260512_073006_sw200011@daum.net\body.txt","_onedrive_backup_archive\data.__onedrive_backup_20260629_144030\mail_downloads\_unmatched\20260512_073006_sw200011@daum.net\body.txt","body.txt",".txt","167","0.0002","2026-05-12T10:12:13","2026-05-12T10:12:13","SOURCE_OR_CONFIG"
"RUNTIME","D:\halal_web_runtime","D:\halal_web_runtime\_onedrive_backup_archive\data.__onedrive_backup_20260629_144030\mail_downloads\_unmatched\20260512_073006_sw200011@daum.net\mail_meta.json","_onedrive_backup_archive\data.__onedrive_backup_20260629_144030\mail_downloads\_unmatched\20260512_073006_sw200011@daum.net\mail_meta.json","mail_meta.json",".json","668","0.0006","2026-05-12T10:12:13","2026-05-12T10:12:13","SOURCE_OR_CONFIG"
"RUNTIME","D:\halal_web_runtime","D:\halal_web_runtime\_onedrive_backup_archive\data.__onedrive_backup_20260629_144030\mail_downloads\_unmatched\20260512_073006_sw200011@daum.net\attachments\UNMATCHED__001__260429_애호박_중금속.pdf","_onedrive_backup_archive\data.__onedrive_backup_20260629_144030\mail_downloads\_unmatched\20260512_073006_sw200011@daum.net\attachments\UNMATCHED__001__260429_애호박_중금속.pdf","UNMATCHED__001__260429_애호박_중금속.pdf",".pdf","421149","0.4016","2026-05-12T10:12:13","2026-05-12T10:12:13","PDF"
"RUNTIME","D:\halal_web_runtime","D:\halal_web_runtime\_onedrive_backup_archive\data.__onedrive_backup_20260629_144030\mail_downloads\_unmatched\20260512_073006_sw200011@daum.net\attachments\UNMATCHED__002__260429_애호박_510종 잔류농약.pdf","_onedrive_backup_archive\data.__onedrive_backup_20260629_144030\mail_downloads\_unmatched\20260512_073006_sw200011@daum.net\attachments\UNMATCHED__002__260429_애호박_510종 잔류농약.pdf","UNMATCHED__002__260429_애호박_510종 잔류농약.pdf",".pdf","434862","0.4147","2026-05-12T10:12:13","2026-05-12T10:12:13","PDF"
"RUNTIME","D:\halal_web_runtime","D:\halal_web_runtime\_onedrive_backup_archive\data.__onedrive_backup_20260629_144030\mail_downloads\_unmatched\20260512_074737_seconz@catchers.co.kr\body.txt","_onedrive_backup_archive\data.__onedrive_backup_20260629_144030\mail_downloads\_unmatched\20260512_074737_seconz@catchers.co.kr\body.txt","body.txt",".txt","666","0.0006","2026-05-12T10:12:12","2026-05-12T10:12:12","SOURCE_OR_CONFIG"
"RUNTIME","D:\halal_web_runtime","D:\halal_web_runtime\_onedrive_backup_archive\data.__onedrive_backup_20260629_144030\mail_downloads\_unmatched\20260512_074737_seconz@catchers.co.kr\mail_meta.json","_onedrive_backup_archive\data.__onedrive_backup_20260629_144030\mail_downloads\_unmatched\20260512_074737_seconz@catchers.co.kr\mail_meta.json","mail_meta.json",".json","1184","0.0011","2026-05-12T10:12:12","2026-05-12T10:12:12","SOURCE_OR_CONFIG"
"RUNTIME","D:\halal_web_runtime","D:\halal_web_runtime\_onedrive_backup_archive\data.__onedrive_backup_20260629_144030\mail_downloads\_unmatched\20260512_074737_seconz@catchers.co.kr\attachments\UNMATCHED__001__siggzqiwgunxxdfrbfv.jpg","_onedrive_backup_archive\data.__onedrive_backup_20260629_144030\mail_downloads\_unmatched\20260512_074737_seconz@catchers.co.kr\attachments\UNMATCHED__001__siggzqiwgunxxdfrbfv.jpg","UNMATCHED__001__siggzqiwgunxxdfrbfv.jpg",".jpg","46015","0.0439","2026-05-12T10:12:12","2026-05-12T10:12:12","BACKUP"
"RUNTIME","D:\halal_web_runtime","D:\halal_web_runtime\_onedrive_backup_archive\data.__onedrive_backup_20260629_144030\mail_downloads\_unmatched\20260512_083058_kdg4m@hanmail.net\body.txt","_onedrive_backup_archive\data.__onedrive_backup_20260629_144030\mail_downloads\_unmatched\20260512_083058_kdg4m@hanmail.net\body.txt","body.txt",".txt","1610","0.0015","2026-05-12T10:12:12","2026-05-12T10:12:12","SOURCE_OR_CONFIG"
"RUNTIME","D:\halal_web_runtime","D:\halal_web_runtime\_onedrive_backup_archive\data.__onedrive_backup_20260629_144030\mail_downloads\_unmatched\20260512_083058_kdg4m@hanmail.net\mail_meta.json","_onedrive_backup_archive\data.__onedrive_backup_20260629_144030\mail_downloads\_unmatched\20260512_083058_kdg4m@hanmail.net\mail_meta.json","mail_meta.json",".json","2152","0.0021","2026-05-12T10:12:12","2026-05-12T10:12:12","SOURCE_OR_CONFIG"
"RUNTIME","D:\halal_web_runtime","D:\halal_web_runtime\_onedrive_backup_archive\data.__onedrive_backup_20260629_144030\mail_downloads\_unmatched\20260512_083058_kdg4m@hanmail.net\attachments\UNMATCHED__001__Specificate_sheet_Chilli_Extract_Powder_TK.doc","_onedrive_backup_archive\data.__onedrive_backup_20260629_144030\mail_downloads\_unmatched\20260512_083058_kdg4m@hanmail.net\attachments\UNMATCHED__001__Specificate_sheet_Chilli_Extract_Powder_TK.doc","UNMATCHED__001__Specificate_sheet_Chilli_Extract_Powder_TK.doc",".doc","63488","0.0605","2026-05-12T10:12:12","2026-05-12T10:12:12","BACKUP"
"RUNTIME","D:\halal_web_runtime","D:\halal_web_runtime\_onedrive_backup_archive\data.__onedrive_backup_20260629_144030\mail_downloads\_unmatched\20260512_084140_eklee34@dongwon.com\body.txt","_onedrive_backup_archive\data.__onedrive_backup_20260629_144030\mail_downloads\_unmatched\20260512_084140_eklee34@dongwon.com\body.txt","body.txt",".txt","12746","0.0122","2026-05-12T10:12:12","2026-05-12T10:12:12","SOURCE_OR_CONFIG"
"RUNTIME","D:\halal_web_runtime","D:\halal_web_runtime\_onedrive_backup_archive\data.__onedrive_backup_20260629_144030\mail_downloads\_unmatched\20260512_084140_eklee34@dongwon.com\mail_meta.json","_onedrive_backup_archive\data.__onedrive_backup_20260629_144030\mail_downloads\_unmatched\20260512_084140_eklee34@dongwon.com\mail_meta.json","mail_meta.json",".json","13377","0.0128","2026-05-12T10:12:12","2026-05-12T10:12:12","SOURCE_OR_CONFIG"
"RUNTIME","D:\halal_web_runtime","D:\halal_web_runtime\_onedrive_backup_archive\data.__onedrive_backup_20260629_144030\mail_downloads\_unmatched\20260512_084140_eklee34@dongwon.com\attachments\UNMATCHED__001__동원홈푸드신규원료필요양식(25년8월).xlsx","_onedrive_backup_archive\data.__onedrive_backup_20260629_144030\mail_downloads\_unmatched\20260512_084140_eklee34@dongwon.com\attachments\UNMATCHED__001__동원홈푸드신규원료필요양식(25년8월).xlsx","UNMATCHED__001__동원홈푸드신규원료필요양식(25년8월).xlsx",".xlsx","74059","0.0706","2026-05-12T10:12:12","2026-05-12T10:12:12","SPREADSHEET"
"RUNTIME","D:\halal_web_runtime","D:\halal_web_runtime\_onedrive_backup_archive\data.__onedrive_backup_20260629_144030\mail_downloads\_unmatched\20260512_092713_mins3001@naver.com\body.txt","_onedrive_backup_archive\data.__onedrive_backup_20260629_144030\mail_downloads\_unmatched\20260512_092713_mins3001@naver.com\body.txt","body.txt",".txt","11350","0.0108","2026-05-12T10:12:12","2026-05-12T10:12:12","SOURCE_OR_CONFIG"
"RUNTIME","D:\halal_web_runtime","D:\halal_web_runtime\_onedrive_backup_archive\data.__onedrive_backup_20260629_144030\mail_downloads\_unmatched\20260512_092713_mins3001@naver.com\mail_meta.json","_onedrive_backup_archive\data.__onedrive_backup_20260629_144030\mail_downloads\_unmatched\20260512_092713_mins3001@naver.com\mail_meta.json","mail_meta.json",".json","11928","0.0114","2026-05-12T10:12:12","2026-05-12T10:12:12","SOURCE_OR_CONFIG"
"RUNTIME","D:\halal_web_runtime","D:\halal_web_runtime\_onedrive_backup_archive\data.__onedrive_backup_20260629_144030\mail_downloads\_unmatched\20260512_092713_mins3001@naver.com\attachments\UNMATCHED__001__동원홈푸드신규원료필요양식(25년8월).xlsx","_onedrive_backup_archive\data.__onedrive_backup_20260629_144030\mail_downloads\_unmatched\20260512_092713_mins3001@naver.com\attachments\UNMATCHED__001__동원홈푸드신규원료필요양식(25년8월).xlsx","UNMATCHED__001__동원홈푸드신규원료필요양식(25년8월).xlsx",".xlsx","74059","0.0706","2026-05-12T10:12:12","2026-05-12T10:12:12","SPREADSHEET"
"RUNTIME","D:\halal_web_runtime","D:\halal_web_runtime\_onedrive_backup_archive\data.__onedrive_backup_20260629_144030\ocr_exports\combined_ocr_text.md","_onedrive_backup_archive\data.__onedrive_backup_20260629_144030\ocr_exports\combined_ocr_text.md","combined_ocr_text.md",".md","2507522","2.3914","2026-06-05T11:44:10","2026-06-05T11:44:36","SOURCE_OR_CONFIG"
"RUNTIME","D:\halal_web_runtime","D:\halal_web_runtime\_onedrive_backup_archive\data.__onedrive_backup_20260629_144030\ocr_exports\export.jsonl","_onedrive_backup_archive\data.__onedrive_backup_20260629_144030\ocr_exports\export.jsonl","export.jsonl",".jsonl","6739031","6.4268","2026-06-05T09:02:19","2026-06-05T11:44:36","SOURCE_OR_CONFIG"
"RUNTIME","D:\halal_web_runtime","D:\halal_web_runtime\_onedrive_backup_archive\data.__onedrive_backup_20260629_144030\ocr_exports\export_meta.json","_onedrive_backup_archive\data.__onedrive_backup_20260629_144030\ocr_exports\export_meta.json","export_meta.json",".json","1336","0.0013","2026-06-05T11:44:10","2026-06-05T11:44:36","SOURCE_OR_CONFIG"
"RUNTIME","D:\halal_web_runtime","D:\halal_web_runtime\_onedrive_backup_archive\data.__onedrive_backup_20260629_144030\ocr_exports\ocr_data_export_20260602_132303.zip","_onedrive_backup_archive\data.__onedrive_backup_20260629_144030\ocr_exports\ocr_data_export_20260602_132303.zip","ocr_data_export_20260602_132303.zip",".zip","1008642","0.9619","2026-06-02T13:23:04","2026-06-02T13:23:04","BACKUP"
"RUNTIME","D:\halal_web_runtime","D:\halal_web_runtime\_onedrive_backup_archive\data.__onedrive_backup_20260629_144030\ocr_exports\ocr_data_export_20260602_134447.zip","_onedrive_backup_archive\data.__onedrive_backup_20260629_144030\ocr_exports\ocr_data_export_20260602_134447.zip","ocr_data_export_20260602_134447.zip",".zip","1008882","0.9621","2026-06-02T13:44:47","2026-06-02T13:44:47","BACKUP"
"RUNTIME","D:\halal_web_runtime","D:\halal_web_runtime\_onedrive_backup_archive\data.__onedrive_backup_20260629_144030\ocr_exports\ocr_data_export_20260602_141439.zip","_onedrive_backup_archive\data.__onedrive_backup_20260629_144030\ocr_exports\ocr_data_export_20260602_141439.zip","ocr_data_export_20260602_141439.zip",".zip","1056505","1.0076","2026-06-02T14:14:39","2026-06-02T14:14:40","BACKUP"
"RUNTIME","D:\halal_web_runtime","D:\halal_web_runtime\_onedrive_backup_archive\data.__onedrive_backup_20260629_144030\ocr_exports\ocr_data_export_20260602_142418.zip","_onedrive_backup_archive\data.__onedrive_backup_20260629_144030\ocr_exports\ocr_data_export_20260602_142418.zip","ocr_data_export_20260602_142418.zip",".zip","1054440","1.0056","2026-06-02T14:24:18","2026-06-02T14:24:18","BACKUP"
"RUNTIME","D:\halal_web_runtime","D:\halal_web_runtime\_onedrive_backup_archive\data.__onedrive_backup_20260629_144030\ocr_exports\ocr_data_export_20260602_145411.zip","_onedrive_backup_archive\data.__onedrive_backup_20260629_144030\ocr_exports\ocr_data_export_20260602_145411.zip","ocr_data_export_20260602_145411.zip",".zip","1055395","1.0065","2026-06-02T14:54:12","2026-06-02T14:54:12","BACKUP"
"RUNTIME","D:\halal_web_runtime","D:\halal_web_runtime\_onedrive_backup_archive\data.__onedrive_backup_20260629_144030\ocr_exports\ocr_data_export_20260602_145426.zip","_onedrive_backup_archive\data.__onedrive_backup_20260629_144030\ocr_exports\ocr_data_export_20260602_145426.zip","ocr_data_export_20260602_145426.zip",".zip","1055394","1.0065","2026-06-02T14:54:26","2026-06-02T14:54:26","BACKUP"
"RUNTIME","D:\halal_web_runtime","D:\halal_web_runtime\_onedrive_backup_archive\data.__onedrive_backup_20260629_144030\ocr_exports\ocr_data_export_20260602_150445.zip","_onedrive_backup_archive\data.__onedrive_backup_20260629_144030\ocr_exports\ocr_data_export_20260602_150445.zip","ocr_data_export_20260602_150445.zip",".zip","1054700","1.0058","2026-06-02T15:04:45","2026-06-02T15:04:46","BACKUP"
"RUNTIME","D:\halal_web_runtime","D:\halal_web_runtime\_onedrive_backup_archive\data.__onedrive_backup_20260629_144030\ocr_exports\ocr_data_export_20260602_153727.zip","_onedrive_backup_archive\data.__onedrive_backup_20260629_144030\ocr_exports\ocr_data_export_20260602_153727.zip","ocr_data_export_20260602_153727.zip",".zip","1054886","1.006","2026-06-02T15:37:27","2026-06-02T15:37:28","BACKUP"
"RUNTIME","D:\halal_web_runtime","D:\halal_web_runtime\_onedrive_backup_archive\data.__onedrive_backup_20260629_144030\ocr_exports\ocr_data_export_20260602_155144.zip","_onedrive_backup_archive\data.__onedrive_backup_20260629_144030\ocr_exports\ocr_data_export_20260602_155144.zip","ocr_data_export_20260602_155144.zip",".zip","1055148","1.0063","2026-06-02T15:51:44","2026-06-02T15:51:44","BACKUP"
"RUNTIME","D:\halal_web_runtime","D:\halal_web_runtime\_onedrive_backup_archive\data.__onedrive_backup_20260629_144030\ocr_exports\ocr_data_export_20260602_160041.zip","_onedrive_backup_archive\data.__onedrive_backup_20260629_144030\ocr_exports\ocr_data_export_20260602_160041.zip","ocr_data_export_20260602_160041.zip",".zip","1056803","1.0078","2026-06-02T16:00:41","2026-06-02T16:00:41","BACKUP"
"RUNTIME","D:\halal_web_runtime","D:\halal_web_runtime\_onedrive_backup_archive\data.__onedrive_backup_20260629_144030\ocr_exports\ocr_data_export_20260602_160434.zip","_onedrive_backup_archive\data.__onedrive_backup_20260629_144030\ocr_exports\ocr_data_export_20260602_160434.zip","ocr_data_export_20260602_160434.zip",".zip","1056803","1.0078","2026-06-02T16:04:34","2026-06-02T16:04:34","BACKUP"
"RUNTIME","D:\halal_web_runtime","D:\halal_web_runtime\_onedrive_backup_archive\data.__onedrive_backup_20260629_144030\ocr_exports\ocr_data_export_20260603_083850.zip","_onedrive_backup_archive\data.__onedrive_backup_20260629_144030\ocr_exports\ocr_data_export_20260603_083850.zip","ocr_data_export_20260603_083850.zip",".zip","1193149","1.1379","2026-06-03T08:38:50","2026-06-03T08:38:50","BACKUP"
"RUNTIME","D:\halal_web_runtime","D:\halal_web_runtime\_onedrive_backup_archive\data.__onedrive_backup_20260629_144030\ocr_exports\ocr_data_export_20260603_092216.zip","_onedrive_backup_archive\data.__onedrive_backup_20260629_144030\ocr_exports\ocr_data_export_20260603_092216.zip","ocr_data_export_20260603_092216.zip",".zip","1286455","1.2269","2026-06-03T09:22:16","2026-06-03T09:22:16","BACKUP"
"RUNTIME","D:\halal_web_runtime","D:\halal_web_runtime\_onedrive_backup_archive\data.__onedrive_backup_20260629_144030\ocr_exports\ocr_data_export_20260603_105352.zip","_onedrive_backup_archive\data.__onedrive_backup_20260629_144030\ocr_exports\ocr_data_export_20260603_105352.zip","ocr_data_export_20260603_105352.zip",".zip","1344415","1.2821","2026-06-03T10:53:52","2026-06-03T10:53:53","BACKUP"
"RUNTIME","D:\halal_web_runtime","D:\halal_web_runtime\_onedrive_backup_archive\data.__onedrive_backup_20260629_144030\ocr_exports\ocr_data_export_20260604_080645.zip","_onedrive_backup_archive\data.__onedrive_backup_20260629_144030\ocr_exports\ocr_data_export_20260604_080645.zip","ocr_data_export_20260604_080645.zip",".zip","1348063","1.2856","2026-06-04T08:06:45","2026-06-04T08:06:45","BACKUP"
"RUNTIME","D:\halal_web_runtime","D:\halal_web_runtime\_onedrive_backup_archive\data.__onedrive_backup_20260629_144030\ocr_exports\ocr_data_export_20260604_081210.zip","_onedrive_backup_archive\data.__onedrive_backup_20260629_144030\ocr_exports\ocr_data_export_20260604_081210.zip","ocr_data_export_20260604_081210.zip",".zip","1347116","1.2847","2026-06-04T08:12:10","2026-06-04T08:12:10","BACKUP"
"RUNTIME","D:\halal_web_runtime","D:\halal_web_runtime\_onedrive_backup_archive\data.__onedrive_backup_20260629_144030\ocr_exports\ocr_data_export_20260604_131915.zip","_onedrive_backup_archive\data.__onedrive_backup_20260629_144030\ocr_exports\ocr_data_export_20260604_131915.zip","ocr_data_export_20260604_131915.zip",".zip","1346460","1.2841","2026-06-04T13:19:15","2026-06-04T13:19:16","BACKUP"
"RUNTIME","D:\halal_web_runtime","D:\halal_web_runtime\_onedrive_backup_archive\data.__onedrive_backup_20260629_144030\ocr_exports\ocr_data_export_20260605_090136.zip","_onedrive_backup_archive\data.__onedrive_backup_20260629_144030\ocr_exports\ocr_data_export_20260605_090136.zip","ocr_data_export_20260605_090136.zip",".zip","1349378","1.2869","2026-06-05T09:01:36","2026-06-05T09:01:36","BACKUP"
"RUNTIME","D:\halal_web_runtime","D:\halal_web_runtime\_onedrive_backup_archive\data.__onedrive_backup_20260629_144030\ocr_exports\ocr_data_export_20260605_114351.zip","_onedrive_backup_archive\data.__onedrive_backup_20260629_144030\ocr_exports\ocr_data_export_20260605_114351.zip","ocr_data_export_20260605_114351.zip",".zip","1349378","1.2869","2026-06-05T11:43:51","2026-06-05T11:43:51","BACKUP"
"RUNTIME","D:\halal_web_runtime","D:\halal_web_runtime\_onedrive_backup_archive\data.__onedrive_backup_20260629_144030\ocr_exports\ocr_data_export_20260605_114409.zip","_onedrive_backup_archive\data.__onedrive_backup_20260629_144030\ocr_exports\ocr_data_export_20260605_114409.zip","ocr_data_export_20260605_114409.zip",".zip","1349379","1.2869","2026-06-05T11:44:10","2026-06-05T11:44:10","BACKUP"
"RUNTIME","D:\halal_web_runtime","D:\halal_web_runtime\_onedrive_backup_archive\data.__onedrive_backup_20260629_144030\ocr_exports\ocr_data_export_20260605_114435.zip","_onedrive_backup_archive\data.__onedrive_backup_20260629_144030\ocr_exports\ocr_data_export_20260605_114435.zip","ocr_data_export_20260605_114435.zip",".zip","1349378","1.2869","2026-06-05T11:44:36","2026-06-05T11:44:36","BACKUP"
"RUNTIME","D:\halal_web_runtime","D:\halal_web_runtime\_onedrive_backup_archive\data.__onedrive_backup_20260629_144030\ocr_exports\ocr_data_export_20260605_114518.zip","_onedrive_backup_archive\data.__onedrive_backup_20260629_144030\ocr_exports\ocr_data_export_20260605_114518.zip","ocr_data_export_20260605_114518.zip",".zip","1349377","1.2869","2026-06-05T11:45:18","2026-06-05T11:45:18","BACKUP"
"RUNTIME","D:\halal_web_runtime","D:\halal_web_runtime\_onedrive_backup_archive\data.__onedrive_backup_20260629_144030\ocr_exports\ocr_data_export_20260629_102333.zip","_onedrive_backup_archive\data.__onedrive_backup_20260629_144030\ocr_exports\ocr_data_export_20260629_102333.zip","ocr_data_export_20260629_102333.zip",".zip","1371667","1.3081","2026-06-29T10:23:33","2026-06-29T10:23:33","BACKUP"
"RUNTIME","D:\halal_web_runtime","D:\halal_web_runtime\_onedrive_backup_archive\data.__onedrive_backup_20260629_144030\ocr_exports\summary.csv","_onedrive_backup_archive\data.__onedrive_backup_20260629_144030\ocr_exports\summary.csv","summary.csv",".csv","250806","0.2392","2026-06-05T11:44:10","2026-06-05T11:44:36","BACKUP"
"RUNTIME","D:\halal_web_runtime","D:\halal_web_runtime\_onedrive_backup_archive\data.__onedrive_backup_20260629_144030\ocr_exports\ocr_data_export_20260602_132303\combined_ocr_text.md","_onedrive_backup_archive\data.__onedrive_backup_20260629_144030\ocr_exports\ocr_data_export_20260602_132303\combined_ocr_text.md","combined_ocr_text.md",".md","2117223","2.0191","2026-06-02T13:23:04","2026-06-02T13:23:04","SOURCE_OR_CONFIG"
"RUNTIME","D:\halal_web_runtime","D:\halal_web_runtime\_onedrive_backup_archive\data.__onedrive_backup_20260629_144030\ocr_exports\ocr_data_export_20260602_132303\export.jsonl","_onedrive_backup_archive\data.__onedrive_backup_20260629_144030\ocr_exports\ocr_data_export_20260602_132303\export.jsonl","export.jsonl",".jsonl","3773314","3.5985","2026-06-02T13:23:03","2026-06-02T13:23:03","SOURCE_OR_CONFIG"
"RUNTIME","D:\halal_web_runtime","D:\halal_web_runtime\_onedrive_backup_archive\data.__onedrive_backup_20260629_144030\ocr_exports\ocr_data_export_20260602_132303\summary.csv","_onedrive_backup_archive\data.__onedrive_backup_20260629_144030\ocr_exports\ocr_data_export_20260602_132303\summary.csv","summary.csv",".csv","232864","0.2221","2026-06-02T13:23:03","2026-06-02T13:23:04","BACKUP"
"RUNTIME","D:\halal_web_runtime","D:\halal_web_runtime\_onedrive_backup_archive\data.__onedrive_backup_20260629_144030\ocr_exports\ocr_data_export_20260602_134447\combined_ocr_text.md","_onedrive_backup_archive\data.__onedrive_backup_20260629_144030\ocr_exports\ocr_data_export_20260602_134447\combined_ocr_text.md","combined_ocr_text.md",".md","2117039","2.019","2026-06-02T13:44:47","2026-06-02T13:44:47","SOURCE_OR_CONFIG"
"RUNTIME","D:\halal_web_runtime","D:\halal_web_runtime\_onedrive_backup_archive\data.__onedrive_backup_20260629_144030\ocr_exports\ocr_data_export_20260602_134447\export.jsonl","_onedrive_backup_archive\data.__onedrive_backup_20260629_144030\ocr_exports\ocr_data_export_20260602_134447\export.jsonl","export.jsonl",".jsonl","3770768","3.5961","2026-06-02T13:44:47","2026-06-02T13:44:47","SOURCE_OR_CONFIG"
"RUNTIME","D:\halal_web_runtime","D:\halal_web_runtime\_onedrive_backup_archive\data.__onedrive_backup_20260629_144030\ocr_exports\ocr_data_export_20260602_134447\summary.csv","_onedrive_backup_archive\data.__onedrive_backup_20260629_144030\ocr_exports\ocr_data_export_20260602_134447\summary.csv","summary.csv",".csv","232794","0.222","2026-06-02T13:44:47","2026-06-02T13:44:47","BACKUP"
"RUNTIME","D:\halal_web_runtime","D:\halal_web_runtime\_onedrive_backup_archive\data.__onedrive_backup_20260629_144030\ocr_exports\ocr_data_export_20260602_141439\combined_ocr_text.md","_onedrive_backup_archive\data.__onedrive_backup_20260629_144030\ocr_exports\ocr_data_export_20260602_141439\combined_ocr_text.md","combined_ocr_text.md",".md","2116714","2.0187","2026-06-02T14:14:39","2026-06-02T14:14:39","SOURCE_OR_CONFIG"
"RUNTIME","D:\halal_web_runtime","D:\halal_web_runtime\_onedrive_backup_archive\data.__onedrive_backup_20260629_144030\ocr_exports\ocr_data_export_20260602_141439\export.jsonl","_onedrive_backup_archive\data.__onedrive_backup_20260629_144030\ocr_exports\ocr_data_export_20260602_141439\export.jsonl","export.jsonl",".jsonl","5357758","5.1096","2026-06-02T14:14:39","2026-06-02T14:14:39","SOURCE_OR_CONFIG"
"RUNTIME","D:\halal_web_runtime","D:\halal_web_runtime\_onedrive_backup_archive\data.__onedrive_backup_20260629_144030\ocr_exports\ocr_data_export_20260602_141439\summary.csv","_onedrive_backup_archive\data.__onedrive_backup_20260629_144030\ocr_exports\ocr_data_export_20260602_141439\summary.csv","summary.csv",".csv","232617","0.2218","2026-06-02T14:14:39","2026-06-02T14:14:39","BACKUP"
"RUNTIME","D:\halal_web_runtime","D:\halal_web_runtime\_onedrive_backup_archive\data.__onedrive_backup_20260629_144030\ocr_exports\ocr_data_export_20260602_142418\combined_ocr_text.md","_onedrive_backup_archive\data.__onedrive_backup_20260629_144030\ocr_exports\ocr_data_export_20260602_142418\combined_ocr_text.md","combined_ocr_text.md",".md","2116622","2.0186","2026-06-02T14:24:18","2026-06-02T14:24:18","SOURCE_OR_CONFIG"
"RUNTIME","D:\halal_web_runtime","D:\halal_web_runtime\_onedrive_backup_archive\data.__onedrive_backup_20260629_144030\ocr_exports\ocr_data_export_20260602_142418\export.jsonl","_onedrive_backup_archive\data.__onedrive_backup_20260629_144030\ocr_exports\ocr_data_export_20260602_142418\export.jsonl","export.jsonl",".jsonl","5322539","5.076","2026-06-02T14:24:18","2026-06-02T14:24:18","SOURCE_OR_CONFIG"
"RUNTIME","D:\halal_web_runtime","D:\halal_web_runtime\_onedrive_backup_archive\data.__onedrive_backup_20260629_144030\ocr_exports\ocr_data_export_20260602_142418\summary.csv","_onedrive_backup_archive\data.__onedrive_backup_20260629_144030\ocr_exports\ocr_data_export_20260602_142418\summary.csv","summary.csv",".csv","232509","0.2217","2026-06-02T14:24:18","2026-06-02T14:24:18","BACKUP"
"RUNTIME","D:\halal_web_runtime","D:\halal_web_runtime\_onedrive_backup_archive\data.__onedrive_backup_20260629_144030\ocr_exports\ocr_data_export_20260602_145411\combined_ocr_text.md","_onedrive_backup_archive\data.__onedrive_backup_20260629_144030\ocr_exports\ocr_data_export_20260602_145411\combined_ocr_text.md","combined_ocr_text.md",".md","2116630","2.0186","2026-06-02T14:54:12","2026-06-02T14:54:12","SOURCE_OR_CONFIG"
"RUNTIME","D:\halal_web_runtime","D:\halal_web_runtime\_onedrive_backup_archive\data.__onedrive_backup_20260629_144030\ocr_exports\ocr_data_export_20260602_145411\export.jsonl","_onedrive_backup_archive\data.__onedrive_backup_20260629_144030\ocr_exports\ocr_data_export_20260602_145411\export.jsonl","export.jsonl",".jsonl","5337280","5.09","2026-06-02T14:54:11","2026-06-02T14:54:12","SOURCE_OR_CONFIG"
"RUNTIME","D:\halal_web_runtime","D:\halal_web_runtime\_onedrive_backup_archive\data.__onedrive_backup_20260629_144030\ocr_exports\ocr_data_export_20260602_145411\summary.csv","_onedrive_backup_archive\data.__onedrive_backup_20260629_144030\ocr_exports\ocr_data_export_20260602_145411\summary.csv","summary.csv",".csv","232473","0.2217","2026-06-02T14:54:12","2026-06-02T14:54:12","BACKUP"
"RUNTIME","D:\halal_web_runtime","D:\halal_web_runtime\_onedrive_backup_archive\data.__onedrive_backup_20260629_144030\ocr_exports\ocr_data_export_20260602_145426\combined_ocr_text.md","_onedrive_backup_archive\data.__onedrive_backup_20260629_144030\ocr_exports\ocr_data_export_20260602_145426\combined_ocr_text.md","combined_ocr_text.md",".md","2116630","2.0186","2026-06-02T14:54:26","2026-06-02T14:54:26","SOURCE_OR_CONFIG"
"RUNTIME","D:\halal_web_runtime","D:\halal_web_runtime\_onedrive_backup_archive\data.__onedrive_backup_20260629_144030\ocr_exports\ocr_data_export_20260602_145426\export.jsonl","_onedrive_backup_archive\data.__onedrive_backup_20260629_144030\ocr_exports\ocr_data_export_20260602_145426\export.jsonl","export.jsonl",".jsonl","5337280","5.09","2026-06-02T14:54:26","2026-06-02T14:54:26","SOURCE_OR_CONFIG"
"RUNTIME","D:\halal_web_runtime","D:\halal_web_runtime\_onedrive_backup_archive\data.__onedrive_backup_20260629_144030\ocr_exports\ocr_data_export_20260602_145426\summary.csv","_onedrive_backup_archive\data.__onedrive_backup_20260629_144030\ocr_exports\ocr_data_export_20260602_145426\summary.csv","summary.csv",".csv","232473","0.2217","2026-06-02T14:54:26","2026-06-02T14:54:26","BACKUP"
"RUNTIME","D:\halal_web_runtime","D:\halal_web_runtime\_onedrive_backup_archive\data.__onedrive_backup_20260629_144030\ocr_exports\ocr_data_export_20260602_150445\combined_ocr_text.md","_onedrive_backup_archive\data.__onedrive_backup_20260629_144030\ocr_exports\ocr_data_export_20260602_150445\combined_ocr_text.md","combined_ocr_text.md",".md","2116554","2.0185","2026-06-02T15:04:45","2026-06-02T15:04:45","SOURCE_OR_CONFIG"
"RUNTIME","D:\halal_web_runtime","D:\halal_web_runtime\_onedrive_backup_archive\data.__onedrive_backup_20260629_144030\ocr_exports\ocr_data_export_20260602_150445\export.jsonl","_onedrive_backup_archive\data.__onedrive_backup_20260629_144030\ocr_exports\ocr_data_export_20260602_150445\export.jsonl","export.jsonl",".jsonl","5320687","5.0742","2026-06-02T15:04:45","2026-06-02T15:04:45","SOURCE_OR_CONFIG"
"RUNTIME","D:\halal_web_runtime","D:\halal_web_runtime\_onedrive_backup_archive\data.__onedrive_backup_20260629_144030\ocr_exports\ocr_data_export_20260602_150445\summary.csv","_onedrive_backup_archive\data.__onedrive_backup_20260629_144030\ocr_exports\ocr_data_export_20260602_150445\summary.csv","summary.csv",".csv","232437","0.2217","2026-06-02T15:04:45","2026-06-02T15:04:45","BACKUP"
"RUNTIME","D:\halal_web_runtime","D:\halal_web_runtime\_onedrive_backup_archive\data.__onedrive_backup_20260629_144030\ocr_exports\ocr_data_export_20260602_153727\combined_ocr_text.md","_onedrive_backup_archive\data.__onedrive_backup_20260629_144030\ocr_exports\ocr_data_export_20260602_153727\combined_ocr_text.md","combined_ocr_text.md",".md","2114660","2.0167","2026-06-02T15:37:27","2026-06-02T15:37:27","SOURCE_OR_CONFIG"
"RUNTIME","D:\halal_web_runtime","D:\halal_web_runtime\_onedrive_backup_archive\data.__onedrive_backup_20260629_144030\ocr_exports\ocr_data_export_20260602_153727\export.jsonl","_onedrive_backup_archive\data.__onedrive_backup_20260629_144030\ocr_exports\ocr_data_export_20260602_153727\export.jsonl","export.jsonl",".jsonl","5320879","5.0744","2026-06-02T15:37:27","2026-06-02T15:37:27","SOURCE_OR_CONFIG"
"RUNTIME","D:\halal_web_runtime","D:\halal_web_runtime\_onedrive_backup_archive\data.__onedrive_backup_20260629_144030\ocr_exports\ocr_data_export_20260602_153727\summary.csv","_onedrive_backup_archive\data.__onedrive_backup_20260629_144030\ocr_exports\ocr_data_export_20260602_153727\summary.csv","summary.csv",".csv","230475","0.2198","2026-06-02T15:37:27","2026-06-02T15:37:27","BACKUP"
"RUNTIME","D:\halal_web_runtime","D:\halal_web_runtime\_onedrive_backup_archive\data.__onedrive_backup_20260629_144030\ocr_exports\ocr_data_export_20260602_155144\combined_ocr_text.md","_onedrive_backup_archive\data.__onedrive_backup_20260629_144030\ocr_exports\ocr_data_export_20260602_155144\combined_ocr_text.md","combined_ocr_text.md",".md","2114194","2.0163","2026-06-02T15:51:44","2026-06-02T15:51:44","SOURCE_OR_CONFIG"
"RUNTIME","D:\halal_web_runtime","D:\halal_web_runtime\_onedrive_backup_archive\data.__onedrive_backup_20260629_144030\ocr_exports\ocr_data_export_20260602_155144\export.jsonl","_onedrive_backup_archive\data.__onedrive_backup_20260629_144030\ocr_exports\ocr_data_export_20260602_155144\export.jsonl","export.jsonl",".jsonl","5316105","5.0698","2026-06-02T15:51:44","2026-06-02T15:51:44","SOURCE_OR_CONFIG"
"RUNTIME","D:\halal_web_runtime","D:\halal_web_runtime\_onedrive_backup_archive\data.__onedrive_backup_20260629_144030\ocr_exports\ocr_data_export_20260602_155144\summary.csv","_onedrive_backup_archive\data.__onedrive_backup_20260629_144030\ocr_exports\ocr_data_export_20260602_155144\summary.csv","summary.csv",".csv","229975","0.2193","2026-06-02T15:51:44","2026-06-02T15:51:44","BACKUP"
"RUNTIME","D:\halal_web_runtime","D:\halal_web_runtime\_onedrive_backup_archive\data.__onedrive_backup_20260629_144030\ocr_exports\ocr_data_export_20260602_160041\combined_ocr_text.md","_onedrive_backup_archive\data.__onedrive_backup_20260629_144030\ocr_exports\ocr_data_export_20260602_160041\combined_ocr_text.md","combined_ocr_text.md",".md","2113534","2.0156","2026-06-02T16:00:41","2026-06-02T16:00:41","SOURCE_OR_CONFIG"
"RUNTIME","D:\halal_web_runtime","D:\halal_web_runtime\_onedrive_backup_archive\data.__onedrive_backup_20260629_144030\ocr_exports\ocr_data_export_20260602_160041\export.jsonl","_onedrive_backup_archive\data.__onedrive_backup_20260629_144030\ocr_exports\ocr_data_export_20260602_160041\export.jsonl","export.jsonl",".jsonl","5346301","5.0986","2026-06-02T16:00:41","2026-06-02T16:00:41","SOURCE_OR_CONFIG"
"RUNTIME","D:\halal_web_runtime","D:\halal_web_runtime\_onedrive_backup_archive\data.__onedrive_backup_20260629_144030\ocr_exports\ocr_data_export_20260602_160041\summary.csv","_onedrive_backup_archive\data.__onedrive_backup_20260629_144030\ocr_exports\ocr_data_export_20260602_160041\summary.csv","summary.csv",".csv","229314","0.2187","2026-06-02T16:00:41","2026-06-02T16:00:41","BACKUP"
"RUNTIME","D:\halal_web_runtime","D:\halal_web_runtime\_onedrive_backup_archive\data.__onedrive_backup_20260629_144030\ocr_exports\ocr_data_export_20260602_160434\combined_ocr_text.md","_onedrive_backup_archive\data.__onedrive_backup_20260629_144030\ocr_exports\ocr_data_export_20260602_160434\combined_ocr_text.md","combined_ocr_text.md",".md","2113534","2.0156","2026-06-02T16:04:34","2026-06-02T16:04:34","SOURCE_OR_CONFIG"
"RUNTIME","D:\halal_web_runtime","D:\halal_web_runtime\_onedrive_backup_archive\data.__onedrive_backup_20260629_144030\ocr_exports\ocr_data_export_20260602_160434\export.jsonl","_onedrive_backup_archive\data.__onedrive_backup_20260629_144030\ocr_exports\ocr_data_export_20260602_160434\export.jsonl","export.jsonl",".jsonl","5346301","5.0986","2026-06-02T16:04:34","2026-06-02T16:04:34","SOURCE_OR_CONFIG"
"RUNTIME","D:\halal_web_runtime","D:\halal_web_runtime\_onedrive_backup_archive\data.__onedrive_backup_20260629_144030\ocr_exports\ocr_data_export_20260602_160434\summary.csv","_onedrive_backup_archive\data.__onedrive_backup_20260629_144030\ocr_exports\ocr_data_export_20260602_160434\summary.csv","summary.csv",".csv","229314","0.2187","2026-06-02T16:04:34","2026-06-02T16:04:34","BACKUP"
"RUNTIME","D:\halal_web_runtime","D:\halal_web_runtime\_onedrive_backup_archive\data.__onedrive_backup_20260629_144030\ocr_exports\ocr_data_export_20260603_083850\combined_ocr_text.md","_onedrive_backup_archive\data.__onedrive_backup_20260629_144030\ocr_exports\ocr_data_export_20260603_083850\combined_ocr_text.md","combined_ocr_text.md",".md","2291290","2.1851","2026-06-03T08:38:50","2026-06-03T08:38:50","SOURCE_OR_CONFIG"
"RUNTIME","D:\halal_web_runtime","D:\halal_web_runtime\_onedrive_backup_archive\data.__onedrive_backup_20260629_144030\ocr_exports\ocr_data_export_20260603_083850\export.jsonl","_onedrive_backup_archive\data.__onedrive_backup_20260629_144030\ocr_exports\ocr_data_export_20260603_083850\export.jsonl","export.jsonl",".jsonl","6001728","5.7237","2026-06-03T08:38:50","2026-06-03T08:38:50","SOURCE_OR_CONFIG"
"RUNTIME","D:\halal_web_runtime","D:\halal_web_runtime\_onedrive_backup_archive\data.__onedrive_backup_20260629_144030\ocr_exports\ocr_data_export_20260603_083850\summary.csv","_onedrive_backup_archive\data.__onedrive_backup_20260629_144030\ocr_exports\ocr_data_export_20260603_083850\summary.csv","summary.csv",".csv","245149","0.2338","2026-06-03T08:38:50","2026-06-03T08:38:50","BACKUP"
"RUNTIME","D:\halal_web_runtime","D:\halal_web_runtime\_onedrive_backup_archive\data.__onedrive_backup_20260629_144030\ocr_exports\ocr_data_export_20260603_092216\combined_ocr_text.md","_onedrive_backup_archive\data.__onedrive_backup_20260629_144030\ocr_exports\ocr_data_export_20260603_092216\combined_ocr_text.md","combined_ocr_text.md",".md","2433064","2.3204","2026-06-03T09:22:16","2026-06-03T09:22:16","SOURCE_OR_CONFIG"
"RUNTIME","D:\halal_web_runtime","D:\halal_web_runtime\_onedrive_backup_archive\data.__onedrive_backup_20260629_144030\ocr_exports\ocr_data_export_20260603_092216\export.jsonl","_onedrive_backup_archive\data.__onedrive_backup_20260629_144030\ocr_exports\ocr_data_export_20260603_092216\export.jsonl","export.jsonl",".jsonl","6474544","6.1746","2026-06-03T09:22:16","2026-06-03T09:22:16","SOURCE_OR_CONFIG"
"RUNTIME","D:\halal_web_runtime","D:\halal_web_runtime\_onedrive_backup_archive\data.__onedrive_backup_20260629_144030\ocr_exports\ocr_data_export_20260603_092216\summary.csv","_onedrive_backup_archive\data.__onedrive_backup_20260629_144030\ocr_exports\ocr_data_export_20260603_092216\summary.csv","summary.csv",".csv","263209","0.251","2026-06-03T09:22:16","2026-06-03T09:22:16","BACKUP"
"RUNTIME","D:\halal_web_runtime","D:\halal_web_runtime\_onedrive_backup_archive\data.__onedrive_backup_20260629_144030\ocr_exports\ocr_data_export_20260603_105352\combined_ocr_text.md","_onedrive_backup_archive\data.__onedrive_backup_20260629_144030\ocr_exports\ocr_data_export_20260603_105352\combined_ocr_text.md","combined_ocr_text.md",".md","2501804","2.3859","2026-06-03T10:53:52","2026-06-03T10:53:52","SOURCE_OR_CONFIG"
"RUNTIME","D:\halal_web_runtime","D:\halal_web_runtime\_onedrive_backup_archive\data.__onedrive_backup_20260629_144030\ocr_exports\ocr_data_export_20260603_105352\export.jsonl","_onedrive_backup_archive\data.__onedrive_backup_20260629_144030\ocr_exports\ocr_data_export_20260603_105352\export.jsonl","export.jsonl",".jsonl","6687670","6.3779","2026-06-03T10:53:52","2026-06-03T10:53:52","SOURCE_OR_CONFIG"
"RUNTIME","D:\halal_web_runtime","D:\halal_web_runtime\_onedrive_backup_archive\data.__onedrive_backup_20260629_144030\ocr_exports\ocr_data_export_20260603_105352\summary.csv","_onedrive_backup_archive\data.__onedrive_backup_20260629_144030\ocr_exports\ocr_data_export_20260603_105352\summary.csv","summary.csv",".csv","247719","0.2362","2026-06-03T10:53:52","2026-06-03T10:53:52","BACKUP"
"RUNTIME","D:\halal_web_runtime","D:\halal_web_runtime\_onedrive_backup_archive\data.__onedrive_backup_20260629_144030\ocr_exports\ocr_data_export_20260604_080645\combined_ocr_text.md","_onedrive_backup_archive\data.__onedrive_backup_20260629_144030\ocr_exports\ocr_data_export_20260604_080645\combined_ocr_text.md","combined_ocr_text.md",".md","2507127","2.391","2026-06-04T08:06:45","2026-06-04T08:06:45","SOURCE_OR_CONFIG"
"RUNTIME","D:\halal_web_runtime","D:\halal_web_runtime\_onedrive_backup_archive\data.__onedrive_backup_20260629_144030\ocr_exports\ocr_data_export_20260604_080645\export.jsonl","_onedrive_backup_archive\data.__onedrive_backup_20260629_144030\ocr_exports\ocr_data_export_20260604_080645\export.jsonl","export.jsonl",".jsonl","6708319","6.3976","2026-06-04T08:06:45","2026-06-04T08:06:45","SOURCE_OR_CONFIG"
"RUNTIME","D:\halal_web_runtime","D:\halal_web_runtime\_onedrive_backup_archive\data.__onedrive_backup_20260629_144030\ocr_exports\ocr_data_export_20260604_080645\summary.csv","_onedrive_backup_archive\data.__onedrive_backup_20260629_144030\ocr_exports\ocr_data_export_20260604_080645\summary.csv","summary.csv",".csv","248935","0.2374","2026-06-04T08:06:45","2026-06-04T08:06:45","BACKUP"
"RUNTIME","D:\halal_web_runtime","D:\halal_web_runtime\_onedrive_backup_archive\data.__onedrive_backup_20260629_144030\ocr_exports\ocr_data_export_20260604_081210\combined_ocr_text.md","_onedrive_backup_archive\data.__onedrive_backup_20260629_144030\ocr_exports\ocr_data_export_20260604_081210\combined_ocr_text.md","combined_ocr_text.md",".md","2508375","2.3922","2026-06-04T08:12:10","2026-06-04T08:12:10","SOURCE_OR_CONFIG"
"RUNTIME","D:\halal_web_runtime","D:\halal_web_runtime\_onedrive_backup_archive\data.__onedrive_backup_20260629_144030\ocr_exports\ocr_data_export_20260604_081210\export.jsonl","_onedrive_backup_archive\data.__onedrive_backup_20260629_144030\ocr_exports\ocr_data_export_20260604_081210\export.jsonl","export.jsonl",".jsonl","6684081","6.3744","2026-06-04T08:12:10","2026-06-04T08:12:10","SOURCE_OR_CONFIG"
"RUNTIME","D:\halal_web_runtime","D:\halal_web_runtime\_onedrive_backup_archive\data.__onedrive_backup_20260629_144030\ocr_exports\ocr_data_export_20260604_081210\summary.csv","_onedrive_backup_archive\data.__onedrive_backup_20260629_144030\ocr_exports\ocr_data_export_20260604_081210\summary.csv","summary.csv",".csv","250232","0.2386","2026-06-04T08:12:10","2026-06-04T08:12:10","BACKUP"
"RUNTIME","D:\halal_web_runtime","D:\halal_web_runtime\_onedrive_backup_archive\data.__onedrive_backup_20260629_144030\ocr_exports\ocr_data_export_20260604_131915\combined_ocr_text.md","_onedrive_backup_archive\data.__onedrive_backup_20260629_144030\ocr_exports\ocr_data_export_20260604_131915\combined_ocr_text.md","combined_ocr_text.md",".md","2507864","2.3917","2026-06-04T13:19:15","2026-06-04T13:19:15","SOURCE_OR_CONFIG"
"RUNTIME","D:\halal_web_runtime","D:\halal_web_runtime\_onedrive_backup_archive\data.__onedrive_backup_20260629_144030\ocr_exports\ocr_data_export_20260604_131915\export.jsonl","_onedrive_backup_archive\data.__onedrive_backup_20260629_144030\ocr_exports\ocr_data_export_20260604_131915\export.jsonl","export.jsonl",".jsonl","6669324","6.3604","2026-06-04T13:19:15","2026-06-04T13:19:15","SOURCE_OR_CONFIG"
"RUNTIME","D:\halal_web_runtime","D:\halal_web_runtime\_onedrive_backup_archive\data.__onedrive_backup_20260629_144030\ocr_exports\ocr_data_export_20260604_131915\summary.csv","_onedrive_backup_archive\data.__onedrive_backup_20260629_144030\ocr_exports\ocr_data_export_20260604_131915\summary.csv","summary.csv",".csv","249678","0.2381","2026-06-04T13:19:15","2026-06-04T13:19:15","BACKUP"
"RUNTIME","D:\halal_web_runtime","D:\halal_web_runtime\_onedrive_backup_archive\data.__onedrive_backup_20260629_144030\ocr_exports\ocr_data_export_20260605_090136\combined_ocr_text.md","_onedrive_backup_archive\data.__onedrive_backup_20260629_144030\ocr_exports\ocr_data_export_20260605_090136\combined_ocr_text.md","combined_ocr_text.md",".md","2507522","2.3914","2026-06-05T09:01:36","2026-06-05T09:01:36","SOURCE_OR_CONFIG"
"RUNTIME","D:\halal_web_runtime","D:\halal_web_runtime\_onedrive_backup_archive\data.__onedrive_backup_20260629_144030\ocr_exports\ocr_data_export_20260605_090136\export.jsonl","_onedrive_backup_archive\data.__onedrive_backup_20260629_144030\ocr_exports\ocr_data_export_20260605_090136\export.jsonl","export.jsonl",".jsonl","6739031","6.4268","2026-06-05T09:01:36","2026-06-05T09:01:36","SOURCE_OR_CONFIG"
"RUNTIME","D:\halal_web_runtime","D:\halal_web_runtime\_onedrive_backup_archive\data.__onedrive_backup_20260629_144030\ocr_exports\ocr_data_export_20260605_090136\summary.csv","_onedrive_backup_archive\data.__onedrive_backup_20260629_144030\ocr_exports\ocr_data_export_20260605_090136\summary.csv","summary.csv",".csv","250806","0.2392","2026-06-05T09:01:36","2026-06-05T09:01:36","BACKUP"
"RUNTIME","D:\halal_web_runtime","D:\halal_web_runtime\_onedrive_backup_archive\data.__onedrive_backup_20260629_144030\ocr_exports\ocr_data_export_20260605_114351\combined_ocr_text.md","_onedrive_backup_archive\data.__onedrive_backup_20260629_144030\ocr_exports\ocr_data_export_20260605_114351\combined_ocr_text.md","combined_ocr_text.md",".md","2507522","2.3914","2026-06-05T11:43:51","2026-06-05T11:43:51","SOURCE_OR_CONFIG"
"RUNTIME","D:\halal_web_runtime","D:\halal_web_runtime\_onedrive_backup_archive\data.__onedrive_backup_20260629_144030\ocr_exports\ocr_data_export_20260605_114351\export.jsonl","_onedrive_backup_archive\data.__onedrive_backup_20260629_144030\ocr_exports\ocr_data_export_20260605_114351\export.jsonl","export.jsonl",".jsonl","6739031","6.4268","2026-06-05T11:43:51","2026-06-05T11:43:51","SOURCE_OR_CONFIG"
"RUNTIME","D:\halal_web_runtime","D:\halal_web_runtime\_onedrive_backup_archive\data.__onedrive_backup_20260629_144030\ocr_exports\ocr_data_export_20260605_114351\summary.csv","_onedrive_backup_archive\data.__onedrive_backup_20260629_144030\ocr_exports\ocr_data_export_20260605_114351\summary.csv","summary.csv",".csv","250806","0.2392","2026-06-05T11:43:51","2026-06-05T11:43:51","BACKUP"
"RUNTIME","D:\halal_web_runtime","D:\halal_web_runtime\_onedrive_backup_archive\data.__onedrive_backup_20260629_144030\ocr_exports\ocr_data_export_20260605_114409\combined_ocr_text.md","_onedrive_backup_archive\data.__onedrive_backup_20260629_144030\ocr_exports\ocr_data_export_20260605_114409\combined_ocr_text.md","combined_ocr_text.md",".md","2507522","2.3914","2026-06-05T11:44:10","2026-06-05T11:44:10","SOURCE_OR_CONFIG"
"RUNTIME","D:\halal_web_runtime","D:\halal_web_runtime\_onedrive_backup_archive\data.__onedrive_backup_20260629_144030\ocr_exports\ocr_data_export_20260605_114409\export.jsonl","_onedrive_backup_archive\data.__onedrive_backup_20260629_144030\ocr_exports\ocr_data_export_20260605_114409\export.jsonl","export.jsonl",".jsonl","6739031","6.4268","2026-06-05T11:44:09","2026-06-05T11:44:10","SOURCE_OR_CONFIG"
"RUNTIME","D:\halal_web_runtime","D:\halal_web_runtime\_onedrive_backup_archive\data.__onedrive_backup_20260629_144030\ocr_exports\ocr_data_export_20260605_114409\summary.csv","_onedrive_backup_archive\data.__onedrive_backup_20260629_144030\ocr_exports\ocr_data_export_20260605_114409\summary.csv","summary.csv",".csv","250806","0.2392","2026-06-05T11:44:10","2026-06-05T11:44:10","BACKUP"
"RUNTIME","D:\halal_web_runtime","D:\halal_web_runtime\_onedrive_backup_archive\data.__onedrive_backup_20260629_144030\ocr_exports\ocr_data_export_20260605_114435\combined_ocr_text.md","_onedrive_backup_archive\data.__onedrive_backup_20260629_144030\ocr_exports\ocr_data_export_20260605_114435\combined_ocr_text.md","combined_ocr_text.md",".md","2507522","2.3914","2026-06-05T11:44:36","2026-06-05T11:44:36","SOURCE_OR_CONFIG"
"RUNTIME","D:\halal_web_runtime","D:\halal_web_runtime\_onedrive_backup_archive\data.__onedrive_backup_20260629_144030\ocr_exports\ocr_data_export_20260605_114435\export.jsonl","_onedrive_backup_archive\data.__onedrive_backup_20260629_144030\ocr_exports\ocr_data_export_20260605_114435\export.jsonl","export.jsonl",".jsonl","6739031","6.4268","2026-06-05T11:44:35","2026-06-05T11:44:35","SOURCE_OR_CONFIG"
"RUNTIME","D:\halal_web_runtime","D:\halal_web_runtime\_onedrive_backup_archive\data.__onedrive_backup_20260629_144030\ocr_exports\ocr_data_export_20260605_114435\summary.csv","_onedrive_backup_archive\data.__onedrive_backup_20260629_144030\ocr_exports\ocr_data_export_20260605_114435\summary.csv","summary.csv",".csv","250806","0.2392","2026-06-05T11:44:35","2026-06-05T11:44:36","BACKUP"
"RUNTIME","D:\halal_web_runtime","D:\halal_web_runtime\_onedrive_backup_archive\data.__onedrive_backup_20260629_144030\ocr_exports\ocr_data_export_20260605_114518\combined_ocr_text.md","_onedrive_backup_archive\data.__onedrive_backup_20260629_144030\ocr_exports\ocr_data_export_20260605_114518\combined_ocr_text.md","combined_ocr_text.md",".md","2507522","2.3914","2026-06-05T11:45:18","2026-06-05T11:45:18","SOURCE_OR_CONFIG"
"RUNTIME","D:\halal_web_runtime","D:\halal_web_runtime\_onedrive_backup_archive\data.__onedrive_backup_20260629_144030\ocr_exports\ocr_data_export_20260605_114518\export.jsonl","_onedrive_backup_archive\data.__onedrive_backup_20260629_144030\ocr_exports\ocr_data_export_20260605_114518\export.jsonl","export.jsonl",".jsonl","6739031","6.4268","2026-06-05T11:45:18","2026-06-05T11:45:18","SOURCE_OR_CONFIG"
"RUNTIME","D:\halal_web_runtime","D:\halal_web_runtime\_onedrive_backup_archive\data.__onedrive_backup_20260629_144030\ocr_exports\ocr_data_export_20260605_114518\summary.csv","_onedrive_backup_archive\data.__onedrive_backup_20260629_144030\ocr_exports\ocr_data_export_20260605_114518\summary.csv","summary.csv",".csv","250806","0.2392","2026-06-05T11:45:18","2026-06-05T11:45:18","BACKUP"
"RUNTIME","D:\halal_web_runtime","D:\halal_web_runtime\_onedrive_backup_archive\data.__onedrive_backup_20260629_144030\ocr_exports\ocr_data_export_20260629_102333\combined_ocr_text.md","_onedrive_backup_archive\data.__onedrive_backup_20260629_144030\ocr_exports\ocr_data_export_20260629_102333\combined_ocr_text.md","combined_ocr_text.md",".md","2543193","2.4254","2026-06-29T10:23:33","2026-06-29T10:23:33","SOURCE_OR_CONFIG"
"RUNTIME","D:\halal_web_runtime","D:\halal_web_runtime\_onedrive_backup_archive\data.__onedrive_backup_20260629_144030\ocr_exports\ocr_data_export_20260629_102333\export.jsonl","_onedrive_backup_archive\data.__onedrive_backup_20260629_144030\ocr_exports\ocr_data_export_20260629_102333\export.jsonl","export.jsonl",".jsonl","6863152","6.5452","2026-06-29T10:23:33","2026-06-29T10:23:33","SOURCE_OR_CONFIG"
"RUNTIME","D:\halal_web_runtime","D:\halal_web_runtime\_onedrive_backup_archive\data.__onedrive_backup_20260629_144030\ocr_exports\ocr_data_export_20260629_102333\summary.csv","_onedrive_backup_archive\data.__onedrive_backup_20260629_144030\ocr_exports\ocr_data_export_20260629_102333\summary.csv","summary.csv",".csv","255793","0.2439","2026-06-29T10:23:33","2026-06-29T10:23:33","BACKUP"
"RUNTIME","D:\halal_web_runtime","D:\halal_web_runtime\_onedrive_backup_archive\data.__onedrive_backup_20260629_144030\ocr_test_uploads\20260518_160434_109270\126. Seafood Seasoning Paste-S(Naturals)[MUI_2028-08-13]내.pdf","_onedrive_backup_archive\data.__onedrive_backup_20260629_144030\ocr_test_uploads\20260518_160434_109270\126. Seafood Seasoning Paste-S(Naturals)[MUI_2028-08-13]내.pdf","126. Seafood Seasoning Paste-S(Naturals)[MUI_2028-08-13]내.pdf",".pdf","145845","0.1391","2026-05-18T16:04:34","2026-05-18T16:04:34","PDF"
"RUNTIME","D:\halal_web_runtime","D:\halal_web_runtime\_onedrive_backup_archive\data.__onedrive_backup_20260629_144030\ocr_test_uploads\20260518_160434_359891\130_7. FIRMTEX(INGREDIO)[IFANCA_2025-09-30]G.pdf","_onedrive_backup_archive\data.__onedrive_backup_20260629_144030\ocr_test_uploads\20260518_160434_359891\130_7. FIRMTEX(INGREDIO)[IFANCA_2025-09-30]G.pdf","130_7. FIRMTEX(INGREDIO)[IFANCA_2025-09-30]G.pdf",".pdf","5820848","5.5512","2026-05-18T16:04:34","2026-05-18T16:04:34","PDF"
"RUNTIME","D:\halal_web_runtime","D:\halal_web_runtime\_onedrive_backup_archive\data.__onedrive_backup_20260629_144030\ocr_test_uploads\20260518_160434_591334\132. Paprika OLEORSIN-HFCE(2024-10-31).pdf","_onedrive_backup_archive\data.__onedrive_backup_20260629_144030\ocr_test_uploads\20260518_160434_591334\132. Paprika OLEORSIN-HFCE(2024-10-31).pdf","132. Paprika OLEORSIN-HFCE(2024-10-31).pdf",".pdf","1092451","1.0418","2026-05-18T16:04:34","2026-05-18T16:04:34","PDF"
"RUNTIME","D:\halal_web_runtime","D:\halal_web_runtime\_onedrive_backup_archive\data.__onedrive_backup_20260629_144030\ocr_test_uploads\20260518_160434_985594\110_1_4. Dextrozyme(Novozyme)[HQC_2028-07-01]대.pdf","_onedrive_backup_archive\data.__onedrive_backup_20260629_144030\ocr_test_uploads\20260518_160434_985594\110_1_4. Dextrozyme(Novozyme)[HQC_2028-07-01]대.pdf","110_1_4. Dextrozyme(Novozyme)[HQC_2028-07-01]대.pdf",".pdf","700682","0.6682","2026-05-18T16:04:34","2026-05-18T16:04:34","PDF"
"RUNTIME","D:\halal_web_runtime","D:\halal_web_runtime\_onedrive_backup_archive\data.__onedrive_backup_20260629_144030\ocr_test_uploads\20260518_160435_330322\117. Non-GMO Soybean Meal(Zeeland)[IFANCA_2026-05-31]타.pdf","_onedrive_backup_archive\data.__onedrive_backup_20260629_144030\ocr_test_uploads\20260518_160435_330322\117. Non-GMO Soybean Meal(Zeeland)[IFANCA_2026-05-31]타.pdf","117. Non-GMO Soybean Meal(Zeeland)[IFANCA_2026-05-31]타.pdf",".pdf","287594","0.2743","2026-05-18T16:04:35","2026-05-18T16:04:35","PDF"
"RUNTIME","D:\halal_web_runtime","D:\halal_web_runtime\_onedrive_backup_archive\data.__onedrive_backup_20260629_144030\ocr_test_uploads\20260518_160435_494647\119. Oleoresin Capsicum-HFCE(2024-10-31).pdf","_onedrive_backup_archive\data.__onedrive_backup_20260629_144030\ocr_test_uploads\20260518_160435_494647\119. Oleoresin Capsicum-HFCE(2024-10-31).pdf","119. Oleoresin Capsicum-HFCE(2024-10-31).pdf",".pdf","1092451","1.0418","2026-05-18T16:04:35","2026-05-18T16:04:35","PDF"
"RUNTIME","D:\halal_web_runtime","D:\halal_web_runtime\_onedrive_backup_archive\data.__onedrive_backup_20260629_144030\ocr_test_uploads\20260518_160435_717429\120. Paprika OLEORSIN(EVESA)[HFQ_2026-04-10]T.pdf","_onedrive_backup_archive\data.__onedrive_backup_20260629_144030\ocr_test_uploads\20260518_160435_717429\120. Paprika OLEORSIN(EVESA)[HFQ_2026-04-10]T.pdf","120. Paprika OLEORSIN(EVESA)[HFQ_2026-04-10]T.pdf",".pdf","677084","0.6457","2026-05-18T16:04:35","2026-05-18T16:04:35","PDF"
"RUNTIME","D:\halal_web_runtime","D:\halal_web_runtime\_onedrive_backup_archive\data.__onedrive_backup_20260629_144030\ocr_test_uploads\20260518_160435_946128\122. Protease-Promod 278 MDP)(BIOCATAL)[HQC_2026-04-15]B.pdf","_onedrive_backup_archive\data.__onedrive_backup_20260629_144030\ocr_test_uploads\20260518_160435_946128\122. Protease-Promod 278 MDP)(BIOCATAL)[HQC_2026-04-15]B.pdf","122. Protease-Promod 278 MDP)(BIOCATAL)[HQC_2026-04-15]B.pdf",".pdf","777855","0.7418","2026-05-18T16:04:35","2026-05-18T16:04:35","PDF"
"RUNTIME","D:\halal_web_runtime","D:\halal_web_runtime\_onedrive_backup_archive\data.__onedrive_backup_20260629_144030\ocr_test_uploads\20260518_160436_159639\124. Flo-max 8(blend)(NATIONAL)[CICOT_2025-09-19].pdf","_onedrive_backup_archive\data.__onedrive_backup_20260629_144030\ocr_test_uploads\20260518_160436_159639\124. Flo-max 8(blend)(NATIONAL)[CICOT_2025-09-19].pdf","124. Flo-max 8(blend)(NATIONAL)[CICOT_2025-09-19].pdf",".pdf","227887","0.2173","2026-05-18T16:04:36","2026-05-18T16:04:36","PDF"
"RUNTIME","D:\halal_web_runtime","D:\halal_web_runtime\_onedrive_backup_archive\data.__onedrive_backup_20260629_144030\ocr_test_uploads\20260518_160506_146381\117. Non-GMO Soybean Meal(Zeeland)[IFANCA_2026-05-31]타.pdf","_onedrive_backup_archive\data.__onedrive_backup_20260629_144030\ocr_test_uploads\20260518_160506_146381\117. Non-GMO Soybean Meal(Zeeland)[IFANCA_2026-05-31]타.pdf","117. Non-GMO Soybean Meal(Zeeland)[IFANCA_2026-05-31]타.pdf",".pdf","287594","0.2743","2026-05-18T16:05:06","2026-05-18T16:05:06","PDF"
"RUNTIME","D:\halal_web_runtime","D:\halal_web_runtime\_onedrive_backup_archive\data.__onedrive_backup_20260629_144030\ocr_test_uploads\20260518_160506_292921\119. Oleoresin Capsicum-HFCE(2024-10-31).pdf","_onedrive_backup_archive\data.__onedrive_backup_20260629_144030\ocr_test_uploads\20260518_160506_292921\119. Oleoresin Capsicum-HFCE(2024-10-31).pdf","119. Oleoresin Capsicum-HFCE(2024-10-31).pdf",".pdf","1092451","1.0418","2026-05-18T16:05:06","2026-05-18T16:05:06","PDF"
"RUNTIME","D:\halal_web_runtime","D:\halal_web_runtime\_onedrive_backup_archive\data.__onedrive_backup_20260629_144030\ocr_test_uploads\20260518_160506_419033\120. Paprika OLEORSIN(EVESA)[HFQ_2026-04-10]T.pdf","_onedrive_backup_archive\data.__onedrive_backup_20260629_144030\ocr_test_uploads\20260518_160506_419033\120. Paprika OLEORSIN(EVESA)[HFQ_2026-04-10]T.pdf","120. Paprika OLEORSIN(EVESA)[HFQ_2026-04-10]T.pdf",".pdf","677084","0.6457","2026-05-18T16:05:06","2026-05-18T16:05:06","PDF"
"RUNTIME","D:\halal_web_runtime","D:\halal_web_runtime\_onedrive_backup_archive\data.__onedrive_backup_20260629_144030\ocr_test_uploads\20260518_160506_591842\122. Protease-Promod 278 MDP)(BIOCATAL)[HQC_2026-04-15]B.pdf","_onedrive_backup_archive\data.__onedrive_backup_20260629_144030\ocr_test_uploads\20260518_160506_591842\122. Protease-Promod 278 MDP)(BIOCATAL)[HQC_2026-04-15]B.pdf","122. Protease-Promod 278 MDP)(BIOCATAL)[HQC_2026-04-15]B.pdf",".pdf","777855","0.7418","2026-05-18T16:05:06","2026-05-18T16:05:06","PDF"
"RUNTIME","D:\halal_web_runtime","D:\halal_web_runtime\_onedrive_backup_archive\data.__onedrive_backup_20260629_144030\ocr_test_uploads\20260518_160506_769692\124. Flo-max 8(blend)(NATIONAL)[CICOT_2025-09-19].pdf","_onedrive_backup_archive\data.__onedrive_backup_20260629_144030\ocr_test_uploads\20260518_160506_769692\124. Flo-max 8(blend)(NATIONAL)[CICOT_2025-09-19].pdf","124. Flo-max 8(blend)(NATIONAL)[CICOT_2025-09-19].pdf",".pdf","227887","0.2173","2026-05-18T16:05:06","2026-05-18T16:05:06","PDF"
"RUNTIME","D:\halal_web_runtime","D:\halal_web_runtime\_onedrive_backup_archive\data.__onedrive_backup_20260629_144030\ocr_test_uploads\20260518_160507_824190\126. Seafood Seasoning Paste-S(Naturals)[MUI_2028-08-13]내.pdf","_onedrive_backup_archive\data.__onedrive_backup_20260629_144030\ocr_test_uploads\20260518_160507_824190\126. Seafood Seasoning Paste-S(Naturals)[MUI_2028-08-13]내.pdf","126. Seafood Seasoning Paste-S(Naturals)[MUI_2028-08-13]내.pdf",".pdf","145845","0.1391","2026-05-18T16:05:07","2026-05-18T16:05:07","PDF"
"RUNTIME","D:\halal_web_runtime","D:\halal_web_runtime\_onedrive_backup_archive\data.__onedrive_backup_20260629_144030\ocr_test_uploads\20260518_160507_997068\130_7. FIRMTEX(INGREDIO)[IFANCA_2025-09-30]G.pdf","_onedrive_backup_archive\data.__onedrive_backup_20260629_144030\ocr_test_uploads\20260518_160507_997068\130_7. FIRMTEX(INGREDIO)[IFANCA_2025-09-30]G.pdf","130_7. FIRMTEX(INGREDIO)[IFANCA_2025-09-30]G.pdf",".pdf","5820848","5.5512","2026-05-18T16:05:07","2026-05-18T16:05:08","PDF"
"RUNTIME","D:\halal_web_runtime","D:\halal_web_runtime\_onedrive_backup_archive\data.__onedrive_backup_20260629_144030\ocr_test_uploads\20260518_160508_179336\132. Paprika OLEORSIN-HFCE(2024-10-31).pdf","_onedrive_backup_archive\data.__onedrive_backup_20260629_144030\ocr_test_uploads\20260518_160508_179336\132. Paprika OLEORSIN-HFCE(2024-10-31).pdf","132. Paprika OLEORSIN-HFCE(2024-10-31).pdf",".pdf","1092451","1.0418","2026-05-18T16:05:08","2026-05-18T16:05:08","PDF"
"RUNTIME","D:\halal_web_runtime","D:\halal_web_runtime\_onedrive_backup_archive\data.__onedrive_backup_20260629_144030\ocr_test_uploads\20260518_160508_360332\135. Flo-max 8(blend)-CICOT(2024-09-19).pdf","_onedrive_backup_archive\data.__onedrive_backup_20260629_144030\ocr_test_uploads\20260518_160508_360332\135. Flo-max 8(blend)-CICOT(2024-09-19).pdf","135. Flo-max 8(blend)-CICOT(2024-09-19).pdf",".pdf","1677022","1.5993","2026-05-18T16:05:08","2026-05-18T16:05:08","PDF"
"RUNTIME","D:\halal_web_runtime","D:\halal_web_runtime\_onedrive_backup_archive\data.__onedrive_backup_20260629_144030\ocr_test_uploads\20260518_160510_789161\136_1. FATTY ACIDS(lOI)[JAKIM_2029-05-15]비.pdf","_onedrive_backup_archive\data.__onedrive_backup_20260629_144030\ocr_test_uploads\20260518_160510_789161\136_1. FATTY ACIDS(lOI)[JAKIM_2029-05-15]비.pdf","136_1. FATTY ACIDS(lOI)[JAKIM_2029-05-15]비.pdf",".pdf","473911","0.452","2026-05-18T16:05:10","2026-05-18T16:05:10","PDF"
"RUNTIME","D:\halal_web_runtime","D:\halal_web_runtime\_onedrive_backup_archive\data.__onedrive_backup_20260629_144030\ocr_test_uploads\20260518_160512_619175\151. KREATIONⓡKE8-CICOT(2023-10-14).pdf","_onedrive_backup_archive\data.__onedrive_backup_20260629_144030\ocr_test_uploads\20260518_160512_619175\151. KREATIONⓡKE8-CICOT(2023-10-14).pdf","151. KREATIONⓡKE8-CICOT(2023-10-14).pdf",".pdf","1518587","1.4482","2026-05-18T16:05:12","2026-05-18T16:05:12","PDF"
"RUNTIME","D:\halal_web_runtime","D:\halal_web_runtime\_onedrive_backup_archive\data.__onedrive_backup_20260629_144030\ocr_test_uploads\20260518_160514_415165\155. Beef Type Flavor(Givaudan)[IFANCA_2026-05-31]G.pdf","_onedrive_backup_archive\data.__onedrive_backup_20260629_144030\ocr_test_uploads\20260518_160514_415165\155. Beef Type Flavor(Givaudan)[IFANCA_2026-05-31]G.pdf","155. Beef Type Flavor(Givaudan)[IFANCA_2026-05-31]G.pdf",".pdf","141942","0.1354","2026-05-18T16:05:14","2026-05-18T16:05:14","PDF"
"RUNTIME","D:\halal_web_runtime","D:\halal_web_runtime\_onedrive_backup_archive\data.__onedrive_backup_20260629_144030\ocr_test_uploads\20260518_160514_500181\162-1.Crude Rice Bran Oil,WILMAR AGRO VIETNAM COMPANY LIMITED社-Halal Certification Agency (HCA)(2021-07-31).pdf","_onedrive_backup_archive\data.__onedrive_backup_20260629_144030\ocr_test_uploads\20260518_160514_500181\162-1.Crude Rice Bran Oil,WILMAR AGRO VIETNAM COMPANY LIMITED社-Halal Certification Agency (HCA)(2021-07-31).pdf","162-1.Crude Rice Bran Oil,WILMAR AGRO VIETNAM COMPANY LIMITED社-Halal Certification Agency (HCA)(2021-07-31).pdf",".pdf","69159","0.066","2026-05-18T16:05:14","2026-05-18T16:05:14","PDF"
"RUNTIME","D:\halal_web_runtime","D:\halal_web_runtime\_onedrive_backup_archive\data.__onedrive_backup_20260629_144030\ocr_test_uploads\20260518_160515_069435\165_8. Potassium sulfate(K+S)[HALAL CONTROL_2026-08-15].pdf","_onedrive_backup_archive\data.__onedrive_backup_20260629_144030\ocr_test_uploads\20260518_160515_069435\165_8. Potassium sulfate(K+S)[HALAL CONTROL_2026-08-15].pdf","165_8. Potassium sulfate(K+S)[HALAL CONTROL_2026-08-15].pdf",".pdf","313444","0.2989","2026-05-18T16:05:15","2026-05-18T16:05:15","PDF"
"RUNTIME","D:\halal_web_runtime","D:\halal_web_runtime\_onedrive_backup_archive\data.__onedrive_backup_20260629_144030\ocr_test_uploads\20260518_160515_225641\167. KRATIONⓡKE8(SIAM)[CICOT_2025-10-14]마.pdf","_onedrive_backup_archive\data.__onedrive_backup_20260629_144030\ocr_test_uploads\20260518_160515_225641\167. KRATIONⓡKE8(SIAM)[CICOT_2025-10-14]마.pdf","167. KRATIONⓡKE8(SIAM)[CICOT_2025-10-14]마.pdf",".pdf","1897092","1.8092","2026-05-18T16:05:15","2026-05-18T16:05:15","PDF"
"RUNTIME","D:\halal_web_runtime","D:\halal_web_runtime\_onedrive_backup_archive\data.__onedrive_backup_20260629_144030\ocr_test_uploads\20260518_160515_350673\168. Beef Type Flavor-IFANCA(2024-05-31).pdf","_onedrive_backup_archive\data.__onedrive_backup_20260629_144030\ocr_test_uploads\20260518_160515_350673\168. Beef Type Flavor-IFANCA(2024-05-31).pdf","168. Beef Type Flavor-IFANCA(2024-05-31).pdf",".pdf","233409","0.2226","2026-05-18T16:05:15","2026-05-18T16:05:15","PDF"
"RUNTIME","D:\halal_web_runtime","D:\halal_web_runtime\_onedrive_backup_archive\data.__onedrive_backup_20260629_144030\ocr_test_uploads\20260518_160515_453081\220217 HEBEI HUAYANG BPJPH HALAL 인증서 프롤린 글루타민 메티오닌.pdf","_onedrive_backup_archive\data.__onedrive_backup_20260629_144030\ocr_test_uploads\20260518_160515_453081\220217 HEBEI HUAYANG BPJPH HALAL 인증서 프롤린 글루타민 메티오닌.pdf","220217 HEBEI HUAYANG BPJPH HALAL 인증서 프롤린 글루타민 메티오닌.pdf",".pdf","638591","0.609","2026-05-18T16:05:15","2026-05-18T16:05:15","PDF"
"RUNTIME","D:\halal_web_runtime","D:\halal_web_runtime\_onedrive_backup_archive\data.__onedrive_backup_20260629_144030\ocr_test_uploads\20260518_160515_593314\220908 Dextrin_BPJPH(YISHIU DADI).pdf","_onedrive_backup_archive\data.__onedrive_backup_20260629_144030\ocr_test_uploads\20260518_160515_593314\220908 Dextrin_BPJPH(YISHIU DADI).pdf","220908 Dextrin_BPJPH(YISHIU DADI).pdf",".pdf","415711","0.3965","2026-05-18T16:05:15","2026-05-18T16:05:15","PDF"
"RUNTIME","D:\halal_web_runtime","D:\halal_web_runtime\_onedrive_backup_archive\data.__onedrive_backup_20260629_144030\ocr_test_uploads\20260518_160515_776193\230525 BPJPH_NOVOZYMES(CHINA) 카라멜 하이드롤 하부.pdf","_onedrive_backup_archive\data.__onedrive_backup_20260629_144030\ocr_test_uploads\20260518_160515_776193\230525 BPJPH_NOVOZYMES(CHINA) 카라멜 하이드롤 하부.pdf","230525 BPJPH_NOVOZYMES(CHINA) 카라멜 하이드롤 하부.pdf",".pdf","1049784","1.0012","2026-05-18T16:05:15","2026-05-18T16:05:15","PDF"
"RUNTIME","D:\halal_web_runtime","D:\halal_web_runtime\_onedrive_backup_archive\data.__onedrive_backup_20260629_144030\ocr_test_uploads\20260518_160515_923768\20250624_150528_2_3023462 halal IFANCA US EN 20250609.pdf","_onedrive_backup_archive\data.__onedrive_backup_20260629_144030\ocr_test_uploads\20260518_160515_923768\20250624_150528_2_3023462 halal IFANCA US EN 20250609.pdf","20250624_150528_2_3023462 halal IFANCA US EN 20250609.pdf",".pdf","141942","0.1354","2026-05-18T16:05:15","2026-05-18T16:05:15","PDF"
"RUNTIME","D:\halal_web_runtime","D:\halal_web_runtime\_onedrive_backup_archive\data.__onedrive_backup_20260629_144030\ocr_test_uploads\20260518_160516_029868\20250703_072436_16_Halal certificate (HQC)_ Food & Beverage products (Novozymes DK)_2021-08077.pdf","_onedrive_backup_archive\data.__onedrive_backup_20260629_144030\ocr_test_uploads\20260518_160516_029868\20250703_072436_16_Halal certificate (HQC)_ Food & Beverage products (Novozymes DK)_2021-08077.pdf","20250703_072436_16_Halal certificate (HQC)_ Food & Beverage products (Novozymes DK)_2021-08077.pdf",".pdf","727134","0.6934","2026-05-18T16:05:16","2026-05-18T16:05:16","PDF"
"RUNTIME","D:\halal_web_runtime","D:\halal_web_runtime\_onedrive_backup_archive\data.__onedrive_backup_20260629_144030\ocr_test_uploads\20260518_160516_181570\20250703_072437_23_Halal certificate (HQC)_ Food & Beverage products (Novozymes DK)_2021-08077.pdf","_onedrive_backup_archive\data.__onedrive_backup_20260629_144030\ocr_test_uploads\20260518_160516_181570\20250703_072437_23_Halal certificate (HQC)_ Food & Beverage products (Novozymes DK)_2021-08077.pdf","20250703_072437_23_Halal certificate (HQC)_ Food & Beverage products (Novozymes DK)_2021-08077.pdf",".pdf","727134","0.6934","2026-05-18T16:05:16","2026-05-18T16:05:16","PDF"
"RUNTIME","D:\halal_web_runtime","D:\halal_web_runtime\_onedrive_backup_archive\data.__onedrive_backup_20260629_144030\ocr_test_uploads\20260518_160516_343845\DF - Halal HQC certificate (301125).pdf","_onedrive_backup_archive\data.__onedrive_backup_20260629_144030\ocr_test_uploads\20260518_160516_343845\DF - Halal HQC certificate (301125).pdf","DF - Halal HQC certificate (301125).pdf",".pdf","1219313","1.1628","2026-05-18T16:05:16","2026-05-18T16:05:16","PDF"
"RUNTIME","D:\halal_web_runtime","D:\halal_web_runtime\_onedrive_backup_archive\data.__onedrive_backup_20260629_144030\ocr_test_uploads\20260518_160516_697735\TQHCC-BPJPH 인증서 Sertifikat Akreditasi Halal Correct Germany.pdf","_onedrive_backup_archive\data.__onedrive_backup_20260629_144030\ocr_test_uploads\20260518_160516_697735\TQHCC-BPJPH 인증서 Sertifikat Akreditasi Halal Correct Germany.pdf","TQHCC-BPJPH 인증서 Sertifikat Akreditasi Halal Correct Germany.pdf",".pdf","1986266","1.8943","2026-05-18T16:05:16","2026-05-18T16:05:16","PDF"
"RUNTIME","D:\halal_web_runtime","D:\halal_web_runtime\_onedrive_backup_archive\data.__onedrive_backup_20260629_144030\ocr_test_uploads\20260518_160516_833039\비타셀L600-HFFIA_2023-09-30.pdf","_onedrive_backup_archive\data.__onedrive_backup_20260629_144030\ocr_test_uploads\20260518_160516_833039\비타셀L600-HFFIA_2023-09-30.pdf","비타셀L600-HFFIA_2023-09-30.pdf",".pdf","1152711","1.0993","2026-05-18T16:05:16","2026-05-18T16:05:16","PDF"
"RUNTIME","D:\halal_web_runtime","D:\halal_web_runtime\_onedrive_backup_archive\data.__onedrive_backup_20260629_144030\ocr_test_uploads\20260518_160517_633972\슈가시럽-Halal Control - Halal- Zertifikat - Südzucker - gültig bis 13.12.2018 (1).pdf","_onedrive_backup_archive\data.__onedrive_backup_20260629_144030\ocr_test_uploads\20260518_160517_633972\슈가시럽-Halal Control - Halal- Zertifikat - Südzucker - gültig bis 13.12.2018 (1).pdf","슈가시럽-Halal Control - Halal- Zertifikat - Südzucker - gültig bis 13.12.2018 (1).pdf",".pdf","192317","0.1834","2026-05-18T16:05:17","2026-05-18T16:05:17","PDF"
"RUNTIME","D:\halal_web_runtime","D:\halal_web_runtime\_onedrive_backup_archive\data.__onedrive_backup_20260629_144030\ocr_test_uploads\20260518_160517_806438\슈가시럽-Halal Quality Control - Halal Zertifikat - SÜDZUCKER Karasirup - gültig bis 12.12.2022.pdf","_onedrive_backup_archive\data.__onedrive_backup_20260629_144030\ocr_test_uploads\20260518_160517_806438\슈가시럽-Halal Quality Control - Halal Zertifikat - SÜDZUCKER Karasirup - gültig bis 12.12.2022.pdf","슈가시럽-Halal Quality Control - Halal Zertifikat - SÜDZUCKER Karasirup - gültig bis 12.12.2022.pdf",".pdf","1141610","1.0887","2026-05-18T16:05:17","2026-05-18T16:05:17","PDF"
"RUNTIME","D:\halal_web_runtime","D:\halal_web_runtime\_onedrive_backup_archive\data.__onedrive_backup_20260629_144030\ocr_test_uploads\20260518_160518_127030\1-1-7. Disodium Succinate-JMA(2022-08-11).pdf","_onedrive_backup_archive\data.__onedrive_backup_20260629_144030\ocr_test_uploads\20260518_160518_127030\1-1-7. Disodium Succinate-JMA(2022-08-11).pdf","1-1-7. Disodium Succinate-JMA(2022-08-11).pdf",".pdf","374177","0.3568","2026-05-18T16:05:18","2026-05-18T16:05:18","PDF"
"RUNTIME","D:\halal_web_runtime","D:\halal_web_runtime\_onedrive_backup_archive\data.__onedrive_backup_20260629_144030\ocr_test_uploads\20260518_160518_819454\9. Dehydrated Potatoes-Flakes(Oregon)[ISA_2025-12-31]W.pdf","_onedrive_backup_archive\data.__onedrive_backup_20260629_144030\ocr_test_uploads\20260518_160518_819454\9. Dehydrated Potatoes-Flakes(Oregon)[ISA_2025-12-31]W.pdf","9. Dehydrated Potatoes-Flakes(Oregon)[ISA_2025-12-31]W.pdf",".pdf","77749","0.0741","2026-05-18T16:05:18","2026-05-18T16:05:18","PDF"
"RUNTIME","D:\halal_web_runtime","D:\halal_web_runtime\_onedrive_backup_archive\data.__onedrive_backup_20260629_144030\ocr_test_uploads\20260518_160518_921757\11-1. Propylene Glygol USPEP-CICOT(2023-05-01).pdf","_onedrive_backup_archive\data.__onedrive_backup_20260629_144030\ocr_test_uploads\20260518_160518_921757\11-1. Propylene Glygol USPEP-CICOT(2023-05-01).pdf","11-1. Propylene Glygol USPEP-CICOT(2023-05-01).pdf",".pdf","519824","0.4957","2026-05-18T16:05:18","2026-05-18T16:05:18","PDF"
"RUNTIME","D:\halal_web_runtime","D:\halal_web_runtime\_onedrive_backup_archive\data.__onedrive_backup_20260629_144030\ocr_test_uploads\20260518_160521_025317\11-3-3.MM100FK,Mafco Worldwide LLC-ISA(19-12-31).pdf","_onedrive_backup_archive\data.__onedrive_backup_20260629_144030\ocr_test_uploads\20260518_160521_025317\11-3-3.MM100FK,Mafco Worldwide LLC-ISA(19-12-31).pdf","11-3-3.MM100FK,Mafco Worldwide LLC-ISA(19-12-31).pdf",".pdf","537163","0.5123","2026-05-18T16:05:21","2026-05-18T16:05:21","PDF"
"RUNTIME","D:\halal_web_runtime","D:\halal_web_runtime\_onedrive_backup_archive\data.__onedrive_backup_20260629_144030\ocr_test_uploads\20260518_160521_639081\11-3-3.MM100FK,Mafco Worldwide LLC社-ISA(2021-12-31).pdf","_onedrive_backup_archive\data.__onedrive_backup_20260629_144030\ocr_test_uploads\20260518_160521_639081\11-3-3.MM100FK,Mafco Worldwide LLC社-ISA(2021-12-31).pdf","11-3-3.MM100FK,Mafco Worldwide LLC社-ISA(2021-12-31).pdf",".pdf","766544","0.731","2026-05-18T16:05:21","2026-05-18T16:05:21","PDF"
"RUNTIME","D:\halal_web_runtime","D:\halal_web_runtime\_onedrive_backup_archive\data.__onedrive_backup_20260629_144030\ocr_test_uploads\20260518_160521_758448\16. Ground Cassia-Cinnamon(LONG)[HCA_2025-10-09]M.pdf","_onedrive_backup_archive\data.__onedrive_backup_20260629_144030\ocr_test_uploads\20260518_160521_758448\16. Ground Cassia-Cinnamon(LONG)[HCA_2025-10-09]M.pdf","16. Ground Cassia-Cinnamon(LONG)[HCA_2025-10-09]M.pdf",".pdf","1042573","0.9943","2026-05-18T16:05:21","2026-05-18T16:05:21","PDF"
"RUNTIME","D:\halal_web_runtime","D:\halal_web_runtime\_onedrive_backup_archive\data.__onedrive_backup_20260629_144030\ocr_test_uploads\20260518_160521_887092\21-1.MCT OIL,DANIDCO MALAYSIA SDN BHD社-JAKIM(2022-09-30).pdf","_onedrive_backup_archive\data.__onedrive_backup_20260629_144030\ocr_test_uploads\20260518_160521_887092\21-1.MCT OIL,DANIDCO MALAYSIA SDN BHD社-JAKIM(2022-09-30).pdf","21-1.MCT OIL,DANIDCO MALAYSIA SDN BHD社-JAKIM(2022-09-30).pdf",".pdf","1252703","1.1947","2026-05-18T16:05:21","2026-05-18T16:05:21","PDF"
"RUNTIME","D:\halal_web_runtime","D:\halal_web_runtime\_onedrive_backup_archive\data.__onedrive_backup_20260629_144030\ocr_test_uploads\20260518_160523_806558\117. Non-GMO Soybean Meal(Zeeland)[IFANCA_2026-05-31]타.pdf","_onedrive_backup_archive\data.__onedrive_backup_20260629_144030\ocr_test_uploads\20260518_160523_806558\117. Non-GMO Soybean Meal(Zeeland)[IFANCA_2026-05-31]타.pdf","117. Non-GMO Soybean Meal(Zeeland)[IFANCA_2026-05-31]타.pdf",".pdf","287594","0.2743","2026-05-18T16:05:23","2026-05-18T16:05:23","PDF"
"RUNTIME","D:\halal_web_runtime","D:\halal_web_runtime\_onedrive_backup_archive\data.__onedrive_backup_20260629_144030\ocr_test_uploads\20260518_160523_921280\119. Oleoresin Capsicum-HFCE(2024-10-31).pdf","_onedrive_backup_archive\data.__onedrive_backup_20260629_144030\ocr_test_uploads\20260518_160523_921280\119. Oleoresin Capsicum-HFCE(2024-10-31).pdf","119. Oleoresin Capsicum-HFCE(2024-10-31).pdf",".pdf","1092451","1.0418","2026-05-18T16:05:23","2026-05-18T16:05:23","PDF"
"RUNTIME","D:\halal_web_runtime","D:\halal_web_runtime\_onedrive_backup_archive\data.__onedrive_backup_20260629_144030\ocr_test_uploads\20260518_160524_035811\120. Paprika OLEORSIN(EVESA)[HFQ_2026-04-10]T.pdf","_onedrive_backup_archive\data.__onedrive_backup_20260629_144030\ocr_test_uploads\20260518_160524_035811\120. Paprika OLEORSIN(EVESA)[HFQ_2026-04-10]T.pdf","120. Paprika OLEORSIN(EVESA)[HFQ_2026-04-10]T.pdf",".pdf","677084","0.6457","2026-05-18T16:05:24","2026-05-18T16:05:24","PDF"
"RUNTIME","D:\halal_web_runtime","D:\halal_web_runtime\_onedrive_backup_archive\data.__onedrive_backup_20260629_144030\ocr_test_uploads\20260518_160524_542350\122. Protease-Promod 278 MDP)(BIOCATAL)[HQC_2026-04-15]B.pdf","_onedrive_backup_archive\data.__onedrive_backup_20260629_144030\ocr_test_uploads\20260518_160524_542350\122. Protease-Promod 278 MDP)(BIOCATAL)[HQC_2026-04-15]B.pdf","122. Protease-Promod 278 MDP)(BIOCATAL)[HQC_2026-04-15]B.pdf",".pdf","777855","0.7418","2026-05-18T16:05:24","2026-05-18T16:05:24","PDF"
"RUNTIME","D:\halal_web_runtime","D:\halal_web_runtime\_onedrive_backup_archive\data.__onedrive_backup_20260629_144030\ocr_test_uploads\20260518_160524_702127\124. Flo-max 8(blend)(NATIONAL)[CICOT_2025-09-19].pdf","_onedrive_backup_archive\data.__onedrive_backup_20260629_144030\ocr_test_uploads\20260518_160524_702127\124. Flo-max 8(blend)(NATIONAL)[CICOT_2025-09-19].pdf","124. Flo-max 8(blend)(NATIONAL)[CICOT_2025-09-19].pdf",".pdf","227887","0.2173","2026-05-18T16:05:24","2026-05-18T16:05:24","PDF"
"RUNTIME","D:\halal_web_runtime","D:\halal_web_runtime\_onedrive_backup_archive\data.__onedrive_backup_20260629_144030\ocr_test_uploads\20260518_160525_214670\32_1. Non-GMO Crude Soybean oil(Bunge)[HFCE_2026-09-30]롯.pdf","_onedrive_backup_archive\data.__onedrive_backup_20260629_144030\ocr_test_uploads\20260518_160525_214670\32_1. Non-GMO Crude Soybean oil(Bunge)[HFCE_2026-09-30]롯.pdf","32_1. Non-GMO Crude Soybean oil(Bunge)[HFCE_2026-09-30]롯.pdf",".pdf","223913","0.2135","2026-05-18T16:05:25","2026-05-18T16:05:25","PDF"
"RUNTIME","D:\halal_web_runtime","D:\halal_web_runtime\_onedrive_backup_archive\data.__onedrive_backup_20260629_144030\ocr_test_uploads\20260518_160525_586780\34. Maltodextrin Glucose syrup solids(SANSOON)[JAKIM_2026-03-15]한.pdf","_onedrive_backup_archive\data.__onedrive_backup_20260629_144030\ocr_test_uploads\20260518_160525_586780\34. Maltodextrin Glucose syrup solids(SANSOON)[JAKIM_2026-03-15]한.pdf","34. Maltodextrin Glucose syrup solids(SANSOON)[JAKIM_2026-03-15]한.pdf",".pdf","629225","0.6001","2026-05-18T16:05:25","2026-05-18T16:05:25","PDF"
"RUNTIME","D:\halal_web_runtime","D:\halal_web_runtime\_onedrive_backup_archive\data.__onedrive_backup_20260629_144030\ocr_test_uploads\20260518_160526_659750\126. Seafood Seasoning Paste-S(Naturals)[MUI_2028-08-13]내.pdf","_onedrive_backup_archive\data.__onedrive_backup_20260629_144030\ocr_test_uploads\20260518_160526_659750\126. Seafood Seasoning Paste-S(Naturals)[MUI_2028-08-13]내.pdf","126. Seafood Seasoning Paste-S(Naturals)[MUI_2028-08-13]내.pdf",".pdf","145845","0.1391","2026-05-18T16:05:26","2026-05-18T16:05:26","PDF"
"RUNTIME","D:\halal_web_runtime","D:\halal_web_runtime\_onedrive_backup_archive\data.__onedrive_backup_20260629_144030\ocr_test_uploads\20260518_160526_841981\130_7. FIRMTEX(INGREDIO)[IFANCA_2025-09-30]G.pdf","_onedrive_backup_archive\data.__onedrive_backup_20260629_144030\ocr_test_uploads\20260518_160526_841981\130_7. FIRMTEX(INGREDIO)[IFANCA_2025-09-30]G.pdf","130_7. FIRMTEX(INGREDIO)[IFANCA_2025-09-30]G.pdf",".pdf","5820848","5.5512","2026-05-18T16:05:26","2026-05-18T16:05:26","PDF"
"RUNTIME","D:\halal_web_runtime","D:\halal_web_runtime\_onedrive_backup_archive\data.__onedrive_backup_20260629_144030\ocr_test_uploads\20260518_160528_170094\132. Paprika OLEORSIN-HFCE(2024-10-31).pdf","_onedrive_backup_archive\data.__onedrive_backup_20260629_144030\ocr_test_uploads\20260518_160528_170094\132. Paprika OLEORSIN-HFCE(2024-10-31).pdf","132. Paprika OLEORSIN-HFCE(2024-10-31).pdf",".pdf","1092451","1.0418","2026-05-18T16:05:28","2026-05-18T16:05:28","PDF"
"RUNTIME","D:\halal_web_runtime","D:\halal_web_runtime\_onedrive_backup_archive\data.__onedrive_backup_20260629_144030\ocr_test_uploads\20260518_160528_303020\135. Flo-max 8(blend)-CICOT(2024-09-19).pdf","_onedrive_backup_archive\data.__onedrive_backup_20260629_144030\ocr_test_uploads\20260518_160528_303020\135. Flo-max 8(blend)-CICOT(2024-09-19).pdf","135. Flo-max 8(blend)-CICOT(2024-09-19).pdf",".pdf","1677022","1.5993","2026-05-18T16:05:28","2026-05-18T16:05:28","PDF"
"RUNTIME","D:\halal_web_runtime","D:\halal_web_runtime\_onedrive_backup_archive\data.__onedrive_backup_20260629_144030\ocr_test_uploads\20260518_160529_365477\36_3. TREHA™FOOD GRADE(Nagase)[JMA_2026-02-26]락.pdf","_onedrive_backup_archive\data.__onedrive_backup_20260629_144030\ocr_test_uploads\20260518_160529_365477\36_3. TREHA™FOOD GRADE(Nagase)[JMA_2026-02-26]락.pdf","36_3. TREHA™FOOD GRADE(Nagase)[JMA_2026-02-26]락.pdf",".pdf","1657909","1.5811","2026-05-18T16:05:29","2026-05-18T16:05:29","PDF"
"RUNTIME","D:\halal_web_runtime","D:\halal_web_runtime\_onedrive_backup_archive\data.__onedrive_backup_20260629_144030\ocr_test_uploads\20260518_160531_838275\136_1. FATTY ACIDS(lOI)[JAKIM_2029-05-15]비.pdf","_onedrive_backup_archive\data.__onedrive_backup_20260629_144030\ocr_test_uploads\20260518_160531_838275\136_1. FATTY ACIDS(lOI)[JAKIM_2029-05-15]비.pdf","136_1. FATTY ACIDS(lOI)[JAKIM_2029-05-15]비.pdf",".pdf","473911","0.452","2026-05-18T16:05:31","2026-05-18T16:05:31","PDF"
"RUNTIME","D:\halal_web_runtime","D:\halal_web_runtime\_onedrive_backup_archive\data.__onedrive_backup_20260629_144030\ocr_test_uploads\20260518_160532_599784\37. Maxarome Select Powder-HFFIA(2023-06-30).pdf","_onedrive_backup_archive\data.__onedrive_backup_20260629_144030\ocr_test_uploads\20260518_160532_599784\37. Maxarome Select Powder-HFFIA(2023-06-30).pdf","37. Maxarome Select Powder-HFFIA(2023-06-30).pdf",".pdf","1114147","1.0625","2026-05-18T16:05:32","2026-05-18T16:05:32","PDF"
"RUNTIME","D:\halal_web_runtime","D:\halal_web_runtime\_onedrive_backup_archive\data.__onedrive_backup_20260629_144030\ocr_test_uploads\20260518_160534_123413\37.Maxarome Select Powder,DSM FOOD SPECIALTIES CO., LTD社-HFFIA(2021-06-30).pdf","_onedrive_backup_archive\data.__onedrive_backup_20260629_144030\ocr_test_uploads\20260518_160534_123413\37.Maxarome Select Powder,DSM FOOD SPECIALTIES CO., LTD社-HFFIA(2021-06-30).pdf","37.Maxarome Select Powder,DSM FOOD SPECIALTIES CO., LTD社-HFFIA(2021-06-30).pdf",".pdf","1110044","1.0586","2026-05-18T16:05:34","2026-05-18T16:05:34","PDF"
"RUNTIME","D:\halal_web_runtime","D:\halal_web_runtime\_onedrive_backup_archive\data.__onedrive_backup_20260629_144030\ocr_test_uploads\20260518_160534_731054\151. KREATIONⓡKE8-CICOT(2023-10-14).pdf","_onedrive_backup_archive\data.__onedrive_backup_20260629_144030\ocr_test_uploads\20260518_160534_731054\151. KREATIONⓡKE8-CICOT(2023-10-14).pdf","151. KREATIONⓡKE8-CICOT(2023-10-14).pdf",".pdf","1518587","1.4482","2026-05-18T16:05:34","2026-05-18T16:05:34","PDF"
"RUNTIME","D:\halal_web_runtime","D:\halal_web_runtime\_onedrive_backup_archive\data.__onedrive_backup_20260629_144030\ocr_test_uploads\20260518_160535_774817\37_4. NuCel 743PW(BIO)[HFCE_2025-12-31]락.pdf","_onedrive_backup_archive\data.__onedrive_backup_20260629_144030\ocr_test_uploads\20260518_160535_774817\37_4. NuCel 743PW(BIO)[HFCE_2025-12-31]락.pdf","37_4. NuCel 743PW(BIO)[HFCE_2025-12-31]락.pdf",".pdf","584131","0.5571","2026-05-18T16:05:35","2026-05-18T16:05:35","PDF"
"RUNTIME","D:\halal_web_runtime","D:\halal_web_runtime\_onedrive_backup_archive\data.__onedrive_backup_20260629_144030\ocr_test_uploads\20260518_160536_867543\37_4. SPRINGER 020020-PW-L-HFCE(2024-12-31).pdf","_onedrive_backup_archive\data.__onedrive_backup_20260629_144030\ocr_test_uploads\20260518_160536_867543\37_4. SPRINGER 020020-PW-L-HFCE(2024-12-31).pdf","37_4. SPRINGER 020020-PW-L-HFCE(2024-12-31).pdf",".pdf","2435759","2.3229","2026-05-18T16:05:36","2026-05-18T16:05:36","PDF"
"RUNTIME","D:\halal_web_runtime","D:\halal_web_runtime\_onedrive_backup_archive\data.__onedrive_backup_20260629_144030\ocr_test_uploads\20260518_160536_995762\155. Beef Type Flavor(Givaudan)[IFANCA_2026-05-31]G.pdf","_onedrive_backup_archive\data.__onedrive_backup_20260629_144030\ocr_test_uploads\20260518_160536_995762\155. Beef Type Flavor(Givaudan)[IFANCA_2026-05-31]G.pdf","155. Beef Type Flavor(Givaudan)[IFANCA_2026-05-31]G.pdf",".pdf","141942","0.1354","2026-05-18T16:05:36","2026-05-18T16:05:36","PDF"
"RUNTIME","D:\halal_web_runtime","D:\halal_web_runtime\_onedrive_backup_archive\data.__onedrive_backup_20260629_144030\ocr_test_uploads\20260518_160537_121014\162-1.Crude Rice Bran Oil,WILMAR AGRO VIETNAM COMPANY LIMITED社-Halal Certification Agency (HCA)(2021-07-31).pdf","_onedrive_backup_archive\data.__onedrive_backup_20260629_144030\ocr_test_uploads\20260518_160537_121014\162-1.Crude Rice Bran Oil,WILMAR AGRO VIETNAM COMPANY LIMITED社-Halal Certification Agency (HCA)(2021-07-31).pdf","162-1.Crude Rice Bran Oil,WILMAR AGRO VIETNAM COMPANY LIMITED社-Halal Certification Agency (HCA)(2021-07-31).pdf",".pdf","69159","0.066","2026-05-18T16:05:37","2026-05-18T16:05:37","PDF"
"RUNTIME","D:\halal_web_runtime","D:\halal_web_runtime\_onedrive_backup_archive\data.__onedrive_backup_20260629_144030\ocr_test_uploads\20260518_160537_138536\38_2. SOY PEPTONE A2 SC-HFCE(2024-03-31).pdf","_onedrive_backup_archive\data.__onedrive_backup_20260629_144030\ocr_test_uploads\20260518_160537_138536\38_2. SOY PEPTONE A2 SC-HFCE(2024-03-31).pdf","38_2. SOY PEPTONE A2 SC-HFCE(2024-03-31).pdf",".pdf","1964318","1.8733","2026-05-18T16:05:37","2026-05-18T16:05:37","PDF"
"RUNTIME","D:\halal_web_runtime","D:\halal_web_runtime\_onedrive_backup_archive\data.__onedrive_backup_20260629_144030\ocr_test_uploads\20260518_160538_483178\165_8. Potassium sulfate(K+S)[HALAL CONTROL_2026-08-15].pdf","_onedrive_backup_archive\data.__onedrive_backup_20260629_144030\ocr_test_uploads\20260518_160538_483178\165_8. Potassium sulfate(K+S)[HALAL CONTROL_2026-08-15].pdf","165_8. Potassium sulfate(K+S)[HALAL CONTROL_2026-08-15].pdf",".pdf","313444","0.2989","2026-05-18T16:05:38","2026-05-18T16:05:38","PDF"
"RUNTIME","D:\halal_web_runtime","D:\halal_web_runtime\_onedrive_backup_archive\data.__onedrive_backup_20260629_144030\ocr_test_uploads\20260518_160538_649286\167. KRATIONⓡKE8(SIAM)[CICOT_2025-10-14]마.pdf","_onedrive_backup_archive\data.__onedrive_backup_20260629_144030\ocr_test_uploads\20260518_160538_649286\167. KRATIONⓡKE8(SIAM)[CICOT_2025-10-14]마.pdf","167. KRATIONⓡKE8(SIAM)[CICOT_2025-10-14]마.pdf",".pdf","1897092","1.8092","2026-05-18T16:05:38","2026-05-18T16:05:38","PDF"
"RUNTIME","D:\halal_web_runtime","D:\halal_web_runtime\_onedrive_backup_archive\data.__onedrive_backup_20260629_144030\ocr_test_uploads\20260518_160539_051301\168. Beef Type Flavor-IFANCA(2024-05-31).pdf","_onedrive_backup_archive\data.__onedrive_backup_20260629_144030\ocr_test_uploads\20260518_160539_051301\168. Beef Type Flavor-IFANCA(2024-05-31).pdf","168. Beef Type Flavor-IFANCA(2024-05-31).pdf",".pdf","233409","0.2226","2026-05-18T16:05:39","2026-05-18T16:05:39","PDF"
"RUNTIME","D:\halal_web_runtime","D:\halal_web_runtime\_onedrive_backup_archive\data.__onedrive_backup_20260629_144030\ocr_test_uploads\20260518_160539_156944\220217 HEBEI HUAYANG BPJPH HALAL 인증서 프롤린 글루타민 메티오닌.pdf","_onedrive_backup_archive\data.__onedrive_backup_20260629_144030\ocr_test_uploads\20260518_160539_156944\220217 HEBEI HUAYANG BPJPH HALAL 인증서 프롤린 글루타민 메티오닌.pdf","220217 HEBEI HUAYANG BPJPH HALAL 인증서 프롤린 글루타민 메티오닌.pdf",".pdf","638591","0.609","2026-05-18T16:05:39","2026-05-18T16:05:39","PDF"
"RUNTIME","D:\halal_web_runtime","D:\halal_web_runtime\_onedrive_backup_archive\data.__onedrive_backup_20260629_144030\ocr_test_uploads\20260518_160539_309852\220908 Dextrin_BPJPH(YISHIU DADI).pdf","_onedrive_backup_archive\data.__onedrive_backup_20260629_144030\ocr_test_uploads\20260518_160539_309852\220908 Dextrin_BPJPH(YISHIU DADI).pdf","220908 Dextrin_BPJPH(YISHIU DADI).pdf",".pdf","415711","0.3965","2026-05-18T16:05:39","2026-05-18T16:05:39","PDF"
"RUNTIME","D:\halal_web_runtime","D:\halal_web_runtime\_onedrive_backup_archive\data.__onedrive_backup_20260629_144030\ocr_test_uploads\20260518_160539_459859\40. Maxarome Select Powder(DSM)[HFFIA_2025-12-31]네.pdf","_onedrive_backup_archive\data.__onedrive_backup_20260629_144030\ocr_test_uploads\20260518_160539_459859\40. Maxarome Select Powder(DSM)[HFFIA_2025-12-31]네.pdf","40. Maxarome Select Powder(DSM)[HFFIA_2025-12-31]네.pdf",".pdf","165615","0.1579","2026-05-18T16:05:39","2026-05-18T16:05:39","PDF"
"RUNTIME","D:\halal_web_runtime","D:\halal_web_runtime\_onedrive_backup_archive\data.__onedrive_backup_20260629_144030\ocr_test_uploads\20260518_160539_508365\230525 BPJPH_NOVOZYMES(CHINA) 카라멜 하이드롤 하부.pdf","_onedrive_backup_archive\data.__onedrive_backup_20260629_144030\ocr_test_uploads\20260518_160539_508365\230525 BPJPH_NOVOZYMES(CHINA) 카라멜 하이드롤 하부.pdf","230525 BPJPH_NOVOZYMES(CHINA) 카라멜 하이드롤 하부.pdf",".pdf","1049784","1.0012","2026-05-18T16:05:39","2026-05-18T16:05:39","PDF"
"RUNTIME","D:\halal_web_runtime","D:\halal_web_runtime\_onedrive_backup_archive\data.__onedrive_backup_20260629_144030\ocr_test_uploads\20260518_160539_611226\42. Maltodextrin(SAJO)[MUI_2025-12-07]사.pdf","_onedrive_backup_archive\data.__onedrive_backup_20260629_144030\ocr_test_uploads\20260518_160539_611226\42. Maltodextrin(SAJO)[MUI_2025-12-07]사.pdf","42. Maltodextrin(SAJO)[MUI_2025-12-07]사.pdf",".pdf","129865","0.1238","2026-05-18T16:05:39","2026-05-18T16:05:39","PDF"
"RUNTIME","D:\halal_web_runtime","D:\halal_web_runtime\_onedrive_backup_archive\data.__onedrive_backup_20260629_144030\ocr_test_uploads\20260518_160539_665926\20250624_150528_2_3023462 halal IFANCA US EN 20250609.pdf","_onedrive_backup_archive\data.__onedrive_backup_20260629_144030\ocr_test_uploads\20260518_160539_665926\20250624_150528_2_3023462 halal IFANCA US EN 20250609.pdf","20250624_150528_2_3023462 halal IFANCA US EN 20250609.pdf",".pdf","141942","0.1354","2026-05-18T16:05:39","2026-05-18T16:05:39","PDF"
"RUNTIME","D:\halal_web_runtime","D:\halal_web_runtime\_onedrive_backup_archive\data.__onedrive_backup_20260629_144030\ocr_test_uploads\20260518_160539_786476\20250703_072436_16_Halal certificate (HQC)_ Food & Beverage products (Novozymes DK)_2021-08077.pdf","_onedrive_backup_archive\data.__onedrive_backup_20260629_144030\ocr_test_uploads\20260518_160539_786476\20250703_072436_16_Halal certificate (HQC)_ Food & Beverage products (Novozymes DK)_2021-08077.pdf","20250703_072436_16_Halal certificate (HQC)_ Food & Beverage products (Novozymes DK)_2021-08077.pdf",".pdf","727134","0.6934","2026-05-18T16:05:39","2026-05-18T16:05:39","PDF"
"RUNTIME","D:\halal_web_runtime","D:\halal_web_runtime\_onedrive_backup_archive\data.__onedrive_backup_20260629_144030\ocr_test_uploads\20260518_160539_931593\45. SEWOO CO., LTD BPJPH HALAL Certificate_(2025-11-18).pdf","_onedrive_backup_archive\data.__onedrive_backup_20260629_144030\ocr_test_uploads\20260518_160539_931593\45. SEWOO CO., LTD BPJPH HALAL Certificate_(2025-11-18).pdf","45. SEWOO CO., LTD BPJPH HALAL Certificate_(2025-11-18).pdf",".pdf","2236686","2.1331","2026-05-18T16:05:39","2026-05-18T16:05:39","PDF"
"RUNTIME","D:\halal_web_runtime","D:\halal_web_runtime\_onedrive_backup_archive\data.__onedrive_backup_20260629_144030\ocr_test_uploads\20260518_160539_970116\20250703_072437_23_Halal certificate (HQC)_ Food & Beverage products (Novozymes DK)_2021-08077.pdf","_onedrive_backup_archive\data.__onedrive_backup_20260629_144030\ocr_test_uploads\20260518_160539_970116\20250703_072437_23_Halal certificate (HQC)_ Food & Beverage products (Novozymes DK)_2021-08077.pdf","20250703_072437_23_Halal certificate (HQC)_ Food & Beverage products (Novozymes DK)_2021-08077.pdf",".pdf","727134","0.6934","2026-05-18T16:05:39","2026-05-18T16:05:39","PDF"
"RUNTIME","D:\halal_web_runtime","D:\halal_web_runtime\_onedrive_backup_archive\data.__onedrive_backup_20260629_144030\ocr_test_uploads\20260518_160540_496212\47. Low DE Corn Syrup(SAJO)[MUI_2026-01-04]사.pdf","_onedrive_backup_archive\data.__onedrive_backup_20260629_144030\ocr_test_uploads\20260518_160540_496212\47. Low DE Corn Syrup(SAJO)[MUI_2026-01-04]사.pdf","47. Low DE Corn Syrup(SAJO)[MUI_2026-01-04]사.pdf",".pdf","218518","0.2084","2026-05-18T16:05:40","2026-05-18T16:05:40","PDF"
"RUNTIME","D:\halal_web_runtime","D:\halal_web_runtime\_onedrive_backup_archive\data.__onedrive_backup_20260629_144030\ocr_test_uploads\20260518_160540_574471\DF - Halal HQC certificate (301125).pdf","_onedrive_backup_archive\data.__onedrive_backup_20260629_144030\ocr_test_uploads\20260518_160540_574471\DF - Halal HQC certificate (301125).pdf","DF - Halal HQC certificate (301125).pdf",".pdf","1219313","1.1628","2026-05-18T16:05:40","2026-05-18T16:05:40","PDF"
"RUNTIME","D:\halal_web_runtime","D:\halal_web_runtime\_onedrive_backup_archive\data.__onedrive_backup_20260629_144030\ocr_test_uploads\20260518_160540_867049\48_1. REFINED RICE brand oil(THAI)[CICOT_2026-04-24]농.pdf","_onedrive_backup_archive\data.__onedrive_backup_20260629_144030\ocr_test_uploads\20260518_160540_867049\48_1. REFINED RICE brand oil(THAI)[CICOT_2026-04-24]농.pdf","48_1. REFINED RICE brand oil(THAI)[CICOT_2026-04-24]농.pdf",".pdf","448683","0.4279","2026-05-18T16:05:40","2026-05-18T16:05:40","PDF"
"RUNTIME","D:\halal_web_runtime","D:\halal_web_runtime\_onedrive_backup_archive\data.__onedrive_backup_20260629_144030\ocr_test_uploads\20260518_160540_967268\TQHCC-BPJPH 인증서 Sertifikat Akreditasi Halal Correct Germany.pdf","_onedrive_backup_archive\data.__onedrive_backup_20260629_144030\ocr_test_uploads\20260518_160540_967268\TQHCC-BPJPH 인증서 Sertifikat Akreditasi Halal Correct Germany.pdf","TQHCC-BPJPH 인증서 Sertifikat Akreditasi Halal Correct Germany.pdf",".pdf","1986266","1.8943","2026-05-18T16:05:40","2026-05-18T16:05:40","PDF"
"RUNTIME","D:\halal_web_runtime","D:\halal_web_runtime\_onedrive_backup_archive\data.__onedrive_backup_20260629_144030\ocr_test_uploads\20260518_160541_058272\50. Meat Base Flavour HK-2446K 74916-73(Givaudan)[MUIS_2026-09-30]브.pdf","_onedrive_backup_archive\data.__onedrive_backup_20260629_144030\ocr_test_uploads\20260518_160541_058272\50. Meat Base Flavour HK-2446K 74916-73(Givaudan)[MUIS_2026-09-30]브.pdf","50. Meat Base Flavour HK-2446K 74916-73(Givaudan)[MUIS_2026-09-30]브.pdf",".pdf","610696","0.5824","2026-05-18T16:05:41","2026-05-18T16:05:41","PDF"
"RUNTIME","D:\halal_web_runtime","D:\halal_web_runtime\_onedrive_backup_archive\data.__onedrive_backup_20260629_144030\ocr_test_uploads\20260518_160541_501676\비타셀L600-HFFIA_2023-09-30.pdf","_onedrive_backup_archive\data.__onedrive_backup_20260629_144030\ocr_test_uploads\20260518_160541_501676\비타셀L600-HFFIA_2023-09-30.pdf","비타셀L600-HFFIA_2023-09-30.pdf",".pdf","1152711","1.0993","2026-05-18T16:05:41","2026-05-18T16:05:41","PDF"
"RUNTIME","D:\halal_web_runtime","D:\halal_web_runtime\_onedrive_backup_archive\data.__onedrive_backup_20260629_144030\ocr_test_uploads\20260518_160542_354531\54. FIRMTEX®(INGREDIO)[IFANCA_2027-09-30]사.pdf","_onedrive_backup_archive\data.__onedrive_backup_20260629_144030\ocr_test_uploads\20260518_160542_354531\54. FIRMTEX®(INGREDIO)[IFANCA_2027-09-30]사.pdf","54. FIRMTEX®(INGREDIO)[IFANCA_2027-09-30]사.pdf",".pdf","5820774","5.5511","2026-05-18T16:05:42","2026-05-18T16:05:42","PDF"
"RUNTIME","D:\halal_web_runtime","D:\halal_web_runtime\_onedrive_backup_archive\data.__onedrive_backup_20260629_144030\ocr_test_uploads\20260518_160542_591280\슈가시럽-Halal Control - Halal- Zertifikat - Südzucker - gültig bis 13.12.2018 (1).pdf","_onedrive_backup_archive\data.__onedrive_backup_20260629_144030\ocr_test_uploads\20260518_160542_591280\슈가시럽-Halal Control - Halal- Zertifikat - Südzucker - gültig bis 13.12.2018 (1).pdf","슈가시럽-Halal Control - Halal- Zertifikat - Südzucker - gültig bis 13.12.2018 (1).pdf",".pdf","192317","0.1834","2026-05-18T16:05:42","2026-05-18T16:05:42","PDF"
"RUNTIME","D:\halal_web_runtime","D:\halal_web_runtime\_onedrive_backup_archive\data.__onedrive_backup_20260629_144030\ocr_test_uploads\20260518_160542_648579\56. VITACEL Powderec Cellulose(J.Retten)[HFFIA_2026-08-12]농.pdf","_onedrive_backup_archive\data.__onedrive_backup_20260629_144030\ocr_test_uploads\20260518_160542_648579\56. VITACEL Powderec Cellulose(J.Retten)[HFFIA_2026-08-12]농.pdf","56. VITACEL Powderec Cellulose(J.Retten)[HFFIA_2026-08-12]농.pdf",".pdf","318692","0.3039","2026-05-18T16:05:42","2026-05-18T16:05:42","PDF"
"RUNTIME","D:\halal_web_runtime","D:\halal_web_runtime\_onedrive_backup_archive\data.__onedrive_backup_20260629_144030\ocr_test_uploads\20260518_160542_754820\슈가시럽-Halal Quality Control - Halal Zertifikat - SÜDZUCKER Karasirup - gültig bis 12.12.2022.pdf","_onedrive_backup_archive\data.__onedrive_backup_20260629_144030\ocr_test_uploads\20260518_160542_754820\슈가시럽-Halal Quality Control - Halal Zertifikat - SÜDZUCKER Karasirup - gültig bis 12.12.2022.pdf","슈가시럽-Halal Quality Control - Halal Zertifikat - SÜDZUCKER Karasirup - gültig bis 12.12.2022.pdf",".pdf","1141610","1.0887","2026-05-18T16:05:42","2026-05-18T16:05:42","PDF"
"RUNTIME","D:\halal_web_runtime","D:\halal_web_runtime\_onedrive_backup_archive\data.__onedrive_backup_20260629_144030\ocr_test_uploads\20260518_160542_896493\56. VITACEL Powdered  Cellulose DV type(J.Retten)[HALAL CONTROL_2026-08-12]농.pdf","_onedrive_backup_archive\data.__onedrive_backup_20260629_144030\ocr_test_uploads\20260518_160542_896493\56. VITACEL Powdered  Cellulose DV type(J.Retten)[HALAL CONTROL_2026-08-12]농.pdf","56. VITACEL Powdered  Cellulose DV type(J.Retten)[HALAL CONTROL_2026-08-12]농.pdf",".pdf","318692","0.3039","2026-05-18T16:05:42","2026-05-18T16:05:42","PDF"
"RUNTIME","D:\halal_web_runtime","D:\halal_web_runtime\_onedrive_backup_archive\data.__onedrive_backup_20260629_144030\ocr_test_uploads\20260518_160542_997793\1-1-7. Disodium Succinate-JMA(2022-08-11).pdf","_onedrive_backup_archive\data.__onedrive_backup_20260629_144030\ocr_test_uploads\20260518_160542_997793\1-1-7. Disodium Succinate-JMA(2022-08-11).pdf","1-1-7. Disodium Succinate-JMA(2022-08-11).pdf",".pdf","374177","0.3568","2026-05-18T16:05:43","2026-05-18T16:05:43","PDF"
"RUNTIME","D:\halal_web_runtime","D:\halal_web_runtime\_onedrive_backup_archive\data.__onedrive_backup_20260629_144030\ocr_test_uploads\20260518_160544_014550\56. VITACEL Powdered  Cellulose DV type(J.Retten)[HFFIA_2025-09-30]농.pdf","_onedrive_backup_archive\data.__onedrive_backup_20260629_144030\ocr_test_uploads\20260518_160544_014550\56. VITACEL Powdered  Cellulose DV type(J.Retten)[HFFIA_2025-09-30]농.pdf","56. VITACEL Powdered  Cellulose DV type(J.Retten)[HFFIA_2025-09-30]농.pdf",".pdf","1185825","1.1309","2026-05-18T16:05:44","2026-05-18T16:05:44","PDF"
"RUNTIME","D:\halal_web_runtime","D:\halal_web_runtime\_onedrive_backup_archive\data.__onedrive_backup_20260629_144030\ocr_test_uploads\20260518_160544_780395\9. Dehydrated Potatoes-Flakes(Oregon)[ISA_2025-12-31]W.pdf","_onedrive_backup_archive\data.__onedrive_backup_20260629_144030\ocr_test_uploads\20260518_160544_780395\9. Dehydrated Potatoes-Flakes(Oregon)[ISA_2025-12-31]W.pdf","9. Dehydrated Potatoes-Flakes(Oregon)[ISA_2025-12-31]W.pdf",".pdf","77749","0.0741","2026-05-18T16:05:44","2026-05-18T16:05:44","PDF"
"RUNTIME","D:\halal_web_runtime","D:\halal_web_runtime\_onedrive_backup_archive\data.__onedrive_backup_20260629_144030\ocr_test_uploads\20260518_160544_895115\11-1. Propylene Glygol USPEP-CICOT(2023-05-01).pdf","_onedrive_backup_archive\data.__onedrive_backup_20260629_144030\ocr_test_uploads\20260518_160544_895115\11-1. Propylene Glygol USPEP-CICOT(2023-05-01).pdf","11-1. Propylene Glygol USPEP-CICOT(2023-05-01).pdf",".pdf","519824","0.4957","2026-05-18T16:05:44","2026-05-18T16:05:44","PDF"
"RUNTIME","D:\halal_web_runtime","D:\halal_web_runtime\_onedrive_backup_archive\data.__onedrive_backup_20260629_144030\ocr_test_uploads\20260518_160545_651033\57. 158957 vegetable broth flavor(Broth enhancer)(Symrise)[MUIS_2026-05-31]s.pdf","_onedrive_backup_archive\data.__onedrive_backup_20260629_144030\ocr_test_uploads\20260518_160545_651033\57. 158957 vegetable broth flavor(Broth enhancer)(Symrise)[MUIS_2026-05-31]s.pdf","57. 158957 vegetable broth flavor(Broth enhancer)(Symrise)[MUIS_2026-05-31]s.pdf",".pdf","499773","0.4766","2026-05-18T16:05:45","2026-05-18T16:05:45","PDF"
"RUNTIME","D:\halal_web_runtime","D:\halal_web_runtime\_onedrive_backup_archive\data.__onedrive_backup_20260629_144030\ocr_test_uploads\20260518_160547_105123\58. Beef Paste Flavour(Kerry)[JAKIM_2027-05-31]K.pdf","_onedrive_backup_archive\data.__onedrive_backup_20260629_144030\ocr_test_uploads\20260518_160547_105123\58. Beef Paste Flavour(Kerry)[JAKIM_2027-05-31]K.pdf","58. Beef Paste Flavour(Kerry)[JAKIM_2027-05-31]K.pdf",".pdf","545699","0.5204","2026-05-18T16:05:47","2026-05-18T16:05:47","PDF"
"RUNTIME","D:\halal_web_runtime","D:\halal_web_runtime\_onedrive_backup_archive\data.__onedrive_backup_20260629_144030\ocr_test_uploads\20260518_160548_050077\60. NAT SHALLOT FLAVOR(962539)-MUIS(2022-02-28).pdf","_onedrive_backup_archive\data.__onedrive_backup_20260629_144030\ocr_test_uploads\20260518_160548_050077\60. NAT SHALLOT FLAVOR(962539)-MUIS(2022-02-28).pdf","60. NAT SHALLOT FLAVOR(962539)-MUIS(2022-02-28).pdf",".pdf","99549","0.0949","2026-05-18T16:05:48","2026-05-18T16:05:48","PDF"
"RUNTIME","D:\halal_web_runtime","D:\halal_web_runtime\_onedrive_backup_archive\data.__onedrive_backup_20260629_144030\ocr_test_uploads\20260518_160548_536905\11-3-3.MM100FK,Mafco Worldwide LLC-ISA(19-12-31).pdf","_onedrive_backup_archive\data.__onedrive_backup_20260629_144030\ocr_test_uploads\20260518_160548_536905\11-3-3.MM100FK,Mafco Worldwide LLC-ISA(19-12-31).pdf","11-3-3.MM100FK,Mafco Worldwide LLC-ISA(19-12-31).pdf",".pdf","537163","0.5123","2026-05-18T16:05:48","2026-05-18T16:05:48","PDF"
"RUNTIME","D:\halal_web_runtime","D:\halal_web_runtime\_onedrive_backup_archive\data.__onedrive_backup_20260629_144030\ocr_test_uploads\20260518_160549_147451\62. NAT SHALLOT FLAVOR(962539)(Symrise)[MUIS_2026-05-31]주.PDF","_onedrive_backup_archive\data.__onedrive_backup_20260629_144030\ocr_test_uploads\20260518_160549_147451\62. NAT SHALLOT FLAVOR(962539)(Symrise)[MUIS_2026-05-31]주.PDF","62. NAT SHALLOT FLAVOR(962539)(Symrise)[MUIS_2026-05-31]주.PDF",".pdf","98172","0.0936","2026-05-18T16:05:49","2026-05-18T16:05:49","PDF"
"RUNTIME","D:\halal_web_runtime","D:\halal_web_runtime\_onedrive_backup_archive\data.__onedrive_backup_20260629_144030\ocr_test_uploads\20260518_160549_649835\11-3-3.MM100FK,Mafco Worldwide LLC社-ISA(2021-12-31).pdf","_onedrive_backup_archive\data.__onedrive_backup_20260629_144030\ocr_test_uploads\20260518_160549_649835\11-3-3.MM100FK,Mafco Worldwide LLC社-ISA(2021-12-31).pdf","11-3-3.MM100FK,Mafco Worldwide LLC社-ISA(2021-12-31).pdf",".pdf","766544","0.731","2026-05-18T16:05:49","2026-05-18T16:05:49","PDF"
"RUNTIME","D:\halal_web_runtime","D:\halal_web_runtime\_onedrive_backup_archive\data.__onedrive_backup_20260629_144030\ocr_test_uploads\20260518_160549_769023\16. Ground Cassia-Cinnamon(LONG)[HCA_2025-10-09]M.pdf","_onedrive_backup_archive\data.__onedrive_backup_20260629_144030\ocr_test_uploads\20260518_160549_769023\16. Ground Cassia-Cinnamon(LONG)[HCA_2025-10-09]M.pdf","16. Ground Cassia-Cinnamon(LONG)[HCA_2025-10-09]M.pdf",".pdf","1042573","0.9943","2026-05-18T16:05:49","2026-05-18T16:05:49","PDF"
"RUNTIME","D:\halal_web_runtime","D:\halal_web_runtime\_onedrive_backup_archive\data.__onedrive_backup_20260629_144030\ocr_test_uploads\20260518_160549_865308\90. MAIZE FLOUR(Kalizea)[HCE_2026-01-24]s.pdf","_onedrive_backup_archive\data.__onedrive_backup_20260629_144030\ocr_test_uploads\20260518_160549_865308\90. MAIZE FLOUR(Kalizea)[HCE_2026-01-24]s.pdf","90. MAIZE FLOUR(Kalizea)[HCE_2026-01-24]s.pdf",".pdf","352194","0.3359","2026-05-18T16:05:49","2026-05-18T16:05:49","PDF"
"RUNTIME","D:\halal_web_runtime","D:\halal_web_runtime\_onedrive_backup_archive\data.__onedrive_backup_20260629_144030\ocr_test_uploads\20260518_160549_987882\21-1.MCT OIL,DANIDCO MALAYSIA SDN BHD社-JAKIM(2022-09-30).pdf","_onedrive_backup_archive\data.__onedrive_backup_20260629_144030\ocr_test_uploads\20260518_160549_987882\21-1.MCT OIL,DANIDCO MALAYSIA SDN BHD社-JAKIM(2022-09-30).pdf","21-1.MCT OIL,DANIDCO MALAYSIA SDN BHD社-JAKIM(2022-09-30).pdf",".pdf","1252703","1.1947","2026-05-18T16:05:49","2026-05-18T16:05:49","PDF"
"RUNTIME","D:\halal_web_runtime","D:\halal_web_runtime\_onedrive_backup_archive\data.__onedrive_backup_20260629_144030\ocr_test_uploads\20260518_160550_444241\91.Yeast Extract(OHLY),OHLY GmbH社-TQHCC(2021-10-31).pdf","_onedrive_backup_archive\data.__onedrive_backup_20260629_144030\ocr_test_uploads\20260518_160550_444241\91.Yeast Extract(OHLY),OHLY GmbH社-TQHCC(2021-10-31).pdf","91.Yeast Extract(OHLY),OHLY GmbH社-TQHCC(2021-10-31).pdf",".pdf","1079236","1.0292","2026-05-18T16:05:50","2026-05-18T16:05:50","PDF"
"RUNTIME","D:\halal_web_runtime","D:\halal_web_runtime\_onedrive_backup_archive\data.__onedrive_backup_20260629_144030\ocr_test_uploads\20260518_160552_421704\93.Yeast extract YB (DSM),DSM FOOD SPECIALTIES CO., LTD-HFFIA(DSM19003H001580191,2019-06-30).pdf","_onedrive_backup_archive\data.__onedrive_backup_20260629_144030\ocr_test_uploads\20260518_160552_421704\93.Yeast extract YB (DSM),DSM FOOD SPECIALTIES CO., LTD-HFFIA(DSM19003H001580191,2019-06-30).pdf","93.Yeast extract YB (DSM),DSM FOOD SPECIALTIES CO., LTD-HFFIA(DSM19003H001580191,2019-06-30).pdf",".pdf","625720","0.5967","2026-05-18T16:05:52","2026-05-18T16:05:52","PDF"
"RUNTIME","D:\halal_web_runtime","D:\halal_web_runtime\_onedrive_backup_archive\data.__onedrive_backup_20260629_144030\ocr_test_uploads\20260518_160552_946247\32_1. Non-GMO Crude Soybean oil(Bunge)[HFCE_2026-09-30]롯.pdf","_onedrive_backup_archive\data.__onedrive_backup_20260629_144030\ocr_test_uploads\20260518_160552_946247\32_1. Non-GMO Crude Soybean oil(Bunge)[HFCE_2026-09-30]롯.pdf","32_1. Non-GMO Crude Soybean oil(Bunge)[HFCE_2026-09-30]롯.pdf",".pdf","223913","0.2135","2026-05-18T16:05:52","2026-05-18T16:05:52","PDF"
"RUNTIME","D:\halal_web_runtime","D:\halal_web_runtime\_onedrive_backup_archive\data.__onedrive_backup_20260629_144030\ocr_test_uploads\20260518_160553_080348\34. Maltodextrin Glucose syrup solids(SANSOON)[JAKIM_2026-03-15]한.pdf","_onedrive_backup_archive\data.__onedrive_backup_20260629_144030\ocr_test_uploads\20260518_160553_080348\34. Maltodextrin Glucose syrup solids(SANSOON)[JAKIM_2026-03-15]한.pdf","34. Maltodextrin Glucose syrup solids(SANSOON)[JAKIM_2026-03-15]한.pdf",".pdf","629225","0.6001","2026-05-18T16:05:53","2026-05-18T16:05:53","PDF"
"RUNTIME","D:\halal_web_runtime","D:\halal_web_runtime\_onedrive_backup_archive\data.__onedrive_backup_20260629_144030\ocr_test_uploads\20260518_160553_163964\95. OHLYⓡSTV Meaty(OHLY)[TQHCC_2025-10-31]등.pdf","_onedrive_backup_archive\data.__onedrive_backup_20260629_144030\ocr_test_uploads\20260518_160553_163964\95. OHLYⓡSTV Meaty(OHLY)[TQHCC_2025-10-31]등.pdf","95. OHLYⓡSTV Meaty(OHLY)[TQHCC_2025-10-31]등.pdf",".pdf","1587262","1.5137","2026-05-18T16:05:53","2026-05-18T16:05:53","PDF"
"RUNTIME","D:\halal_web_runtime","D:\halal_web_runtime\_onedrive_backup_archive\data.__onedrive_backup_20260629_144030\ocr_test_uploads\20260518_160556_674878\36_3. TREHA™FOOD GRADE(Nagase)[JMA_2026-02-26]락.pdf","_onedrive_backup_archive\data.__onedrive_backup_20260629_144030\ocr_test_uploads\20260518_160556_674878\36_3. TREHA™FOOD GRADE(Nagase)[JMA_2026-02-26]락.pdf","36_3. TREHA™FOOD GRADE(Nagase)[JMA_2026-02-26]락.pdf",".pdf","1657909","1.5811","2026-05-18T16:05:56","2026-05-18T16:05:56","PDF"
"RUNTIME","D:\halal_web_runtime","D:\halal_web_runtime\_onedrive_backup_archive\data.__onedrive_backup_20260629_144030\ocr_test_uploads\20260518_160557_216385\98_4_1. NU55-50(Sensient)[LLS-ISA_2025-12-31]비.pdf","_onedrive_backup_archive\data.__onedrive_backup_20260629_144030\ocr_test_uploads\20260518_160557_216385\98_4_1. NU55-50(Sensient)[LLS-ISA_2025-12-31]비.pdf","98_4_1. NU55-50(Sensient)[LLS-ISA_2025-12-31]비.pdf",".pdf","307038","0.2928","2026-05-18T16:05:57","2026-05-18T16:05:57","PDF"
"RUNTIME","D:\halal_web_runtime","D:\halal_web_runtime\_onedrive_backup_archive\data.__onedrive_backup_20260629_144030\ocr_test_uploads\20260518_160557_344061\99_4_1. NU55-50(Sensient)[LLS-ISA_2025-12-31]비.pdf","_onedrive_backup_archive\data.__onedrive_backup_20260629_144030\ocr_test_uploads\20260518_160557_344061\99_4_1. NU55-50(Sensient)[LLS-ISA_2025-12-31]비.pdf","99_4_1. NU55-50(Sensient)[LLS-ISA_2025-12-31]비.pdf",".pdf","307038","0.2928","2026-05-18T16:05:57","2026-05-18T16:05:57","PDF"
"RUNTIME","D:\halal_web_runtime","D:\halal_web_runtime\_onedrive_backup_archive\data.__onedrive_backup_20260629_144030\ocr_test_uploads\20260518_160558_133701\101.Lactic Acid,PURAC (THAILAND) LTD社-HALAL CONTROL(2020-05-15).pdf","_onedrive_backup_archive\data.__onedrive_backup_20260629_144030\ocr_test_uploads\20260518_160558_133701\101.Lactic Acid,PURAC (THAILAND) LTD社-HALAL CONTROL(2020-05-15).pdf","101.Lactic Acid,PURAC (THAILAND) LTD社-HALAL CONTROL(2020-05-15).pdf",".pdf","79510","0.0758","2026-05-18T16:05:58","2026-05-18T16:05:58","PDF"
"RUNTIME","D:\halal_web_runtime","D:\halal_web_runtime\_onedrive_backup_archive\data.__onedrive_backup_20260629_144030\ocr_test_uploads\20260518_160559_027775\37. Maxarome Select Powder-HFFIA(2023-06-30).pdf","_onedrive_backup_archive\data.__onedrive_backup_20260629_144030\ocr_test_uploads\20260518_160559_027775\37. Maxarome Select Powder-HFFIA(2023-06-30).pdf","37. Maxarome Select Powder-HFFIA(2023-06-30).pdf",".pdf","1114147","1.0625","2026-05-18T16:05:59","2026-05-18T16:05:59","PDF"
"RUNTIME","D:\halal_web_runtime","D:\halal_web_runtime\_onedrive_backup_archive\data.__onedrive_backup_20260629_144030\ocr_test_uploads\20260518_160559_474059\103_1. RBDPO-REFIND BLEACHED & DEODORISED PALM OIL(SANDAKAN)[JAKIM_2026-06-15]롯.pdf","_onedrive_backup_archive\data.__onedrive_backup_20260629_144030\ocr_test_uploads\20260518_160559_474059\103_1. RBDPO-REFIND BLEACHED & DEODORISED PALM OIL(SANDAKAN)[JAKIM_2026-06-15]롯.pdf","103_1. RBDPO-REFIND BLEACHED & DEODORISED PALM OIL(SANDAKAN)[JAKIM_2026-06-15]롯.pdf",".pdf","4221559","4.026","2026-05-18T16:05:59","2026-05-18T16:05:59","PDF"
"RUNTIME","D:\halal_web_runtime","D:\halal_web_runtime\_onedrive_backup_archive\data.__onedrive_backup_20260629_144030\ocr_test_uploads\20260518_160600_570300\37.Maxarome Select Powder,DSM FOOD SPECIALTIES CO., LTD社-HFFIA(2021-06-30).pdf","_onedrive_backup_archive\data.__onedrive_backup_20260629_144030\ocr_test_uploads\20260518_160600_570300\37.Maxarome Select Powder,DSM FOOD SPECIALTIES CO., LTD社-HFFIA(2021-06-30).pdf","37.Maxarome Select Powder,DSM FOOD SPECIALTIES CO., LTD社-HFFIA(2021-06-30).pdf",".pdf","1110044","1.0586","2026-05-18T16:06:00","2026-05-18T16:06:00","PDF"
"RUNTIME","D:\halal_web_runtime","D:\halal_web_runtime\_onedrive_backup_archive\data.__onedrive_backup_20260629_144030\ocr_test_uploads\20260518_160602_426185\37_4. NuCel 743PW(BIO)[HFCE_2025-12-31]락.pdf","_onedrive_backup_archive\data.__onedrive_backup_20260629_144030\ocr_test_uploads\20260518_160602_426185\37_4. NuCel 743PW(BIO)[HFCE_2025-12-31]락.pdf","37_4. NuCel 743PW(BIO)[HFCE_2025-12-31]락.pdf",".pdf","584131","0.5571","2026-05-18T16:06:02","2026-05-18T16:06:02","PDF"
"RUNTIME","D:\halal_web_runtime","D:\halal_web_runtime\_onedrive_backup_archive\data.__onedrive_backup_20260629_144030\ocr_test_uploads\20260518_160602_944237\107. Oleoresin Capsicum-TK50(EVESA)[HFQ_2026-04-10]농.pdf","_onedrive_backup_archive\data.__onedrive_backup_20260629_144030\ocr_test_uploads\20260518_160602_944237\107. Oleoresin Capsicum-TK50(EVESA)[HFQ_2026-04-10]농.pdf","107. Oleoresin Capsicum-TK50(EVESA)[HFQ_2026-04-10]농.pdf",".pdf","677084","0.6457","2026-05-18T16:06:02","2026-05-18T16:06:02","PDF"
"RUNTIME","D:\halal_web_runtime","D:\halal_web_runtime\_onedrive_backup_archive\data.__onedrive_backup_20260629_144030\ocr_test_uploads\20260518_160603_157916\108_1. S7468, S2568, S1668, S1568, S4268)(Lanxess)[HQC_2026-10-08]씨.pdf","_onedrive_backup_archive\data.__onedrive_backup_20260629_144030\ocr_test_uploads\20260518_160603_157916\108_1. S7468, S2568, S1668, S1568, S4268)(Lanxess)[HQC_2026-10-08]씨.pdf","108_1. S7468, S2568, S1668, S1568, S4268)(Lanxess)[HQC_2026-10-08]씨.pdf",".pdf","763355","0.728","2026-05-18T16:06:03","2026-05-18T16:06:03","PDF"
"RUNTIME","D:\halal_web_runtime","D:\halal_web_runtime\_onedrive_backup_archive\data.__onedrive_backup_20260629_144030\ocr_test_uploads\20260518_160603_458509\37_4. SPRINGER 020020-PW-L-HFCE(2024-12-31).pdf","_onedrive_backup_archive\data.__onedrive_backup_20260629_144030\ocr_test_uploads\20260518_160603_458509\37_4. SPRINGER 020020-PW-L-HFCE(2024-12-31).pdf","37_4. SPRINGER 020020-PW-L-HFCE(2024-12-31).pdf",".pdf","2435759","2.3229","2026-05-18T16:06:03","2026-05-18T16:06:03","PDF"
"RUNTIME","D:\halal_web_runtime","D:\halal_web_runtime\_onedrive_backup_archive\data.__onedrive_backup_20260629_144030\ocr_test_uploads\20260518_160603_574880\109_1_3. TRILITE SAR11(KA-11)(Samyang)[BPJPH_2026-06-18]대.pdf","_onedrive_backup_archive\data.__onedrive_backup_20260629_144030\ocr_test_uploads\20260518_160603_574880\109_1_3. TRILITE SAR11(KA-11)(Samyang)[BPJPH_2026-06-18]대.pdf","109_1_3. TRILITE SAR11(KA-11)(Samyang)[BPJPH_2026-06-18]대.pdf",".pdf","1101451","1.0504","2026-05-18T16:06:03","2026-05-18T16:06:03","PDF"
"RUNTIME","D:\halal_web_runtime","D:\halal_web_runtime\_onedrive_backup_archive\data.__onedrive_backup_20260629_144030\ocr_test_uploads\20260518_160603_873497\38_2. SOY PEPTONE A2 SC-HFCE(2024-03-31).pdf","_onedrive_backup_archive\data.__onedrive_backup_20260629_144030\ocr_test_uploads\20260518_160603_873497\38_2. SOY PEPTONE A2 SC-HFCE(2024-03-31).pdf","38_2. SOY PEPTONE A2 SC-HFCE(2024-03-31).pdf",".pdf","1964318","1.8733","2026-05-18T16:06:03","2026-05-18T16:06:03","PDF"
"RUNTIME","D:\halal_web_runtime","D:\halal_web_runtime\_onedrive_backup_archive\data.__onedrive_backup_20260629_144030\ocr_test_uploads\20260518_160604_298629\109_1_4. Dextrozyme(Novozyme)[BPJPH_2026-05-25]대.pdf","_onedrive_backup_archive\data.__onedrive_backup_20260629_144030\ocr_test_uploads\20260518_160604_298629\109_1_4. Dextrozyme(Novozyme)[BPJPH_2026-05-25]대.pdf","109_1_4. Dextrozyme(Novozyme)[BPJPH_2026-05-25]대.pdf",".pdf","1049784","1.0012","2026-05-18T16:06:04","2026-05-18T16:06:04","PDF"
"RUNTIME","D:\halal_web_runtime","D:\halal_web_runtime\_onedrive_backup_archive\data.__onedrive_backup_20260629_144030\ocr_test_uploads\20260518_160604_450059\109_2. Granular Activated Carbon-IFANCA(2024-12-31).pdf","_onedrive_backup_archive\data.__onedrive_backup_20260629_144030\ocr_test_uploads\20260518_160604_450059\109_2. Granular Activated Carbon-IFANCA(2024-12-31).pdf","109_2. Granular Activated Carbon-IFANCA(2024-12-31).pdf",".pdf","233678","0.2229","2026-05-18T16:06:04","2026-05-18T16:06:04","PDF"
"RUNTIME","D:\halal_web_runtime","D:\halal_web_runtime\_onedrive_backup_archive\data.__onedrive_backup_20260629_144030\ocr_test_uploads\20260518_160604_561277\110_1_4. Dextrozyme(Novozyme)[HQC_2028-07-01]대.pdf","_onedrive_backup_archive\data.__onedrive_backup_20260629_144030\ocr_test_uploads\20260518_160604_561277\110_1_4. Dextrozyme(Novozyme)[HQC_2028-07-01]대.pdf","110_1_4. Dextrozyme(Novozyme)[HQC_2028-07-01]대.pdf",".pdf","700682","0.6682","2026-05-18T16:06:04","2026-05-18T16:06:04","PDF"
"RUNTIME","D:\halal_web_runtime","D:\halal_web_runtime\_onedrive_backup_archive\data.__onedrive_backup_20260629_144030\ocr_test_uploads\20260518_160606_366144\40. Maxarome Select Powder(DSM)[HFFIA_2025-12-31]네.pdf","_onedrive_backup_archive\data.__onedrive_backup_20260629_144030\ocr_test_uploads\20260518_160606_366144\40. Maxarome Select Powder(DSM)[HFFIA_2025-12-31]네.pdf","40. Maxarome Select Powder(DSM)[HFFIA_2025-12-31]네.pdf",".pdf","165615","0.1579","2026-05-18T16:06:06","2026-05-18T16:06:06","PDF"
"RUNTIME","D:\halal_web_runtime","D:\halal_web_runtime\_onedrive_backup_archive\data.__onedrive_backup_20260629_144030\ocr_test_uploads\20260518_160606_496354\42. Maltodextrin(SAJO)[MUI_2025-12-07]사.pdf","_onedrive_backup_archive\data.__onedrive_backup_20260629_144030\ocr_test_uploads\20260518_160606_496354\42. Maltodextrin(SAJO)[MUI_2025-12-07]사.pdf","42. Maltodextrin(SAJO)[MUI_2025-12-07]사.pdf",".pdf","129865","0.1238","2026-05-18T16:06:06","2026-05-18T16:06:06","PDF"
"RUNTIME","D:\halal_web_runtime","D:\halal_web_runtime\_onedrive_backup_archive\data.__onedrive_backup_20260629_144030\ocr_test_uploads\20260518_160606_699843\45. SEWOO CO., LTD BPJPH HALAL Certificate_(2025-11-18).pdf","_onedrive_backup_archive\data.__onedrive_backup_20260629_144030\ocr_test_uploads\20260518_160606_699843\45. SEWOO CO., LTD BPJPH HALAL Certificate_(2025-11-18).pdf","45. SEWOO CO., LTD BPJPH HALAL Certificate_(2025-11-18).pdf",".pdf","2236686","2.1331","2026-05-18T16:06:06","2026-05-18T16:06:06","PDF"
"RUNTIME","D:\halal_web_runtime","D:\halal_web_runtime\_onedrive_backup_archive\data.__onedrive_backup_20260629_144030\ocr_test_uploads\20260518_160607_329961\47. Low DE Corn Syrup(SAJO)[MUI_2026-01-04]사.pdf","_onedrive_backup_archive\data.__onedrive_backup_20260629_144030\ocr_test_uploads\20260518_160607_329961\47. Low DE Corn Syrup(SAJO)[MUI_2026-01-04]사.pdf","47. Low DE Corn Syrup(SAJO)[MUI_2026-01-04]사.pdf",".pdf","218518","0.2084","2026-05-18T16:06:07","2026-05-18T16:06:07","PDF"
"RUNTIME","D:\halal_web_runtime","D:\halal_web_runtime\_onedrive_backup_archive\data.__onedrive_backup_20260629_144030\ocr_test_uploads\20260518_160607_818771\48_1. REFINED RICE brand oil(THAI)[CICOT_2026-04-24]농.pdf","_onedrive_backup_archive\data.__onedrive_backup_20260629_144030\ocr_test_uploads\20260518_160607_818771\48_1. REFINED RICE brand oil(THAI)[CICOT_2026-04-24]농.pdf","48_1. REFINED RICE brand oil(THAI)[CICOT_2026-04-24]농.pdf",".pdf","448683","0.4279","2026-05-18T16:06:07","2026-05-18T16:06:07","PDF"
"RUNTIME","D:\halal_web_runtime","D:\halal_web_runtime\_onedrive_backup_archive\data.__onedrive_backup_20260629_144030\ocr_test_uploads\20260518_160607_943533\50. Meat Base Flavour HK-2446K 74916-73(Givaudan)[MUIS_2026-09-30]브.pdf","_onedrive_backup_archive\data.__onedrive_backup_20260629_144030\ocr_test_uploads\20260518_160607_943533\50. Meat Base Flavour HK-2446K 74916-73(Givaudan)[MUIS_2026-09-30]브.pdf","50. Meat Base Flavour HK-2446K 74916-73(Givaudan)[MUIS_2026-09-30]브.pdf",".pdf","610696","0.5824","2026-05-18T16:06:07","2026-05-18T16:06:07","PDF"
"RUNTIME","D:\halal_web_runtime","D:\halal_web_runtime\_onedrive_backup_archive\data.__onedrive_backup_20260629_144030\ocr_test_uploads\20260518_160609_004994\54. FIRMTEX®(INGREDIO)[IFANCA_2027-09-30]사.pdf","_onedrive_backup_archive\data.__onedrive_backup_20260629_144030\ocr_test_uploads\20260518_160609_004994\54. FIRMTEX®(INGREDIO)[IFANCA_2027-09-30]사.pdf","54. FIRMTEX®(INGREDIO)[IFANCA_2027-09-30]사.pdf",".pdf","5820774","5.5511","2026-05-18T16:06:09","2026-05-18T16:06:09","PDF"
"RUNTIME","D:\halal_web_runtime","D:\halal_web_runtime\_onedrive_backup_archive\data.__onedrive_backup_20260629_144030\ocr_test_uploads\20260518_160609_244193\56. VITACEL Powderec Cellulose(J.Retten)[HFFIA_2026-08-12]농.pdf","_onedrive_backup_archive\data.__onedrive_backup_20260629_144030\ocr_test_uploads\20260518_160609_244193\56. VITACEL Powderec Cellulose(J.Retten)[HFFIA_2026-08-12]농.pdf","56. VITACEL Powderec Cellulose(J.Retten)[HFFIA_2026-08-12]농.pdf",".pdf","318692","0.3039","2026-05-18T16:06:09","2026-05-18T16:06:09","PDF"
"RUNTIME","D:\halal_web_runtime","D:\halal_web_runtime\_onedrive_backup_archive\data.__onedrive_backup_20260629_144030\ocr_test_uploads\20260518_160609_386018\56. VITACEL Powdered  Cellulose DV type(J.Retten)[HALAL CONTROL_2026-08-12]농.pdf","_onedrive_backup_archive\data.__onedrive_backup_20260629_144030\ocr_test_uploads\20260518_160609_386018\56. VITACEL Powdered  Cellulose DV type(J.Retten)[HALAL CONTROL_2026-08-12]농.pdf","56. VITACEL Powdered  Cellulose DV type(J.Retten)[HALAL CONTROL_2026-08-12]농.pdf",".pdf","318692","0.3039","2026-05-18T16:06:09","2026-05-18T16:06:09","PDF"
"RUNTIME","D:\halal_web_runtime","D:\halal_web_runtime\_onedrive_backup_archive\data.__onedrive_backup_20260629_144030\ocr_test_uploads\20260518_160609_535155\56. VITACEL Powdered  Cellulose DV type(J.Retten)[HFFIA_2025-09-30]농.pdf","_onedrive_backup_archive\data.__onedrive_backup_20260629_144030\ocr_test_uploads\20260518_160609_535155\56. VITACEL Powdered  Cellulose DV type(J.Retten)[HFFIA_2025-09-30]농.pdf","56. VITACEL Powdered  Cellulose DV type(J.Retten)[HFFIA_2025-09-30]농.pdf",".pdf","1185825","1.1309","2026-05-18T16:06:09","2026-05-18T16:06:09","PDF"
"RUNTIME","D:\halal_web_runtime","D:\halal_web_runtime\_onedrive_backup_archive\data.__onedrive_backup_20260629_144030\ocr_test_uploads\20260518_160610_462583\57. 158957 vegetable broth flavor(Broth enhancer)(Symrise)[MUIS_2026-05-31]s.pdf","_onedrive_backup_archive\data.__onedrive_backup_20260629_144030\ocr_test_uploads\20260518_160610_462583\57. 158957 vegetable broth flavor(Broth enhancer)(Symrise)[MUIS_2026-05-31]s.pdf","57. 158957 vegetable broth flavor(Broth enhancer)(Symrise)[MUIS_2026-05-31]s.pdf",".pdf","499773","0.4766","2026-05-18T16:06:10","2026-05-18T16:06:10","PDF"
"RUNTIME","D:\halal_web_runtime","D:\halal_web_runtime\_onedrive_backup_archive\data.__onedrive_backup_20260629_144030\ocr_test_uploads\20260518_160611_318234\58. Beef Paste Flavour(Kerry)[JAKIM_2027-05-31]K.pdf","_onedrive_backup_archive\data.__onedrive_backup_20260629_144030\ocr_test_uploads\20260518_160611_318234\58. Beef Paste Flavour(Kerry)[JAKIM_2027-05-31]K.pdf","58. Beef Paste Flavour(Kerry)[JAKIM_2027-05-31]K.pdf",".pdf","545699","0.5204","2026-05-18T16:06:11","2026-05-18T16:06:11","PDF"
"RUNTIME","D:\halal_web_runtime","D:\halal_web_runtime\_onedrive_backup_archive\data.__onedrive_backup_20260629_144030\ocr_test_uploads\20260518_160612_243845\60. NAT SHALLOT FLAVOR(962539)-MUIS(2022-02-28).pdf","_onedrive_backup_archive\data.__onedrive_backup_20260629_144030\ocr_test_uploads\20260518_160612_243845\60. NAT SHALLOT FLAVOR(962539)-MUIS(2022-02-28).pdf","60. NAT SHALLOT FLAVOR(962539)-MUIS(2022-02-28).pdf",".pdf","99549","0.0949","2026-05-18T16:06:12","2026-05-18T16:06:12","PDF"
"RUNTIME","D:\halal_web_runtime","D:\halal_web_runtime\_onedrive_backup_archive\data.__onedrive_backup_20260629_144030\ocr_test_uploads\20260518_160612_859602\62. NAT SHALLOT FLAVOR(962539)(Symrise)[MUIS_2026-05-31]주.PDF","_onedrive_backup_archive\data.__onedrive_backup_20260629_144030\ocr_test_uploads\20260518_160612_859602\62. NAT SHALLOT FLAVOR(962539)(Symrise)[MUIS_2026-05-31]주.PDF","62. NAT SHALLOT FLAVOR(962539)(Symrise)[MUIS_2026-05-31]주.PDF",".pdf","98172","0.0936","2026-05-18T16:06:12","2026-05-18T16:06:12","PDF"
"RUNTIME","D:\halal_web_runtime","D:\halal_web_runtime\_onedrive_backup_archive\data.__onedrive_backup_20260629_144030\ocr_test_uploads\20260518_160613_519903\90. MAIZE FLOUR(Kalizea)[HCE_2026-01-24]s.pdf","_onedrive_backup_archive\data.__onedrive_backup_20260629_144030\ocr_test_uploads\20260518_160613_519903\90. MAIZE FLOUR(Kalizea)[HCE_2026-01-24]s.pdf","90. MAIZE FLOUR(Kalizea)[HCE_2026-01-24]s.pdf",".pdf","352194","0.3359","2026-05-18T16:06:13","2026-05-18T16:06:13","PDF"
"RUNTIME","D:\halal_web_runtime","D:\halal_web_runtime\_onedrive_backup_archive\data.__onedrive_backup_20260629_144030\ocr_test_uploads\20260518_160613_957395\91.Yeast Extract(OHLY),OHLY GmbH社-TQHCC(2021-10-31).pdf","_onedrive_backup_archive\data.__onedrive_backup_20260629_144030\ocr_test_uploads\20260518_160613_957395\91.Yeast Extract(OHLY),OHLY GmbH社-TQHCC(2021-10-31).pdf","91.Yeast Extract(OHLY),OHLY GmbH社-TQHCC(2021-10-31).pdf",".pdf","1079236","1.0292","2026-05-18T16:06:13","2026-05-18T16:06:13","PDF"
"RUNTIME","D:\halal_web_runtime","D:\halal_web_runtime\_onedrive_backup_archive\data.__onedrive_backup_20260629_144030\ocr_test_uploads\20260518_160615_291339\93.Yeast extract YB (DSM),DSM FOOD SPECIALTIES CO., LTD-HFFIA(DSM19003H001580191,2019-06-30).pdf","_onedrive_backup_archive\data.__onedrive_backup_20260629_144030\ocr_test_uploads\20260518_160615_291339\93.Yeast extract YB (DSM),DSM FOOD SPECIALTIES CO., LTD-HFFIA(DSM19003H001580191,2019-06-30).pdf","93.Yeast extract YB (DSM),DSM FOOD SPECIALTIES CO., LTD-HFFIA(DSM19003H001580191,2019-06-30).pdf",".pdf","625720","0.5967","2026-05-18T16:06:15","2026-05-18T16:06:15","PDF"
"RUNTIME","D:\halal_web_runtime","D:\halal_web_runtime\_onedrive_backup_archive\data.__onedrive_backup_20260629_144030\ocr_test_uploads\20260518_160616_057888\95. OHLYⓡSTV Meaty(OHLY)[TQHCC_2025-10-31]등.pdf","_onedrive_backup_archive\data.__onedrive_backup_20260629_144030\ocr_test_uploads\20260518_160616_057888\95. OHLYⓡSTV Meaty(OHLY)[TQHCC_2025-10-31]등.pdf","95. OHLYⓡSTV Meaty(OHLY)[TQHCC_2025-10-31]등.pdf",".pdf","1587262","1.5137","2026-05-18T16:06:16","2026-05-18T16:06:16","PDF"
"RUNTIME","D:\halal_web_runtime","D:\halal_web_runtime\_onedrive_backup_archive\data.__onedrive_backup_20260629_144030\ocr_test_uploads\20260518_160618_019286\98_4_1. NU55-50(Sensient)[LLS-ISA_2025-12-31]비.pdf","_onedrive_backup_archive\data.__onedrive_backup_20260629_144030\ocr_test_uploads\20260518_160618_019286\98_4_1. NU55-50(Sensient)[LLS-ISA_2025-12-31]비.pdf","98_4_1. NU55-50(Sensient)[LLS-ISA_2025-12-31]비.pdf",".pdf","307038","0.2928","2026-05-18T16:06:18","2026-05-18T16:06:18","PDF"
"RUNTIME","D:\halal_web_runtime","D:\halal_web_runtime\_onedrive_backup_archive\data.__onedrive_backup_20260629_144030\ocr_test_uploads\20260518_160618_115837\99_4_1. NU55-50(Sensient)[LLS-ISA_2025-12-31]비.pdf","_onedrive_backup_archive\data.__onedrive_backup_20260629_144030\ocr_test_uploads\20260518_160618_115837\99_4_1. NU55-50(Sensient)[LLS-ISA_2025-12-31]비.pdf","99_4_1. NU55-50(Sensient)[LLS-ISA_2025-12-31]비.pdf",".pdf","307038","0.2928","2026-05-18T16:06:18","2026-05-18T16:06:18","PDF"
"RUNTIME","D:\halal_web_runtime","D:\halal_web_runtime\_onedrive_backup_archive\data.__onedrive_backup_20260629_144030\ocr_test_uploads\20260518_160618_228177\101.Lactic Acid,PURAC (THAILAND) LTD社-HALAL CONTROL(2020-05-15).pdf","_onedrive_backup_archive\data.__onedrive_backup_20260629_144030\ocr_test_uploads\20260518_160618_228177\101.Lactic Acid,PURAC (THAILAND) LTD社-HALAL CONTROL(2020-05-15).pdf","101.Lactic Acid,PURAC (THAILAND) LTD社-HALAL CONTROL(2020-05-15).pdf",".pdf","79510","0.0758","2026-05-18T16:06:18","2026-05-18T16:06:18","PDF"
"RUNTIME","D:\halal_web_runtime","D:\halal_web_runtime\_onedrive_backup_archive\data.__onedrive_backup_20260629_144030\ocr_test_uploads\20260518_160618_855926\103_1. RBDPO-REFIND BLEACHED & DEODORISED PALM OIL(SANDAKAN)[JAKIM_2026-06-15]롯.pdf","_onedrive_backup_archive\data.__onedrive_backup_20260629_144030\ocr_test_uploads\20260518_160618_855926\103_1. RBDPO-REFIND BLEACHED & DEODORISED PALM OIL(SANDAKAN)[JAKIM_2026-06-15]롯.pdf","103_1. RBDPO-REFIND BLEACHED & DEODORISED PALM OIL(SANDAKAN)[JAKIM_2026-06-15]롯.pdf",".pdf","4221559","4.026","2026-05-18T16:06:18","2026-05-18T16:06:18","PDF"
"RUNTIME","D:\halal_web_runtime","D:\halal_web_runtime\_onedrive_backup_archive\data.__onedrive_backup_20260629_144030\ocr_test_uploads\20260518_160620_992913\107. Oleoresin Capsicum-TK50(EVESA)[HFQ_2026-04-10]농.pdf","_onedrive_backup_archive\data.__onedrive_backup_20260629_144030\ocr_test_uploads\20260518_160620_992913\107. Oleoresin Capsicum-TK50(EVESA)[HFQ_2026-04-10]농.pdf","107. Oleoresin Capsicum-TK50(EVESA)[HFQ_2026-04-10]농.pdf",".pdf","677084","0.6457","2026-05-18T16:06:20","2026-05-18T16:06:20","PDF"
"RUNTIME","D:\halal_web_runtime","D:\halal_web_runtime\_onedrive_backup_archive\data.__onedrive_backup_20260629_144030\ocr_test_uploads\20260518_160621_134028\108_1. S7468, S2568, S1668, S1568, S4268)(Lanxess)[HQC_2026-10-08]씨.pdf","_onedrive_backup_archive\data.__onedrive_backup_20260629_144030\ocr_test_uploads\20260518_160621_134028\108_1. S7468, S2568, S1668, S1568, S4268)(Lanxess)[HQC_2026-10-08]씨.pdf","108_1. S7468, S2568, S1668, S1568, S4268)(Lanxess)[HQC_2026-10-08]씨.pdf",".pdf","763355","0.728","2026-05-18T16:06:21","2026-05-18T16:06:21","PDF"
"RUNTIME","D:\halal_web_runtime","D:\halal_web_runtime\_onedrive_backup_archive\data.__onedrive_backup_20260629_144030\ocr_test_uploads\20260518_160621_301948\109_1_3. TRILITE SAR11(KA-11)(Samyang)[BPJPH_2026-06-18]대.pdf","_onedrive_backup_archive\data.__onedrive_backup_20260629_144030\ocr_test_uploads\20260518_160621_301948\109_1_3. TRILITE SAR11(KA-11)(Samyang)[BPJPH_2026-06-18]대.pdf","109_1_3. TRILITE SAR11(KA-11)(Samyang)[BPJPH_2026-06-18]대.pdf",".pdf","1101451","1.0504","2026-05-18T16:06:21","2026-05-18T16:06:21","PDF"
"RUNTIME","D:\halal_web_runtime","D:\halal_web_runtime\_onedrive_backup_archive\data.__onedrive_backup_20260629_144030\ocr_test_uploads\20260518_160621_599898\109_1_4. Dextrozyme(Novozyme)[BPJPH_2026-05-25]대.pdf","_onedrive_backup_archive\data.__onedrive_backup_20260629_144030\ocr_test_uploads\20260518_160621_599898\109_1_4. Dextrozyme(Novozyme)[BPJPH_2026-05-25]대.pdf","109_1_4. Dextrozyme(Novozyme)[BPJPH_2026-05-25]대.pdf",".pdf","1049784","1.0012","2026-05-18T16:06:21","2026-05-18T16:06:21","PDF"
"RUNTIME","D:\halal_web_runtime","D:\halal_web_runtime\_onedrive_backup_archive\data.__onedrive_backup_20260629_144030\ocr_test_uploads\20260518_160621_747936\109_2. Granular Activated Carbon-IFANCA(2024-12-31).pdf","_onedrive_backup_archive\data.__onedrive_backup_20260629_144030\ocr_test_uploads\20260518_160621_747936\109_2. Granular Activated Carbon-IFANCA(2024-12-31).pdf","109_2. Granular Activated Carbon-IFANCA(2024-12-31).pdf",".pdf","233678","0.2229","2026-05-18T16:06:21","2026-05-18T16:06:21","PDF"
"RUNTIME","D:\halal_web_runtime","D:\halal_web_runtime\_onedrive_backup_archive\data.__onedrive_backup_20260629_144030\ocr_test_uploads\20260518_160621_881460\110_1_4. Dextrozyme(Novozyme)[HQC_2028-07-01]대.pdf","_onedrive_backup_archive\data.__onedrive_backup_20260629_144030\ocr_test_uploads\20260518_160621_881460\110_1_4. Dextrozyme(Novozyme)[HQC_2028-07-01]대.pdf","110_1_4. Dextrozyme(Novozyme)[HQC_2028-07-01]대.pdf",".pdf","700682","0.6682","2026-05-18T16:06:21","2026-05-18T16:06:21","PDF"
"RUNTIME","D:\halal_web_runtime","D:\halal_web_runtime\_onedrive_backup_archive\data.__onedrive_backup_20260629_144030\ocr_test_uploads\20260518_171901_433600\1-1-7. Disodium Succinate-JMA(2022-08-11).pdf","_onedrive_backup_archive\data.__onedrive_backup_20260629_144030\ocr_test_uploads\20260518_171901_433600\1-1-7. Disodium Succinate-JMA(2022-08-11).pdf","1-1-7. Disodium Succinate-JMA(2022-08-11).pdf",".pdf","374177","0.3568","2026-05-18T17:19:03","2026-05-18T17:19:03","PDF"
"RUNTIME","D:\halal_web_runtime","D:\halal_web_runtime\_onedrive_backup_archive\data.__onedrive_backup_20260629_144030\ocr_test_uploads\20260518_171901_433600\101.Lactic Acid,PURAC (THAILAND) LTD社-HALAL CONTROL(2020-05-15).pdf","_onedrive_backup_archive\data.__onedrive_backup_20260629_144030\ocr_test_uploads\20260518_171901_433600\101.Lactic Acid,PURAC (THAILAND) LTD社-HALAL CONTROL(2020-05-15).pdf","101.Lactic Acid,PURAC (THAILAND) LTD社-HALAL CONTROL(2020-05-15).pdf",".pdf","79510","0.0758","2026-05-18T17:19:01","2026-05-18T17:19:01","PDF"
"RUNTIME","D:\halal_web_runtime","D:\halal_web_runtime\_onedrive_backup_archive\data.__onedrive_backup_20260629_144030\ocr_test_uploads\20260518_171901_433600\103_1. RBDPO-REFIND BLEACHED & DEODORISED PALM OIL(SANDAKAN)[JAKIM_2026-06-15]롯.pdf","_onedrive_backup_archive\data.__onedrive_backup_20260629_144030\ocr_test_uploads\20260518_171901_433600\103_1. RBDPO-REFIND BLEACHED & DEODORISED PALM OIL(SANDAKAN)[JAKIM_2026-06-15]롯.pdf","103_1. RBDPO-REFIND BLEACHED & DEODORISED PALM OIL(SANDAKAN)[JAKIM_2026-06-15]롯.pdf",".pdf","4221559","4.026","2026-05-18T17:19:01","2026-05-18T17:19:01","PDF"
"RUNTIME","D:\halal_web_runtime","D:\halal_web_runtime\_onedrive_backup_archive\data.__onedrive_backup_20260629_144030\ocr_test_uploads\20260518_171901_433600\107. Oleoresin Capsicum-TK50(EVESA)[HFQ_2026-04-10]농.pdf","_onedrive_backup_archive\data.__onedrive_backup_20260629_144030\ocr_test_uploads\20260518_171901_433600\107. Oleoresin Capsicum-TK50(EVESA)[HFQ_2026-04-10]농.pdf","107. Oleoresin Capsicum-TK50(EVESA)[HFQ_2026-04-10]농.pdf",".pdf","677084","0.6457","2026-05-18T17:19:01","2026-05-18T17:19:01","PDF"
"RUNTIME","D:\halal_web_runtime","D:\halal_web_runtime\_onedrive_backup_archive\data.__onedrive_backup_20260629_144030\ocr_test_uploads\20260518_171901_433600\108_1. S7468, S2568, S1668, S1568, S4268)(Lanxess)[HQC_2026-10-08]씨.pdf","_onedrive_backup_archive\data.__onedrive_backup_20260629_144030\ocr_test_uploads\20260518_171901_433600\108_1. S7468, S2568, S1668, S1568, S4268)(Lanxess)[HQC_2026-10-08]씨.pdf","108_1. S7468, S2568, S1668, S1568, S4268)(Lanxess)[HQC_2026-10-08]씨.pdf",".pdf","763355","0.728","2026-05-18T17:19:01","2026-05-18T17:19:01","PDF"
"RUNTIME","D:\halal_web_runtime","D:\halal_web_runtime\_onedrive_backup_archive\data.__onedrive_backup_20260629_144030\ocr_test_uploads\20260518_171901_433600\109_1_3. TRILITE SAR11(KA-11)(Samyang)[BPJPH_2026-06-18]대.pdf","_onedrive_backup_archive\data.__onedrive_backup_20260629_144030\ocr_test_uploads\20260518_171901_433600\109_1_3. TRILITE SAR11(KA-11)(Samyang)[BPJPH_2026-06-18]대.pdf","109_1_3. TRILITE SAR11(KA-11)(Samyang)[BPJPH_2026-06-18]대.pdf",".pdf","1101451","1.0504","2026-05-18T17:19:01","2026-05-18T17:19:01","PDF"
"RUNTIME","D:\halal_web_runtime","D:\halal_web_runtime\_onedrive_backup_archive\data.__onedrive_backup_20260629_144030\ocr_test_uploads\20260518_171901_433600\109_1_4. Dextrozyme(Novozyme)[BPJPH_2026-05-25]대.pdf","_onedrive_backup_archive\data.__onedrive_backup_20260629_144030\ocr_test_uploads\20260518_171901_433600\109_1_4. Dextrozyme(Novozyme)[BPJPH_2026-05-25]대.pdf","109_1_4. Dextrozyme(Novozyme)[BPJPH_2026-05-25]대.pdf",".pdf","1049784","1.0012","2026-05-18T17:19:01","2026-05-18T17:19:01","PDF"
"RUNTIME","D:\halal_web_runtime","D:\halal_web_runtime\_onedrive_backup_archive\data.__onedrive_backup_20260629_144030\ocr_test_uploads\20260518_171901_433600\109_2. Granular Activated Carbon-IFANCA(2024-12-31).pdf","_onedrive_backup_archive\data.__onedrive_backup_20260629_144030\ocr_test_uploads\20260518_171901_433600\109_2. Granular Activated Carbon-IFANCA(2024-12-31).pdf","109_2. Granular Activated Carbon-IFANCA(2024-12-31).pdf",".pdf","233678","0.2229","2026-05-18T17:19:01","2026-05-18T17:19:01","PDF"
"RUNTIME","D:\halal_web_runtime","D:\halal_web_runtime\_onedrive_backup_archive\data.__onedrive_backup_20260629_144030\ocr_test_uploads\20260518_171901_433600\11-1. Propylene Glygol USPEP-CICOT(2023-05-01).pdf","_onedrive_backup_archive\data.__onedrive_backup_20260629_144030\ocr_test_uploads\20260518_171901_433600\11-1. Propylene Glygol USPEP-CICOT(2023-05-01).pdf","11-1. Propylene Glygol USPEP-CICOT(2023-05-01).pdf",".pdf","519824","0.4957","2026-05-18T17:19:03","2026-05-18T17:19:03","PDF"
"RUNTIME","D:\halal_web_runtime","D:\halal_web_runtime\_onedrive_backup_archive\data.__onedrive_backup_20260629_144030\ocr_test_uploads\20260518_171901_433600\11-3-3.MM100FK,Mafco Worldwide LLC-ISA(19-12-31).pdf","_onedrive_backup_archive\data.__onedrive_backup_20260629_144030\ocr_test_uploads\20260518_171901_433600\11-3-3.MM100FK,Mafco Worldwide LLC-ISA(19-12-31).pdf","11-3-3.MM100FK,Mafco Worldwide LLC-ISA(19-12-31).pdf",".pdf","537163","0.5123","2026-05-18T17:19:03","2026-05-18T17:19:03","PDF"
"RUNTIME","D:\halal_web_runtime","D:\halal_web_runtime\_onedrive_backup_archive\data.__onedrive_backup_20260629_144030\ocr_test_uploads\20260518_171901_433600\11-3-3.MM100FK,Mafco Worldwide LLC社-ISA(2021-12-31).pdf","_onedrive_backup_archive\data.__onedrive_backup_20260629_144030\ocr_test_uploads\20260518_171901_433600\11-3-3.MM100FK,Mafco Worldwide LLC社-ISA(2021-12-31).pdf","11-3-3.MM100FK,Mafco Worldwide LLC社-ISA(2021-12-31).pdf",".pdf","766544","0.731","2026-05-18T17:19:03","2026-05-18T17:19:03","PDF"
"RUNTIME","D:\halal_web_runtime","D:\halal_web_runtime\_onedrive_backup_archive\data.__onedrive_backup_20260629_144030\ocr_test_uploads\20260518_171901_433600\110_1_4. Dextrozyme(Novozyme)[HQC_2028-07-01]대.pdf","_onedrive_backup_archive\data.__onedrive_backup_20260629_144030\ocr_test_uploads\20260518_171901_433600\110_1_4. Dextrozyme(Novozyme)[HQC_2028-07-01]대.pdf","110_1_4. Dextrozyme(Novozyme)[HQC_2028-07-01]대.pdf",".pdf","700682","0.6682","2026-05-18T17:19:01","2026-05-18T17:19:01","PDF"
"RUNTIME","D:\halal_web_runtime","D:\halal_web_runtime\_onedrive_backup_archive\data.__onedrive_backup_20260629_144030\ocr_test_uploads\20260518_171901_433600\117. Non-GMO Soybean Meal(Zeeland)[IFANCA_2026-05-31]타.pdf","_onedrive_backup_archive\data.__onedrive_backup_20260629_144030\ocr_test_uploads\20260518_171901_433600\117. Non-GMO Soybean Meal(Zeeland)[IFANCA_2026-05-31]타.pdf","117. Non-GMO Soybean Meal(Zeeland)[IFANCA_2026-05-31]타.pdf",".pdf","287594","0.2743","2026-05-18T17:19:02","2026-05-18T17:19:02","PDF"
"RUNTIME","D:\halal_web_runtime","D:\halal_web_runtime\_onedrive_backup_archive\data.__onedrive_backup_20260629_144030\ocr_test_uploads\20260518_171901_433600\119. Oleoresin Capsicum-HFCE(2024-10-31).pdf","_onedrive_backup_archive\data.__onedrive_backup_20260629_144030\ocr_test_uploads\20260518_171901_433600\119. Oleoresin Capsicum-HFCE(2024-10-31).pdf","119. Oleoresin Capsicum-HFCE(2024-10-31).pdf",".pdf","1092451","1.0418","2026-05-18T17:19:02","2026-05-18T17:19:02","PDF"
"RUNTIME","D:\halal_web_runtime","D:\halal_web_runtime\_onedrive_backup_archive\data.__onedrive_backup_20260629_144030\ocr_test_uploads\20260518_171901_433600\122. Protease-Promod 278 MDP)(BIOCATAL)[HQC_2026-04-15]B.pdf","_onedrive_backup_archive\data.__onedrive_backup_20260629_144030\ocr_test_uploads\20260518_171901_433600\122. Protease-Promod 278 MDP)(BIOCATAL)[HQC_2026-04-15]B.pdf","122. Protease-Promod 278 MDP)(BIOCATAL)[HQC_2026-04-15]B.pdf",".pdf","777855","0.7418","2026-05-18T17:19:02","2026-05-18T17:19:02","PDF"
"RUNTIME","D:\halal_web_runtime","D:\halal_web_runtime\_onedrive_backup_archive\data.__onedrive_backup_20260629_144030\ocr_test_uploads\20260518_171901_433600\124. Flo-max 8(blend)(NATIONAL)[CICOT_2025-09-19].pdf","_onedrive_backup_archive\data.__onedrive_backup_20260629_144030\ocr_test_uploads\20260518_171901_433600\124. Flo-max 8(blend)(NATIONAL)[CICOT_2025-09-19].pdf","124. Flo-max 8(blend)(NATIONAL)[CICOT_2025-09-19].pdf",".pdf","227887","0.2173","2026-05-18T17:19:02","2026-05-18T17:19:02","PDF"
"RUNTIME","D:\halal_web_runtime","D:\halal_web_runtime\_onedrive_backup_archive\data.__onedrive_backup_20260629_144030\ocr_test_uploads\20260518_171901_433600\126. Seafood Seasoning Paste-S(Naturals)[MUI_2028-08-13]내.pdf","_onedrive_backup_archive\data.__onedrive_backup_20260629_144030\ocr_test_uploads\20260518_171901_433600\126. Seafood Seasoning Paste-S(Naturals)[MUI_2028-08-13]내.pdf","126. Seafood Seasoning Paste-S(Naturals)[MUI_2028-08-13]내.pdf",".pdf","145845","0.1391","2026-05-18T17:19:02","2026-05-18T17:19:02","PDF"
"RUNTIME","D:\halal_web_runtime","D:\halal_web_runtime\_onedrive_backup_archive\data.__onedrive_backup_20260629_144030\ocr_test_uploads\20260518_171901_433600\130_7. FIRMTEX(INGREDIO)[IFANCA_2025-09-30]G.pdf","_onedrive_backup_archive\data.__onedrive_backup_20260629_144030\ocr_test_uploads\20260518_171901_433600\130_7. FIRMTEX(INGREDIO)[IFANCA_2025-09-30]G.pdf","130_7. FIRMTEX(INGREDIO)[IFANCA_2025-09-30]G.pdf",".pdf","5820848","5.5512","2026-05-18T17:19:02","2026-05-18T17:19:02","PDF"
"RUNTIME","D:\halal_web_runtime","D:\halal_web_runtime\_onedrive_backup_archive\data.__onedrive_backup_20260629_144030\ocr_test_uploads\20260518_171901_433600\135. Flo-max 8(blend)-CICOT(2024-09-19).pdf","_onedrive_backup_archive\data.__onedrive_backup_20260629_144030\ocr_test_uploads\20260518_171901_433600\135. Flo-max 8(blend)-CICOT(2024-09-19).pdf","135. Flo-max 8(blend)-CICOT(2024-09-19).pdf",".pdf","1677022","1.5993","2026-05-18T17:19:02","2026-05-18T17:19:02","PDF"
"RUNTIME","D:\halal_web_runtime","D:\halal_web_runtime\_onedrive_backup_archive\data.__onedrive_backup_20260629_144030\ocr_test_uploads\20260518_171901_433600\136_1. FATTY ACIDS(lOI)[JAKIM_2029-05-15]비.pdf","_onedrive_backup_archive\data.__onedrive_backup_20260629_144030\ocr_test_uploads\20260518_171901_433600\136_1. FATTY ACIDS(lOI)[JAKIM_2029-05-15]비.pdf","136_1. FATTY ACIDS(lOI)[JAKIM_2029-05-15]비.pdf",".pdf","473911","0.452","2026-05-18T17:19:02","2026-05-18T17:19:02","PDF"
"RUNTIME","D:\halal_web_runtime","D:\halal_web_runtime\_onedrive_backup_archive\data.__onedrive_backup_20260629_144030\ocr_test_uploads\20260518_171901_433600\151. KREATIONⓡKE8-CICOT(2023-10-14).pdf","_onedrive_backup_archive\data.__onedrive_backup_20260629_144030\ocr_test_uploads\20260518_171901_433600\151. KREATIONⓡKE8-CICOT(2023-10-14).pdf","151. KREATIONⓡKE8-CICOT(2023-10-14).pdf",".pdf","1518587","1.4482","2026-05-18T17:19:02","2026-05-18T17:19:02","PDF"
"RUNTIME","D:\halal_web_runtime","D:\halal_web_runtime\_onedrive_backup_archive\data.__onedrive_backup_20260629_144030\ocr_test_uploads\20260518_171901_433600\155. Beef Type Flavor(Givaudan)[IFANCA_2026-05-31]G.pdf","_onedrive_backup_archive\data.__onedrive_backup_20260629_144030\ocr_test_uploads\20260518_171901_433600\155. Beef Type Flavor(Givaudan)[IFANCA_2026-05-31]G.pdf","155. Beef Type Flavor(Givaudan)[IFANCA_2026-05-31]G.pdf",".pdf","141942","0.1354","2026-05-18T17:19:02","2026-05-18T17:19:02","PDF"
"RUNTIME","D:\halal_web_runtime","D:\halal_web_runtime\_onedrive_backup_archive\data.__onedrive_backup_20260629_144030\ocr_test_uploads\20260518_171901_433600\16. Ground Cassia-Cinnamon(LONG)[HCA_2025-10-09]M.pdf","_onedrive_backup_archive\data.__onedrive_backup_20260629_144030\ocr_test_uploads\20260518_171901_433600\16. Ground Cassia-Cinnamon(LONG)[HCA_2025-10-09]M.pdf","16. Ground Cassia-Cinnamon(LONG)[HCA_2025-10-09]M.pdf",".pdf","1042573","0.9943","2026-05-18T17:19:03","2026-05-18T17:19:03","PDF"
"RUNTIME","D:\halal_web_runtime","D:\halal_web_runtime\_onedrive_backup_archive\data.__onedrive_backup_20260629_144030\ocr_test_uploads\20260518_171901_433600\162-1.Crude Rice Bran Oil,WILMAR AGRO VIETNAM COMPANY LIMITED社-Halal Certification Agency (HCA)(2021-07-31).pdf","_onedrive_backup_archive\data.__onedrive_backup_20260629_144030\ocr_test_uploads\20260518_171901_433600\162-1.Crude Rice Bran Oil,WILMAR AGRO VIETNAM COMPANY LIMITED社-Halal Certification Agency (HCA)(2021-07-31).pdf","162-1.Crude Rice Bran Oil,WILMAR AGRO VIETNAM COMPANY LIMITED社-Halal Certification Agency (HCA)(2021-07-31).pdf",".pdf","69159","0.066","2026-05-18T17:19:02","2026-05-18T17:19:02","PDF"
"RUNTIME","D:\halal_web_runtime","D:\halal_web_runtime\_onedrive_backup_archive\data.__onedrive_backup_20260629_144030\ocr_test_uploads\20260518_171901_433600\165_8. Potassium sulfate(K+S)[HALAL CONTROL_2026-08-15].pdf","_onedrive_backup_archive\data.__onedrive_backup_20260629_144030\ocr_test_uploads\20260518_171901_433600\165_8. Potassium sulfate(K+S)[HALAL CONTROL_2026-08-15].pdf","165_8. Potassium sulfate(K+S)[HALAL CONTROL_2026-08-15].pdf",".pdf","313444","0.2989","2026-05-18T17:19:02","2026-05-18T17:19:02","PDF"
"RUNTIME","D:\halal_web_runtime","D:\halal_web_runtime\_onedrive_backup_archive\data.__onedrive_backup_20260629_144030\ocr_test_uploads\20260518_171901_433600\167. KRATIONⓡKE8(SIAM)[CICOT_2025-10-14]마.pdf","_onedrive_backup_archive\data.__onedrive_backup_20260629_144030\ocr_test_uploads\20260518_171901_433600\167. KRATIONⓡKE8(SIAM)[CICOT_2025-10-14]마.pdf","167. KRATIONⓡKE8(SIAM)[CICOT_2025-10-14]마.pdf",".pdf","1897092","1.8092","2026-05-18T17:19:02","2026-05-18T17:19:02","PDF"
"RUNTIME","D:\halal_web_runtime","D:\halal_web_runtime\_onedrive_backup_archive\data.__onedrive_backup_20260629_144030\ocr_test_uploads\20260518_171901_433600\168. Beef Type Flavor-IFANCA(2024-05-31).pdf","_onedrive_backup_archive\data.__onedrive_backup_20260629_144030\ocr_test_uploads\20260518_171901_433600\168. Beef Type Flavor-IFANCA(2024-05-31).pdf","168. Beef Type Flavor-IFANCA(2024-05-31).pdf",".pdf","233409","0.2226","2026-05-18T17:19:02","2026-05-18T17:19:02","PDF"
"RUNTIME","D:\halal_web_runtime","D:\halal_web_runtime\_onedrive_backup_archive\data.__onedrive_backup_20260629_144030\ocr_test_uploads\20260518_171901_433600\20250703_072436_16_Halal certificate (HQC)_ Food & Beverage products (Novozymes DK)_2021-08077.pdf","_onedrive_backup_archive\data.__onedrive_backup_20260629_144030\ocr_test_uploads\20260518_171901_433600\20250703_072436_16_Halal certificate (HQC)_ Food & Beverage products (Novozymes DK)_2021-08077.pdf","20250703_072436_16_Halal certificate (HQC)_ Food & Beverage products (Novozymes DK)_2021-08077.pdf",".pdf","727134","0.6934","2026-05-18T17:19:03","2026-05-18T17:19:03","PDF"
"RUNTIME","D:\halal_web_runtime","D:\halal_web_runtime\_onedrive_backup_archive\data.__onedrive_backup_20260629_144030\ocr_test_uploads\20260518_171901_433600\21-1.MCT OIL,DANIDCO MALAYSIA SDN BHD社-JAKIM(2022-09-30).pdf","_onedrive_backup_archive\data.__onedrive_backup_20260629_144030\ocr_test_uploads\20260518_171901_433600\21-1.MCT OIL,DANIDCO MALAYSIA SDN BHD社-JAKIM(2022-09-30).pdf","21-1.MCT OIL,DANIDCO MALAYSIA SDN BHD社-JAKIM(2022-09-30).pdf",".pdf","1252703","1.1947","2026-05-18T17:19:03","2026-05-18T17:19:03","PDF"
"RUNTIME","D:\halal_web_runtime","D:\halal_web_runtime\_onedrive_backup_archive\data.__onedrive_backup_20260629_144030\ocr_test_uploads\20260518_171901_433600\220217 HEBEI HUAYANG BPJPH HALAL 인증서 프롤린 글루타민 메티오닌.pdf","_onedrive_backup_archive\data.__onedrive_backup_20260629_144030\ocr_test_uploads\20260518_171901_433600\220217 HEBEI HUAYANG BPJPH HALAL 인증서 프롤린 글루타민 메티오닌.pdf","220217 HEBEI HUAYANG BPJPH HALAL 인증서 프롤린 글루타민 메티오닌.pdf",".pdf","638591","0.609","2026-05-18T17:19:03","2026-05-18T17:19:03","PDF"
"RUNTIME","D:\halal_web_runtime","D:\halal_web_runtime\_onedrive_backup_archive\data.__onedrive_backup_20260629_144030\ocr_test_uploads\20260518_171901_433600\220908 Dextrin_BPJPH(YISHIU DADI).pdf","_onedrive_backup_archive\data.__onedrive_backup_20260629_144030\ocr_test_uploads\20260518_171901_433600\220908 Dextrin_BPJPH(YISHIU DADI).pdf","220908 Dextrin_BPJPH(YISHIU DADI).pdf",".pdf","415711","0.3965","2026-05-18T17:19:03","2026-05-18T17:19:03","PDF"
"RUNTIME","D:\halal_web_runtime","D:\halal_web_runtime\_onedrive_backup_archive\data.__onedrive_backup_20260629_144030\ocr_test_uploads\20260518_171901_433600\32_1. Non-GMO Crude Soybean oil(Bunge)[HFCE_2026-09-30]롯.pdf","_onedrive_backup_archive\data.__onedrive_backup_20260629_144030\ocr_test_uploads\20260518_171901_433600\32_1. Non-GMO Crude Soybean oil(Bunge)[HFCE_2026-09-30]롯.pdf","32_1. Non-GMO Crude Soybean oil(Bunge)[HFCE_2026-09-30]롯.pdf",".pdf","223913","0.2135","2026-05-18T17:19:03","2026-05-18T17:19:03","PDF"
"RUNTIME","D:\halal_web_runtime","D:\halal_web_runtime\_onedrive_backup_archive\data.__onedrive_backup_20260629_144030\ocr_test_uploads\20260518_171901_433600\34. Maltodextrin Glucose syrup solids(SANSOON)[JAKIM_2026-03-15]한.pdf","_onedrive_backup_archive\data.__onedrive_backup_20260629_144030\ocr_test_uploads\20260518_171901_433600\34. Maltodextrin Glucose syrup solids(SANSOON)[JAKIM_2026-03-15]한.pdf","34. Maltodextrin Glucose syrup solids(SANSOON)[JAKIM_2026-03-15]한.pdf",".pdf","629225","0.6001","2026-05-18T17:19:03","2026-05-18T17:19:03","PDF"
"RUNTIME","D:\halal_web_runtime","D:\halal_web_runtime\_onedrive_backup_archive\data.__onedrive_backup_20260629_144030\ocr_test_uploads\20260518_171901_433600\36_3. TREHA™FOOD GRADE(Nagase)[JMA_2026-02-26]락.pdf","_onedrive_backup_archive\data.__onedrive_backup_20260629_144030\ocr_test_uploads\20260518_171901_433600\36_3. TREHA™FOOD GRADE(Nagase)[JMA_2026-02-26]락.pdf","36_3. TREHA™FOOD GRADE(Nagase)[JMA_2026-02-26]락.pdf",".pdf","1657909","1.5811","2026-05-18T17:19:03","2026-05-18T17:19:03","PDF"
"RUNTIME","D:\halal_web_runtime","D:\halal_web_runtime\_onedrive_backup_archive\data.__onedrive_backup_20260629_144030\ocr_test_uploads\20260518_171901_433600\37. Maxarome Select Powder-HFFIA(2023-06-30).pdf","_onedrive_backup_archive\data.__onedrive_backup_20260629_144030\ocr_test_uploads\20260518_171901_433600\37. Maxarome Select Powder-HFFIA(2023-06-30).pdf","37. Maxarome Select Powder-HFFIA(2023-06-30).pdf",".pdf","1114147","1.0625","2026-05-18T17:19:03","2026-05-18T17:19:03","PDF"
"RUNTIME","D:\halal_web_runtime","D:\halal_web_runtime\_onedrive_backup_archive\data.__onedrive_backup_20260629_144030\ocr_test_uploads\20260518_171901_433600\37.Maxarome Select Powder,DSM FOOD SPECIALTIES CO., LTD社-HFFIA(2021-06-30).pdf","_onedrive_backup_archive\data.__onedrive_backup_20260629_144030\ocr_test_uploads\20260518_171901_433600\37.Maxarome Select Powder,DSM FOOD SPECIALTIES CO., LTD社-HFFIA(2021-06-30).pdf","37.Maxarome Select Powder,DSM FOOD SPECIALTIES CO., LTD社-HFFIA(2021-06-30).pdf",".pdf","1110044","1.0586","2026-05-18T17:19:03","2026-05-18T17:19:03","PDF"
"RUNTIME","D:\halal_web_runtime","D:\halal_web_runtime\_onedrive_backup_archive\data.__onedrive_backup_20260629_144030\ocr_test_uploads\20260518_171901_433600\37_4. NuCel 743PW(BIO)[HFCE_2025-12-31]락.pdf","_onedrive_backup_archive\data.__onedrive_backup_20260629_144030\ocr_test_uploads\20260518_171901_433600\37_4. NuCel 743PW(BIO)[HFCE_2025-12-31]락.pdf","37_4. NuCel 743PW(BIO)[HFCE_2025-12-31]락.pdf",".pdf","584131","0.5571","2026-05-18T17:19:04","2026-05-18T17:19:04","PDF"
"RUNTIME","D:\halal_web_runtime","D:\halal_web_runtime\_onedrive_backup_archive\data.__onedrive_backup_20260629_144030\ocr_test_uploads\20260518_171901_433600\37_4. SPRINGER 020020-PW-L-HFCE(2024-12-31).pdf","_onedrive_backup_archive\data.__onedrive_backup_20260629_144030\ocr_test_uploads\20260518_171901_433600\37_4. SPRINGER 020020-PW-L-HFCE(2024-12-31).pdf","37_4. SPRINGER 020020-PW-L-HFCE(2024-12-31).pdf",".pdf","2435759","2.3229","2026-05-18T17:19:04","2026-05-18T17:19:04","PDF"
"RUNTIME","D:\halal_web_runtime","D:\halal_web_runtime\_onedrive_backup_archive\data.__onedrive_backup_20260629_144030\ocr_test_uploads\20260518_171901_433600\38_2. SOY PEPTONE A2 SC-HFCE(2024-03-31).pdf","_onedrive_backup_archive\data.__onedrive_backup_20260629_144030\ocr_test_uploads\20260518_171901_433600\38_2. SOY PEPTONE A2 SC-HFCE(2024-03-31).pdf","38_2. SOY PEPTONE A2 SC-HFCE(2024-03-31).pdf",".pdf","1964318","1.8733","2026-05-18T17:19:04","2026-05-18T17:19:04","PDF"
"RUNTIME","D:\halal_web_runtime","D:\halal_web_runtime\_onedrive_backup_archive\data.__onedrive_backup_20260629_144030\ocr_test_uploads\20260518_171901_433600\40. Maxarome Select Powder(DSM)[HFFIA_2025-12-31]네.pdf","_onedrive_backup_archive\data.__onedrive_backup_20260629_144030\ocr_test_uploads\20260518_171901_433600\40. Maxarome Select Powder(DSM)[HFFIA_2025-12-31]네.pdf","40. Maxarome Select Powder(DSM)[HFFIA_2025-12-31]네.pdf",".pdf","165615","0.1579","2026-05-18T17:19:04","2026-05-18T17:19:04","PDF"
"RUNTIME","D:\halal_web_runtime","D:\halal_web_runtime\_onedrive_backup_archive\data.__onedrive_backup_20260629_144030\ocr_test_uploads\20260518_171901_433600\42. Maltodextrin(SAJO)[MUI_2025-12-07]사.pdf","_onedrive_backup_archive\data.__onedrive_backup_20260629_144030\ocr_test_uploads\20260518_171901_433600\42. Maltodextrin(SAJO)[MUI_2025-12-07]사.pdf","42. Maltodextrin(SAJO)[MUI_2025-12-07]사.pdf",".pdf","129865","0.1238","2026-05-18T17:19:04","2026-05-18T17:19:04","PDF"
"RUNTIME","D:\halal_web_runtime","D:\halal_web_runtime\_onedrive_backup_archive\data.__onedrive_backup_20260629_144030\ocr_test_uploads\20260518_171901_433600\45. SEWOO CO., LTD BPJPH HALAL Certificate_(2025-11-18).pdf","_onedrive_backup_archive\data.__onedrive_backup_20260629_144030\ocr_test_uploads\20260518_171901_433600\45. SEWOO CO., LTD BPJPH HALAL Certificate_(2025-11-18).pdf","45. SEWOO CO., LTD BPJPH HALAL Certificate_(2025-11-18).pdf",".pdf","2236686","2.1331","2026-05-18T17:19:04","2026-05-18T17:19:04","PDF"
"RUNTIME","D:\halal_web_runtime","D:\halal_web_runtime\_onedrive_backup_archive\data.__onedrive_backup_20260629_144030\ocr_test_uploads\20260518_171901_433600\47. Low DE Corn Syrup(SAJO)[MUI_2026-01-04]사.pdf","_onedrive_backup_archive\data.__onedrive_backup_20260629_144030\ocr_test_uploads\20260518_171901_433600\47. Low DE Corn Syrup(SAJO)[MUI_2026-01-04]사.pdf","47. Low DE Corn Syrup(SAJO)[MUI_2026-01-04]사.pdf",".pdf","218518","0.2084","2026-05-18T17:19:04","2026-05-18T17:19:04","PDF"
"RUNTIME","D:\halal_web_runtime","D:\halal_web_runtime\_onedrive_backup_archive\data.__onedrive_backup_20260629_144030\ocr_test_uploads\20260518_171901_433600\48_1. REFINED RICE brand oil(THAI)[CICOT_2026-04-24]농.pdf","_onedrive_backup_archive\data.__onedrive_backup_20260629_144030\ocr_test_uploads\20260518_171901_433600\48_1. REFINED RICE brand oil(THAI)[CICOT_2026-04-24]농.pdf","48_1. REFINED RICE brand oil(THAI)[CICOT_2026-04-24]농.pdf",".pdf","448683","0.4279","2026-05-18T17:19:04","2026-05-18T17:19:04","PDF"
"RUNTIME","D:\halal_web_runtime","D:\halal_web_runtime\_onedrive_backup_archive\data.__onedrive_backup_20260629_144030\ocr_test_uploads\20260518_171901_433600\50. Meat Base Flavour HK-2446K 74916-73(Givaudan)[MUIS_2026-09-30]브.pdf","_onedrive_backup_archive\data.__onedrive_backup_20260629_144030\ocr_test_uploads\20260518_171901_433600\50. Meat Base Flavour HK-2446K 74916-73(Givaudan)[MUIS_2026-09-30]브.pdf","50. Meat Base Flavour HK-2446K 74916-73(Givaudan)[MUIS_2026-09-30]브.pdf",".pdf","610696","0.5824","2026-05-18T17:19:04","2026-05-18T17:19:04","PDF"
"RUNTIME","D:\halal_web_runtime","D:\halal_web_runtime\_onedrive_backup_archive\data.__onedrive_backup_20260629_144030\ocr_test_uploads\20260518_171901_433600\54. FIRMTEX®(INGREDIO)[IFANCA_2027-09-30]사.pdf","_onedrive_backup_archive\data.__onedrive_backup_20260629_144030\ocr_test_uploads\20260518_171901_433600\54. FIRMTEX®(INGREDIO)[IFANCA_2027-09-30]사.pdf","54. FIRMTEX®(INGREDIO)[IFANCA_2027-09-30]사.pdf",".pdf","5820774","5.5511","2026-05-18T17:19:04","2026-05-18T17:19:04","PDF"
"RUNTIME","D:\halal_web_runtime","D:\halal_web_runtime\_onedrive_backup_archive\data.__onedrive_backup_20260629_144030\ocr_test_uploads\20260518_171901_433600\56. VITACEL Powderec Cellulose(J.Retten)[HFFIA_2026-08-12]농.pdf","_onedrive_backup_archive\data.__onedrive_backup_20260629_144030\ocr_test_uploads\20260518_171901_433600\56. VITACEL Powderec Cellulose(J.Retten)[HFFIA_2026-08-12]농.pdf","56. VITACEL Powderec Cellulose(J.Retten)[HFFIA_2026-08-12]농.pdf",".pdf","318692","0.3039","2026-05-18T17:19:04","2026-05-18T17:19:04","PDF"
"RUNTIME","D:\halal_web_runtime","D:\halal_web_runtime\_onedrive_backup_archive\data.__onedrive_backup_20260629_144030\ocr_test_uploads\20260518_171901_433600\56. VITACEL Powdered  Cellulose DV type(J.Retten)[HFFIA_2025-09-30]농.pdf","_onedrive_backup_archive\data.__onedrive_backup_20260629_144030\ocr_test_uploads\20260518_171901_433600\56. VITACEL Powdered  Cellulose DV type(J.Retten)[HFFIA_2025-09-30]농.pdf","56. VITACEL Powdered  Cellulose DV type(J.Retten)[HFFIA_2025-09-30]농.pdf",".pdf","1185825","1.1309","2026-05-18T17:19:04","2026-05-18T17:19:04","PDF"
"RUNTIME","D:\halal_web_runtime","D:\halal_web_runtime\_onedrive_backup_archive\data.__onedrive_backup_20260629_144030\ocr_test_uploads\20260518_171901_433600\57. 158957 vegetable broth flavor(Broth enhancer)(Symrise)[MUIS_2026-05-31]s.pdf","_onedrive_backup_archive\data.__onedrive_backup_20260629_144030\ocr_test_uploads\20260518_171901_433600\57. 158957 vegetable broth flavor(Broth enhancer)(Symrise)[MUIS_2026-05-31]s.pdf","57. 158957 vegetable broth flavor(Broth enhancer)(Symrise)[MUIS_2026-05-31]s.pdf",".pdf","499773","0.4766","2026-05-18T17:19:04","2026-05-18T17:19:04","PDF"
"RUNTIME","D:\halal_web_runtime","D:\halal_web_runtime\_onedrive_backup_archive\data.__onedrive_backup_20260629_144030\ocr_test_uploads\20260518_171901_433600\58. Beef Paste Flavour(Kerry)[JAKIM_2027-05-31]K.pdf","_onedrive_backup_archive\data.__onedrive_backup_20260629_144030\ocr_test_uploads\20260518_171901_433600\58. Beef Paste Flavour(Kerry)[JAKIM_2027-05-31]K.pdf","58. Beef Paste Flavour(Kerry)[JAKIM_2027-05-31]K.pdf",".pdf","545699","0.5204","2026-05-18T17:19:04","2026-05-18T17:19:04","PDF"
"RUNTIME","D:\halal_web_runtime","D:\halal_web_runtime\_onedrive_backup_archive\data.__onedrive_backup_20260629_144030\ocr_test_uploads\20260518_171901_433600\60. NAT SHALLOT FLAVOR(962539)-MUIS(2022-02-28).pdf","_onedrive_backup_archive\data.__onedrive_backup_20260629_144030\ocr_test_uploads\20260518_171901_433600\60. NAT SHALLOT FLAVOR(962539)-MUIS(2022-02-28).pdf","60. NAT SHALLOT FLAVOR(962539)-MUIS(2022-02-28).pdf",".pdf","99549","0.0949","2026-05-18T17:19:04","2026-05-18T17:19:04","PDF"
"RUNTIME","D:\halal_web_runtime","D:\halal_web_runtime\_onedrive_backup_archive\data.__onedrive_backup_20260629_144030\ocr_test_uploads\20260518_171901_433600\62. NAT SHALLOT FLAVOR(962539)(Symrise)[MUIS_2026-05-31]주.PDF","_onedrive_backup_archive\data.__onedrive_backup_20260629_144030\ocr_test_uploads\20260518_171901_433600\62. NAT SHALLOT FLAVOR(962539)(Symrise)[MUIS_2026-05-31]주.PDF","62. NAT SHALLOT FLAVOR(962539)(Symrise)[MUIS_2026-05-31]주.PDF",".pdf","98172","0.0936","2026-05-18T17:19:04","2026-05-18T17:19:04","PDF"
"RUNTIME","D:\halal_web_runtime","D:\halal_web_runtime\_onedrive_backup_archive\data.__onedrive_backup_20260629_144030\ocr_test_uploads\20260518_171901_433600\9. Dehydrated Potatoes-Flakes(Oregon)[ISA_2025-12-31]W.pdf","_onedrive_backup_archive\data.__onedrive_backup_20260629_144030\ocr_test_uploads\20260518_171901_433600\9. Dehydrated Potatoes-Flakes(Oregon)[ISA_2025-12-31]W.pdf","9. Dehydrated Potatoes-Flakes(Oregon)[ISA_2025-12-31]W.pdf",".pdf","77749","0.0741","2026-05-18T17:19:03","2026-05-18T17:19:03","PDF"
"RUNTIME","D:\halal_web_runtime","D:\halal_web_runtime\_onedrive_backup_archive\data.__onedrive_backup_20260629_144030\ocr_test_uploads\20260518_171901_433600\90. MAIZE FLOUR(Kalizea)[HCE_2026-01-24]s.pdf","_onedrive_backup_archive\data.__onedrive_backup_20260629_144030\ocr_test_uploads\20260518_171901_433600\90. MAIZE FLOUR(Kalizea)[HCE_2026-01-24]s.pdf","90. MAIZE FLOUR(Kalizea)[HCE_2026-01-24]s.pdf",".pdf","352194","0.3359","2026-05-18T17:19:04","2026-05-18T17:19:04","PDF"
"RUNTIME","D:\halal_web_runtime","D:\halal_web_runtime\_onedrive_backup_archive\data.__onedrive_backup_20260629_144030\ocr_test_uploads\20260518_171901_433600\91.Yeast Extract(OHLY),OHLY GmbH社-TQHCC(2021-10-31).pdf","_onedrive_backup_archive\data.__onedrive_backup_20260629_144030\ocr_test_uploads\20260518_171901_433600\91.Yeast Extract(OHLY),OHLY GmbH社-TQHCC(2021-10-31).pdf","91.Yeast Extract(OHLY),OHLY GmbH社-TQHCC(2021-10-31).pdf",".pdf","1079236","1.0292","2026-05-18T17:19:04","2026-05-18T17:19:04","PDF"
"RUNTIME","D:\halal_web_runtime","D:\halal_web_runtime\_onedrive_backup_archive\data.__onedrive_backup_20260629_144030\ocr_test_uploads\20260518_171901_433600\93.Yeast extract YB (DSM),DSM FOOD SPECIALTIES CO., LTD-HFFIA(DSM19003H001580191,2019-06-30).pdf","_onedrive_backup_archive\data.__onedrive_backup_20260629_144030\ocr_test_uploads\20260518_171901_433600\93.Yeast extract YB (DSM),DSM FOOD SPECIALTIES CO., LTD-HFFIA(DSM19003H001580191,2019-06-30).pdf","93.Yeast extract YB (DSM),DSM FOOD SPECIALTIES CO., LTD-HFFIA(DSM19003H001580191,2019-06-30).pdf",".pdf","625720","0.5967","2026-05-18T17:19:04","2026-05-18T17:19:04","PDF"
"RUNTIME","D:\halal_web_runtime","D:\halal_web_runtime\_onedrive_backup_archive\data.__onedrive_backup_20260629_144030\ocr_test_uploads\20260518_171901_433600\95. OHLYⓡSTV Meaty(OHLY)[TQHCC_2025-10-31]등.pdf","_onedrive_backup_archive\data.__onedrive_backup_20260629_144030\ocr_test_uploads\20260518_171901_433600\95. OHLYⓡSTV Meaty(OHLY)[TQHCC_2025-10-31]등.pdf","95. OHLYⓡSTV Meaty(OHLY)[TQHCC_2025-10-31]등.pdf",".pdf","1587262","1.5137","2026-05-18T17:19:04","2026-05-18T17:19:04","PDF"
"RUNTIME","D:\halal_web_runtime","D:\halal_web_runtime\_onedrive_backup_archive\data.__onedrive_backup_20260629_144030\ocr_test_uploads\20260518_171901_433600\98_4_1. NU55-50(Sensient)[LLS-ISA_2025-12-31]비.pdf","_onedrive_backup_archive\data.__onedrive_backup_20260629_144030\ocr_test_uploads\20260518_171901_433600\98_4_1. NU55-50(Sensient)[LLS-ISA_2025-12-31]비.pdf","98_4_1. NU55-50(Sensient)[LLS-ISA_2025-12-31]비.pdf",".pdf","307038","0.2928","2026-05-18T17:19:01","2026-05-18T17:19:01","PDF"
"RUNTIME","D:\halal_web_runtime","D:\halal_web_runtime\_onedrive_backup_archive\data.__onedrive_backup_20260629_144030\ocr_test_uploads\20260518_171901_433600\DF - Halal HQC certificate (301125).pdf","_onedrive_backup_archive\data.__onedrive_backup_20260629_144030\ocr_test_uploads\20260518_171901_433600\DF - Halal HQC certificate (301125).pdf","DF - Halal HQC certificate (301125).pdf",".pdf","1219313","1.1628","2026-05-18T17:19:03","2026-05-18T17:19:03","PDF"
"RUNTIME","D:\halal_web_runtime","D:\halal_web_runtime\_onedrive_backup_archive\data.__onedrive_backup_20260629_144030\ocr_test_uploads\20260518_171901_433600\TQHCC-BPJPH 인증서 Sertifikat Akreditasi Halal Correct Germany.pdf","_onedrive_backup_archive\data.__onedrive_backup_20260629_144030\ocr_test_uploads\20260518_171901_433600\TQHCC-BPJPH 인증서 Sertifikat Akreditasi Halal Correct Germany.pdf","TQHCC-BPJPH 인증서 Sertifikat Akreditasi Halal Correct Germany.pdf",".pdf","1986266","1.8943","2026-05-18T17:19:03","2026-05-18T17:19:03","PDF"
"RUNTIME","D:\halal_web_runtime","D:\halal_web_runtime\_onedrive_backup_archive\data.__onedrive_backup_20260629_144030\ocr_test_uploads\20260518_171901_433600\비타셀L600-HFFIA_2023-09-30.pdf","_onedrive_backup_archive\data.__onedrive_backup_20260629_144030\ocr_test_uploads\20260518_171901_433600\비타셀L600-HFFIA_2023-09-30.pdf","비타셀L600-HFFIA_2023-09-30.pdf",".pdf","1152711","1.0993","2026-05-18T17:19:03","2026-05-18T17:19:03","PDF"
"RUNTIME","D:\halal_web_runtime","D:\halal_web_runtime\_onedrive_backup_archive\data.__onedrive_backup_20260629_144030\ocr_test_uploads\20260518_171901_433600\슈가시럽-Halal Control - Halal- Zertifikat - Südzucker - gültig bis 13.12.2018 (1).pdf","_onedrive_backup_archive\data.__onedrive_backup_20260629_144030\ocr_test_uploads\20260518_171901_433600\슈가시럽-Halal Control - Halal- Zertifikat - Südzucker - gültig bis 13.12.2018 (1).pdf","슈가시럽-Halal Control - Halal- Zertifikat - Südzucker - gültig bis 13.12.2018 (1).pdf",".pdf","192317","0.1834","2026-05-18T17:19:03","2026-05-18T17:19:03","PDF"
"RUNTIME","D:\halal_web_runtime","D:\halal_web_runtime\_onedrive_backup_archive\data.__onedrive_backup_20260629_144030\ocr_test_uploads\20260518_171901_433600\슈가시럽-Halal Quality Control - Halal Zertifikat - SÜDZUCKER Karasirup - gültig bis 12.12.2022.pdf","_onedrive_backup_archive\data.__onedrive_backup_20260629_144030\ocr_test_uploads\20260518_171901_433600\슈가시럽-Halal Quality Control - Halal Zertifikat - SÜDZUCKER Karasirup - gültig bis 12.12.2022.pdf","슈가시럽-Halal Quality Control - Halal Zertifikat - SÜDZUCKER Karasirup - gültig bis 12.12.2022.pdf",".pdf","1141610","1.0887","2026-05-18T17:19:03","2026-05-18T17:19:03","PDF"
"RUNTIME","D:\halal_web_runtime","D:\halal_web_runtime\_onedrive_backup_archive\data.__onedrive_backup_20260629_144030\ocr_test_uploads\20260518_182531_423664\35. Maltodextrin Glucose syrup solids-JAKIM(2024-03-15).pdf","_onedrive_backup_archive\data.__onedrive_backup_20260629_144030\ocr_test_uploads\20260518_182531_423664\35. Maltodextrin Glucose syrup solids-JAKIM(2024-03-15).pdf","35. Maltodextrin Glucose syrup solids-JAKIM(2024-03-15).pdf",".pdf","338685","0.323","2026-05-18T18:25:31","2026-05-18T18:25:31","PDF"
"RUNTIME","D:\halal_web_runtime","D:\halal_web_runtime\_onedrive_backup_archive\data.__onedrive_backup_20260629_144030\ocr_test_uploads\20260519_081854_540307\씨제이 백설탕 KMF 할랄 인증서(~26.12.17).pdf","_onedrive_backup_archive\data.__onedrive_backup_20260629_144030\ocr_test_uploads\20260519_081854_540307\씨제이 백설탕 KMF 할랄 인증서(~26.12.17).pdf","씨제이 백설탕 KMF 할랄 인증서(~26.12.17).pdf",".pdf","74642","0.0712","2026-05-19T08:18:54","2026-05-19T08:18:54","PDF"
"RUNTIME","D:\halal_web_runtime","D:\halal_web_runtime\_onedrive_backup_archive\data.__onedrive_backup_20260629_144030\ocr_test_uploads\20260519_082251_257030\37_3. TREHA™FOOD GRADE-JMA(2025-02-26).pdf","_onedrive_backup_archive\data.__onedrive_backup_20260629_144030\ocr_test_uploads\20260519_082251_257030\37_3. TREHA™FOOD GRADE-JMA(2025-02-26).pdf","37_3. TREHA™FOOD GRADE-JMA(2025-02-26).pdf",".pdf","259037","0.247","2026-05-19T08:22:51","2026-05-19T08:22:51","PDF"
"RUNTIME","D:\halal_web_runtime","D:\halal_web_runtime\_onedrive_backup_archive\data.__onedrive_backup_20260629_144030\ocr_test_uploads\20260519_182039_322773\77-2.Onion Extract Flavor,SYMRISE ASIA PACIFIC PTE LTD社-MUIS(2022-02-28).pdf","_onedrive_backup_archive\data.__onedrive_backup_20260629_144030\ocr_test_uploads\20260519_182039_322773\77-2.Onion Extract Flavor,SYMRISE ASIA PACIFIC PTE LTD社-MUIS(2022-02-28).pdf","77-2.Onion Extract Flavor,SYMRISE ASIA PACIFIC PTE LTD社-MUIS(2022-02-28).pdf",".pdf","2701553","2.5764","2026-05-19T18:20:39","2026-05-19T18:20:39","PDF"
"RUNTIME","D:\halal_web_runtime","D:\halal_web_runtime\_onedrive_backup_archive\data.__onedrive_backup_20260629_144030\ocr_test_uploads\20260519_182114_632463\77-2.Onion Extract Flavor,SYMRISE ASIA PACIFIC PTE LTD社-MUIS(2022-02-28).PDF","_onedrive_backup_archive\data.__onedrive_backup_20260629_144030\ocr_test_uploads\20260519_182114_632463\77-2.Onion Extract Flavor,SYMRISE ASIA PACIFIC PTE LTD社-MUIS(2022-02-28).PDF","77-2.Onion Extract Flavor,SYMRISE ASIA PACIFIC PTE LTD社-MUIS(2022-02-28).PDF",".pdf","115986","0.1106","2026-05-19T18:21:14","2026-05-19T18:21:14","PDF"
"RUNTIME","D:\halal_web_runtime","D:\halal_web_runtime\_onedrive_backup_archive\data.__onedrive_backup_20260629_144030\ocr_test_uploads\20260519_182153_651129\951416_MUIS_2020.pdf","_onedrive_backup_archive\data.__onedrive_backup_20260629_144030\ocr_test_uploads\20260519_182153_651129\951416_MUIS_2020.pdf","951416_MUIS_2020.pdf",".pdf","103923","0.0991","2026-05-19T18:21:53","2026-05-19T18:21:53","PDF"
"RUNTIME","D:\halal_web_runtime","D:\halal_web_runtime\_onedrive_backup_archive\data.__onedrive_backup_20260629_144030\ocr_test_uploads\20260519_182313_236738\98_1_2. Salt(Bonsogeum)(HANJUSAL)[KMF_2028-07-31]비.pdf","_onedrive_backup_archive\data.__onedrive_backup_20260629_144030\ocr_test_uploads\20260519_182313_236738\98_1_2. Salt(Bonsogeum)(HANJUSAL)[KMF_2028-07-31]비.pdf","98_1_2. Salt(Bonsogeum)(HANJUSAL)[KMF_2028-07-31]비.pdf",".pdf","76234","0.0727","2026-05-19T18:23:13","2026-05-19T18:23:13","PDF"
"RUNTIME","D:\halal_web_runtime","D:\halal_web_runtime\_onedrive_backup_archive\data.__onedrive_backup_20260629_144030\ocr_test_uploads\20260519_182313_236738\98_3_3. Refined White Sugar(Samyang)[KMF_2025-12-24]비.pdf","_onedrive_backup_archive\data.__onedrive_backup_20260629_144030\ocr_test_uploads\20260519_182313_236738\98_3_3. Refined White Sugar(Samyang)[KMF_2025-12-24]비.pdf","98_3_3. Refined White Sugar(Samyang)[KMF_2025-12-24]비.pdf",".pdf","539735","0.5147","2026-05-19T18:23:13","2026-05-19T18:23:13","PDF"
"RUNTIME","D:\halal_web_runtime","D:\halal_web_runtime\_onedrive_backup_archive\data.__onedrive_backup_20260629_144030\rules\approved_rule_history.jsonl","_onedrive_backup_archive\data.__onedrive_backup_20260629_144030\rules\approved_rule_history.jsonl","approved_rule_history.jsonl",".jsonl","1282","0.0012","2026-06-05T08:44:59","2026-06-05T15:00:46","SOURCE_OR_CONFIG"
"RUNTIME","D:\halal_web_runtime","D:\halal_web_runtime\_onedrive_backup_archive\data.__onedrive_backup_20260629_144030\rules\certificate_rule_overrides.json","_onedrive_backup_archive\data.__onedrive_backup_20260629_144030\rules\certificate_rule_overrides.json","certificate_rule_overrides.json",".json","1239","0.0012","2026-06-05T15:00:46","2026-06-05T15:00:46","SOURCE_OR_CONFIG"
"RUNTIME","D:\halal_web_runtime","D:\halal_web_runtime\_onedrive_backup_archive\data.__onedrive_backup_20260629_144030\rules\rule_candidates.jsonl","_onedrive_backup_archive\data.__onedrive_backup_20260629_144030\rules\rule_candidates.jsonl","rule_candidates.jsonl",".jsonl","61410","0.0586","2026-06-11T15:42:36","2026-06-11T15:43:09","SOURCE_OR_CONFIG"
"RUNTIME","D:\halal_web_runtime","D:\halal_web_runtime\_onedrive_backup_archive\data.__onedrive_backup_20260629_144030\rules\rule_validation_reports\VR_20260605_143421_HFFIA_cert_no_anchor_regex_v1.csv","_onedrive_backup_archive\data.__onedrive_backup_20260629_144030\rules\rule_validation_reports\VR_20260605_143421_HFFIA_cert_no_anchor_regex_v1.csv","VR_20260605_143421_HFFIA_cert_no_anchor_regex_v1.csv",".csv","399","0.0004","2026-06-05T14:34:22","2026-06-05T14:34:22","BACKUP"
"RUNTIME","D:\halal_web_runtime","D:\halal_web_runtime\_onedrive_backup_archive\data.__onedrive_backup_20260629_144030\rules\rule_validation_reports\VR_20260605_143421_HFFIA_cert_no_anchor_regex_v1.json","_onedrive_backup_archive\data.__onedrive_backup_20260629_144030\rules\rule_validation_reports\VR_20260605_143421_HFFIA_cert_no_anchor_regex_v1.json","VR_20260605_143421_HFFIA_cert_no_anchor_regex_v1.json",".json","9679","0.0092","2026-06-05T14:34:22","2026-06-05T14:34:22","SOURCE_OR_CONFIG"
"RUNTIME","D:\halal_web_runtime","D:\halal_web_runtime\_onedrive_backup_archive\data.__onedrive_backup_20260629_144030\rules\rule_validation_reports\VR_20260605_144759_HFCE_cert_no_anchor_regex_v1.csv","_onedrive_backup_archive\data.__onedrive_backup_20260629_144030\rules\rule_validation_reports\VR_20260605_144759_HFCE_cert_no_anchor_regex_v1.csv","VR_20260605_144759_HFCE_cert_no_anchor_regex_v1.csv",".csv","134","0.0001","2026-06-05T14:47:59","2026-06-05T14:47:59","BACKUP"
"RUNTIME","D:\halal_web_runtime","D:\halal_web_runtime\_onedrive_backup_archive\data.__onedrive_backup_20260629_144030\rules\rule_validation_reports\VR_20260605_144759_HFCE_cert_no_anchor_regex_v1.json","_onedrive_backup_archive\data.__onedrive_backup_20260629_144030\rules\rule_validation_reports\VR_20260605_144759_HFCE_cert_no_anchor_regex_v1.json","VR_20260605_144759_HFCE_cert_no_anchor_regex_v1.json",".json","8688","0.0083","2026-06-05T14:47:59","2026-06-05T14:47:59","SOURCE_OR_CONFIG"
"RUNTIME","D:\halal_web_runtime","D:\halal_web_runtime\_onedrive_backup_archive\data.__onedrive_backup_20260629_144030\rules\rule_validation_reports\VR_20260605_144813_HFCE_cert_no_anchor_regex_v1.csv","_onedrive_backup_archive\data.__onedrive_backup_20260629_144030\rules\rule_validation_reports\VR_20260605_144813_HFCE_cert_no_anchor_regex_v1.csv","VR_20260605_144813_HFCE_cert_no_anchor_regex_v1.csv",".csv","134","0.0001","2026-06-05T14:48:13","2026-06-05T14:48:13","BACKUP"
"RUNTIME","D:\halal_web_runtime","D:\halal_web_runtime\_onedrive_backup_archive\data.__onedrive_backup_20260629_144030\rules\rule_validation_reports\VR_20260605_144813_HFCE_cert_no_anchor_regex_v1.json","_onedrive_backup_archive\data.__onedrive_backup_20260629_144030\rules\rule_validation_reports\VR_20260605_144813_HFCE_cert_no_anchor_regex_v1.json","VR_20260605_144813_HFCE_cert_no_anchor_regex_v1.json",".json","9108","0.0087","2026-06-05T14:48:13","2026-06-05T14:48:13","SOURCE_OR_CONFIG"
"RUNTIME","D:\halal_web_runtime","D:\halal_web_runtime\_onedrive_backup_archive\data.__onedrive_backup_20260629_144030\rules\rule_validation_reports\VR_20260605_144822_HFFIA_cert_no_anchor_regex_v1.csv","_onedrive_backup_archive\data.__onedrive_backup_20260629_144030\rules\rule_validation_reports\VR_20260605_144822_HFFIA_cert_no_anchor_regex_v1.csv","VR_20260605_144822_HFFIA_cert_no_anchor_regex_v1.csv",".csv","399","0.0004","2026-06-05T14:48:23","2026-06-05T14:48:23","BACKUP"
"RUNTIME","D:\halal_web_runtime","D:\halal_web_runtime\_onedrive_backup_archive\data.__onedrive_backup_20260629_144030\rules\rule_validation_reports\VR_20260605_144822_HFFIA_cert_no_anchor_regex_v1.json","_onedrive_backup_archive\data.__onedrive_backup_20260629_144030\rules\rule_validation_reports\VR_20260605_144822_HFFIA_cert_no_anchor_regex_v1.json","VR_20260605_144822_HFFIA_cert_no_anchor_regex_v1.json",".json","10099","0.0096","2026-06-05T14:48:23","2026-06-05T14:48:23","SOURCE_OR_CONFIG"
"RUNTIME","D:\halal_web_runtime","D:\halal_web_runtime\_onedrive_backup_archive\data.__onedrive_backup_20260629_144030\rules\rule_validation_reports\VR_20260605_144839_ARA_cert_no_anchor_regex_v1.csv","_onedrive_backup_archive\data.__onedrive_backup_20260629_144030\rules\rule_validation_reports\VR_20260605_144839_ARA_cert_no_anchor_regex_v1.csv","VR_20260605_144839_ARA_cert_no_anchor_regex_v1.csv",".csv","424","0.0004","2026-06-05T14:48:39","2026-06-05T14:48:39","BACKUP"
"RUNTIME","D:\halal_web_runtime","D:\halal_web_runtime\_onedrive_backup_archive\data.__onedrive_backup_20260629_144030\rules\rule_validation_reports\VR_20260605_144839_ARA_cert_no_anchor_regex_v1.json","_onedrive_backup_archive\data.__onedrive_backup_20260629_144030\rules\rule_validation_reports\VR_20260605_144839_ARA_cert_no_anchor_regex_v1.json","VR_20260605_144839_ARA_cert_no_anchor_regex_v1.json",".json","9503","0.0091","2026-06-05T14:48:39","2026-06-05T14:48:39","SOURCE_OR_CONFIG"
"RUNTIME","D:\halal_web_runtime","D:\halal_web_runtime\_onedrive_backup_archive\data.__onedrive_backup_20260629_144030\rules\rule_validation_reports\VR_20260605_144843_CICOT_cert_no_anchor_regex_v1.csv","_onedrive_backup_archive\data.__onedrive_backup_20260629_144030\rules\rule_validation_reports\VR_20260605_144843_CICOT_cert_no_anchor_regex_v1.csv","VR_20260605_144843_CICOT_cert_no_anchor_regex_v1.csv",".csv","411","0.0004","2026-06-05T14:48:43","2026-06-05T14:48:43","BACKUP"
"RUNTIME","D:\halal_web_runtime","D:\halal_web_runtime\_onedrive_backup_archive\data.__onedrive_backup_20260629_144030\rules\rule_validation_reports\VR_20260605_144843_CICOT_cert_no_anchor_regex_v1.json","_onedrive_backup_archive\data.__onedrive_backup_20260629_144030\rules\rule_validation_reports\VR_20260605_144843_CICOT_cert_no_anchor_regex_v1.json","VR_20260605_144843_CICOT_cert_no_anchor_regex_v1.json",".json","9369","0.0089","2026-06-05T14:48:43","2026-06-05T14:48:43","SOURCE_OR_CONFIG"
"RUNTIME","D:\halal_web_runtime","D:\halal_web_runtime\_onedrive_backup_archive\data.__onedrive_backup_20260629_144030\rules\rule_validation_reports\VR_20260605_144954_ARA_cert_no_anchor_regex_v1.csv","_onedrive_backup_archive\data.__onedrive_backup_20260629_144030\rules\rule_validation_reports\VR_20260605_144954_ARA_cert_no_anchor_regex_v1.csv","VR_20260605_144954_ARA_cert_no_anchor_regex_v1.csv",".csv","424","0.0004","2026-06-05T14:49:54","2026-06-05T14:49:54","BACKUP"
"RUNTIME","D:\halal_web_runtime","D:\halal_web_runtime\_onedrive_backup_archive\data.__onedrive_backup_20260629_144030\rules\rule_validation_reports\VR_20260605_144954_ARA_cert_no_anchor_regex_v1.json","_onedrive_backup_archive\data.__onedrive_backup_20260629_144030\rules\rule_validation_reports\VR_20260605_144954_ARA_cert_no_anchor_regex_v1.json","VR_20260605_144954_ARA_cert_no_anchor_regex_v1.json",".json","9921","0.0095","2026-06-05T14:49:54","2026-06-05T14:49:54","SOURCE_OR_CONFIG"
"RUNTIME","D:\halal_web_runtime","D:\halal_web_runtime\_onedrive_backup_archive\data.__onedrive_backup_20260629_144030\rules\rule_validation_reports\VR_20260605_145029_ARA_cert_no_anchor_regex_v1.csv","_onedrive_backup_archive\data.__onedrive_backup_20260629_144030\rules\rule_validation_reports\VR_20260605_145029_ARA_cert_no_anchor_regex_v1.csv","VR_20260605_145029_ARA_cert_no_anchor_regex_v1.csv",".csv","424","0.0004","2026-06-05T14:50:29","2026-06-05T14:50:29","BACKUP"
"RUNTIME","D:\halal_web_runtime","D:\halal_web_runtime\_onedrive_backup_archive\data.__onedrive_backup_20260629_144030\rules\rule_validation_reports\VR_20260605_145029_ARA_cert_no_anchor_regex_v1.json","_onedrive_backup_archive\data.__onedrive_backup_20260629_144030\rules\rule_validation_reports\VR_20260605_145029_ARA_cert_no_anchor_regex_v1.json","VR_20260605_145029_ARA_cert_no_anchor_regex_v1.json",".json","9921","0.0095","2026-06-05T14:50:29","2026-06-05T14:50:29","SOURCE_OR_CONFIG"
"RUNTIME","D:\halal_web_runtime","D:\halal_web_runtime\_onedrive_backup_archive\data.__onedrive_backup_20260629_144030\rules\rule_validation_reports\VR_20260605_145646_MUIS_manufacturer_address_cleanup_v1.csv","_onedrive_backup_archive\data.__onedrive_backup_20260629_144030\rules\rule_validation_reports\VR_20260605_145646_MUIS_manufacturer_address_cleanup_v1.csv","VR_20260605_145646_MUIS_manufacturer_address_cleanup_v1.csv",".csv","134","0.0001","2026-06-05T14:56:46","2026-06-05T14:56:46","BACKUP"
"RUNTIME","D:\halal_web_runtime","D:\halal_web_runtime\_onedrive_backup_archive\data.__onedrive_backup_20260629_144030\rules\rule_validation_reports\VR_20260605_145646_MUIS_manufacturer_address_cleanup_v1.json","_onedrive_backup_archive\data.__onedrive_backup_20260629_144030\rules\rule_validation_reports\VR_20260605_145646_MUIS_manufacturer_address_cleanup_v1.json","VR_20260605_145646_MUIS_manufacturer_address_cleanup_v1.json",".json","8777","0.0084","2026-06-05T14:56:46","2026-06-05T14:56:46","SOURCE_OR_CONFIG"
"RUNTIME","D:\halal_web_runtime","D:\halal_web_runtime\_onedrive_backup_archive\data.__onedrive_backup_20260629_144030\rules\rule_validation_reports\VR_20260605_145719_MUIS_manufacturer_address_cleanup_v1.csv","_onedrive_backup_archive\data.__onedrive_backup_20260629_144030\rules\rule_validation_reports\VR_20260605_145719_MUIS_manufacturer_address_cleanup_v1.csv","VR_20260605_145719_MUIS_manufacturer_address_cleanup_v1.csv",".csv","134","0.0001","2026-06-05T14:57:19","2026-06-05T14:57:19","BACKUP"
"RUNTIME","D:\halal_web_runtime","D:\halal_web_runtime\_onedrive_backup_archive\data.__onedrive_backup_20260629_144030\rules\rule_validation_reports\VR_20260605_145719_MUIS_manufacturer_address_cleanup_v1.json","_onedrive_backup_archive\data.__onedrive_backup_20260629_144030\rules\rule_validation_reports\VR_20260605_145719_MUIS_manufacturer_address_cleanup_v1.json","VR_20260605_145719_MUIS_manufacturer_address_cleanup_v1.json",".json","9205","0.0088","2026-06-05T14:57:19","2026-06-05T14:57:19","SOURCE_OR_CONFIG"
"RUNTIME","D:\halal_web_runtime","D:\halal_web_runtime\_onedrive_backup_archive\data.__onedrive_backup_20260629_144030\rules\rule_validation_reports\VR_20260605_145731_MUIS_expiry_date_anchor_v1.csv","_onedrive_backup_archive\data.__onedrive_backup_20260629_144030\rules\rule_validation_reports\VR_20260605_145731_MUIS_expiry_date_anchor_v1.csv","VR_20260605_145731_MUIS_expiry_date_anchor_v1.csv",".csv","134","0.0001","2026-06-05T14:57:31","2026-06-05T14:57:31","BACKUP"
"RUNTIME","D:\halal_web_runtime","D:\halal_web_runtime\_onedrive_backup_archive\data.__onedrive_backup_20260629_144030\rules\rule_validation_reports\VR_20260605_145731_MUIS_expiry_date_anchor_v1.json","_onedrive_backup_archive\data.__onedrive_backup_20260629_144030\rules\rule_validation_reports\VR_20260605_145731_MUIS_expiry_date_anchor_v1.json","VR_20260605_145731_MUIS_expiry_date_anchor_v1.json",".json","8864","0.0085","2026-06-05T14:57:31","2026-06-05T14:57:31","SOURCE_OR_CONFIG"
"RUNTIME","D:\halal_web_runtime","D:\halal_web_runtime\_onedrive_backup_archive\data.__onedrive_backup_20260629_144030\rules\rule_validation_reports\VR_20260605_145735_non_certificate_doc_marker_v1.csv","_onedrive_backup_archive\data.__onedrive_backup_20260629_144030\rules\rule_validation_reports\VR_20260605_145735_non_certificate_doc_marker_v1.csv","VR_20260605_145735_non_certificate_doc_marker_v1.csv",".csv","134","0.0001","2026-06-05T14:57:36","2026-06-05T14:57:36","BACKUP"
"RUNTIME","D:\halal_web_runtime","D:\halal_web_runtime\_onedrive_backup_archive\data.__onedrive_backup_20260629_144030\rules\rule_validation_reports\VR_20260605_145735_non_certificate_doc_marker_v1.json","_onedrive_backup_archive\data.__onedrive_backup_20260629_144030\rules\rule_validation_reports\VR_20260605_145735_non_certificate_doc_marker_v1.json","VR_20260605_145735_non_certificate_doc_marker_v1.json",".json","8534","0.0081","2026-06-05T14:57:36","2026-06-05T14:57:36","SOURCE_OR_CONFIG"
"RUNTIME","D:\halal_web_runtime","D:\halal_web_runtime\_onedrive_backup_archive\data.__onedrive_backup_20260629_144030\rules\rule_validation_reports\VR_20260605_145739_cert_no_pattern_arabic_hffia_v1.csv","_onedrive_backup_archive\data.__onedrive_backup_20260629_144030\rules\rule_validation_reports\VR_20260605_145739_cert_no_pattern_arabic_hffia_v1.csv","VR_20260605_145739_cert_no_pattern_arabic_hffia_v1.csv",".csv","1236","0.0012","2026-06-05T14:57:39","2026-06-05T14:57:39","BACKUP"
"RUNTIME","D:\halal_web_runtime","D:\halal_web_runtime\_onedrive_backup_archive\data.__onedrive_backup_20260629_144030\rules\rule_validation_reports\VR_20260605_145739_cert_no_pattern_arabic_hffia_v1.json","_onedrive_backup_archive\data.__onedrive_backup_20260629_144030\rules\rule_validation_reports\VR_20260605_145739_cert_no_pattern_arabic_hffia_v1.json","VR_20260605_145739_cert_no_pattern_arabic_hffia_v1.json",".json","12172","0.0116","2026-06-05T14:57:39","2026-06-05T14:57:39","SOURCE_OR_CONFIG"
"RUNTIME","D:\halal_web_runtime","D:\halal_web_runtime\_onedrive_backup_archive\data.__onedrive_backup_20260629_144030\rules\rule_validation_reports\VR_20260605_145751_date_anchor_MUIS_validuntil_v1.csv","_onedrive_backup_archive\data.__onedrive_backup_20260629_144030\rules\rule_validation_reports\VR_20260605_145751_date_anchor_MUIS_validuntil_v1.csv","VR_20260605_145751_date_anchor_MUIS_validuntil_v1.csv",".csv","134","0.0001","2026-06-05T14:57:52","2026-06-05T14:57:52","BACKUP"
"RUNTIME","D:\halal_web_runtime","D:\halal_web_runtime\_onedrive_backup_archive\data.__onedrive_backup_20260629_144030\rules\rule_validation_reports\VR_20260605_145751_date_anchor_MUIS_validuntil_v1.json","_onedrive_backup_archive\data.__onedrive_backup_20260629_144030\rules\rule_validation_reports\VR_20260605_145751_date_anchor_MUIS_validuntil_v1.json","VR_20260605_145751_date_anchor_MUIS_validuntil_v1.json",".json","9023","0.0086","2026-06-05T14:57:52","2026-06-05T14:57:52","SOURCE_OR_CONFIG"
"RUNTIME","D:\halal_web_runtime","D:\halal_web_runtime\_onedrive_backup_archive\data.__onedrive_backup_20260629_144030\rules\rule_validation_reports\VR_20260605_145826_date_anchor_MUIS_validuntil_v1.csv","_onedrive_backup_archive\data.__onedrive_backup_20260629_144030\rules\rule_validation_reports\VR_20260605_145826_date_anchor_MUIS_validuntil_v1.csv","VR_20260605_145826_date_anchor_MUIS_validuntil_v1.csv",".csv","134","0.0001","2026-06-05T14:58:26","2026-06-05T14:58:26","BACKUP"
"RUNTIME","D:\halal_web_runtime","D:\halal_web_runtime\_onedrive_backup_archive\data.__onedrive_backup_20260629_144030\rules\rule_validation_reports\VR_20260605_145826_date_anchor_MUIS_validuntil_v1.json","_onedrive_backup_archive\data.__onedrive_backup_20260629_144030\rules\rule_validation_reports\VR_20260605_145826_date_anchor_MUIS_validuntil_v1.json","VR_20260605_145826_date_anchor_MUIS_validuntil_v1.json",".json","9445","0.009","2026-06-05T14:58:26","2026-06-05T14:58:26","SOURCE_OR_CONFIG"
"RUNTIME","D:\halal_web_runtime","D:\halal_web_runtime\_onedrive_backup_archive\data.__onedrive_backup_20260629_144030\rules\rule_validation_reports\VR_20260605_145840_manufacturer_label_strip_v1.csv","_onedrive_backup_archive\data.__onedrive_backup_20260629_144030\rules\rule_validation_reports\VR_20260605_145840_manufacturer_label_strip_v1.csv","VR_20260605_145840_manufacturer_label_strip_v1.csv",".csv","134","0.0001","2026-06-05T14:58:40","2026-06-05T14:58:40","BACKUP"
"RUNTIME","D:\halal_web_runtime","D:\halal_web_runtime\_onedrive_backup_archive\data.__onedrive_backup_20260629_144030\rules\rule_validation_reports\VR_20260605_145840_manufacturer_label_strip_v1.json","_onedrive_backup_archive\data.__onedrive_backup_20260629_144030\rules\rule_validation_reports\VR_20260605_145840_manufacturer_label_strip_v1.json","VR_20260605_145840_manufacturer_label_strip_v1.json",".json","9021","0.0086","2026-06-05T14:58:40","2026-06-05T14:58:40","SOURCE_OR_CONFIG"
"RUNTIME","D:\halal_web_runtime","D:\halal_web_runtime\_onedrive_backup_archive\data.__onedrive_backup_20260629_144030\rules\rule_validation_reports\VR_20260605_145917_manufacturer_label_strip_v1.csv","_onedrive_backup_archive\data.__onedrive_backup_20260629_144030\rules\rule_validation_reports\VR_20260605_145917_manufacturer_label_strip_v1.csv","VR_20260605_145917_manufacturer_label_strip_v1.csv",".csv","134","0.0001","2026-06-05T14:59:17","2026-06-05T14:59:17","BACKUP"
"RUNTIME","D:\halal_web_runtime","D:\halal_web_runtime\_onedrive_backup_archive\data.__onedrive_backup_20260629_144030\rules\rule_validation_reports\VR_20260605_145917_manufacturer_label_strip_v1.json","_onedrive_backup_archive\data.__onedrive_backup_20260629_144030\rules\rule_validation_reports\VR_20260605_145917_manufacturer_label_strip_v1.json","VR_20260605_145917_manufacturer_label_strip_v1.json",".json","9440","0.009","2026-06-05T14:59:17","2026-06-05T14:59:17","SOURCE_OR_CONFIG"
"RUNTIME","D:\halal_web_runtime","D:\halal_web_runtime\_onedrive_backup_archive\data.__onedrive_backup_20260629_144030\rules\rule_validation_reports\VR_20260605_145922_cert_no_pattern_general_v1.csv","_onedrive_backup_archive\data.__onedrive_backup_20260629_144030\rules\rule_validation_reports\VR_20260605_145922_cert_no_pattern_general_v1.csv","VR_20260605_145922_cert_no_pattern_general_v1.csv",".csv","34208","0.0326","2026-06-05T14:59:22","2026-06-05T14:59:22","BACKUP"
"RUNTIME","D:\halal_web_runtime","D:\halal_web_runtime\_onedrive_backup_archive\data.__onedrive_backup_20260629_144030\rules\rule_validation_reports\VR_20260605_145922_cert_no_pattern_general_v1.json","_onedrive_backup_archive\data.__onedrive_backup_20260629_144030\rules\rule_validation_reports\VR_20260605_145922_cert_no_pattern_general_v1.json","VR_20260605_145922_cert_no_pattern_general_v1.json",".json","93960","0.0896","2026-06-05T14:59:22","2026-06-05T14:59:22","SOURCE_OR_CONFIG"
"RUNTIME","D:\halal_web_runtime","D:\halal_web_runtime\_onedrive_backup_archive\data.__onedrive_backup_20260629_144030\rules\rule_validation_reports\VR_20260605_145927_non_certificate_msds_marker_2024Q2.csv","_onedrive_backup_archive\data.__onedrive_backup_20260629_144030\rules\rule_validation_reports\VR_20260605_145927_non_certificate_msds_marker_2024Q2.csv","VR_20260605_145927_non_certificate_msds_marker_2024Q2.csv",".csv","134","0.0001","2026-06-05T14:59:27","2026-06-05T14:59:27","BACKUP"
"RUNTIME","D:\halal_web_runtime","D:\halal_web_runtime\_onedrive_backup_archive\data.__onedrive_backup_20260629_144030\rules\rule_validation_reports\VR_20260605_145927_non_certificate_msds_marker_2024Q2.json","_onedrive_backup_archive\data.__onedrive_backup_20260629_144030\rules\rule_validation_reports\VR_20260605_145927_non_certificate_msds_marker_2024Q2.json","VR_20260605_145927_non_certificate_msds_marker_2024Q2.json",".json","8576","0.0082","2026-06-05T14:59:27","2026-06-05T14:59:27","SOURCE_OR_CONFIG"
"RUNTIME","D:\halal_web_runtime","D:\halal_web_runtime\_onedrive_backup_archive\data.__onedrive_backup_20260629_144030\rules\rule_validation_reports\VR_20260605_145941_HFCE_cert_no_anchor_regex_v1.csv","_onedrive_backup_archive\data.__onedrive_backup_20260629_144030\rules\rule_validation_reports\VR_20260605_145941_HFCE_cert_no_anchor_regex_v1.csv","VR_20260605_145941_HFCE_cert_no_anchor_regex_v1.csv",".csv","134","0.0001","2026-06-05T14:59:41","2026-06-05T14:59:41","BACKUP"
"RUNTIME","D:\halal_web_runtime","D:\halal_web_runtime\_onedrive_backup_archive\data.__onedrive_backup_20260629_144030\rules\rule_validation_reports\VR_20260605_145941_HFCE_cert_no_anchor_regex_v1.json","_onedrive_backup_archive\data.__onedrive_backup_20260629_144030\rules\rule_validation_reports\VR_20260605_145941_HFCE_cert_no_anchor_regex_v1.json","VR_20260605_145941_HFCE_cert_no_anchor_regex_v1.json",".json","9108","0.0087","2026-06-05T14:59:41","2026-06-05T14:59:41","SOURCE_OR_CONFIG"
"RUNTIME","D:\halal_web_runtime","D:\halal_web_runtime\_onedrive_backup_archive\data.__onedrive_backup_20260629_144030\rules\rule_validation_reports\VR_20260605_145944_HFFIA_cert_no_anchor_regex_v1.csv","_onedrive_backup_archive\data.__onedrive_backup_20260629_144030\rules\rule_validation_reports\VR_20260605_145944_HFFIA_cert_no_anchor_regex_v1.csv","VR_20260605_145944_HFFIA_cert_no_anchor_regex_v1.csv",".csv","399","0.0004","2026-06-05T14:59:44","2026-06-05T14:59:44","BACKUP"
"RUNTIME","D:\halal_web_runtime","D:\halal_web_runtime\_onedrive_backup_archive\data.__onedrive_backup_20260629_144030\rules\rule_validation_reports\VR_20260605_145944_HFFIA_cert_no_anchor_regex_v1.json","_onedrive_backup_archive\data.__onedrive_backup_20260629_144030\rules\rule_validation_reports\VR_20260605_145944_HFFIA_cert_no_anchor_regex_v1.json","VR_20260605_145944_HFFIA_cert_no_anchor_regex_v1.json",".json","10099","0.0096","2026-06-05T14:59:44","2026-06-05T14:59:44","SOURCE_OR_CONFIG"
"RUNTIME","D:\halal_web_runtime","D:\halal_web_runtime\_onedrive_backup_archive\data.__onedrive_backup_20260629_144030\rules\rule_validation_reports\VR_20260605_172430_MUIS_expiry_date_anchor_v1.csv","_onedrive_backup_archive\data.__onedrive_backup_20260629_144030\rules\rule_validation_reports\VR_20260605_172430_MUIS_expiry_date_anchor_v1.csv","VR_20260605_172430_MUIS_expiry_date_anchor_v1.csv",".csv","134","0.0001","2026-06-05T17:24:30","2026-06-05T17:24:30","BACKUP"
"RUNTIME","D:\halal_web_runtime","D:\halal_web_runtime\_onedrive_backup_archive\data.__onedrive_backup_20260629_144030\rules\rule_validation_reports\VR_20260605_172430_MUIS_expiry_date_anchor_v1.json","_onedrive_backup_archive\data.__onedrive_backup_20260629_144030\rules\rule_validation_reports\VR_20260605_172430_MUIS_expiry_date_anchor_v1.json","VR_20260605_172430_MUIS_expiry_date_anchor_v1.json",".json","9282","0.0089","2026-06-05T17:24:30","2026-06-05T17:24:30","SOURCE_OR_CONFIG"
"RUNTIME","D:\halal_web_runtime","D:\halal_web_runtime\_onedrive_backup_archive\data.__onedrive_backup_20260629_144030\rules\rule_validation_reports\VR_20260611_135839_JMA_cert_no_pattern_01.csv","_onedrive_backup_archive\data.__onedrive_backup_20260629_144030\rules\rule_validation_reports\VR_20260611_135839_JMA_cert_no_pattern_01.csv","VR_20260611_135839_JMA_cert_no_pattern_01.csv",".csv","698","0.0007","2026-06-11T13:58:39","2026-06-11T13:58:39","BACKUP"
"RUNTIME","D:\halal_web_runtime","D:\halal_web_runtime\_onedrive_backup_archive\data.__onedrive_backup_20260629_144030\rules\rule_validation_reports\VR_20260611_135839_JMA_cert_no_pattern_01.json","_onedrive_backup_archive\data.__onedrive_backup_20260629_144030\rules\rule_validation_reports\VR_20260611_135839_JMA_cert_no_pattern_01.json","VR_20260611_135839_JMA_cert_no_pattern_01.json",".json","10182","0.0097","2026-06-11T13:58:39","2026-06-11T13:58:39","SOURCE_OR_CONFIG"
"RUNTIME","D:\halal_web_runtime","D:\halal_web_runtime\_onedrive_backup_archive\data.__onedrive_backup_20260629_144030\rules\rule_validation_reports\VR_20260611_135920_CICOT_cert_no_anchor_regex_v1.csv","_onedrive_backup_archive\data.__onedrive_backup_20260629_144030\rules\rule_validation_reports\VR_20260611_135920_CICOT_cert_no_anchor_regex_v1.csv","VR_20260611_135920_CICOT_cert_no_anchor_regex_v1.csv",".csv","411","0.0004","2026-06-11T13:59:20","2026-06-11T13:59:20","BACKUP"
"RUNTIME","D:\halal_web_runtime","D:\halal_web_runtime\_onedrive_backup_archive\data.__onedrive_backup_20260629_144030\rules\rule_validation_reports\VR_20260611_135920_CICOT_cert_no_anchor_regex_v1.json","_onedrive_backup_archive\data.__onedrive_backup_20260629_144030\rules\rule_validation_reports\VR_20260611_135920_CICOT_cert_no_anchor_regex_v1.json","VR_20260611_135920_CICOT_cert_no_anchor_regex_v1.json",".json","9789","0.0093","2026-06-11T13:59:20","2026-06-11T13:59:20","SOURCE_OR_CONFIG"
"RUNTIME","D:\halal_web_runtime","D:\halal_web_runtime\_onedrive_backup_archive\data.__onedrive_backup_20260629_144030\rules\rule_validation_reports\VR_20260611_135939_ISA_cert_no_pattern_01.csv","_onedrive_backup_archive\data.__onedrive_backup_20260629_144030\rules\rule_validation_reports\VR_20260611_135939_ISA_cert_no_pattern_01.csv","VR_20260611_135939_ISA_cert_no_pattern_01.csv",".csv","134","0.0001","2026-06-11T13:59:39","2026-06-11T13:59:39","BACKUP"
"RUNTIME","D:\halal_web_runtime","D:\halal_web_runtime\_onedrive_backup_archive\data.__onedrive_backup_20260629_144030\rules\rule_validation_reports\VR_20260611_135939_ISA_cert_no_pattern_01.json","_onedrive_backup_archive\data.__onedrive_backup_20260629_144030\rules\rule_validation_reports\VR_20260611_135939_ISA_cert_no_pattern_01.json","VR_20260611_135939_ISA_cert_no_pattern_01.json",".json","8486","0.0081","2026-06-11T13:59:39","2026-06-11T13:59:39","SOURCE_OR_CONFIG"
"RUNTIME","D:\halal_web_runtime","D:\halal_web_runtime\_onedrive_backup_archive\data.__onedrive_backup_20260629_144030\rules\rule_validation_reports\VR_20260611_135944_HFFIA_cert_no_pattern_01.csv","_onedrive_backup_archive\data.__onedrive_backup_20260629_144030\rules\rule_validation_reports\VR_20260611_135944_HFFIA_cert_no_pattern_01.csv","VR_20260611_135944_HFFIA_cert_no_pattern_01.csv",".csv","688","0.0007","2026-06-11T13:59:44","2026-06-11T13:59:44","BACKUP"
"RUNTIME","D:\halal_web_runtime","D:\halal_web_runtime\_onedrive_backup_archive\data.__onedrive_backup_20260629_144030\rules\rule_validation_reports\VR_20260611_135944_HFFIA_cert_no_pattern_01.json","_onedrive_backup_archive\data.__onedrive_backup_20260629_144030\rules\rule_validation_reports\VR_20260611_135944_HFFIA_cert_no_pattern_01.json","VR_20260611_135944_HFFIA_cert_no_pattern_01.json",".json","10290","0.0098","2026-06-11T13:59:44","2026-06-11T13:59:44","SOURCE_OR_CONFIG"
"RUNTIME","D:\halal_web_runtime","D:\halal_web_runtime\_onedrive_backup_archive\data.__onedrive_backup_20260629_144030\rules\rule_validation_reports\VR_20260611_143146_cert_no_pattern_CICOT_v2_20240611.csv","_onedrive_backup_archive\data.__onedrive_backup_20260629_144030\rules\rule_validation_reports\VR_20260611_143146_cert_no_pattern_CICOT_v2_20240611.csv","VR_20260611_143146_cert_no_pattern_CICOT_v2_20240611.csv",".csv","409","0.0004","2026-06-11T14:31:46","2026-06-11T14:31:46","BACKUP"
"RUNTIME","D:\halal_web_runtime","D:\halal_web_runtime\_onedrive_backup_archive\data.__onedrive_backup_20260629_144030\rules\rule_validation_reports\VR_20260611_143146_cert_no_pattern_CICOT_v2_20240611.json","_onedrive_backup_archive\data.__onedrive_backup_20260629_144030\rules\rule_validation_reports\VR_20260611_143146_cert_no_pattern_CICOT_v2_20240611.json","VR_20260611_143146_cert_no_pattern_CICOT_v2_20240611.json",".json","9418","0.009","2026-06-11T14:31:46","2026-06-11T14:31:46","SOURCE_OR_CONFIG"
"RUNTIME","D:\halal_web_runtime","D:\halal_web_runtime\_onedrive_backup_archive\data.__onedrive_backup_20260629_144030\rules\rule_validation_reports\VR_20260611_143146_date_anchor_HFCE_v1_20240611.csv","_onedrive_backup_archive\data.__onedrive_backup_20260629_144030\rules\rule_validation_reports\VR_20260611_143146_date_anchor_HFCE_v1_20240611.csv","VR_20260611_143146_date_anchor_HFCE_v1_20240611.csv",".csv","134","0.0001","2026-06-11T14:31:46","2026-06-11T14:31:46","BACKUP"
"RUNTIME","D:\halal_web_runtime","D:\halal_web_runtime\_onedrive_backup_archive\data.__onedrive_backup_20260629_144030\rules\rule_validation_reports\VR_20260611_143146_date_anchor_HFCE_v1_20240611.json","_onedrive_backup_archive\data.__onedrive_backup_20260629_144030\rules\rule_validation_reports\VR_20260611_143146_date_anchor_HFCE_v1_20240611.json","VR_20260611_143146_date_anchor_HFCE_v1_20240611.json",".json","8621","0.0082","2026-06-11T14:31:46","2026-06-11T14:31:46","SOURCE_OR_CONFIG"
"RUNTIME","D:\halal_web_runtime","D:\halal_web_runtime\_onedrive_backup_archive\data.__onedrive_backup_20260629_144030\rules\rule_validation_reports\VR_20260611_143147_cert_no_pattern_HFFIA_v1_20240611.csv","_onedrive_backup_archive\data.__onedrive_backup_20260629_144030\rules\rule_validation_reports\VR_20260611_143147_cert_no_pattern_HFFIA_v1_20240611.csv","VR_20260611_143147_cert_no_pattern_HFFIA_v1_20240611.csv",".csv","1289","0.0012","2026-06-11T14:31:47","2026-06-11T14:31:47","BACKUP"
"RUNTIME","D:\halal_web_runtime","D:\halal_web_runtime\_onedrive_backup_archive\data.__onedrive_backup_20260629_144030\rules\rule_validation_reports\VR_20260611_143147_cert_no_pattern_HFFIA_v1_20240611.json","_onedrive_backup_archive\data.__onedrive_backup_20260629_144030\rules\rule_validation_reports\VR_20260611_143147_cert_no_pattern_HFFIA_v1_20240611.json","VR_20260611_143147_cert_no_pattern_HFFIA_v1_20240611.json",".json","12151","0.0116","2026-06-11T14:31:47","2026-06-11T14:31:47","SOURCE_OR_CONFIG"
"RUNTIME","D:\halal_web_runtime","D:\halal_web_runtime\_onedrive_backup_archive\data.__onedrive_backup_20260629_144030\rules\rule_validation_reports\VR_20260611_143147_cert_no_pattern_MUIS_v1_20240611.csv","_onedrive_backup_archive\data.__onedrive_backup_20260629_144030\rules\rule_validation_reports\VR_20260611_143147_cert_no_pattern_MUIS_v1_20240611.csv","VR_20260611_143147_cert_no_pattern_MUIS_v1_20240611.csv",".csv","1823","0.0017","2026-06-11T14:31:47","2026-06-11T14:31:47","BACKUP"
"RUNTIME","D:\halal_web_runtime","D:\halal_web_runtime\_onedrive_backup_archive\data.__onedrive_backup_20260629_144030\rules\rule_validation_reports\VR_20260611_143147_cert_no_pattern_MUIS_v1_20240611.json","_onedrive_backup_archive\data.__onedrive_backup_20260629_144030\rules\rule_validation_reports\VR_20260611_143147_cert_no_pattern_MUIS_v1_20240611.json","VR_20260611_143147_cert_no_pattern_MUIS_v1_20240611.json",".json","13639","0.013","2026-06-11T14:31:47","2026-06-11T14:31:47","SOURCE_OR_CONFIG"
"RUNTIME","D:\halal_web_runtime","D:\halal_web_runtime\_onedrive_backup_archive\data.__onedrive_backup_20260629_144030\rules\rule_validation_reports\VR_20260611_143147_CICOT_cert_no_pattern_01.csv","_onedrive_backup_archive\data.__onedrive_backup_20260629_144030\rules\rule_validation_reports\VR_20260611_143147_CICOT_cert_no_pattern_01.csv","VR_20260611_143147_CICOT_cert_no_pattern_01.csv",".csv","1908","0.0018","2026-06-11T14:31:48","2026-06-11T14:31:48","BACKUP"
"RUNTIME","D:\halal_web_runtime","D:\halal_web_runtime\_onedrive_backup_archive\data.__onedrive_backup_20260629_144030\rules\rule_validation_reports\VR_20260611_143147_CICOT_cert_no_pattern_01.json","_onedrive_backup_archive\data.__onedrive_backup_20260629_144030\rules\rule_validation_reports\VR_20260611_143147_CICOT_cert_no_pattern_01.json","VR_20260611_143147_CICOT_cert_no_pattern_01.json",".json","13668","0.013","2026-06-11T14:31:48","2026-06-11T14:31:48","SOURCE_OR_CONFIG"
"RUNTIME","D:\halal_web_runtime","D:\halal_web_runtime\_onedrive_backup_archive\data.__onedrive_backup_20260629_144030\rules\rule_validation_reports\VR_20260611_143147_HFFIA_cert_no_pattern_01.csv","_onedrive_backup_archive\data.__onedrive_backup_20260629_144030\rules\rule_validation_reports\VR_20260611_143147_HFFIA_cert_no_pattern_01.csv","VR_20260611_143147_HFFIA_cert_no_pattern_01.csv",".csv","688","0.0007","2026-06-11T14:31:47","2026-06-11T14:31:47","BACKUP"
"RUNTIME","D:\halal_web_runtime","D:\halal_web_runtime\_onedrive_backup_archive\data.__onedrive_backup_20260629_144030\rules\rule_validation_reports\VR_20260611_143147_HFFIA_cert_no_pattern_01.json","_onedrive_backup_archive\data.__onedrive_backup_20260629_144030\rules\rule_validation_reports\VR_20260611_143147_HFFIA_cert_no_pattern_01.json","VR_20260611_143147_HFFIA_cert_no_pattern_01.json",".json","10705","0.0102","2026-06-11T14:31:47","2026-06-11T14:31:47","SOURCE_OR_CONFIG"
"RUNTIME","D:\halal_web_runtime","D:\halal_web_runtime\_onedrive_backup_archive\data.__onedrive_backup_20260629_144030\rules\rule_validation_reports\VR_20260611_143147_ISA_cert_no_pattern_01.csv","_onedrive_backup_archive\data.__onedrive_backup_20260629_144030\rules\rule_validation_reports\VR_20260611_143147_ISA_cert_no_pattern_01.csv","VR_20260611_143147_ISA_cert_no_pattern_01.csv",".csv","134","0.0001","2026-06-11T14:31:47","2026-06-11T14:31:47","BACKUP"
"RUNTIME","D:\halal_web_runtime","D:\halal_web_runtime\_onedrive_backup_archive\data.__onedrive_backup_20260629_144030\rules\rule_validation_reports\VR_20260611_143147_ISA_cert_no_pattern_01.json","_onedrive_backup_archive\data.__onedrive_backup_20260629_144030\rules\rule_validation_reports\VR_20260611_143147_ISA_cert_no_pattern_01.json","VR_20260611_143147_ISA_cert_no_pattern_01.json",".json","8900","0.0085","2026-06-11T14:31:47","2026-06-11T14:31:47","SOURCE_OR_CONFIG"
"RUNTIME","D:\halal_web_runtime","D:\halal_web_runtime\_onedrive_backup_archive\data.__onedrive_backup_20260629_144030\rules\rule_validation_reports\VR_20260611_143147_JMA_cert_no_pattern_01.csv","_onedrive_backup_archive\data.__onedrive_backup_20260629_144030\rules\rule_validation_reports\VR_20260611_143147_JMA_cert_no_pattern_01.csv","VR_20260611_143147_JMA_cert_no_pattern_01.csv",".csv","698","0.0007","2026-06-11T14:31:47","2026-06-11T14:31:47","BACKUP"
"RUNTIME","D:\halal_web_runtime","D:\halal_web_runtime\_onedrive_backup_archive\data.__onedrive_backup_20260629_144030\rules\rule_validation_reports\VR_20260611_143147_JMA_cert_no_pattern_01.json","_onedrive_backup_archive\data.__onedrive_backup_20260629_144030\rules\rule_validation_reports\VR_20260611_143147_JMA_cert_no_pattern_01.json","VR_20260611_143147_JMA_cert_no_pattern_01.json",".json","10595","0.0101","2026-06-11T14:31:47","2026-06-11T14:31:47","SOURCE_OR_CONFIG"
"RUNTIME","D:\halal_web_runtime","D:\halal_web_runtime\_onedrive_backup_archive\data.__onedrive_backup_20260629_144030\rules\rule_validation_reports\VR_20260611_143148_ARA_cert_no_pattern_01.csv","_onedrive_backup_archive\data.__onedrive_backup_20260629_144030\rules\rule_validation_reports\VR_20260611_143148_ARA_cert_no_pattern_01.csv","VR_20260611_143148_ARA_cert_no_pattern_01.csv",".csv","426","0.0004","2026-06-11T14:31:48","2026-06-11T14:31:48","BACKUP"
"RUNTIME","D:\halal_web_runtime","D:\halal_web_runtime\_onedrive_backup_archive\data.__onedrive_backup_20260629_144030\rules\rule_validation_reports\VR_20260611_143148_ARA_cert_no_pattern_01.json","_onedrive_backup_archive\data.__onedrive_backup_20260629_144030\rules\rule_validation_reports\VR_20260611_143148_ARA_cert_no_pattern_01.json","VR_20260611_143148_ARA_cert_no_pattern_01.json",".json","9455","0.009","2026-06-11T14:31:48","2026-06-11T14:31:48","SOURCE_OR_CONFIG"
"RUNTIME","D:\halal_web_runtime","D:\halal_web_runtime\_onedrive_backup_archive\data.__onedrive_backup_20260629_144030\rules\rule_validation_reports\VR_20260611_143148_HFCE_cert_no_pattern_01.csv","_onedrive_backup_archive\data.__onedrive_backup_20260629_144030\rules\rule_validation_reports\VR_20260611_143148_HFCE_cert_no_pattern_01.csv","VR_20260611_143148_HFCE_cert_no_pattern_01.csv",".csv","134","0.0001","2026-06-11T14:31:48","2026-06-11T14:31:48","BACKUP"
"RUNTIME","D:\halal_web_runtime","D:\halal_web_runtime\_onedrive_backup_archive\data.__onedrive_backup_20260629_144030\rules\rule_validation_reports\VR_20260611_143148_HFCE_cert_no_pattern_01.json","_onedrive_backup_archive\data.__onedrive_backup_20260629_144030\rules\rule_validation_reports\VR_20260611_143148_HFCE_cert_no_pattern_01.json","VR_20260611_143148_HFCE_cert_no_pattern_01.json",".json","8447","0.0081","2026-06-11T14:31:48","2026-06-11T14:31:48","SOURCE_OR_CONFIG"
"RUNTIME","D:\halal_web_runtime","D:\halal_web_runtime\_onedrive_backup_archive\data.__onedrive_backup_20260629_144030\rules\rule_validation_reports\VR_20260611_143148_JUHF_cert_no_pattern_01.csv","_onedrive_backup_archive\data.__onedrive_backup_20260629_144030\rules\rule_validation_reports\VR_20260611_143148_JUHF_cert_no_pattern_01.csv","VR_20260611_143148_JUHF_cert_no_pattern_01.csv",".csv","408","0.0004","2026-06-11T14:31:48","2026-06-11T14:31:48","BACKUP"
"RUNTIME","D:\halal_web_runtime","D:\halal_web_runtime\_onedrive_backup_archive\data.__onedrive_backup_20260629_144030\rules\rule_validation_reports\VR_20260611_143148_JUHF_cert_no_pattern_01.json","_onedrive_backup_archive\data.__onedrive_backup_20260629_144030\rules\rule_validation_reports\VR_20260611_143148_JUHF_cert_no_pattern_01.json","VR_20260611_143148_JUHF_cert_no_pattern_01.json",".json","9352","0.0089","2026-06-11T14:31:48","2026-06-11T14:31:48","SOURCE_OR_CONFIG"
"RUNTIME","D:\halal_web_runtime","D:\halal_web_runtime\_onedrive_backup_archive\data.__onedrive_backup_20260629_144030\rules\rule_validation_reports\VR_20260611_143148_MUIS_manufacturer_cleanup_01.csv","_onedrive_backup_archive\data.__onedrive_backup_20260629_144030\rules\rule_validation_reports\VR_20260611_143148_MUIS_manufacturer_cleanup_01.csv","VR_20260611_143148_MUIS_manufacturer_cleanup_01.csv",".csv","134","0.0001","2026-06-11T14:31:48","2026-06-11T14:31:48","BACKUP"
"RUNTIME","D:\halal_web_runtime","D:\halal_web_runtime\_onedrive_backup_archive\data.__onedrive_backup_20260629_144030\rules\rule_validation_reports\VR_20260611_143148_MUIS_manufacturer_cleanup_01.json","_onedrive_backup_archive\data.__onedrive_backup_20260629_144030\rules\rule_validation_reports\VR_20260611_143148_MUIS_manufacturer_cleanup_01.json","VR_20260611_143148_MUIS_manufacturer_cleanup_01.json",".json","8618","0.0082","2026-06-11T14:31:48","2026-06-11T14:31:48","SOURCE_OR_CONFIG"
"RUNTIME","D:\halal_web_runtime","D:\halal_web_runtime\_onedrive_backup_archive\data.__onedrive_backup_20260629_144030\rules\rule_validation_reports\VR_20260611_143148_TQHCC_cert_no_pattern_01.csv","_onedrive_backup_archive\data.__onedrive_backup_20260629_144030\rules\rule_validation_reports\VR_20260611_143148_TQHCC_cert_no_pattern_01.csv","VR_20260611_143148_TQHCC_cert_no_pattern_01.csv",".csv","1062","0.001","2026-06-11T14:31:48","2026-06-11T14:31:48","BACKUP"
"RUNTIME","D:\halal_web_runtime","D:\halal_web_runtime\_onedrive_backup_archive\data.__onedrive_backup_20260629_144030\rules\rule_validation_reports\VR_20260611_143148_TQHCC_cert_no_pattern_01.json","_onedrive_backup_archive\data.__onedrive_backup_20260629_144030\rules\rule_validation_reports\VR_20260611_143148_TQHCC_cert_no_pattern_01.json","VR_20260611_143148_TQHCC_cert_no_pattern_01.json",".json","11248","0.0107","2026-06-11T14:31:48","2026-06-11T14:31:48","SOURCE_OR_CONFIG"
"RUNTIME","D:\halal_web_runtime","D:\halal_web_runtime\_onedrive_backup_archive\data.__onedrive_backup_20260629_144030\rules\rule_validation_reports\VR_20260611_143149_certno_pattern_ARA_01.csv","_onedrive_backup_archive\data.__onedrive_backup_20260629_144030\rules\rule_validation_reports\VR_20260611_143149_certno_pattern_ARA_01.csv","VR_20260611_143149_certno_pattern_ARA_01.csv",".csv","426","0.0004","2026-06-11T14:31:49","2026-06-11T14:31:49","BACKUP"
"RUNTIME","D:\halal_web_runtime","D:\halal_web_runtime\_onedrive_backup_archive\data.__onedrive_backup_20260629_144030\rules\rule_validation_reports\VR_20260611_143149_certno_pattern_ARA_01.json","_onedrive_backup_archive\data.__onedrive_backup_20260629_144030\rules\rule_validation_reports\VR_20260611_143149_certno_pattern_ARA_01.json","VR_20260611_143149_certno_pattern_ARA_01.json",".json","9309","0.0089","2026-06-11T14:31:49","2026-06-11T14:31:49","SOURCE_OR_CONFIG"
"RUNTIME","D:\halal_web_runtime","D:\halal_web_runtime\_onedrive_backup_archive\data.__onedrive_backup_20260629_144030\rules\rule_validation_reports\VR_20260611_143149_certno_pattern_HFCE_01.csv","_onedrive_backup_archive\data.__onedrive_backup_20260629_144030\rules\rule_validation_reports\VR_20260611_143149_certno_pattern_HFCE_01.csv","VR_20260611_143149_certno_pattern_HFCE_01.csv",".csv","720","0.0007","2026-06-11T14:31:49","2026-06-11T14:31:49","BACKUP"
"RUNTIME","D:\halal_web_runtime","D:\halal_web_runtime\_onedrive_backup_archive\data.__onedrive_backup_20260629_144030\rules\rule_validation_reports\VR_20260611_143149_certno_pattern_HFCE_01.json","_onedrive_backup_archive\data.__onedrive_backup_20260629_144030\rules\rule_validation_reports\VR_20260611_143149_certno_pattern_HFCE_01.json","VR_20260611_143149_certno_pattern_HFCE_01.json",".json","10206","0.0097","2026-06-11T14:31:49","2026-06-11T14:31:49","SOURCE_OR_CONFIG"
"RUNTIME","D:\halal_web_runtime","D:\halal_web_runtime\_onedrive_backup_archive\data.__onedrive_backup_20260629_144030\rules\rule_validation_reports\VR_20260611_143149_certno_pattern_HFFIA_01.csv","_onedrive_backup_archive\data.__onedrive_backup_20260629_144030\rules\rule_validation_reports\VR_20260611_143149_certno_pattern_HFFIA_01.csv","VR_20260611_143149_certno_pattern_HFFIA_01.csv",".csv","990","0.0009","2026-06-11T14:31:50","2026-06-11T14:31:50","BACKUP"
"RUNTIME","D:\halal_web_runtime","D:\halal_web_runtime\_onedrive_backup_archive\data.__onedrive_backup_20260629_144030\rules\rule_validation_reports\VR_20260611_143149_certno_pattern_HFFIA_01.json","_onedrive_backup_archive\data.__onedrive_backup_20260629_144030\rules\rule_validation_reports\VR_20260611_143149_certno_pattern_HFFIA_01.json","VR_20260611_143149_certno_pattern_HFFIA_01.json",".json","11167","0.0106","2026-06-11T14:31:50","2026-06-11T14:31:50","SOURCE_OR_CONFIG"
"RUNTIME","D:\halal_web_runtime","D:\halal_web_runtime\_onedrive_backup_archive\data.__onedrive_backup_20260629_144030\rules\rule_validation_reports\VR_20260611_143149_manufacturer_MUIS_cleanup_01.csv","_onedrive_backup_archive\data.__onedrive_backup_20260629_144030\rules\rule_validation_reports\VR_20260611_143149_manufacturer_MUIS_cleanup_01.csv","VR_20260611_143149_manufacturer_MUIS_cleanup_01.csv",".csv","134","0.0001","2026-06-11T14:31:49","2026-06-11T14:31:49","BACKUP"
"RUNTIME","D:\halal_web_runtime","D:\halal_web_runtime\_onedrive_backup_archive\data.__onedrive_backup_20260629_144030\rules\rule_validation_reports\VR_20260611_143149_manufacturer_MUIS_cleanup_01.json","_onedrive_backup_archive\data.__onedrive_backup_20260629_144030\rules\rule_validation_reports\VR_20260611_143149_manufacturer_MUIS_cleanup_01.json","VR_20260611_143149_manufacturer_MUIS_cleanup_01.json",".json","8621","0.0082","2026-06-11T14:31:49","2026-06-11T14:31:49","SOURCE_OR_CONFIG"
"RUNTIME","D:\halal_web_runtime","D:\halal_web_runtime\_onedrive_backup_archive\data.__onedrive_backup_20260629_144030\rules\rule_validation_reports\VR_20260611_143149_MUIS_cert_no_pattern_01.csv","_onedrive_backup_archive\data.__onedrive_backup_20260629_144030\rules\rule_validation_reports\VR_20260611_143149_MUIS_cert_no_pattern_01.csv","VR_20260611_143149_MUIS_cert_no_pattern_01.csv",".csv","1823","0.0017","2026-06-11T14:31:49","2026-06-11T14:31:49","BACKUP"
"RUNTIME","D:\halal_web_runtime","D:\halal_web_runtime\_onedrive_backup_archive\data.__onedrive_backup_20260629_144030\rules\rule_validation_reports\VR_20260611_143149_MUIS_cert_no_pattern_01.json","_onedrive_backup_archive\data.__onedrive_backup_20260629_144030\rules\rule_validation_reports\VR_20260611_143149_MUIS_cert_no_pattern_01.json","VR_20260611_143149_MUIS_cert_no_pattern_01.json",".json","13383","0.0128","2026-06-11T14:31:49","2026-06-11T14:31:49","SOURCE_OR_CONFIG"
"RUNTIME","D:\halal_web_runtime","D:\halal_web_runtime\_onedrive_backup_archive\data.__onedrive_backup_20260629_144030\rules\rule_validation_reports\VR_20260611_143150_certno_pattern_CICOT_01.csv","_onedrive_backup_archive\data.__onedrive_backup_20260629_144030\rules\rule_validation_reports\VR_20260611_143150_certno_pattern_CICOT_01.csv","VR_20260611_143150_certno_pattern_CICOT_01.csv",".csv","777","0.0007","2026-06-11T14:31:50","2026-06-11T14:31:50","BACKUP"
"RUNTIME","D:\halal_web_runtime","D:\halal_web_runtime\_onedrive_backup_archive\data.__onedrive_backup_20260629_144030\rules\rule_validation_reports\VR_20260611_143150_certno_pattern_CICOT_01.json","_onedrive_backup_archive\data.__onedrive_backup_20260629_144030\rules\rule_validation_reports\VR_20260611_143150_certno_pattern_CICOT_01.json","VR_20260611_143150_certno_pattern_CICOT_01.json",".json","10380","0.0099","2026-06-11T14:31:50","2026-06-11T14:31:50","SOURCE_OR_CONFIG"
"RUNTIME","D:\halal_web_runtime","D:\halal_web_runtime\_onedrive_backup_archive\data.__onedrive_backup_20260629_144030\rules\rule_validation_reports\VR_20260611_143150_certno_pattern_JUHF_01.csv","_onedrive_backup_archive\data.__onedrive_backup_20260629_144030\rules\rule_validation_reports\VR_20260611_143150_certno_pattern_JUHF_01.csv","VR_20260611_143150_certno_pattern_JUHF_01.csv",".csv","426","0.0004","2026-06-11T14:31:50","2026-06-11T14:31:50","BACKUP"
"RUNTIME","D:\halal_web_runtime","D:\halal_web_runtime\_onedrive_backup_archive\data.__onedrive_backup_20260629_144030\rules\rule_validation_reports\VR_20260611_143150_certno_pattern_JUHF_01.json","_onedrive_backup_archive\data.__onedrive_backup_20260629_144030\rules\rule_validation_reports\VR_20260611_143150_certno_pattern_JUHF_01.json","VR_20260611_143150_certno_pattern_JUHF_01.json",".json","9390","0.009","2026-06-11T14:31:50","2026-06-11T14:31:50","SOURCE_OR_CONFIG"
"RUNTIME","D:\halal_web_runtime","D:\halal_web_runtime\_onedrive_backup_archive\data.__onedrive_backup_20260629_144030\rules\rule_validation_reports\VR_20260611_143150_certno_pattern_MUIS_01.csv","_onedrive_backup_archive\data.__onedrive_backup_20260629_144030\rules\rule_validation_reports\VR_20260611_143150_certno_pattern_MUIS_01.csv","VR_20260611_143150_certno_pattern_MUIS_01.csv",".csv","1823","0.0017","2026-06-11T14:31:50","2026-06-11T14:31:50","BACKUP"
"RUNTIME","D:\halal_web_runtime","D:\halal_web_runtime\_onedrive_backup_archive\data.__onedrive_backup_20260629_144030\rules\rule_validation_reports\VR_20260611_143150_certno_pattern_MUIS_01.json","_onedrive_backup_archive\data.__onedrive_backup_20260629_144030\rules\rule_validation_reports\VR_20260611_143150_certno_pattern_MUIS_01.json","VR_20260611_143150_certno_pattern_MUIS_01.json",".json","13303","0.0127","2026-06-11T14:31:50","2026-06-11T14:31:50","SOURCE_OR_CONFIG"
"RUNTIME","D:\halal_web_runtime","D:\halal_web_runtime\_onedrive_backup_archive\data.__onedrive_backup_20260629_144030\rules\rule_validation_reports\VR_20260611_143150_date_anchor_MUIS_valid_until_01.csv","_onedrive_backup_archive\data.__onedrive_backup_20260629_144030\rules\rule_validation_reports\VR_20260611_143150_date_anchor_MUIS_valid_until_01.csv","VR_20260611_143150_date_anchor_MUIS_valid_until_01.csv",".csv","134","0.0001","2026-06-11T14:31:50","2026-06-11T14:31:50","BACKUP"
"RUNTIME","D:\halal_web_runtime","D:\halal_web_runtime\_onedrive_backup_archive\data.__onedrive_backup_20260629_144030\rules\rule_validation_reports\VR_20260611_143150_date_anchor_MUIS_valid_until_01.json","_onedrive_backup_archive\data.__onedrive_backup_20260629_144030\rules\rule_validation_reports\VR_20260611_143150_date_anchor_MUIS_valid_until_01.json","VR_20260611_143150_date_anchor_MUIS_valid_until_01.json",".json","8690","0.0083","2026-06-11T14:31:50","2026-06-11T14:31:50","SOURCE_OR_CONFIG"
"RUNTIME","D:\halal_web_runtime","D:\halal_web_runtime\_onedrive_backup_archive\data.__onedrive_backup_20260629_144030\rules\rule_validation_reports\VR_20260611_143150_manufacturer_cleanup_MUIS_01.csv","_onedrive_backup_archive\data.__onedrive_backup_20260629_144030\rules\rule_validation_reports\VR_20260611_143150_manufacturer_cleanup_MUIS_01.csv","VR_20260611_143150_manufacturer_cleanup_MUIS_01.csv",".csv","134","0.0001","2026-06-11T14:31:51","2026-06-11T14:31:51","BACKUP"
"RUNTIME","D:\halal_web_runtime","D:\halal_web_runtime\_onedrive_backup_archive\data.__onedrive_backup_20260629_144030\rules\rule_validation_reports\VR_20260611_143150_manufacturer_cleanup_MUIS_01.json","_onedrive_backup_archive\data.__onedrive_backup_20260629_144030\rules\rule_validation_reports\VR_20260611_143150_manufacturer_cleanup_MUIS_01.json","VR_20260611_143150_manufacturer_cleanup_MUIS_01.json",".json","8649","0.0082","2026-06-11T14:31:51","2026-06-11T14:31:51","SOURCE_OR_CONFIG"
"RUNTIME","D:\halal_web_runtime","D:\halal_web_runtime\_onedrive_backup_archive\data.__onedrive_backup_20260629_144030\rules\rule_validation_reports\VR_20260611_143151_cert_no_regex_ARA_01.csv","_onedrive_backup_archive\data.__onedrive_backup_20260629_144030\rules\rule_validation_reports\VR_20260611_143151_cert_no_regex_ARA_01.csv","VR_20260611_143151_cert_no_regex_ARA_01.csv",".csv","426","0.0004","2026-06-11T14:31:51","2026-06-11T14:31:51","BACKUP"
"RUNTIME","D:\halal_web_runtime","D:\halal_web_runtime\_onedrive_backup_archive\data.__onedrive_backup_20260629_144030\rules\rule_validation_reports\VR_20260611_143151_cert_no_regex_ARA_01.json","_onedrive_backup_archive\data.__onedrive_backup_20260629_144030\rules\rule_validation_reports\VR_20260611_143151_cert_no_regex_ARA_01.json","VR_20260611_143151_cert_no_regex_ARA_01.json",".json","9305","0.0089","2026-06-11T14:31:51","2026-06-11T14:31:51","SOURCE_OR_CONFIG"
"RUNTIME","D:\halal_web_runtime","D:\halal_web_runtime\_onedrive_backup_archive\data.__onedrive_backup_20260629_144030\rules\rule_validation_reports\VR_20260611_143151_cert_no_regex_CICOT_01.csv","_onedrive_backup_archive\data.__onedrive_backup_20260629_144030\rules\rule_validation_reports\VR_20260611_143151_cert_no_regex_CICOT_01.csv","VR_20260611_143151_cert_no_regex_CICOT_01.csv",".csv","411","0.0004","2026-06-11T14:31:51","2026-06-11T14:31:51","BACKUP"
"RUNTIME","D:\halal_web_runtime","D:\halal_web_runtime\_onedrive_backup_archive\data.__onedrive_backup_20260629_144030\rules\rule_validation_reports\VR_20260611_143151_cert_no_regex_CICOT_01.json","_onedrive_backup_archive\data.__onedrive_backup_20260629_144030\rules\rule_validation_reports\VR_20260611_143151_cert_no_regex_CICOT_01.json","VR_20260611_143151_cert_no_regex_CICOT_01.json",".json","9468","0.009","2026-06-11T14:31:51","2026-06-11T14:31:51","SOURCE_OR_CONFIG"
"RUNTIME","D:\halal_web_runtime","D:\halal_web_runtime\_onedrive_backup_archive\data.__onedrive_backup_20260629_144030\rules\rule_validation_reports\VR_20260611_143151_cert_no_regex_HFFIA_01.csv","_onedrive_backup_archive\data.__onedrive_backup_20260629_144030\rules\rule_validation_reports\VR_20260611_143151_cert_no_regex_HFFIA_01.csv","VR_20260611_143151_cert_no_regex_HFFIA_01.csv",".csv","399","0.0004","2026-06-11T14:31:51","2026-06-11T14:31:51","BACKUP"
"RUNTIME","D:\halal_web_runtime","D:\halal_web_runtime\_onedrive_backup_archive\data.__onedrive_backup_20260629_144030\rules\rule_validation_reports\VR_20260611_143151_cert_no_regex_HFFIA_01.json","_onedrive_backup_archive\data.__onedrive_backup_20260629_144030\rules\rule_validation_reports\VR_20260611_143151_cert_no_regex_HFFIA_01.json","VR_20260611_143151_cert_no_regex_HFFIA_01.json",".json","9480","0.009","2026-06-11T14:31:51","2026-06-11T14:31:51","SOURCE_OR_CONFIG"
"RUNTIME","D:\halal_web_runtime","D:\halal_web_runtime\_onedrive_backup_archive\data.__onedrive_backup_20260629_144030\rules\rule_validation_reports\VR_20260611_143151_cert_no_regex_MUIS_01.csv","_onedrive_backup_archive\data.__onedrive_backup_20260629_144030\rules\rule_validation_reports\VR_20260611_143151_cert_no_regex_MUIS_01.csv","VR_20260611_143151_cert_no_regex_MUIS_01.csv",".csv","1702","0.0016","2026-06-11T14:31:51","2026-06-11T14:31:51","BACKUP"
"RUNTIME","D:\halal_web_runtime","D:\halal_web_runtime\_onedrive_backup_archive\data.__onedrive_backup_20260629_144030\rules\rule_validation_reports\VR_20260611_143151_cert_no_regex_MUIS_01.json","_onedrive_backup_archive\data.__onedrive_backup_20260629_144030\rules\rule_validation_reports\VR_20260611_143151_cert_no_regex_MUIS_01.json","VR_20260611_143151_cert_no_regex_MUIS_01.json",".json","13381","0.0128","2026-06-11T14:31:51","2026-06-11T14:31:51","SOURCE_OR_CONFIG"
"RUNTIME","D:\halal_web_runtime","D:\halal_web_runtime\_onedrive_backup_archive\data.__onedrive_backup_20260629_144030\rules\rule_validation_reports\VR_20260611_143151_manufacturer_cleanup_HFFIA_01.csv","_onedrive_backup_archive\data.__onedrive_backup_20260629_144030\rules\rule_validation_reports\VR_20260611_143151_manufacturer_cleanup_HFFIA_01.csv","VR_20260611_143151_manufacturer_cleanup_HFFIA_01.csv",".csv","134","0.0001","2026-06-11T14:31:51","2026-06-11T14:31:51","BACKUP"
"RUNTIME","D:\halal_web_runtime","D:\halal_web_runtime\_onedrive_backup_archive\data.__onedrive_backup_20260629_144030\rules\rule_validation_reports\VR_20260611_143151_manufacturer_cleanup_HFFIA_01.json","_onedrive_backup_archive\data.__onedrive_backup_20260629_144030\rules\rule_validation_reports\VR_20260611_143151_manufacturer_cleanup_HFFIA_01.json","VR_20260611_143151_manufacturer_cleanup_HFFIA_01.json",".json","8605","0.0082","2026-06-11T14:31:51","2026-06-11T14:31:51","SOURCE_OR_CONFIG"
"RUNTIME","D:\halal_web_runtime","D:\halal_web_runtime\_onedrive_backup_archive\data.__onedrive_backup_20260629_144030\rules\rule_validation_reports\VR_20260611_143152_cert_no_pattern_arabic_hffia_v1.csv","_onedrive_backup_archive\data.__onedrive_backup_20260629_144030\rules\rule_validation_reports\VR_20260611_143152_cert_no_pattern_arabic_hffia_v1.csv","VR_20260611_143152_cert_no_pattern_arabic_hffia_v1.csv",".csv","1236","0.0012","2026-06-11T14:31:52","2026-06-11T14:31:52","BACKUP"
"RUNTIME","D:\halal_web_runtime","D:\halal_web_runtime\_onedrive_backup_archive\data.__onedrive_backup_20260629_144030\rules\rule_validation_reports\VR_20260611_143152_cert_no_pattern_arabic_hffia_v1.json","_onedrive_backup_archive\data.__onedrive_backup_20260629_144030\rules\rule_validation_reports\VR_20260611_143152_cert_no_pattern_arabic_hffia_v1.json","VR_20260611_143152_cert_no_pattern_arabic_hffia_v1.json",".json","12594","0.012","2026-06-11T14:31:52","2026-06-11T14:31:52","SOURCE_OR_CONFIG"
"RUNTIME","D:\halal_web_runtime","D:\halal_web_runtime\_onedrive_backup_archive\data.__onedrive_backup_20260629_144030\rules\rule_validation_reports\VR_20260611_143152_CICOT_cert_no_anchor_regex_v1.csv","_onedrive_backup_archive\data.__onedrive_backup_20260629_144030\rules\rule_validation_reports\VR_20260611_143152_CICOT_cert_no_anchor_regex_v1.csv","VR_20260611_143152_CICOT_cert_no_anchor_regex_v1.csv",".csv","411","0.0004","2026-06-11T14:31:52","2026-06-11T14:31:52","BACKUP"
"RUNTIME","D:\halal_web_runtime","D:\halal_web_runtime\_onedrive_backup_archive\data.__onedrive_backup_20260629_144030\rules\rule_validation_reports\VR_20260611_143152_CICOT_cert_no_anchor_regex_v1.json","_onedrive_backup_archive\data.__onedrive_backup_20260629_144030\rules\rule_validation_reports\VR_20260611_143152_CICOT_cert_no_anchor_regex_v1.json","VR_20260611_143152_CICOT_cert_no_anchor_regex_v1.json",".json","9789","0.0093","2026-06-11T14:31:52","2026-06-11T14:31:52","SOURCE_OR_CONFIG"
"RUNTIME","D:\halal_web_runtime","D:\halal_web_runtime\_onedrive_backup_archive\data.__onedrive_backup_20260629_144030\rules\rule_validation_reports\VR_20260611_143152_HFCE_cert_no_anchor_regex_v1.csv","_onedrive_backup_archive\data.__onedrive_backup_20260629_144030\rules\rule_validation_reports\VR_20260611_143152_HFCE_cert_no_anchor_regex_v1.csv","VR_20260611_143152_HFCE_cert_no_anchor_regex_v1.csv",".csv","134","0.0001","2026-06-11T14:31:52","2026-06-11T14:31:52","BACKUP"
"RUNTIME","D:\halal_web_runtime","D:\halal_web_runtime\_onedrive_backup_archive\data.__onedrive_backup_20260629_144030\rules\rule_validation_reports\VR_20260611_143152_HFCE_cert_no_anchor_regex_v1.json","_onedrive_backup_archive\data.__onedrive_backup_20260629_144030\rules\rule_validation_reports\VR_20260611_143152_HFCE_cert_no_anchor_regex_v1.json","VR_20260611_143152_HFCE_cert_no_anchor_regex_v1.json",".json","9108","0.0087","2026-06-11T14:31:52","2026-06-11T14:31:52","SOURCE_OR_CONFIG"
"RUNTIME","D:\halal_web_runtime","D:\halal_web_runtime\_onedrive_backup_archive\data.__onedrive_backup_20260629_144030\rules\rule_validation_reports\VR_20260611_143152_MUIS_expiry_date_anchor_v1.csv","_onedrive_backup_archive\data.__onedrive_backup_20260629_144030\rules\rule_validation_reports\VR_20260611_143152_MUIS_expiry_date_anchor_v1.csv","VR_20260611_143152_MUIS_expiry_date_anchor_v1.csv",".csv","134","0.0001","2026-06-11T14:31:52","2026-06-11T14:31:52","BACKUP"
"RUNTIME","D:\halal_web_runtime","D:\halal_web_runtime\_onedrive_backup_archive\data.__onedrive_backup_20260629_144030\rules\rule_validation_reports\VR_20260611_143152_MUIS_expiry_date_anchor_v1.json","_onedrive_backup_archive\data.__onedrive_backup_20260629_144030\rules\rule_validation_reports\VR_20260611_143152_MUIS_expiry_date_anchor_v1.json","VR_20260611_143152_MUIS_expiry_date_anchor_v1.json",".json","9282","0.0089","2026-06-11T14:31:52","2026-06-11T14:31:52","SOURCE_OR_CONFIG"
"RUNTIME","D:\halal_web_runtime","D:\halal_web_runtime\_onedrive_backup_archive\data.__onedrive_backup_20260629_144030\rules\rule_validation_reports\VR_20260611_143152_MUIS_manufacturer_address_cleanup_v1.csv","_onedrive_backup_archive\data.__onedrive_backup_20260629_144030\rules\rule_validation_reports\VR_20260611_143152_MUIS_manufacturer_address_cleanup_v1.csv","VR_20260611_143152_MUIS_manufacturer_address_cleanup_v1.csv",".csv","134","0.0001","2026-06-11T14:31:52","2026-06-11T14:31:52","BACKUP"
"RUNTIME","D:\halal_web_runtime","D:\halal_web_runtime\_onedrive_backup_archive\data.__onedrive_backup_20260629_144030\rules\rule_validation_reports\VR_20260611_143152_MUIS_manufacturer_address_cleanup_v1.json","_onedrive_backup_archive\data.__onedrive_backup_20260629_144030\rules\rule_validation_reports\VR_20260611_143152_MUIS_manufacturer_address_cleanup_v1.json","VR_20260611_143152_MUIS_manufacturer_address_cleanup_v1.json",".json","9205","0.0088","2026-06-11T14:31:52","2026-06-11T14:31:52","SOURCE_OR_CONFIG"
"RUNTIME","D:\halal_web_runtime","D:\halal_web_runtime\_onedrive_backup_archive\data.__onedrive_backup_20260629_144030\rules\rule_validation_reports\VR_20260611_143153_date_anchor_MUIS_validuntil_v1.csv","_onedrive_backup_archive\data.__onedrive_backup_20260629_144030\rules\rule_validation_reports\VR_20260611_143153_date_anchor_MUIS_validuntil_v1.csv","VR_20260611_143153_date_anchor_MUIS_validuntil_v1.csv",".csv","134","0.0001","2026-06-11T14:31:53","2026-06-11T14:31:53","BACKUP"
"RUNTIME","D:\halal_web_runtime","D:\halal_web_runtime\_onedrive_backup_archive\data.__onedrive_backup_20260629_144030\rules\rule_validation_reports\VR_20260611_143153_date_anchor_MUIS_validuntil_v1.json","_onedrive_backup_archive\data.__onedrive_backup_20260629_144030\rules\rule_validation_reports\VR_20260611_143153_date_anchor_MUIS_validuntil_v1.json","VR_20260611_143153_date_anchor_MUIS_validuntil_v1.json",".json","9445","0.009","2026-06-11T14:31:53","2026-06-11T14:31:53","SOURCE_OR_CONFIG"
"RUNTIME","D:\halal_web_runtime","D:\halal_web_runtime\_onedrive_backup_archive\data.__onedrive_backup_20260629_144030\rules\rule_validation_reports\VR_20260611_154236_date_anchor_HFCE_v1_20240611.csv","_onedrive_backup_archive\data.__onedrive_backup_20260629_144030\rules\rule_validation_reports\VR_20260611_154236_date_anchor_HFCE_v1_20240611.csv","VR_20260611_154236_date_anchor_HFCE_v1_20240611.csv",".csv","134","0.0001","2026-06-11T15:42:36","2026-06-11T15:42:36","BACKUP"
"RUNTIME","D:\halal_web_runtime","D:\halal_web_runtime\_onedrive_backup_archive\data.__onedrive_backup_20260629_144030\rules\rule_validation_reports\VR_20260611_154236_date_anchor_HFCE_v1_20240611.json","_onedrive_backup_archive\data.__onedrive_backup_20260629_144030\rules\rule_validation_reports\VR_20260611_154236_date_anchor_HFCE_v1_20240611.json","VR_20260611_154236_date_anchor_HFCE_v1_20240611.json",".json","9041","0.0086","2026-06-11T15:42:36","2026-06-11T15:42:36","SOURCE_OR_CONFIG"
"RUNTIME","D:\halal_web_runtime","D:\halal_web_runtime\_onedrive_backup_archive\data.__onedrive_backup_20260629_144030\rules\rule_validation_reports\VR_20260611_154242_cert_no_pattern_CICOT_v2_20240611.csv","_onedrive_backup_archive\data.__onedrive_backup_20260629_144030\rules\rule_validation_reports\VR_20260611_154242_cert_no_pattern_CICOT_v2_20240611.csv","VR_20260611_154242_cert_no_pattern_CICOT_v2_20240611.csv",".csv","409","0.0004","2026-06-11T15:42:42","2026-06-11T15:42:42","BACKUP"
"RUNTIME","D:\halal_web_runtime","D:\halal_web_runtime\_onedrive_backup_archive\data.__onedrive_backup_20260629_144030\rules\rule_validation_reports\VR_20260611_154242_cert_no_pattern_CICOT_v2_20240611.json","_onedrive_backup_archive\data.__onedrive_backup_20260629_144030\rules\rule_validation_reports\VR_20260611_154242_cert_no_pattern_CICOT_v2_20240611.json","VR_20260611_154242_cert_no_pattern_CICOT_v2_20240611.json",".json","9842","0.0094","2026-06-11T15:42:42","2026-06-11T15:42:42","SOURCE_OR_CONFIG"
"RUNTIME","D:\halal_web_runtime","D:\halal_web_runtime\_onedrive_backup_archive\data.__onedrive_backup_20260629_144030\rules\rule_validation_reports\VR_20260611_154255_cert_no_pattern_HFFIA_v1_20240611.csv","_onedrive_backup_archive\data.__onedrive_backup_20260629_144030\rules\rule_validation_reports\VR_20260611_154255_cert_no_pattern_HFFIA_v1_20240611.csv","VR_20260611_154255_cert_no_pattern_HFFIA_v1_20240611.csv",".csv","1289","0.0012","2026-06-11T15:42:55","2026-06-11T15:42:55","BACKUP"
"RUNTIME","D:\halal_web_runtime","D:\halal_web_runtime\_onedrive_backup_archive\data.__onedrive_backup_20260629_144030\rules\rule_validation_reports\VR_20260611_154255_cert_no_pattern_HFFIA_v1_20240611.json","_onedrive_backup_archive\data.__onedrive_backup_20260629_144030\rules\rule_validation_reports\VR_20260611_154255_cert_no_pattern_HFFIA_v1_20240611.json","VR_20260611_154255_cert_no_pattern_HFFIA_v1_20240611.json",".json","12575","0.012","2026-06-11T15:42:55","2026-06-11T15:42:55","SOURCE_OR_CONFIG"
"RUNTIME","D:\halal_web_runtime","D:\halal_web_runtime\_onedrive_backup_archive\data.__onedrive_backup_20260629_144030\rules\rule_validation_reports\VR_20260611_154300_cert_no_pattern_CICOT_v2_20240611.csv","_onedrive_backup_archive\data.__onedrive_backup_20260629_144030\rules\rule_validation_reports\VR_20260611_154300_cert_no_pattern_CICOT_v2_20240611.csv","VR_20260611_154300_cert_no_pattern_CICOT_v2_20240611.csv",".csv","409","0.0004","2026-06-11T15:43:00","2026-06-11T15:43:00","BACKUP"
"RUNTIME","D:\halal_web_runtime","D:\halal_web_runtime\_onedrive_backup_archive\data.__onedrive_backup_20260629_144030\rules\rule_validation_reports\VR_20260611_154300_cert_no_pattern_CICOT_v2_20240611.json","_onedrive_backup_archive\data.__onedrive_backup_20260629_144030\rules\rule_validation_reports\VR_20260611_154300_cert_no_pattern_CICOT_v2_20240611.json","VR_20260611_154300_cert_no_pattern_CICOT_v2_20240611.json",".json","9842","0.0094","2026-06-11T15:43:00","2026-06-11T15:43:00","SOURCE_OR_CONFIG"
"RUNTIME","D:\halal_web_runtime","D:\halal_web_runtime\_onedrive_backup_archive\data.__onedrive_backup_20260629_144030\rules\rule_validation_reports\VR_20260611_154300_cert_no_pattern_HFFIA_v1_20240611.csv","_onedrive_backup_archive\data.__onedrive_backup_20260629_144030\rules\rule_validation_reports\VR_20260611_154300_cert_no_pattern_HFFIA_v1_20240611.csv","VR_20260611_154300_cert_no_pattern_HFFIA_v1_20240611.csv",".csv","1289","0.0012","2026-06-11T15:43:00","2026-06-11T15:43:00","BACKUP"
"RUNTIME","D:\halal_web_runtime","D:\halal_web_runtime\_onedrive_backup_archive\data.__onedrive_backup_20260629_144030\rules\rule_validation_reports\VR_20260611_154300_cert_no_pattern_HFFIA_v1_20240611.json","_onedrive_backup_archive\data.__onedrive_backup_20260629_144030\rules\rule_validation_reports\VR_20260611_154300_cert_no_pattern_HFFIA_v1_20240611.json","VR_20260611_154300_cert_no_pattern_HFFIA_v1_20240611.json",".json","12575","0.012","2026-06-11T15:43:00","2026-06-11T15:43:00","SOURCE_OR_CONFIG"
"RUNTIME","D:\halal_web_runtime","D:\halal_web_runtime\_onedrive_backup_archive\data.__onedrive_backup_20260629_144030\rules\rule_validation_reports\VR_20260611_154300_date_anchor_HFCE_v1_20240611.csv","_onedrive_backup_archive\data.__onedrive_backup_20260629_144030\rules\rule_validation_reports\VR_20260611_154300_date_anchor_HFCE_v1_20240611.csv","VR_20260611_154300_date_anchor_HFCE_v1_20240611.csv",".csv","134","0.0001","2026-06-11T15:43:00","2026-06-11T15:43:00","BACKUP"
"RUNTIME","D:\halal_web_runtime","D:\halal_web_runtime\_onedrive_backup_archive\data.__onedrive_backup_20260629_144030\rules\rule_validation_reports\VR_20260611_154300_date_anchor_HFCE_v1_20240611.json","_onedrive_backup_archive\data.__onedrive_backup_20260629_144030\rules\rule_validation_reports\VR_20260611_154300_date_anchor_HFCE_v1_20240611.json","VR_20260611_154300_date_anchor_HFCE_v1_20240611.json",".json","9041","0.0086","2026-06-11T15:43:00","2026-06-11T15:43:00","SOURCE_OR_CONFIG"
"RUNTIME","D:\halal_web_runtime","D:\halal_web_runtime\_onedrive_backup_archive\data.__onedrive_backup_20260629_144030\rules\rule_validation_reports\VR_20260611_154301_cert_no_pattern_MUIS_v1_20240611.csv","_onedrive_backup_archive\data.__onedrive_backup_20260629_144030\rules\rule_validation_reports\VR_20260611_154301_cert_no_pattern_MUIS_v1_20240611.csv","VR_20260611_154301_cert_no_pattern_MUIS_v1_20240611.csv",".csv","1823","0.0017","2026-06-11T15:43:01","2026-06-11T15:43:01","BACKUP"
"RUNTIME","D:\halal_web_runtime","D:\halal_web_runtime\_onedrive_backup_archive\data.__onedrive_backup_20260629_144030\rules\rule_validation_reports\VR_20260611_154301_cert_no_pattern_MUIS_v1_20240611.json","_onedrive_backup_archive\data.__onedrive_backup_20260629_144030\rules\rule_validation_reports\VR_20260611_154301_cert_no_pattern_MUIS_v1_20240611.json","VR_20260611_154301_cert_no_pattern_MUIS_v1_20240611.json",".json","14064","0.0134","2026-06-11T15:43:01","2026-06-11T15:43:01","SOURCE_OR_CONFIG"
"RUNTIME","D:\halal_web_runtime","D:\halal_web_runtime\_onedrive_backup_archive\data.__onedrive_backup_20260629_144030\rules\rule_validation_reports\VR_20260611_154301_HFFIA_cert_no_pattern_01.csv","_onedrive_backup_archive\data.__onedrive_backup_20260629_144030\rules\rule_validation_reports\VR_20260611_154301_HFFIA_cert_no_pattern_01.csv","VR_20260611_154301_HFFIA_cert_no_pattern_01.csv",".csv","688","0.0007","2026-06-11T15:43:01","2026-06-11T15:43:01","BACKUP"
"RUNTIME","D:\halal_web_runtime","D:\halal_web_runtime\_onedrive_backup_archive\data.__onedrive_backup_20260629_144030\rules\rule_validation_reports\VR_20260611_154301_HFFIA_cert_no_pattern_01.json","_onedrive_backup_archive\data.__onedrive_backup_20260629_144030\rules\rule_validation_reports\VR_20260611_154301_HFFIA_cert_no_pattern_01.json","VR_20260611_154301_HFFIA_cert_no_pattern_01.json",".json","10705","0.0102","2026-06-11T15:43:01","2026-06-11T15:43:01","SOURCE_OR_CONFIG"
"RUNTIME","D:\halal_web_runtime","D:\halal_web_runtime\_onedrive_backup_archive\data.__onedrive_backup_20260629_144030\rules\rule_validation_reports\VR_20260611_154301_ISA_cert_no_pattern_01.csv","_onedrive_backup_archive\data.__onedrive_backup_20260629_144030\rules\rule_validation_reports\VR_20260611_154301_ISA_cert_no_pattern_01.csv","VR_20260611_154301_ISA_cert_no_pattern_01.csv",".csv","134","0.0001","2026-06-11T15:43:01","2026-06-11T15:43:01","BACKUP"
"RUNTIME","D:\halal_web_runtime","D:\halal_web_runtime\_onedrive_backup_archive\data.__onedrive_backup_20260629_144030\rules\rule_validation_reports\VR_20260611_154301_ISA_cert_no_pattern_01.json","_onedrive_backup_archive\data.__onedrive_backup_20260629_144030\rules\rule_validation_reports\VR_20260611_154301_ISA_cert_no_pattern_01.json","VR_20260611_154301_ISA_cert_no_pattern_01.json",".json","8900","0.0085","2026-06-11T15:43:01","2026-06-11T15:43:01","SOURCE_OR_CONFIG"
"RUNTIME","D:\halal_web_runtime","D:\halal_web_runtime\_onedrive_backup_archive\data.__onedrive_backup_20260629_144030\rules\rule_validation_reports\VR_20260611_154301_JMA_cert_no_pattern_01.csv","_onedrive_backup_archive\data.__onedrive_backup_20260629_144030\rules\rule_validation_reports\VR_20260611_154301_JMA_cert_no_pattern_01.csv","VR_20260611_154301_JMA_cert_no_pattern_01.csv",".csv","698","0.0007","2026-06-11T15:43:01","2026-06-11T15:43:01","BACKUP"
"RUNTIME","D:\halal_web_runtime","D:\halal_web_runtime\_onedrive_backup_archive\data.__onedrive_backup_20260629_144030\rules\rule_validation_reports\VR_20260611_154301_JMA_cert_no_pattern_01.json","_onedrive_backup_archive\data.__onedrive_backup_20260629_144030\rules\rule_validation_reports\VR_20260611_154301_JMA_cert_no_pattern_01.json","VR_20260611_154301_JMA_cert_no_pattern_01.json",".json","10595","0.0101","2026-06-11T15:43:01","2026-06-11T15:43:01","SOURCE_OR_CONFIG"
"RUNTIME","D:\halal_web_runtime","D:\halal_web_runtime\_onedrive_backup_archive\data.__onedrive_backup_20260629_144030\rules\rule_validation_reports\VR_20260611_154302_CICOT_cert_no_pattern_01.csv","_onedrive_backup_archive\data.__onedrive_backup_20260629_144030\rules\rule_validation_reports\VR_20260611_154302_CICOT_cert_no_pattern_01.csv","VR_20260611_154302_CICOT_cert_no_pattern_01.csv",".csv","1908","0.0018","2026-06-11T15:43:02","2026-06-11T15:43:02","BACKUP"
"RUNTIME","D:\halal_web_runtime","D:\halal_web_runtime\_onedrive_backup_archive\data.__onedrive_backup_20260629_144030\rules\rule_validation_reports\VR_20260611_154302_CICOT_cert_no_pattern_01.json","_onedrive_backup_archive\data.__onedrive_backup_20260629_144030\rules\rule_validation_reports\VR_20260611_154302_CICOT_cert_no_pattern_01.json","VR_20260611_154302_CICOT_cert_no_pattern_01.json",".json","14085","0.0134","2026-06-11T15:43:02","2026-06-11T15:43:02","SOURCE_OR_CONFIG"
"RUNTIME","D:\halal_web_runtime","D:\halal_web_runtime\_onedrive_backup_archive\data.__onedrive_backup_20260629_144030\rules\rule_validation_reports\VR_20260611_154302_HFCE_cert_no_pattern_01.csv","_onedrive_backup_archive\data.__onedrive_backup_20260629_144030\rules\rule_validation_reports\VR_20260611_154302_HFCE_cert_no_pattern_01.csv","VR_20260611_154302_HFCE_cert_no_pattern_01.csv",".csv","134","0.0001","2026-06-11T15:43:02","2026-06-11T15:43:02","BACKUP"
"RUNTIME","D:\halal_web_runtime","D:\halal_web_runtime\_onedrive_backup_archive\data.__onedrive_backup_20260629_144030\rules\rule_validation_reports\VR_20260611_154302_HFCE_cert_no_pattern_01.json","_onedrive_backup_archive\data.__onedrive_backup_20260629_144030\rules\rule_validation_reports\VR_20260611_154302_HFCE_cert_no_pattern_01.json","VR_20260611_154302_HFCE_cert_no_pattern_01.json",".json","8862","0.0085","2026-06-11T15:43:02","2026-06-11T15:43:02","SOURCE_OR_CONFIG"
"RUNTIME","D:\halal_web_runtime","D:\halal_web_runtime\_onedrive_backup_archive\data.__onedrive_backup_20260629_144030\rules\rule_validation_reports\VR_20260611_154302_JUHF_cert_no_pattern_01.csv","_onedrive_backup_archive\data.__onedrive_backup_20260629_144030\rules\rule_validation_reports\VR_20260611_154302_JUHF_cert_no_pattern_01.csv","VR_20260611_154302_JUHF_cert_no_pattern_01.csv",".csv","408","0.0004","2026-06-11T15:43:02","2026-06-11T15:43:02","BACKUP"
"RUNTIME","D:\halal_web_runtime","D:\halal_web_runtime\_onedrive_backup_archive\data.__onedrive_backup_20260629_144030\rules\rule_validation_reports\VR_20260611_154302_JUHF_cert_no_pattern_01.json","_onedrive_backup_archive\data.__onedrive_backup_20260629_144030\rules\rule_validation_reports\VR_20260611_154302_JUHF_cert_no_pattern_01.json","VR_20260611_154302_JUHF_cert_no_pattern_01.json",".json","9766","0.0093","2026-06-11T15:43:02","2026-06-11T15:43:02","SOURCE_OR_CONFIG"
"RUNTIME","D:\halal_web_runtime","D:\halal_web_runtime\_onedrive_backup_archive\data.__onedrive_backup_20260629_144030\rules\rule_validation_reports\VR_20260611_154303_ARA_cert_no_pattern_01.csv","_onedrive_backup_archive\data.__onedrive_backup_20260629_144030\rules\rule_validation_reports\VR_20260611_154303_ARA_cert_no_pattern_01.csv","VR_20260611_154303_ARA_cert_no_pattern_01.csv",".csv","426","0.0004","2026-06-11T15:43:03","2026-06-11T15:43:03","BACKUP"
"RUNTIME","D:\halal_web_runtime","D:\halal_web_runtime\_onedrive_backup_archive\data.__onedrive_backup_20260629_144030\rules\rule_validation_reports\VR_20260611_154303_ARA_cert_no_pattern_01.json","_onedrive_backup_archive\data.__onedrive_backup_20260629_144030\rules\rule_validation_reports\VR_20260611_154303_ARA_cert_no_pattern_01.json","VR_20260611_154303_ARA_cert_no_pattern_01.json",".json","9868","0.0094","2026-06-11T15:43:03","2026-06-11T15:43:03","SOURCE_OR_CONFIG"
"RUNTIME","D:\halal_web_runtime","D:\halal_web_runtime\_onedrive_backup_archive\data.__onedrive_backup_20260629_144030\rules\rule_validation_reports\VR_20260611_154303_certno_pattern_HFCE_01.csv","_onedrive_backup_archive\data.__onedrive_backup_20260629_144030\rules\rule_validation_reports\VR_20260611_154303_certno_pattern_HFCE_01.csv","VR_20260611_154303_certno_pattern_HFCE_01.csv",".csv","720","0.0007","2026-06-11T15:43:04","2026-06-11T15:43:04","BACKUP"
"RUNTIME","D:\halal_web_runtime","D:\halal_web_runtime\_onedrive_backup_archive\data.__onedrive_backup_20260629_144030\rules\rule_validation_reports\VR_20260611_154303_certno_pattern_HFCE_01.json","_onedrive_backup_archive\data.__onedrive_backup_20260629_144030\rules\rule_validation_reports\VR_20260611_154303_certno_pattern_HFCE_01.json","VR_20260611_154303_certno_pattern_HFCE_01.json",".json","10620","0.0101","2026-06-11T15:43:04","2026-06-11T15:43:04","SOURCE_OR_CONFIG"
"RUNTIME","D:\halal_web_runtime","D:\halal_web_runtime\_onedrive_backup_archive\data.__onedrive_backup_20260629_144030\rules\rule_validation_reports\VR_20260611_154303_MUIS_cert_no_pattern_01.csv","_onedrive_backup_archive\data.__onedrive_backup_20260629_144030\rules\rule_validation_reports\VR_20260611_154303_MUIS_cert_no_pattern_01.csv","VR_20260611_154303_MUIS_cert_no_pattern_01.csv",".csv","1823","0.0017","2026-06-11T15:43:03","2026-06-11T15:43:03","BACKUP"
"RUNTIME","D:\halal_web_runtime","D:\halal_web_runtime\_onedrive_backup_archive\data.__onedrive_backup_20260629_144030\rules\rule_validation_reports\VR_20260611_154303_MUIS_cert_no_pattern_01.json","_onedrive_backup_archive\data.__onedrive_backup_20260629_144030\rules\rule_validation_reports\VR_20260611_154303_MUIS_cert_no_pattern_01.json","VR_20260611_154303_MUIS_cert_no_pattern_01.json",".json","13799","0.0132","2026-06-11T15:43:03","2026-06-11T15:43:03","SOURCE_OR_CONFIG"
"RUNTIME","D:\halal_web_runtime","D:\halal_web_runtime\_onedrive_backup_archive\data.__onedrive_backup_20260629_144030\rules\rule_validation_reports\VR_20260611_154303_MUIS_manufacturer_cleanup_01.csv","_onedrive_backup_archive\data.__onedrive_backup_20260629_144030\rules\rule_validation_reports\VR_20260611_154303_MUIS_manufacturer_cleanup_01.csv","VR_20260611_154303_MUIS_manufacturer_cleanup_01.csv",".csv","134","0.0001","2026-06-11T15:43:03","2026-06-11T15:43:03","BACKUP"
"RUNTIME","D:\halal_web_runtime","D:\halal_web_runtime\_onedrive_backup_archive\data.__onedrive_backup_20260629_144030\rules\rule_validation_reports\VR_20260611_154303_MUIS_manufacturer_cleanup_01.json","_onedrive_backup_archive\data.__onedrive_backup_20260629_144030\rules\rule_validation_reports\VR_20260611_154303_MUIS_manufacturer_cleanup_01.json","VR_20260611_154303_MUIS_manufacturer_cleanup_01.json",".json","9038","0.0086","2026-06-11T15:43:03","2026-06-11T15:43:03","SOURCE_OR_CONFIG"
"RUNTIME","D:\halal_web_runtime","D:\halal_web_runtime\_onedrive_backup_archive\data.__onedrive_backup_20260629_144030\rules\rule_validation_reports\VR_20260611_154303_TQHCC_cert_no_pattern_01.csv","_onedrive_backup_archive\data.__onedrive_backup_20260629_144030\rules\rule_validation_reports\VR_20260611_154303_TQHCC_cert_no_pattern_01.csv","VR_20260611_154303_TQHCC_cert_no_pattern_01.csv",".csv","1062","0.001","2026-06-11T15:43:03","2026-06-11T15:43:03","BACKUP"
"RUNTIME","D:\halal_web_runtime","D:\halal_web_runtime\_onedrive_backup_archive\data.__onedrive_backup_20260629_144030\rules\rule_validation_reports\VR_20260611_154303_TQHCC_cert_no_pattern_01.json","_onedrive_backup_archive\data.__onedrive_backup_20260629_144030\rules\rule_validation_reports\VR_20260611_154303_TQHCC_cert_no_pattern_01.json","VR_20260611_154303_TQHCC_cert_no_pattern_01.json",".json","11663","0.0111","2026-06-11T15:43:03","2026-06-11T15:43:03","SOURCE_OR_CONFIG"
"RUNTIME","D:\halal_web_runtime","D:\halal_web_runtime\_onedrive_backup_archive\data.__onedrive_backup_20260629_144030\rules\rule_validation_reports\VR_20260611_154304_certno_pattern_ARA_01.csv","_onedrive_backup_archive\data.__onedrive_backup_20260629_144030\rules\rule_validation_reports\VR_20260611_154304_certno_pattern_ARA_01.csv","VR_20260611_154304_certno_pattern_ARA_01.csv",".csv","426","0.0004","2026-06-11T15:43:04","2026-06-11T15:43:04","BACKUP"
"RUNTIME","D:\halal_web_runtime","D:\halal_web_runtime\_onedrive_backup_archive\data.__onedrive_backup_20260629_144030\rules\rule_validation_reports\VR_20260611_154304_certno_pattern_ARA_01.json","_onedrive_backup_archive\data.__onedrive_backup_20260629_144030\rules\rule_validation_reports\VR_20260611_154304_certno_pattern_ARA_01.json","VR_20260611_154304_certno_pattern_ARA_01.json",".json","9721","0.0093","2026-06-11T15:43:04","2026-06-11T15:43:04","SOURCE_OR_CONFIG"
"RUNTIME","D:\halal_web_runtime","D:\halal_web_runtime\_onedrive_backup_archive\data.__onedrive_backup_20260629_144030\rules\rule_validation_reports\VR_20260611_154304_certno_pattern_HFFIA_01.csv","_onedrive_backup_archive\data.__onedrive_backup_20260629_144030\rules\rule_validation_reports\VR_20260611_154304_certno_pattern_HFFIA_01.csv","VR_20260611_154304_certno_pattern_HFFIA_01.csv",".csv","990","0.0009","2026-06-11T15:43:04","2026-06-11T15:43:04","BACKUP"
"RUNTIME","D:\halal_web_runtime","D:\halal_web_runtime\_onedrive_backup_archive\data.__onedrive_backup_20260629_144030\rules\rule_validation_reports\VR_20260611_154304_certno_pattern_HFFIA_01.json","_onedrive_backup_archive\data.__onedrive_backup_20260629_144030\rules\rule_validation_reports\VR_20260611_154304_certno_pattern_HFFIA_01.json","VR_20260611_154304_certno_pattern_HFFIA_01.json",".json","11581","0.011","2026-06-11T15:43:04","2026-06-11T15:43:04","SOURCE_OR_CONFIG"
"RUNTIME","D:\halal_web_runtime","D:\halal_web_runtime\_onedrive_backup_archive\data.__onedrive_backup_20260629_144030\rules\rule_validation_reports\VR_20260611_154304_manufacturer_MUIS_cleanup_01.csv","_onedrive_backup_archive\data.__onedrive_backup_20260629_144030\rules\rule_validation_reports\VR_20260611_154304_manufacturer_MUIS_cleanup_01.csv","VR_20260611_154304_manufacturer_MUIS_cleanup_01.csv",".csv","134","0.0001","2026-06-11T15:43:04","2026-06-11T15:43:04","BACKUP"
"RUNTIME","D:\halal_web_runtime","D:\halal_web_runtime\_onedrive_backup_archive\data.__onedrive_backup_20260629_144030\rules\rule_validation_reports\VR_20260611_154304_manufacturer_MUIS_cleanup_01.json","_onedrive_backup_archive\data.__onedrive_backup_20260629_144030\rules\rule_validation_reports\VR_20260611_154304_manufacturer_MUIS_cleanup_01.json","VR_20260611_154304_manufacturer_MUIS_cleanup_01.json",".json","9041","0.0086","2026-06-11T15:43:04","2026-06-11T15:43:04","SOURCE_OR_CONFIG"
"RUNTIME","D:\halal_web_runtime","D:\halal_web_runtime\_onedrive_backup_archive\data.__onedrive_backup_20260629_144030\rules\rule_validation_reports\VR_20260611_154305_certno_pattern_CICOT_01.csv","_onedrive_backup_archive\data.__onedrive_backup_20260629_144030\rules\rule_validation_reports\VR_20260611_154305_certno_pattern_CICOT_01.csv","VR_20260611_154305_certno_pattern_CICOT_01.csv",".csv","777","0.0007","2026-06-11T15:43:05","2026-06-11T15:43:05","BACKUP"
"RUNTIME","D:\halal_web_runtime","D:\halal_web_runtime\_onedrive_backup_archive\data.__onedrive_backup_20260629_144030\rules\rule_validation_reports\VR_20260611_154305_certno_pattern_CICOT_01.json","_onedrive_backup_archive\data.__onedrive_backup_20260629_144030\rules\rule_validation_reports\VR_20260611_154305_certno_pattern_CICOT_01.json","VR_20260611_154305_certno_pattern_CICOT_01.json",".json","10795","0.0103","2026-06-11T15:43:05","2026-06-11T15:43:05","SOURCE_OR_CONFIG"
"RUNTIME","D:\halal_web_runtime","D:\halal_web_runtime\_onedrive_backup_archive\data.__onedrive_backup_20260629_144030\rules\rule_validation_reports\VR_20260611_154305_certno_pattern_JUHF_01.csv","_onedrive_backup_archive\data.__onedrive_backup_20260629_144030\rules\rule_validation_reports\VR_20260611_154305_certno_pattern_JUHF_01.csv","VR_20260611_154305_certno_pattern_JUHF_01.csv",".csv","426","0.0004","2026-06-11T15:43:05","2026-06-11T15:43:05","BACKUP"
"RUNTIME","D:\halal_web_runtime","D:\halal_web_runtime\_onedrive_backup_archive\data.__onedrive_backup_20260629_144030\rules\rule_validation_reports\VR_20260611_154305_certno_pattern_JUHF_01.json","_onedrive_backup_archive\data.__onedrive_backup_20260629_144030\rules\rule_validation_reports\VR_20260611_154305_certno_pattern_JUHF_01.json","VR_20260611_154305_certno_pattern_JUHF_01.json",".json","9390","0.009","2026-06-11T15:43:05","2026-06-11T15:43:05","SOURCE_OR_CONFIG"
"RUNTIME","D:\halal_web_runtime","D:\halal_web_runtime\_onedrive_backup_archive\data.__onedrive_backup_20260629_144030\rules\rule_validation_reports\VR_20260611_154305_certno_pattern_MUIS_01.csv","_onedrive_backup_archive\data.__onedrive_backup_20260629_144030\rules\rule_validation_reports\VR_20260611_154305_certno_pattern_MUIS_01.csv","VR_20260611_154305_certno_pattern_MUIS_01.csv",".csv","1823","0.0017","2026-06-11T15:43:05","2026-06-11T15:43:05","BACKUP"
"RUNTIME","D:\halal_web_runtime","D:\halal_web_runtime\_onedrive_backup_archive\data.__onedrive_backup_20260629_144030\rules\rule_validation_reports\VR_20260611_154305_certno_pattern_MUIS_01.json","_onedrive_backup_archive\data.__onedrive_backup_20260629_144030\rules\rule_validation_reports\VR_20260611_154305_certno_pattern_MUIS_01.json","VR_20260611_154305_certno_pattern_MUIS_01.json",".json","13718","0.0131","2026-06-11T15:43:05","2026-06-11T15:43:05","SOURCE_OR_CONFIG"
"RUNTIME","D:\halal_web_runtime","D:\halal_web_runtime\_onedrive_backup_archive\data.__onedrive_backup_20260629_144030\rules\rule_validation_reports\VR_20260611_154305_date_anchor_MUIS_valid_until_01.csv","_onedrive_backup_archive\data.__onedrive_backup_20260629_144030\rules\rule_validation_reports\VR_20260611_154305_date_anchor_MUIS_valid_until_01.csv","VR_20260611_154305_date_anchor_MUIS_valid_until_01.csv",".csv","134","0.0001","2026-06-11T15:43:05","2026-06-11T15:43:05","BACKUP"
"RUNTIME","D:\halal_web_runtime","D:\halal_web_runtime\_onedrive_backup_archive\data.__onedrive_backup_20260629_144030\rules\rule_validation_reports\VR_20260611_154305_date_anchor_MUIS_valid_until_01.json","_onedrive_backup_archive\data.__onedrive_backup_20260629_144030\rules\rule_validation_reports\VR_20260611_154305_date_anchor_MUIS_valid_until_01.json","VR_20260611_154305_date_anchor_MUIS_valid_until_01.json",".json","9113","0.0087","2026-06-11T15:43:05","2026-06-11T15:43:05","SOURCE_OR_CONFIG"
"RUNTIME","D:\halal_web_runtime","D:\halal_web_runtime\_onedrive_backup_archive\data.__onedrive_backup_20260629_144030\rules\rule_validation_reports\VR_20260611_154306_cert_no_regex_ARA_01.csv","_onedrive_backup_archive\data.__onedrive_backup_20260629_144030\rules\rule_validation_reports\VR_20260611_154306_cert_no_regex_ARA_01.csv","VR_20260611_154306_cert_no_regex_ARA_01.csv",".csv","426","0.0004","2026-06-11T15:43:06","2026-06-11T15:43:06","BACKUP"
"RUNTIME","D:\halal_web_runtime","D:\halal_web_runtime\_onedrive_backup_archive\data.__onedrive_backup_20260629_144030\rules\rule_validation_reports\VR_20260611_154306_cert_no_regex_ARA_01.json","_onedrive_backup_archive\data.__onedrive_backup_20260629_144030\rules\rule_validation_reports\VR_20260611_154306_cert_no_regex_ARA_01.json","VR_20260611_154306_cert_no_regex_ARA_01.json",".json","9716","0.0093","2026-06-11T15:43:06","2026-06-11T15:43:06","SOURCE_OR_CONFIG"
"RUNTIME","D:\halal_web_runtime","D:\halal_web_runtime\_onedrive_backup_archive\data.__onedrive_backup_20260629_144030\rules\rule_validation_reports\VR_20260611_154306_manufacturer_cleanup_HFFIA_01.csv","_onedrive_backup_archive\data.__onedrive_backup_20260629_144030\rules\rule_validation_reports\VR_20260611_154306_manufacturer_cleanup_HFFIA_01.csv","VR_20260611_154306_manufacturer_cleanup_HFFIA_01.csv",".csv","134","0.0001","2026-06-11T15:43:06","2026-06-11T15:43:06","BACKUP"
"RUNTIME","D:\halal_web_runtime","D:\halal_web_runtime\_onedrive_backup_archive\data.__onedrive_backup_20260629_144030\rules\rule_validation_reports\VR_20260611_154306_manufacturer_cleanup_HFFIA_01.json","_onedrive_backup_archive\data.__onedrive_backup_20260629_144030\rules\rule_validation_reports\VR_20260611_154306_manufacturer_cleanup_HFFIA_01.json","VR_20260611_154306_manufacturer_cleanup_HFFIA_01.json",".json","9026","0.0086","2026-06-11T15:43:06","2026-06-11T15:43:06","SOURCE_OR_CONFIG"
"RUNTIME","D:\halal_web_runtime","D:\halal_web_runtime\_onedrive_backup_archive\data.__onedrive_backup_20260629_144030\rules\rule_validation_reports\VR_20260611_154306_manufacturer_cleanup_MUIS_01.csv","_onedrive_backup_archive\data.__onedrive_backup_20260629_144030\rules\rule_validation_reports\VR_20260611_154306_manufacturer_cleanup_MUIS_01.csv","VR_20260611_154306_manufacturer_cleanup_MUIS_01.csv",".csv","134","0.0001","2026-06-11T15:43:06","2026-06-11T15:43:06","BACKUP"
"RUNTIME","D:\halal_web_runtime","D:\halal_web_runtime\_onedrive_backup_archive\data.__onedrive_backup_20260629_144030\rules\rule_validation_reports\VR_20260611_154306_manufacturer_cleanup_MUIS_01.json","_onedrive_backup_archive\data.__onedrive_backup_20260629_144030\rules\rule_validation_reports\VR_20260611_154306_manufacturer_cleanup_MUIS_01.json","VR_20260611_154306_manufacturer_cleanup_MUIS_01.json",".json","9069","0.0086","2026-06-11T15:43:06","2026-06-11T15:43:06","SOURCE_OR_CONFIG"
"RUNTIME","D:\halal_web_runtime","D:\halal_web_runtime\_onedrive_backup_archive\data.__onedrive_backup_20260629_144030\rules\rule_validation_reports\VR_20260611_154307_cert_no_regex_CICOT_01.csv","_onedrive_backup_archive\data.__onedrive_backup_20260629_144030\rules\rule_validation_reports\VR_20260611_154307_cert_no_regex_CICOT_01.csv","VR_20260611_154307_cert_no_regex_CICOT_01.csv",".csv","411","0.0004","2026-06-11T15:43:07","2026-06-11T15:43:07","BACKUP"
"RUNTIME","D:\halal_web_runtime","D:\halal_web_runtime\_onedrive_backup_archive\data.__onedrive_backup_20260629_144030\rules\rule_validation_reports\VR_20260611_154307_cert_no_regex_CICOT_01.json","_onedrive_backup_archive\data.__onedrive_backup_20260629_144030\rules\rule_validation_reports\VR_20260611_154307_cert_no_regex_CICOT_01.json","VR_20260611_154307_cert_no_regex_CICOT_01.json",".json","9881","0.0094","2026-06-11T15:43:07","2026-06-11T15:43:07","SOURCE_OR_CONFIG"
"RUNTIME","D:\halal_web_runtime","D:\halal_web_runtime\_onedrive_backup_archive\data.__onedrive_backup_20260629_144030\rules\rule_validation_reports\VR_20260611_154307_cert_no_regex_HFFIA_01.csv","_onedrive_backup_archive\data.__onedrive_backup_20260629_144030\rules\rule_validation_reports\VR_20260611_154307_cert_no_regex_HFFIA_01.csv","VR_20260611_154307_cert_no_regex_HFFIA_01.csv",".csv","399","0.0004","2026-06-11T15:43:07","2026-06-11T15:43:07","BACKUP"
"RUNTIME","D:\halal_web_runtime","D:\halal_web_runtime\_onedrive_backup_archive\data.__onedrive_backup_20260629_144030\rules\rule_validation_reports\VR_20260611_154307_cert_no_regex_HFFIA_01.json","_onedrive_backup_archive\data.__onedrive_backup_20260629_144030\rules\rule_validation_reports\VR_20260611_154307_cert_no_regex_HFFIA_01.json","VR_20260611_154307_cert_no_regex_HFFIA_01.json",".json","9893","0.0094","2026-06-11T15:43:07","2026-06-11T15:43:07","SOURCE_OR_CONFIG"
"RUNTIME","D:\halal_web_runtime","D:\halal_web_runtime\_onedrive_backup_archive\data.__onedrive_backup_20260629_144030\rules\rule_validation_reports\VR_20260611_154307_cert_no_regex_MUIS_01.csv","_onedrive_backup_archive\data.__onedrive_backup_20260629_144030\rules\rule_validation_reports\VR_20260611_154307_cert_no_regex_MUIS_01.csv","VR_20260611_154307_cert_no_regex_MUIS_01.csv",".csv","1702","0.0016","2026-06-11T15:43:07","2026-06-11T15:43:07","BACKUP"
"RUNTIME","D:\halal_web_runtime","D:\halal_web_runtime\_onedrive_backup_archive\data.__onedrive_backup_20260629_144030\rules\rule_validation_reports\VR_20260611_154307_cert_no_regex_MUIS_01.json","_onedrive_backup_archive\data.__onedrive_backup_20260629_144030\rules\rule_validation_reports\VR_20260611_154307_cert_no_regex_MUIS_01.json","VR_20260611_154307_cert_no_regex_MUIS_01.json",".json","13795","0.0132","2026-06-11T15:43:07","2026-06-11T15:43:07","SOURCE_OR_CONFIG"
"RUNTIME","D:\halal_web_runtime","D:\halal_web_runtime\_onedrive_backup_archive\data.__onedrive_backup_20260629_144030\rules\rule_validation_reports\VR_20260611_154307_HFCE_cert_no_anchor_regex_v1.csv","_onedrive_backup_archive\data.__onedrive_backup_20260629_144030\rules\rule_validation_reports\VR_20260611_154307_HFCE_cert_no_anchor_regex_v1.csv","VR_20260611_154307_HFCE_cert_no_anchor_regex_v1.csv",".csv","134","0.0001","2026-06-11T15:43:07","2026-06-11T15:43:07","BACKUP"
"RUNTIME","D:\halal_web_runtime","D:\halal_web_runtime\_onedrive_backup_archive\data.__onedrive_backup_20260629_144030\rules\rule_validation_reports\VR_20260611_154307_HFCE_cert_no_anchor_regex_v1.json","_onedrive_backup_archive\data.__onedrive_backup_20260629_144030\rules\rule_validation_reports\VR_20260611_154307_HFCE_cert_no_anchor_regex_v1.json","VR_20260611_154307_HFCE_cert_no_anchor_regex_v1.json",".json","9108","0.0087","2026-06-11T15:43:07","2026-06-11T15:43:07","SOURCE_OR_CONFIG"
"RUNTIME","D:\halal_web_runtime","D:\halal_web_runtime\_onedrive_backup_archive\data.__onedrive_backup_20260629_144030\rules\rule_validation_reports\VR_20260611_154308_cert_no_pattern_arabic_hffia_v1.csv","_onedrive_backup_archive\data.__onedrive_backup_20260629_144030\rules\rule_validation_reports\VR_20260611_154308_cert_no_pattern_arabic_hffia_v1.csv","VR_20260611_154308_cert_no_pattern_arabic_hffia_v1.csv",".csv","1236","0.0012","2026-06-11T15:43:09","2026-06-11T15:43:09","BACKUP"
"RUNTIME","D:\halal_web_runtime","D:\halal_web_runtime\_onedrive_backup_archive\data.__onedrive_backup_20260629_144030\rules\rule_validation_reports\VR_20260611_154308_cert_no_pattern_arabic_hffia_v1.json","_onedrive_backup_archive\data.__onedrive_backup_20260629_144030\rules\rule_validation_reports\VR_20260611_154308_cert_no_pattern_arabic_hffia_v1.json","VR_20260611_154308_cert_no_pattern_arabic_hffia_v1.json",".json","12594","0.012","2026-06-11T15:43:09","2026-06-11T15:43:09","SOURCE_OR_CONFIG"
"RUNTIME","D:\halal_web_runtime","D:\halal_web_runtime\_onedrive_backup_archive\data.__onedrive_backup_20260629_144030\rules\rule_validation_reports\VR_20260611_154308_CICOT_cert_no_anchor_regex_v1.csv","_onedrive_backup_archive\data.__onedrive_backup_20260629_144030\rules\rule_validation_reports\VR_20260611_154308_CICOT_cert_no_anchor_regex_v1.csv","VR_20260611_154308_CICOT_cert_no_anchor_regex_v1.csv",".csv","411","0.0004","2026-06-11T15:43:08","2026-06-11T15:43:08","BACKUP"
"RUNTIME","D:\halal_web_runtime","D:\halal_web_runtime\_onedrive_backup_archive\data.__onedrive_backup_20260629_144030\rules\rule_validation_reports\VR_20260611_154308_CICOT_cert_no_anchor_regex_v1.json","_onedrive_backup_archive\data.__onedrive_backup_20260629_144030\rules\rule_validation_reports\VR_20260611_154308_CICOT_cert_no_anchor_regex_v1.json","VR_20260611_154308_CICOT_cert_no_anchor_regex_v1.json",".json","9789","0.0093","2026-06-11T15:43:08","2026-06-11T15:43:08","SOURCE_OR_CONFIG"
"RUNTIME","D:\halal_web_runtime","D:\halal_web_runtime\_onedrive_backup_archive\data.__onedrive_backup_20260629_144030\rules\rule_validation_reports\VR_20260611_154308_MUIS_expiry_date_anchor_v1.csv","_onedrive_backup_archive\data.__onedrive_backup_20260629_144030\rules\rule_validation_reports\VR_20260611_154308_MUIS_expiry_date_anchor_v1.csv","VR_20260611_154308_MUIS_expiry_date_anchor_v1.csv",".csv","134","0.0001","2026-06-11T15:43:08","2026-06-11T15:43:08","BACKUP"
"RUNTIME","D:\halal_web_runtime","D:\halal_web_runtime\_onedrive_backup_archive\data.__onedrive_backup_20260629_144030\rules\rule_validation_reports\VR_20260611_154308_MUIS_expiry_date_anchor_v1.json","_onedrive_backup_archive\data.__onedrive_backup_20260629_144030\rules\rule_validation_reports\VR_20260611_154308_MUIS_expiry_date_anchor_v1.json","VR_20260611_154308_MUIS_expiry_date_anchor_v1.json",".json","9282","0.0089","2026-06-11T15:43:08","2026-06-11T15:43:08","SOURCE_OR_CONFIG"
"RUNTIME","D:\halal_web_runtime","D:\halal_web_runtime\_onedrive_backup_archive\data.__onedrive_backup_20260629_144030\rules\rule_validation_reports\VR_20260611_154308_MUIS_manufacturer_address_cleanup_v1.csv","_onedrive_backup_archive\data.__onedrive_backup_20260629_144030\rules\rule_validation_reports\VR_20260611_154308_MUIS_manufacturer_address_cleanup_v1.csv","VR_20260611_154308_MUIS_manufacturer_address_cleanup_v1.csv",".csv","134","0.0001","2026-06-11T15:43:08","2026-06-11T15:43:08","BACKUP"
"RUNTIME","D:\halal_web_runtime","D:\halal_web_runtime\_onedrive_backup_archive\data.__onedrive_backup_20260629_144030\rules\rule_validation_reports\VR_20260611_154308_MUIS_manufacturer_address_cleanup_v1.json","_onedrive_backup_archive\data.__onedrive_backup_20260629_144030\rules\rule_validation_reports\VR_20260611_154308_MUIS_manufacturer_address_cleanup_v1.json","VR_20260611_154308_MUIS_manufacturer_address_cleanup_v1.json",".json","9205","0.0088","2026-06-11T15:43:08","2026-06-11T15:43:08","SOURCE_OR_CONFIG"
"RUNTIME","D:\halal_web_runtime","D:\halal_web_runtime\_onedrive_backup_archive\data.__onedrive_backup_20260629_144030\rules\rule_validation_reports\VR_20260611_154309_date_anchor_MUIS_validuntil_v1.csv","_onedrive_backup_archive\data.__onedrive_backup_20260629_144030\rules\rule_validation_reports\VR_20260611_154309_date_anchor_MUIS_validuntil_v1.csv","VR_20260611_154309_date_anchor_MUIS_validuntil_v1.csv",".csv","134","0.0001","2026-06-11T15:43:09","2026-06-11T15:43:09","BACKUP"
"RUNTIME","D:\halal_web_runtime","D:\halal_web_runtime\_onedrive_backup_archive\data.__onedrive_backup_20260629_144030\rules\rule_validation_reports\VR_20260611_154309_date_anchor_MUIS_validuntil_v1.json","_onedrive_backup_archive\data.__onedrive_backup_20260629_144030\rules\rule_validation_reports\VR_20260611_154309_date_anchor_MUIS_validuntil_v1.json","VR_20260611_154309_date_anchor_MUIS_validuntil_v1.json",".json","9445","0.009","2026-06-11T15:43:09","2026-06-11T15:43:09","SOURCE_OR_CONFIG"
"RUNTIME","D:\halal_web_runtime","D:\halal_web_runtime\_onedrive_backup_archive\db.__onedrive_backup_20260629_144030\cert_template_features.db","_onedrive_backup_archive\db.__onedrive_backup_20260629_144030\cert_template_features.db","cert_template_features.db",".db","811008","0.7734","2026-06-29T17:01:45","2026-06-25T00:49:33","DATABASE"
"RUNTIME","D:\halal_web_runtime","D:\halal_web_runtime\_onedrive_backup_archive\db.__onedrive_backup_20260629_144030\halal_lhln.db","_onedrive_backup_archive\db.__onedrive_backup_20260629_144030\halal_lhln.db","halal_lhln.db",".db","69632","0.0664","2026-06-29T17:01:45","2026-05-13T12:21:34","DATABASE"
"RUNTIME","D:\halal_web_runtime","D:\halal_web_runtime\_onedrive_backup_archive\db.__onedrive_backup_20260629_144030\ocr_test.db","_onedrive_backup_archive\db.__onedrive_backup_20260629_144030\ocr_test.db","ocr_test.db",".db","274432","0.2617","2026-06-29T17:01:45","2026-06-03T08:35:05","DATABASE"
"RUNTIME","D:\halal_web_runtime","D:\halal_web_runtime\_onedrive_backup_archive\db.__onedrive_backup_20260629_144030\pmf_app.db","_onedrive_backup_archive\db.__onedrive_backup_20260629_144030\pmf_app.db","pmf_app.db",".db","4993024","4.7617","2026-06-29T17:01:45","2026-06-25T00:49:28","DATABASE"
"RUNTIME","D:\halal_web_runtime","D:\halal_web_runtime\_onedrive_backup_archive\output.__onedrive_backup_20260629_144030\cert_template\features\026570533d72e218ab2f7c0974f4c192ff7d8ee24f193269eb3015f7cda91aa9_p1_basic_orb.npy","_onedrive_backup_archive\output.__onedrive_backup_20260629_144030\cert_template\features\026570533d72e218ab2f7c0974f4c192ff7d8ee24f193269eb3015f7cda91aa9_p1_basic_orb.npy","026570533d72e218ab2f7c0974f4c192ff7d8ee24f193269eb3015f7cda91aa9_p1_basic_orb.npy",".npy","57728","0.0551","2026-06-29T17:01:45","2026-05-27T08:55:54","BACKUP"
"RUNTIME","D:\halal_web_runtime","D:\halal_web_runtime\_onedrive_backup_archive\output.__onedrive_backup_20260629_144030\cert_template\features\026570533d72e218ab2f7c0974f4c192ff7d8ee24f193269eb3015f7cda91aa9_p1_enhanced_orb.npy","_onedrive_backup_archive\output.__onedrive_backup_20260629_144030\cert_template\features\026570533d72e218ab2f7c0974f4c192ff7d8ee24f193269eb3015f7cda91aa9_p1_enhanced_orb.npy","026570533d72e218ab2f7c0974f4c192ff7d8ee24f193269eb3015f7cda91aa9_p1_enhanced_orb.npy",".npy","57728","0.0551","2026-06-29T17:01:45","2026-05-27T08:55:57","BACKUP"
"RUNTIME","D:\halal_web_runtime","D:\halal_web_runtime\_onedrive_backup_archive\output.__onedrive_backup_20260629_144030\cert_template\features\02767c062e6f6e007dd18c7bafc38b3e8e867b6fa58180abe71554d241c6b002_p1_basic_orb.npy","_onedrive_backup_archive\output.__onedrive_backup_20260629_144030\cert_template\features\02767c062e6f6e007dd18c7bafc38b3e8e867b6fa58180abe71554d241c6b002_p1_basic_orb.npy","02767c062e6f6e007dd18c7bafc38b3e8e867b6fa58180abe71554d241c6b002_p1_basic_orb.npy",".npy","57728","0.0551","2026-06-29T17:01:45","2026-05-27T08:50:48","BACKUP"
"RUNTIME","D:\halal_web_runtime","D:\halal_web_runtime\_onedrive_backup_archive\output.__onedrive_backup_20260629_144030\cert_template\features\02767c062e6f6e007dd18c7bafc38b3e8e867b6fa58180abe71554d241c6b002_p1_enhanced_orb.npy","_onedrive_backup_archive\output.__onedrive_backup_20260629_144030\cert_template\features\02767c062e6f6e007dd18c7bafc38b3e8e867b6fa58180abe71554d241c6b002_p1_enhanced_orb.npy","02767c062e6f6e007dd18c7bafc38b3e8e867b6fa58180abe71554d241c6b002_p1_enhanced_orb.npy",".npy","57728","0.0551","2026-06-29T17:01:45","2026-05-27T08:50:49","BACKUP"
"RUNTIME","D:\halal_web_runtime","D:\halal_web_runtime\_onedrive_backup_archive\output.__onedrive_backup_20260629_144030\cert_template\features\02767c062e6f6e007dd18c7bafc38b3e8e867b6fa58180abe71554d241c6b002_p2_basic_orb.npy","_onedrive_backup_archive\output.__onedrive_backup_20260629_144030\cert_template\features\02767c062e6f6e007dd18c7bafc38b3e8e867b6fa58180abe71554d241c6b002_p2_basic_orb.npy","02767c062e6f6e007dd18c7bafc38b3e8e867b6fa58180abe71554d241c6b002_p2_basic_orb.npy",".npy","57728","0.0551","2026-06-29T17:01:45","2026-05-27T08:50:48","BACKUP"
"RUNTIME","D:\halal_web_runtime","D:\halal_web_runtime\_onedrive_backup_archive\output.__onedrive_backup_20260629_144030\cert_template\features\02767c062e6f6e007dd18c7bafc38b3e8e867b6fa58180abe71554d241c6b002_p2_enhanced_orb.npy","_onedrive_backup_archive\output.__onedrive_backup_20260629_144030\cert_template\features\02767c062e6f6e007dd18c7bafc38b3e8e867b6fa58180abe71554d241c6b002_p2_enhanced_orb.npy","02767c062e6f6e007dd18c7bafc38b3e8e867b6fa58180abe71554d241c6b002_p2_enhanced_orb.npy",".npy","57728","0.0551","2026-06-29T17:01:45","2026-05-27T08:50:50","BACKUP"
"RUNTIME","D:\halal_web_runtime","D:\halal_web_runtime\_onedrive_backup_archive\output.__onedrive_backup_20260629_144030\cert_template\features\043b81245cf3194c0db6b139171a54e457e9633a49851040aa724f28822fbfd8_p1_basic_orb.npy","_onedrive_backup_archive\output.__onedrive_backup_20260629_144030\cert_template\features\043b81245cf3194c0db6b139171a54e457e9633a49851040aa724f28822fbfd8_p1_basic_orb.npy","043b81245cf3194c0db6b139171a54e457e9633a49851040aa724f28822fbfd8_p1_basic_orb.npy",".npy","57728","0.0551","2026-06-29T17:01:45","2026-05-28T08:10:58","BACKUP"
"RUNTIME","D:\halal_web_runtime","D:\halal_web_runtime\_onedrive_backup_archive\output.__onedrive_backup_20260629_144030\cert_template\features\043b81245cf3194c0db6b139171a54e457e9633a49851040aa724f28822fbfd8_p1_enhanced_orb.npy","_onedrive_backup_archive\output.__onedrive_backup_20260629_144030\cert_template\features\043b81245cf3194c0db6b139171a54e457e9633a49851040aa724f28822fbfd8_p1_enhanced_orb.npy","043b81245cf3194c0db6b139171a54e457e9633a49851040aa724f28822fbfd8_p1_enhanced_orb.npy",".npy","57728","0.0551","2026-06-29T17:01:45","2026-05-28T08:11:07","BACKUP"
"RUNTIME","D:\halal_web_runtime","D:\halal_web_runtime\_onedrive_backup_archive\output.__onedrive_backup_20260629_144030\cert_template\features\05c96512f5fa9486e80796b8b75c0cf08729b98e2bd091e7a69ed284473741e5_p1_basic_orb.npy","_onedrive_backup_archive\output.__onedrive_backup_20260629_144030\cert_template\features\05c96512f5fa9486e80796b8b75c0cf08729b98e2bd091e7a69ed284473741e5_p1_basic_orb.npy","05c96512f5fa9486e80796b8b75c0cf08729b98e2bd091e7a69ed284473741e5_p1_basic_orb.npy",".npy","57728","0.0551","2026-06-29T17:01:45","2026-05-27T08:50:57","BACKUP"
"RUNTIME","D:\halal_web_runtime","D:\halal_web_runtime\_onedrive_backup_archive\output.__onedrive_backup_20260629_144030\cert_template\features\05c96512f5fa9486e80796b8b75c0cf08729b98e2bd091e7a69ed284473741e5_p1_enhanced_orb.npy","_onedrive_backup_archive\output.__onedrive_backup_20260629_144030\cert_template\features\05c96512f5fa9486e80796b8b75c0cf08729b98e2bd091e7a69ed284473741e5_p1_enhanced_orb.npy","05c96512f5fa9486e80796b8b75c0cf08729b98e2bd091e7a69ed284473741e5_p1_enhanced_orb.npy",".npy","57728","0.0551","2026-06-29T17:01:45","2026-05-27T08:50:57","BACKUP"
"RUNTIME","D:\halal_web_runtime","D:\halal_web_runtime\_onedrive_backup_archive\output.__onedrive_backup_20260629_144030\cert_template\features\05dc85008114dc93452cc0207381e63b7b2f9d9c2e65d9ecb4e2d88e0f538a99_p1_basic_orb.npy","_onedrive_backup_archive\output.__onedrive_backup_20260629_144030\cert_template\features\05dc85008114dc93452cc0207381e63b7b2f9d9c2e65d9ecb4e2d88e0f538a99_p1_basic_orb.npy","05dc85008114dc93452cc0207381e63b7b2f9d9c2e65d9ecb4e2d88e0f538a99_p1_basic_orb.npy",".npy","57728","0.0551","2026-06-29T17:01:45","2026-05-28T08:09:32","BACKUP"
"RUNTIME","D:\halal_web_runtime","D:\halal_web_runtime\_onedrive_backup_archive\output.__onedrive_backup_20260629_144030\cert_template\features\05dc85008114dc93452cc0207381e63b7b2f9d9c2e65d9ecb4e2d88e0f538a99_p1_enhanced_orb.npy","_onedrive_backup_archive\output.__onedrive_backup_20260629_144030\cert_template\features\05dc85008114dc93452cc0207381e63b7b2f9d9c2e65d9ecb4e2d88e0f538a99_p1_enhanced_orb.npy","05dc85008114dc93452cc0207381e63b7b2f9d9c2e65d9ecb4e2d88e0f538a99_p1_enhanced_orb.npy",".npy","57728","0.0551","2026-06-29T17:01:45","2026-05-28T08:09:38","BACKUP"
"RUNTIME","D:\halal_web_runtime","D:\halal_web_runtime\_onedrive_backup_archive\output.__onedrive_backup_20260629_144030\cert_template\features\09db1c67b71b3d7e1d3e54fe9fe485b11fc3634214f45c7ecf3abb67a04d06f0_p1_basic_orb.npy","_onedrive_backup_archive\output.__onedrive_backup_20260629_144030\cert_template\features\09db1c67b71b3d7e1d3e54fe9fe485b11fc3634214f45c7ecf3abb67a04d06f0_p1_basic_orb.npy","09db1c67b71b3d7e1d3e54fe9fe485b11fc3634214f45c7ecf3abb67a04d06f0_p1_basic_orb.npy",".npy","57728","0.0551","2026-06-29T17:01:46","2026-05-27T08:51:03","BACKUP"
"RUNTIME","D:\halal_web_runtime","D:\halal_web_runtime\_onedrive_backup_archive\output.__onedrive_backup_20260629_144030\cert_template\features\09db1c67b71b3d7e1d3e54fe9fe485b11fc3634214f45c7ecf3abb67a04d06f0_p1_enhanced_orb.npy","_onedrive_backup_archive\output.__onedrive_backup_20260629_144030\cert_template\features\09db1c67b71b3d7e1d3e54fe9fe485b11fc3634214f45c7ecf3abb67a04d06f0_p1_enhanced_orb.npy","09db1c67b71b3d7e1d3e54fe9fe485b11fc3634214f45c7ecf3abb67a04d06f0_p1_enhanced_orb.npy",".npy","57728","0.0551","2026-06-29T17:01:46","2026-05-27T08:51:03","BACKUP"
"RUNTIME","D:\halal_web_runtime","D:\halal_web_runtime\_onedrive_backup_archive\output.__onedrive_backup_20260629_144030\cert_template\features\09db1c67b71b3d7e1d3e54fe9fe485b11fc3634214f45c7ecf3abb67a04d06f0_p2_basic_orb.npy","_onedrive_backup_archive\output.__onedrive_backup_20260629_144030\cert_template\features\09db1c67b71b3d7e1d3e54fe9fe485b11fc3634214f45c7ecf3abb67a04d06f0_p2_basic_orb.npy","09db1c67b71b3d7e1d3e54fe9fe485b11fc3634214f45c7ecf3abb67a04d06f0_p2_basic_orb.npy",".npy","57728","0.0551","2026-06-29T17:01:46","2026-05-27T08:51:03","BACKUP"
"RUNTIME","D:\halal_web_runtime","D:\halal_web_runtime\_onedrive_backup_archive\output.__onedrive_backup_20260629_144030\cert_template\features\09db1c67b71b3d7e1d3e54fe9fe485b11fc3634214f45c7ecf3abb67a04d06f0_p2_enhanced_orb.npy","_onedrive_backup_archive\output.__onedrive_backup_20260629_144030\cert_template\features\09db1c67b71b3d7e1d3e54fe9fe485b11fc3634214f45c7ecf3abb67a04d06f0_p2_enhanced_orb.npy","09db1c67b71b3d7e1d3e54fe9fe485b11fc3634214f45c7ecf3abb67a04d06f0_p2_enhanced_orb.npy",".npy","57728","0.0551","2026-06-29T17:01:46","2026-05-27T08:51:04","BACKUP"
"RUNTIME","D:\halal_web_runtime","D:\halal_web_runtime\_onedrive_backup_archive\output.__onedrive_backup_20260629_144030\cert_template\features\0e8cf427d63aa054785e21c8670647ed1f3aa7bdc29e5b8865088ff39f7a97da_p1_basic_orb.npy","_onedrive_backup_archive\output.__onedrive_backup_20260629_144030\cert_template\features\0e8cf427d63aa054785e21c8670647ed1f3aa7bdc29e5b8865088ff39f7a97da_p1_basic_orb.npy","0e8cf427d63aa054785e21c8670647ed1f3aa7bdc29e5b8865088ff39f7a97da_p1_basic_orb.npy",".npy","57728","0.0551","2026-06-29T17:01:46","2026-05-27T08:50:07","BACKUP"
"RUNTIME","D:\halal_web_runtime","D:\halal_web_runtime\_onedrive_backup_archive\output.__onedrive_backup_20260629_144030\cert_template\features\0e8cf427d63aa054785e21c8670647ed1f3aa7bdc29e5b8865088ff39f7a97da_p1_enhanced_orb.npy","_onedrive_backup_archive\output.__onedrive_backup_20260629_144030\cert_template\features\0e8cf427d63aa054785e21c8670647ed1f3aa7bdc29e5b8865088ff39f7a97da_p1_enhanced_orb.npy","0e8cf427d63aa054785e21c8670647ed1f3aa7bdc29e5b8865088ff39f7a97da_p1_enhanced_orb.npy",".npy","57728","0.0551","2026-06-29T17:01:46","2026-05-27T08:50:08","BACKUP"
"RUNTIME","D:\halal_web_runtime","D:\halal_web_runtime\_onedrive_backup_archive\output.__onedrive_backup_20260629_144030\cert_template\features\0e8cf427d63aa054785e21c8670647ed1f3aa7bdc29e5b8865088ff39f7a97da_p2_basic_orb.npy","_onedrive_backup_archive\output.__onedrive_backup_20260629_144030\cert_template\features\0e8cf427d63aa054785e21c8670647ed1f3aa7bdc29e5b8865088ff39f7a97da_p2_basic_orb.npy","0e8cf427d63aa054785e21c8670647ed1f3aa7bdc29e5b8865088ff39f7a97da_p2_basic_orb.npy",".npy","57728","0.0551","2026-06-29T17:01:46","2026-05-27T08:50:07","BACKUP"
"RUNTIME","D:\halal_web_runtime","D:\halal_web_runtime\_onedrive_backup_archive\output.__onedrive_backup_20260629_144030\cert_template\features\0e8cf427d63aa054785e21c8670647ed1f3aa7bdc29e5b8865088ff39f7a97da_p2_enhanced_orb.npy","_onedrive_backup_archive\output.__onedrive_backup_20260629_144030\cert_template\features\0e8cf427d63aa054785e21c8670647ed1f3aa7bdc29e5b8865088ff39f7a97da_p2_enhanced_orb.npy","0e8cf427d63aa054785e21c8670647ed1f3aa7bdc29e5b8865088ff39f7a97da_p2_enhanced_orb.npy",".npy","57728","0.0551","2026-06-29T17:01:46","2026-05-27T08:50:09","BACKUP"
"RUNTIME","D:\halal_web_runtime","D:\halal_web_runtime\_onedrive_backup_archive\output.__onedrive_backup_20260629_144030\cert_template\features\0ecb8a6bdddd35f49d99da639254882d5c8d79c426e880270b75d103d61c16bc_p1_basic_orb.npy","_onedrive_backup_archive\output.__onedrive_backup_20260629_144030\cert_template\features\0ecb8a6bdddd35f49d99da639254882d5c8d79c426e880270b75d103d61c16bc_p1_basic_orb.npy","0ecb8a6bdddd35f49d99da639254882d5c8d79c426e880270b75d103d61c16bc_p1_basic_orb.npy",".npy","57728","0.0551","2026-06-29T17:01:46","2026-05-27T08:50:42","BACKUP"
"RUNTIME","D:\halal_web_runtime","D:\halal_web_runtime\_onedrive_backup_archive\output.__onedrive_backup_20260629_144030\cert_template\features\0ecb8a6bdddd35f49d99da639254882d5c8d79c426e880270b75d103d61c16bc_p1_enhanced_orb.npy","_onedrive_backup_archive\output.__onedrive_backup_20260629_144030\cert_template\features\0ecb8a6bdddd35f49d99da639254882d5c8d79c426e880270b75d103d61c16bc_p1_enhanced_orb.npy","0ecb8a6bdddd35f49d99da639254882d5c8d79c426e880270b75d103d61c16bc_p1_enhanced_orb.npy",".npy","57728","0.0551","2026-06-29T17:01:46","2026-05-27T08:50:43","BACKUP"
"RUNTIME","D:\halal_web_runtime","D:\halal_web_runtime\_onedrive_backup_archive\output.__onedrive_backup_20260629_144030\cert_template\features\0ecb8a6bdddd35f49d99da639254882d5c8d79c426e880270b75d103d61c16bc_p2_basic_orb.npy","_onedrive_backup_archive\output.__onedrive_backup_20260629_144030\cert_template\features\0ecb8a6bdddd35f49d99da639254882d5c8d79c426e880270b75d103d61c16bc_p2_basic_orb.npy","0ecb8a6bdddd35f49d99da639254882d5c8d79c426e880270b75d103d61c16bc_p2_basic_orb.npy",".npy","57728","0.0551","2026-06-29T17:01:46","2026-05-27T08:50:42","BACKUP"
"RUNTIME","D:\halal_web_runtime","D:\halal_web_runtime\_onedrive_backup_archive\output.__onedrive_backup_20260629_144030\cert_template\features\0ecb8a6bdddd35f49d99da639254882d5c8d79c426e880270b75d103d61c16bc_p2_enhanced_orb.npy","_onedrive_backup_archive\output.__onedrive_backup_20260629_144030\cert_template\features\0ecb8a6bdddd35f49d99da639254882d5c8d79c426e880270b75d103d61c16bc_p2_enhanced_orb.npy","0ecb8a6bdddd35f49d99da639254882d5c8d79c426e880270b75d103d61c16bc_p2_enhanced_orb.npy",".npy","57728","0.0551","2026-06-29T17:01:46","2026-05-27T08:50:43","BACKUP"
"RUNTIME","D:\halal_web_runtime","D:\halal_web_runtime\_onedrive_backup_archive\output.__onedrive_backup_20260629_144030\cert_template\features\14d4d6f201671780d59a90d1dc6057a80eaea6452a06a8401a45aa0f1891c4f0_p1_basic_orb.npy","_onedrive_backup_archive\output.__onedrive_backup_20260629_144030\cert_template\features\14d4d6f201671780d59a90d1dc6057a80eaea6452a06a8401a45aa0f1891c4f0_p1_basic_orb.npy","14d4d6f201671780d59a90d1dc6057a80eaea6452a06a8401a45aa0f1891c4f0_p1_basic_orb.npy",".npy","57728","0.0551","2026-06-29T17:01:46","2026-05-27T08:50:40","BACKUP"
"RUNTIME","D:\halal_web_runtime","D:\halal_web_runtime\_onedrive_backup_archive\output.__onedrive_backup_20260629_144030\cert_template\features\14d4d6f201671780d59a90d1dc6057a80eaea6452a06a8401a45aa0f1891c4f0_p1_enhanced_orb.npy","_onedrive_backup_archive\output.__onedrive_backup_20260629_144030\cert_template\features\14d4d6f201671780d59a90d1dc6057a80eaea6452a06a8401a45aa0f1891c4f0_p1_enhanced_orb.npy","14d4d6f201671780d59a90d1dc6057a80eaea6452a06a8401a45aa0f1891c4f0_p1_enhanced_orb.npy",".npy","57728","0.0551","2026-06-29T17:01:46","2026-05-27T08:50:40","BACKUP"
"RUNTIME","D:\halal_web_runtime","D:\halal_web_runtime\_onedrive_backup_archive\output.__onedrive_backup_20260629_144030\cert_template\features\14d4d6f201671780d59a90d1dc6057a80eaea6452a06a8401a45aa0f1891c4f0_p2_basic_orb.npy","_onedrive_backup_archive\output.__onedrive_backup_20260629_144030\cert_template\features\14d4d6f201671780d59a90d1dc6057a80eaea6452a06a8401a45aa0f1891c4f0_p2_basic_orb.npy","14d4d6f201671780d59a90d1dc6057a80eaea6452a06a8401a45aa0f1891c4f0_p2_basic_orb.npy",".npy","57728","0.0551","2026-06-29T17:01:46","2026-05-27T08:50:40","BACKUP"
"RUNTIME","D:\halal_web_runtime","D:\halal_web_runtime\_onedrive_backup_archive\output.__onedrive_backup_20260629_144030\cert_template\features\14d4d6f201671780d59a90d1dc6057a80eaea6452a06a8401a45aa0f1891c4f0_p2_enhanced_orb.npy","_onedrive_backup_archive\output.__onedrive_backup_20260629_144030\cert_template\features\14d4d6f201671780d59a90d1dc6057a80eaea6452a06a8401a45aa0f1891c4f0_p2_enhanced_orb.npy","14d4d6f201671780d59a90d1dc6057a80eaea6452a06a8401a45aa0f1891c4f0_p2_enhanced_orb.npy",".npy","57728","0.0551","2026-06-29T17:01:46","2026-05-27T08:50:41","BACKUP"
"RUNTIME","D:\halal_web_runtime","D:\halal_web_runtime\_onedrive_backup_archive\output.__onedrive_backup_20260629_144030\cert_template\features\14e207ecd508401a8f993a363f085255289bfb77a40de3d42497544979e8c2d1_p1_basic_orb.npy","_onedrive_backup_archive\output.__onedrive_backup_20260629_144030\cert_template\features\14e207ecd508401a8f993a363f085255289bfb77a40de3d42497544979e8c2d1_p1_basic_orb.npy","14e207ecd508401a8f993a363f085255289bfb77a40de3d42497544979e8c2d1_p1_basic_orb.npy",".npy","57728","0.0551","2026-06-29T17:01:46","2026-05-28T08:07:45","BACKUP"
"RUNTIME","D:\halal_web_runtime","D:\halal_web_runtime\_onedrive_backup_archive\output.__onedrive_backup_20260629_144030\cert_template\features\1a92bef6ff4611f2ed97b48ccc88c7b02c9a9286f635eeb912a340138dd0cda2_p1_basic_orb.npy","_onedrive_backup_archive\output.__onedrive_backup_20260629_144030\cert_template\features\1a92bef6ff4611f2ed97b48ccc88c7b02c9a9286f635eeb912a340138dd0cda2_p1_basic_orb.npy","1a92bef6ff4611f2ed97b48ccc88c7b02c9a9286f635eeb912a340138dd0cda2_p1_basic_orb.npy",".npy","57728","0.0551","2026-06-29T17:01:46","2026-05-27T08:50:41","BACKUP"
"RUNTIME","D:\halal_web_runtime","D:\halal_web_runtime\_onedrive_backup_archive\output.__onedrive_backup_20260629_144030\cert_template\features\1a92bef6ff4611f2ed97b48ccc88c7b02c9a9286f635eeb912a340138dd0cda2_p1_enhanced_orb.npy","_onedrive_backup_archive\output.__onedrive_backup_20260629_144030\cert_template\features\1a92bef6ff4611f2ed97b48ccc88c7b02c9a9286f635eeb912a340138dd0cda2_p1_enhanced_orb.npy","1a92bef6ff4611f2ed97b48ccc88c7b02c9a9286f635eeb912a340138dd0cda2_p1_enhanced_orb.npy",".npy","57728","0.0551","2026-06-29T17:01:46","2026-05-27T08:50:42","BACKUP"
"RUNTIME","D:\halal_web_runtime","D:\halal_web_runtime\_onedrive_backup_archive\output.__onedrive_backup_20260629_144030\cert_template\features\1a92bef6ff4611f2ed97b48ccc88c7b02c9a9286f635eeb912a340138dd0cda2_p2_basic_orb.npy","_onedrive_backup_archive\output.__onedrive_backup_20260629_144030\cert_template\features\1a92bef6ff4611f2ed97b48ccc88c7b02c9a9286f635eeb912a340138dd0cda2_p2_basic_orb.npy","1a92bef6ff4611f2ed97b48ccc88c7b02c9a9286f635eeb912a340138dd0cda2_p2_basic_orb.npy",".npy","57856","0.0552","2026-06-29T17:01:46","2026-05-27T08:50:41","BACKUP"
"RUNTIME","D:\halal_web_runtime","D:\halal_web_runtime\_onedrive_backup_archive\output.__onedrive_backup_20260629_144030\cert_template\features\1a92bef6ff4611f2ed97b48ccc88c7b02c9a9286f635eeb912a340138dd0cda2_p2_enhanced_orb.npy","_onedrive_backup_archive\output.__onedrive_backup_20260629_144030\cert_template\features\1a92bef6ff4611f2ed97b48ccc88c7b02c9a9286f635eeb912a340138dd0cda2_p2_enhanced_orb.npy","1a92bef6ff4611f2ed97b48ccc88c7b02c9a9286f635eeb912a340138dd0cda2_p2_enhanced_orb.npy",".npy","57728","0.0551","2026-06-29T17:01:46","2026-05-27T08:50:42","BACKUP"
"RUNTIME","D:\halal_web_runtime","D:\halal_web_runtime\_onedrive_backup_archive\output.__onedrive_backup_20260629_144030\cert_template\features\1b06d49671c596c3618b2349948143cb9c814513530b9c5753e353f9b5c9b626_p1_basic_orb.npy","_onedrive_backup_archive\output.__onedrive_backup_20260629_144030\cert_template\features\1b06d49671c596c3618b2349948143cb9c814513530b9c5753e353f9b5c9b626_p1_basic_orb.npy","1b06d49671c596c3618b2349948143cb9c814513530b9c5753e353f9b5c9b626_p1_basic_orb.npy",".npy","57728","0.0551","2026-06-29T17:01:46","2026-05-27T08:51:02","BACKUP"
"RUNTIME","D:\halal_web_runtime","D:\halal_web_runtime\_onedrive_backup_archive\output.__onedrive_backup_20260629_144030\cert_template\features\1b06d49671c596c3618b2349948143cb9c814513530b9c5753e353f9b5c9b626_p1_enhanced_orb.npy","_onedrive_backup_archive\output.__onedrive_backup_20260629_144030\cert_template\features\1b06d49671c596c3618b2349948143cb9c814513530b9c5753e353f9b5c9b626_p1_enhanced_orb.npy","1b06d49671c596c3618b2349948143cb9c814513530b9c5753e353f9b5c9b626_p1_enhanced_orb.npy",".npy","57728","0.0551","2026-06-29T17:01:46","2026-05-27T08:51:02","BACKUP"
"RUNTIME","D:\halal_web_runtime","D:\halal_web_runtime\_onedrive_backup_archive\output.__onedrive_backup_20260629_144030\cert_template\features\1b06d49671c596c3618b2349948143cb9c814513530b9c5753e353f9b5c9b626_p2_basic_orb.npy","_onedrive_backup_archive\output.__onedrive_backup_20260629_144030\cert_template\features\1b06d49671c596c3618b2349948143cb9c814513530b9c5753e353f9b5c9b626_p2_basic_orb.npy","1b06d49671c596c3618b2349948143cb9c814513530b9c5753e353f9b5c9b626_p2_basic_orb.npy",".npy","57728","0.0551","2026-06-29T17:01:46","2026-05-27T08:51:02","BACKUP"
"RUNTIME","D:\halal_web_runtime","D:\halal_web_runtime\_onedrive_backup_archive\output.__onedrive_backup_20260629_144030\cert_template\features\1b06d49671c596c3618b2349948143cb9c814513530b9c5753e353f9b5c9b626_p2_enhanced_orb.npy","_onedrive_backup_archive\output.__onedrive_backup_20260629_144030\cert_template\features\1b06d49671c596c3618b2349948143cb9c814513530b9c5753e353f9b5c9b626_p2_enhanced_orb.npy","1b06d49671c596c3618b2349948143cb9c814513530b9c5753e353f9b5c9b626_p2_enhanced_orb.npy",".npy","57728","0.0551","2026-06-29T17:01:46","2026-05-27T08:51:02","BACKUP"
"RUNTIME","D:\halal_web_runtime","D:\halal_web_runtime\_onedrive_backup_archive\output.__onedrive_backup_20260629_144030\cert_template\features\1bd9f4b138ec1940861e35a50799cbb0575808a6983c624815680c945300b34e_p1_basic_orb.npy","_onedrive_backup_archive\output.__onedrive_backup_20260629_144030\cert_template\features\1bd9f4b138ec1940861e35a50799cbb0575808a6983c624815680c945300b34e_p1_basic_orb.npy","1bd9f4b138ec1940861e35a50799cbb0575808a6983c624815680c945300b34e_p1_basic_orb.npy",".npy","58048","0.0554","2026-06-29T17:01:46","2026-05-27T08:49:17","BACKUP"
"RUNTIME","D:\halal_web_runtime","D:\halal_web_runtime\_onedrive_backup_archive\output.__onedrive_backup_20260629_144030\cert_template\features\1bd9f4b138ec1940861e35a50799cbb0575808a6983c624815680c945300b34e_p1_enhanced_orb.npy","_onedrive_backup_archive\output.__onedrive_backup_20260629_144030\cert_template\features\1bd9f4b138ec1940861e35a50799cbb0575808a6983c624815680c945300b34e_p1_enhanced_orb.npy","1bd9f4b138ec1940861e35a50799cbb0575808a6983c624815680c945300b34e_p1_enhanced_orb.npy",".npy","57728","0.0551","2026-06-29T17:01:46","2026-05-27T08:49:19","BACKUP"
"RUNTIME","D:\halal_web_runtime","D:\halal_web_runtime\_onedrive_backup_archive\output.__onedrive_backup_20260629_144030\cert_template\features\1bd9f4b138ec1940861e35a50799cbb0575808a6983c624815680c945300b34e_p2_basic_orb.npy","_onedrive_backup_archive\output.__onedrive_backup_20260629_144030\cert_template\features\1bd9f4b138ec1940861e35a50799cbb0575808a6983c624815680c945300b34e_p2_basic_orb.npy","1bd9f4b138ec1940861e35a50799cbb0575808a6983c624815680c945300b34e_p2_basic_orb.npy",".npy","57728","0.0551","2026-06-29T17:01:46","2026-05-27T08:49:18","BACKUP"
"RUNTIME","D:\halal_web_runtime","D:\halal_web_runtime\_onedrive_backup_archive\output.__onedrive_backup_20260629_144030\cert_template\features\1bd9f4b138ec1940861e35a50799cbb0575808a6983c624815680c945300b34e_p2_enhanced_orb.npy","_onedrive_backup_archive\output.__onedrive_backup_20260629_144030\cert_template\features\1bd9f4b138ec1940861e35a50799cbb0575808a6983c624815680c945300b34e_p2_enhanced_orb.npy","1bd9f4b138ec1940861e35a50799cbb0575808a6983c624815680c945300b34e_p2_enhanced_orb.npy",".npy","57728","0.0551","2026-06-29T17:01:46","2026-05-27T08:49:19","BACKUP"
"RUNTIME","D:\halal_web_runtime","D:\halal_web_runtime\_onedrive_backup_archive\output.__onedrive_backup_20260629_144030\cert_template\features\1fb280f1006cd3b922263239e3382daad4319608fca9460a9223861a9319b247_p1_basic_orb.npy","_onedrive_backup_archive\output.__onedrive_backup_20260629_144030\cert_template\features\1fb280f1006cd3b922263239e3382daad4319608fca9460a9223861a9319b247_p1_basic_orb.npy","1fb280f1006cd3b922263239e3382daad4319608fca9460a9223861a9319b247_p1_basic_orb.npy",".npy","57728","0.0551","2026-06-29T17:01:46","2026-05-27T08:49:21","BACKUP"
"RUNTIME","D:\halal_web_runtime","D:\halal_web_runtime\_onedrive_backup_archive\output.__onedrive_backup_20260629_144030\cert_template\features\1fb280f1006cd3b922263239e3382daad4319608fca9460a9223861a9319b247_p1_enhanced_orb.npy","_onedrive_backup_archive\output.__onedrive_backup_20260629_144030\cert_template\features\1fb280f1006cd3b922263239e3382daad4319608fca9460a9223861a9319b247_p1_enhanced_orb.npy","1fb280f1006cd3b922263239e3382daad4319608fca9460a9223861a9319b247_p1_enhanced_orb.npy",".npy","57728","0.0551","2026-06-29T17:01:46","2026-05-27T08:49:22","BACKUP"
"RUNTIME","D:\halal_web_runtime","D:\halal_web_runtime\_onedrive_backup_archive\output.__onedrive_backup_20260629_144030\cert_template\features\24460f9c9f0567791cde61709b62a7b78939596c02adb5d7f3608d8577a307f9_p1_basic_orb.npy","_onedrive_backup_archive\output.__onedrive_backup_20260629_144030\cert_template\features\24460f9c9f0567791cde61709b62a7b78939596c02adb5d7f3608d8577a307f9_p1_basic_orb.npy","24460f9c9f0567791cde61709b62a7b78939596c02adb5d7f3608d8577a307f9_p1_basic_orb.npy",".npy","57728","0.0551","2026-06-29T17:01:46","2026-05-27T08:57:02","BACKUP"
"RUNTIME","D:\halal_web_runtime","D:\halal_web_runtime\_onedrive_backup_archive\output.__onedrive_backup_20260629_144030\cert_template\features\27226cfbed5c8e84d3974f3986f95a8f6472c7145831e75f76575b82ff52071a_p1_basic_orb.npy","_onedrive_backup_archive\output.__onedrive_backup_20260629_144030\cert_template\features\27226cfbed5c8e84d3974f3986f95a8f6472c7145831e75f76575b82ff52071a_p1_basic_orb.npy","27226cfbed5c8e84d3974f3986f95a8f6472c7145831e75f76575b82ff52071a_p1_basic_orb.npy",".npy","57728","0.0551","2026-06-29T17:01:46","2026-05-27T08:50:51","BACKUP"
"RUNTIME","D:\halal_web_runtime","D:\halal_web_runtime\_onedrive_backup_archive\output.__onedrive_backup_20260629_144030\cert_template\features\27226cfbed5c8e84d3974f3986f95a8f6472c7145831e75f76575b82ff52071a_p1_enhanced_orb.npy","_onedrive_backup_archive\output.__onedrive_backup_20260629_144030\cert_template\features\27226cfbed5c8e84d3974f3986f95a8f6472c7145831e75f76575b82ff52071a_p1_enhanced_orb.npy","27226cfbed5c8e84d3974f3986f95a8f6472c7145831e75f76575b82ff52071a_p1_enhanced_orb.npy",".npy","57728","0.0551","2026-06-29T17:01:46","2026-05-27T08:50:51","BACKUP"
"RUNTIME","D:\halal_web_runtime","D:\halal_web_runtime\_onedrive_backup_archive\output.__onedrive_backup_20260629_144030\cert_template\features\28d97b26ac30cb36b1504fcab6eec3f1319db810e53ed819610a6ffcfb420a8b_p1_basic_orb.npy","_onedrive_backup_archive\output.__onedrive_backup_20260629_144030\cert_template\features\28d97b26ac30cb36b1504fcab6eec3f1319db810e53ed819610a6ffcfb420a8b_p1_basic_orb.npy","28d97b26ac30cb36b1504fcab6eec3f1319db810e53ed819610a6ffcfb420a8b_p1_basic_orb.npy",".npy","57728","0.0551","2026-06-29T17:01:46","2026-05-27T08:49:26","BACKUP"
"RUNTIME","D:\halal_web_runtime","D:\halal_web_runtime\_onedrive_backup_archive\output.__onedrive_backup_20260629_144030\cert_template\features\28d97b26ac30cb36b1504fcab6eec3f1319db810e53ed819610a6ffcfb420a8b_p1_enhanced_orb.npy","_onedrive_backup_archive\output.__onedrive_backup_20260629_144030\cert_template\features\28d97b26ac30cb36b1504fcab6eec3f1319db810e53ed819610a6ffcfb420a8b_p1_enhanced_orb.npy","28d97b26ac30cb36b1504fcab6eec3f1319db810e53ed819610a6ffcfb420a8b_p1_enhanced_orb.npy",".npy","57728","0.0551","2026-06-29T17:01:46","2026-05-27T08:49:27","BACKUP"
"RUNTIME","D:\halal_web_runtime","D:\halal_web_runtime\_onedrive_backup_archive\output.__onedrive_backup_20260629_144030\cert_template\features\2a810d3494607b47d780a70217163668a2bf4b8601e8be40a7a59c2486bc859c_p1_basic_orb.npy","_onedrive_backup_archive\output.__onedrive_backup_20260629_144030\cert_template\features\2a810d3494607b47d780a70217163668a2bf4b8601e8be40a7a59c2486bc859c_p1_basic_orb.npy","2a810d3494607b47d780a70217163668a2bf4b8601e8be40a7a59c2486bc859c_p1_basic_orb.npy",".npy","57728","0.0551","2026-06-29T17:01:46","2026-05-27T08:49:25","BACKUP"
"RUNTIME","D:\halal_web_runtime","D:\halal_web_runtime\_onedrive_backup_archive\output.__onedrive_backup_20260629_144030\cert_template\features\2a810d3494607b47d780a70217163668a2bf4b8601e8be40a7a59c2486bc859c_p1_enhanced_orb.npy","_onedrive_backup_archive\output.__onedrive_backup_20260629_144030\cert_template\features\2a810d3494607b47d780a70217163668a2bf4b8601e8be40a7a59c2486bc859c_p1_enhanced_orb.npy","2a810d3494607b47d780a70217163668a2bf4b8601e8be40a7a59c2486bc859c_p1_enhanced_orb.npy",".npy","57728","0.0551","2026-06-29T17:01:46","2026-05-27T08:49:25","BACKUP"
"RUNTIME","D:\halal_web_runtime","D:\halal_web_runtime\_onedrive_backup_archive\output.__onedrive_backup_20260629_144030\cert_template\features\2bbb9fe07d9e5e1b28c0cd531fdbd2f21edd8f707651c7e2877779dd1dfc1a3c_p1_basic_orb.npy","_onedrive_backup_archive\output.__onedrive_backup_20260629_144030\cert_template\features\2bbb9fe07d9e5e1b28c0cd531fdbd2f21edd8f707651c7e2877779dd1dfc1a3c_p1_basic_orb.npy","2bbb9fe07d9e5e1b28c0cd531fdbd2f21edd8f707651c7e2877779dd1dfc1a3c_p1_basic_orb.npy",".npy","57728","0.0551","2026-06-29T17:01:46","2026-05-27T08:49:07","BACKUP"
"RUNTIME","D:\halal_web_runtime","D:\halal_web_runtime\_onedrive_backup_archive\output.__onedrive_backup_20260629_144030\cert_template\features\2bbb9fe07d9e5e1b28c0cd531fdbd2f21edd8f707651c7e2877779dd1dfc1a3c_p1_enhanced_orb.npy","_onedrive_backup_archive\output.__onedrive_backup_20260629_144030\cert_template\features\2bbb9fe07d9e5e1b28c0cd531fdbd2f21edd8f707651c7e2877779dd1dfc1a3c_p1_enhanced_orb.npy","2bbb9fe07d9e5e1b28c0cd531fdbd2f21edd8f707651c7e2877779dd1dfc1a3c_p1_enhanced_orb.npy",".npy","57728","0.0551","2026-06-29T17:01:46","2026-05-27T08:49:08","BACKUP"
"RUNTIME","D:\halal_web_runtime","D:\halal_web_runtime\_onedrive_backup_archive\output.__onedrive_backup_20260629_144030\cert_template\features\2bbb9fe07d9e5e1b28c0cd531fdbd2f21edd8f707651c7e2877779dd1dfc1a3c_p2_basic_orb.npy","_onedrive_backup_archive\output.__onedrive_backup_20260629_144030\cert_template\features\2bbb9fe07d9e5e1b28c0cd531fdbd2f21edd8f707651c7e2877779dd1dfc1a3c_p2_basic_orb.npy","2bbb9fe07d9e5e1b28c0cd531fdbd2f21edd8f707651c7e2877779dd1dfc1a3c_p2_basic_orb.npy",".npy","57728","0.0551","2026-06-29T17:01:46","2026-05-27T08:49:07","BACKUP"
"RUNTIME","D:\halal_web_runtime","D:\halal_web_runtime\_onedrive_backup_archive\output.__onedrive_backup_20260629_144030\cert_template\features\2bbb9fe07d9e5e1b28c0cd531fdbd2f21edd8f707651c7e2877779dd1dfc1a3c_p2_enhanced_orb.npy","_onedrive_backup_archive\output.__onedrive_backup_20260629_144030\cert_template\features\2bbb9fe07d9e5e1b28c0cd531fdbd2f21edd8f707651c7e2877779dd1dfc1a3c_p2_enhanced_orb.npy","2bbb9fe07d9e5e1b28c0cd531fdbd2f21edd8f707651c7e2877779dd1dfc1a3c_p2_enhanced_orb.npy",".npy","57728","0.0551","2026-06-29T17:01:46","2026-05-27T08:49:09","BACKUP"
"RUNTIME","D:\halal_web_runtime","D:\halal_web_runtime\_onedrive_backup_archive\output.__onedrive_backup_20260629_144030\cert_template\features\314f5b626ae6dbfd833bb3c8db9e1e9ee5a66d50bf033655c2d415c284230fee_p1_basic_orb.npy","_onedrive_backup_archive\output.__onedrive_backup_20260629_144030\cert_template\features\314f5b626ae6dbfd833bb3c8db9e1e9ee5a66d50bf033655c2d415c284230fee_p1_basic_orb.npy","314f5b626ae6dbfd833bb3c8db9e1e9ee5a66d50bf033655c2d415c284230fee_p1_basic_orb.npy",".npy","57728","0.0551","2026-06-29T17:01:46","2026-05-27T08:49:50","BACKUP"
"RUNTIME","D:\halal_web_runtime","D:\halal_web_runtime\_onedrive_backup_archive\output.__onedrive_backup_20260629_144030\cert_template\features\314f5b626ae6dbfd833bb3c8db9e1e9ee5a66d50bf033655c2d415c284230fee_p1_enhanced_orb.npy","_onedrive_backup_archive\output.__onedrive_backup_20260629_144030\cert_template\features\314f5b626ae6dbfd833bb3c8db9e1e9ee5a66d50bf033655c2d415c284230fee_p1_enhanced_orb.npy","314f5b626ae6dbfd833bb3c8db9e1e9ee5a66d50bf033655c2d415c284230fee_p1_enhanced_orb.npy",".npy","57728","0.0551","2026-06-29T17:01:46","2026-05-27T08:49:51","BACKUP"
"RUNTIME","D:\halal_web_runtime","D:\halal_web_runtime\_onedrive_backup_archive\output.__onedrive_backup_20260629_144030\cert_template\features\398b4c609fc9cb3e1aa3a2d5ad1522a0806d871e872c208a0f514dd8951659c5_p1_basic_orb.npy","_onedrive_backup_archive\output.__onedrive_backup_20260629_144030\cert_template\features\398b4c609fc9cb3e1aa3a2d5ad1522a0806d871e872c208a0f514dd8951659c5_p1_basic_orb.npy","398b4c609fc9cb3e1aa3a2d5ad1522a0806d871e872c208a0f514dd8951659c5_p1_basic_orb.npy",".npy","57728","0.0551","2026-06-29T17:01:46","2026-05-27T08:49:22","BACKUP"
"RUNTIME","D:\halal_web_runtime","D:\halal_web_runtime\_onedrive_backup_archive\output.__onedrive_backup_20260629_144030\cert_template\features\398b4c609fc9cb3e1aa3a2d5ad1522a0806d871e872c208a0f514dd8951659c5_p1_enhanced_orb.npy","_onedrive_backup_archive\output.__onedrive_backup_20260629_144030\cert_template\features\398b4c609fc9cb3e1aa3a2d5ad1522a0806d871e872c208a0f514dd8951659c5_p1_enhanced_orb.npy","398b4c609fc9cb3e1aa3a2d5ad1522a0806d871e872c208a0f514dd8951659c5_p1_enhanced_orb.npy",".npy","57728","0.0551","2026-06-29T17:01:46","2026-05-27T08:49:23","BACKUP"
"RUNTIME","D:\halal_web_runtime","D:\halal_web_runtime\_onedrive_backup_archive\output.__onedrive_backup_20260629_144030\cert_template\features\3c020773018af20e17d1f615474fc8131cbef6dcee48b9eea3649f8af0b1d6e3_p1_basic_orb.npy","_onedrive_backup_archive\output.__onedrive_backup_20260629_144030\cert_template\features\3c020773018af20e17d1f615474fc8131cbef6dcee48b9eea3649f8af0b1d6e3_p1_basic_orb.npy","3c020773018af20e17d1f615474fc8131cbef6dcee48b9eea3649f8af0b1d6e3_p1_basic_orb.npy",".npy","57728","0.0551","2026-06-29T17:01:46","2026-05-28T08:10:42","BACKUP"
"RUNTIME","D:\halal_web_runtime","D:\halal_web_runtime\_onedrive_backup_archive\output.__onedrive_backup_20260629_144030\cert_template\features\3c020773018af20e17d1f615474fc8131cbef6dcee48b9eea3649f8af0b1d6e3_p1_enhanced_orb.npy","_onedrive_backup_archive\output.__onedrive_backup_20260629_144030\cert_template\features\3c020773018af20e17d1f615474fc8131cbef6dcee48b9eea3649f8af0b1d6e3_p1_enhanced_orb.npy","3c020773018af20e17d1f615474fc8131cbef6dcee48b9eea3649f8af0b1d6e3_p1_enhanced_orb.npy",".npy","57728","0.0551","2026-06-29T17:01:46","2026-05-28T08:10:47","BACKUP"
"RUNTIME","D:\halal_web_runtime","D:\halal_web_runtime\_onedrive_backup_archive\output.__onedrive_backup_20260629_144030\cert_template\features\3e03f86f1ca158bf052e553da6ae81e5a93adc62b36afeaf3b942c4f2f277d36_p1_basic_orb.npy","_onedrive_backup_archive\output.__onedrive_backup_20260629_144030\cert_template\features\3e03f86f1ca158bf052e553da6ae81e5a93adc62b36afeaf3b942c4f2f277d36_p1_basic_orb.npy","3e03f86f1ca158bf052e553da6ae81e5a93adc62b36afeaf3b942c4f2f277d36_p1_basic_orb.npy",".npy","57728","0.0551","2026-06-29T17:01:46","2026-05-27T08:50:02","BACKUP"
"RUNTIME","D:\halal_web_runtime","D:\halal_web_runtime\_onedrive_backup_archive\output.__onedrive_backup_20260629_144030\cert_template\features\3e03f86f1ca158bf052e553da6ae81e5a93adc62b36afeaf3b942c4f2f277d36_p1_enhanced_orb.npy","_onedrive_backup_archive\output.__onedrive_backup_20260629_144030\cert_template\features\3e03f86f1ca158bf052e553da6ae81e5a93adc62b36afeaf3b942c4f2f277d36_p1_enhanced_orb.npy","3e03f86f1ca158bf052e553da6ae81e5a93adc62b36afeaf3b942c4f2f277d36_p1_enhanced_orb.npy",".npy","57728","0.0551","2026-06-29T17:01:46","2026-05-27T08:50:03","BACKUP"
"RUNTIME","D:\halal_web_runtime","D:\halal_web_runtime\_onedrive_backup_archive\output.__onedrive_backup_20260629_144030\cert_template\features\3ebb84da8b2fcc0da58578aad65a5fc91650bb9bb93b3389576e1eddac5a77a0_p1_basic_orb.npy","_onedrive_backup_archive\output.__onedrive_backup_20260629_144030\cert_template\features\3ebb84da8b2fcc0da58578aad65a5fc91650bb9bb93b3389576e1eddac5a77a0_p1_basic_orb.npy","3ebb84da8b2fcc0da58578aad65a5fc91650bb9bb93b3389576e1eddac5a77a0_p1_basic_orb.npy",".npy","57728","0.0551","2026-06-29T17:01:46","2026-05-27T08:48:36","BACKUP"
"RUNTIME","D:\halal_web_runtime","D:\halal_web_runtime\_onedrive_backup_archive\output.__onedrive_backup_20260629_144030\cert_template\features\3ebb84da8b2fcc0da58578aad65a5fc91650bb9bb93b3389576e1eddac5a77a0_p1_enhanced_orb.npy","_onedrive_backup_archive\output.__onedrive_backup_20260629_144030\cert_template\features\3ebb84da8b2fcc0da58578aad65a5fc91650bb9bb93b3389576e1eddac5a77a0_p1_enhanced_orb.npy","3ebb84da8b2fcc0da58578aad65a5fc91650bb9bb93b3389576e1eddac5a77a0_p1_enhanced_orb.npy",".npy","57728","0.0551","2026-06-29T17:01:46","2026-05-27T08:48:37","BACKUP"
"RUNTIME","D:\halal_web_runtime","D:\halal_web_runtime\_onedrive_backup_archive\output.__onedrive_backup_20260629_144030\cert_template\features\41e9268fb6d60bd5189b651ef5f5ef4aeba88ebe37196a8eb8ac710d90cb62fb_p1_basic_orb.npy","_onedrive_backup_archive\output.__onedrive_backup_20260629_144030\cert_template\features\41e9268fb6d60bd5189b651ef5f5ef4aeba88ebe37196a8eb8ac710d90cb62fb_p1_basic_orb.npy","41e9268fb6d60bd5189b651ef5f5ef4aeba88ebe37196a8eb8ac710d90cb62fb_p1_basic_orb.npy",".npy","57728","0.0551","2026-06-29T17:01:46","2026-05-28T08:10:12","BACKUP"
"RUNTIME","D:\halal_web_runtime","D:\halal_web_runtime\_onedrive_backup_archive\output.__onedrive_backup_20260629_144030\cert_template\features\453373a30a765550cfbf4be9ba4a898c0a5a239c61328d69dcd292b58376736a_p1_basic_orb.npy","_onedrive_backup_archive\output.__onedrive_backup_20260629_144030\cert_template\features\453373a30a765550cfbf4be9ba4a898c0a5a239c61328d69dcd292b58376736a_p1_basic_orb.npy","453373a30a765550cfbf4be9ba4a898c0a5a239c61328d69dcd292b58376736a_p1_basic_orb.npy",".npy","57728","0.0551","2026-06-29T17:01:46","2026-05-27T08:49:05","BACKUP"
"RUNTIME","D:\halal_web_runtime","D:\halal_web_runtime\_onedrive_backup_archive\output.__onedrive_backup_20260629_144030\cert_template\features\453373a30a765550cfbf4be9ba4a898c0a5a239c61328d69dcd292b58376736a_p1_enhanced_orb.npy","_onedrive_backup_archive\output.__onedrive_backup_20260629_144030\cert_template\features\453373a30a765550cfbf4be9ba4a898c0a5a239c61328d69dcd292b58376736a_p1_enhanced_orb.npy","453373a30a765550cfbf4be9ba4a898c0a5a239c61328d69dcd292b58376736a_p1_enhanced_orb.npy",".npy","57728","0.0551","2026-06-29T17:01:46","2026-05-27T08:49:06","BACKUP"
"RUNTIME","D:\halal_web_runtime","D:\halal_web_runtime\_onedrive_backup_archive\output.__onedrive_backup_20260629_144030\cert_template\features\45bb764bb29c89a22b033008b6f54e13ef935ec94ba3891e83cf487e50b2b825_p1_basic_orb.npy","_onedrive_backup_archive\output.__onedrive_backup_20260629_144030\cert_template\features\45bb764bb29c89a22b033008b6f54e13ef935ec94ba3891e83cf487e50b2b825_p1_basic_orb.npy","45bb764bb29c89a22b033008b6f54e13ef935ec94ba3891e83cf487e50b2b825_p1_basic_orb.npy",".npy","57728","0.0551","2026-06-29T17:01:46","2026-05-27T08:50:56","BACKUP"
"RUNTIME","D:\halal_web_runtime","D:\halal_web_runtime\_onedrive_backup_archive\output.__onedrive_backup_20260629_144030\cert_template\features\45bb764bb29c89a22b033008b6f54e13ef935ec94ba3891e83cf487e50b2b825_p1_enhanced_orb.npy","_onedrive_backup_archive\output.__onedrive_backup_20260629_144030\cert_template\features\45bb764bb29c89a22b033008b6f54e13ef935ec94ba3891e83cf487e50b2b825_p1_enhanced_orb.npy","45bb764bb29c89a22b033008b6f54e13ef935ec94ba3891e83cf487e50b2b825_p1_enhanced_orb.npy",".npy","57728","0.0551","2026-06-29T17:01:46","2026-05-27T08:50:56","BACKUP"
"RUNTIME","D:\halal_web_runtime","D:\halal_web_runtime\_onedrive_backup_archive\output.__onedrive_backup_20260629_144030\cert_template\features\45e7c589cd4a5b90f4bddcc348206bc637bd46b765a979131b281ed491bd196b_p1_basic_orb.npy","_onedrive_backup_archive\output.__onedrive_backup_20260629_144030\cert_template\features\45e7c589cd4a5b90f4bddcc348206bc637bd46b765a979131b281ed491bd196b_p1_basic_orb.npy","45e7c589cd4a5b90f4bddcc348206bc637bd46b765a979131b281ed491bd196b_p1_basic_orb.npy",".npy","57728","0.0551","2026-06-29T17:01:46","2026-05-28T08:11:24","BACKUP"
"RUNTIME","D:\halal_web_runtime","D:\halal_web_runtime\_onedrive_backup_archive\output.__onedrive_backup_20260629_144030\cert_template\features\45e7c589cd4a5b90f4bddcc348206bc637bd46b765a979131b281ed491bd196b_p1_enhanced_orb.npy","_onedrive_backup_archive\output.__onedrive_backup_20260629_144030\cert_template\features\45e7c589cd4a5b90f4bddcc348206bc637bd46b765a979131b281ed491bd196b_p1_enhanced_orb.npy","45e7c589cd4a5b90f4bddcc348206bc637bd46b765a979131b281ed491bd196b_p1_enhanced_orb.npy",".npy","57728","0.0551","2026-06-29T17:01:46","2026-05-28T08:11:27","BACKUP"
"RUNTIME","D:\halal_web_runtime","D:\halal_web_runtime\_onedrive_backup_archive\output.__onedrive_backup_20260629_144030\cert_template\features\48ac2a22af97ed5eabbd117b84238ce1f4a4c4478cea3132303deb8dc4cf1186_p1_basic_orb.npy","_onedrive_backup_archive\output.__onedrive_backup_20260629_144030\cert_template\features\48ac2a22af97ed5eabbd117b84238ce1f4a4c4478cea3132303deb8dc4cf1186_p1_basic_orb.npy","48ac2a22af97ed5eabbd117b84238ce1f4a4c4478cea3132303deb8dc4cf1186_p1_basic_orb.npy",".npy","57728","0.0551","2026-06-29T17:01:46","2026-05-28T08:10:03","BACKUP"
"RUNTIME","D:\halal_web_runtime","D:\halal_web_runtime\_onedrive_backup_archive\output.__onedrive_backup_20260629_144030\cert_template\features\4bc40e347337b4fdcee35aea3e4c66e4bc7f84719f37e6d43ad0833b296d3e9b_p1_basic_orb.npy","_onedrive_backup_archive\output.__onedrive_backup_20260629_144030\cert_template\features\4bc40e347337b4fdcee35aea3e4c66e4bc7f84719f37e6d43ad0833b296d3e9b_p1_basic_orb.npy","4bc40e347337b4fdcee35aea3e4c66e4bc7f84719f37e6d43ad0833b296d3e9b_p1_basic_orb.npy",".npy","57888","0.0552","2026-06-29T17:01:46","2026-05-28T08:11:22","BACKUP"
"RUNTIME","D:\halal_web_runtime","D:\halal_web_runtime\_onedrive_backup_archive\output.__onedrive_backup_20260629_144030\cert_template\features\4c9a1e644d9fc3b7365fb48510aa2c13664f121e68ec63e28fde21b23fd3bb32_p1_basic_orb.npy","_onedrive_backup_archive\output.__onedrive_backup_20260629_144030\cert_template\features\4c9a1e644d9fc3b7365fb48510aa2c13664f121e68ec63e28fde21b23fd3bb32_p1_basic_orb.npy","4c9a1e644d9fc3b7365fb48510aa2c13664f121e68ec63e28fde21b23fd3bb32_p1_basic_orb.npy",".npy","57728","0.0551","2026-06-29T17:01:46","2026-05-27T08:49:04","BACKUP"
"RUNTIME","D:\halal_web_runtime","D:\halal_web_runtime\_onedrive_backup_archive\output.__onedrive_backup_20260629_144030\cert_template\features\4c9a1e644d9fc3b7365fb48510aa2c13664f121e68ec63e28fde21b23fd3bb32_p1_enhanced_orb.npy","_onedrive_backup_archive\output.__onedrive_backup_20260629_144030\cert_template\features\4c9a1e644d9fc3b7365fb48510aa2c13664f121e68ec63e28fde21b23fd3bb32_p1_enhanced_orb.npy","4c9a1e644d9fc3b7365fb48510aa2c13664f121e68ec63e28fde21b23fd3bb32_p1_enhanced_orb.npy",".npy","57728","0.0551","2026-06-29T17:01:46","2026-05-27T08:49:05","BACKUP"
"RUNTIME","D:\halal_web_runtime","D:\halal_web_runtime\_onedrive_backup_archive\output.__onedrive_backup_20260629_144030\cert_template\features\4d4624d71b9e4e09eca9501d37ce086d1525208a9be5de2ac0430b33b023db78_p1_basic_orb.npy","_onedrive_backup_archive\output.__onedrive_backup_20260629_144030\cert_template\features\4d4624d71b9e4e09eca9501d37ce086d1525208a9be5de2ac0430b33b023db78_p1_basic_orb.npy","4d4624d71b9e4e09eca9501d37ce086d1525208a9be5de2ac0430b33b023db78_p1_basic_orb.npy",".npy","57728","0.0551","2026-06-29T17:01:46","2026-05-27T08:48:49","BACKUP"
"RUNTIME","D:\halal_web_runtime","D:\halal_web_runtime\_onedrive_backup_archive\output.__onedrive_backup_20260629_144030\cert_template\features\4d4624d71b9e4e09eca9501d37ce086d1525208a9be5de2ac0430b33b023db78_p1_enhanced_orb.npy","_onedrive_backup_archive\output.__onedrive_backup_20260629_144030\cert_template\features\4d4624d71b9e4e09eca9501d37ce086d1525208a9be5de2ac0430b33b023db78_p1_enhanced_orb.npy","4d4624d71b9e4e09eca9501d37ce086d1525208a9be5de2ac0430b33b023db78_p1_enhanced_orb.npy",".npy","57728","0.0551","2026-06-29T17:01:46","2026-05-27T08:48:50","BACKUP"
"RUNTIME","D:\halal_web_runtime","D:\halal_web_runtime\_onedrive_backup_archive\output.__onedrive_backup_20260629_144030\cert_template\features\4d4624d71b9e4e09eca9501d37ce086d1525208a9be5de2ac0430b33b023db78_p2_basic_orb.npy","_onedrive_backup_archive\output.__onedrive_backup_20260629_144030\cert_template\features\4d4624d71b9e4e09eca9501d37ce086d1525208a9be5de2ac0430b33b023db78_p2_basic_orb.npy","4d4624d71b9e4e09eca9501d37ce086d1525208a9be5de2ac0430b33b023db78_p2_basic_orb.npy",".npy","57728","0.0551","2026-06-29T17:01:46","2026-05-27T08:48:49","BACKUP"
"RUNTIME","D:\halal_web_runtime","D:\halal_web_runtime\_onedrive_backup_archive\output.__onedrive_backup_20260629_144030\cert_template\features\4d4624d71b9e4e09eca9501d37ce086d1525208a9be5de2ac0430b33b023db78_p2_enhanced_orb.npy","_onedrive_backup_archive\output.__onedrive_backup_20260629_144030\cert_template\features\4d4624d71b9e4e09eca9501d37ce086d1525208a9be5de2ac0430b33b023db78_p2_enhanced_orb.npy","4d4624d71b9e4e09eca9501d37ce086d1525208a9be5de2ac0430b33b023db78_p2_enhanced_orb.npy",".npy","57728","0.0551","2026-06-29T17:01:46","2026-05-27T08:48:51","BACKUP"
"RUNTIME","D:\halal_web_runtime","D:\halal_web_runtime\_onedrive_backup_archive\output.__onedrive_backup_20260629_144030\cert_template\features\546d36bc5d7496a2a4e1970add605e3624750078dba66a9946742a57f187a2a0_p1_basic_orb.npy","_onedrive_backup_archive\output.__onedrive_backup_20260629_144030\cert_template\features\546d36bc5d7496a2a4e1970add605e3624750078dba66a9946742a57f187a2a0_p1_basic_orb.npy","546d36bc5d7496a2a4e1970add605e3624750078dba66a9946742a57f187a2a0_p1_basic_orb.npy",".npy","57728","0.0551","2026-06-29T17:01:46","2026-05-27T08:49:11","BACKUP"
"RUNTIME","D:\halal_web_runtime","D:\halal_web_runtime\_onedrive_backup_archive\output.__onedrive_backup_20260629_144030\cert_template\features\546d36bc5d7496a2a4e1970add605e3624750078dba66a9946742a57f187a2a0_p1_enhanced_orb.npy","_onedrive_backup_archive\output.__onedrive_backup_20260629_144030\cert_template\features\546d36bc5d7496a2a4e1970add605e3624750078dba66a9946742a57f187a2a0_p1_enhanced_orb.npy","546d36bc5d7496a2a4e1970add605e3624750078dba66a9946742a57f187a2a0_p1_enhanced_orb.npy",".npy","57728","0.0551","2026-06-29T17:01:46","2026-05-27T08:49:12","BACKUP"
"RUNTIME","D:\halal_web_runtime","D:\halal_web_runtime\_onedrive_backup_archive\output.__onedrive_backup_20260629_144030\cert_template\features\546d36bc5d7496a2a4e1970add605e3624750078dba66a9946742a57f187a2a0_p2_basic_orb.npy","_onedrive_backup_archive\output.__onedrive_backup_20260629_144030\cert_template\features\546d36bc5d7496a2a4e1970add605e3624750078dba66a9946742a57f187a2a0_p2_basic_orb.npy","546d36bc5d7496a2a4e1970add605e3624750078dba66a9946742a57f187a2a0_p2_basic_orb.npy",".npy","57728","0.0551","2026-06-29T17:01:46","2026-05-27T08:49:11","BACKUP"
"RUNTIME","D:\halal_web_runtime","D:\halal_web_runtime\_onedrive_backup_archive\output.__onedrive_backup_20260629_144030\cert_template\features\546d36bc5d7496a2a4e1970add605e3624750078dba66a9946742a57f187a2a0_p2_enhanced_orb.npy","_onedrive_backup_archive\output.__onedrive_backup_20260629_144030\cert_template\features\546d36bc5d7496a2a4e1970add605e3624750078dba66a9946742a57f187a2a0_p2_enhanced_orb.npy","546d36bc5d7496a2a4e1970add605e3624750078dba66a9946742a57f187a2a0_p2_enhanced_orb.npy",".npy","57728","0.0551","2026-06-29T17:01:46","2026-05-27T08:49:12","BACKUP"
"RUNTIME","D:\halal_web_runtime","D:\halal_web_runtime\_onedrive_backup_archive\output.__onedrive_backup_20260629_144030\cert_template\features\55bd343442bdfb977dd40fb52b2971708da0ea71c720ec100d9feca72c4cf6c7_p1_basic_orb.npy","_onedrive_backup_archive\output.__onedrive_backup_20260629_144030\cert_template\features\55bd343442bdfb977dd40fb52b2971708da0ea71c720ec100d9feca72c4cf6c7_p1_basic_orb.npy","55bd343442bdfb977dd40fb52b2971708da0ea71c720ec100d9feca72c4cf6c7_p1_basic_orb.npy",".npy","57728","0.0551","2026-06-29T17:01:47","2026-05-27T08:50:44","BACKUP"
"RUNTIME","D:\halal_web_runtime","D:\halal_web_runtime\_onedrive_backup_archive\output.__onedrive_backup_20260629_144030\cert_template\features\55bd343442bdfb977dd40fb52b2971708da0ea71c720ec100d9feca72c4cf6c7_p1_enhanced_orb.npy","_onedrive_backup_archive\output.__onedrive_backup_20260629_144030\cert_template\features\55bd343442bdfb977dd40fb52b2971708da0ea71c720ec100d9feca72c4cf6c7_p1_enhanced_orb.npy","55bd343442bdfb977dd40fb52b2971708da0ea71c720ec100d9feca72c4cf6c7_p1_enhanced_orb.npy",".npy","57728","0.0551","2026-06-29T17:01:47","2026-05-27T08:50:45","BACKUP"
"RUNTIME","D:\halal_web_runtime","D:\halal_web_runtime\_onedrive_backup_archive\output.__onedrive_backup_20260629_144030\cert_template\features\55bd343442bdfb977dd40fb52b2971708da0ea71c720ec100d9feca72c4cf6c7_p2_basic_orb.npy","_onedrive_backup_archive\output.__onedrive_backup_20260629_144030\cert_template\features\55bd343442bdfb977dd40fb52b2971708da0ea71c720ec100d9feca72c4cf6c7_p2_basic_orb.npy","55bd343442bdfb977dd40fb52b2971708da0ea71c720ec100d9feca72c4cf6c7_p2_basic_orb.npy",".npy","57728","0.0551","2026-06-29T17:01:47","2026-05-27T08:50:44","BACKUP"
"RUNTIME","D:\halal_web_runtime","D:\halal_web_runtime\_onedrive_backup_archive\output.__onedrive_backup_20260629_144030\cert_template\features\55bd343442bdfb977dd40fb52b2971708da0ea71c720ec100d9feca72c4cf6c7_p2_enhanced_orb.npy","_onedrive_backup_archive\output.__onedrive_backup_20260629_144030\cert_template\features\55bd343442bdfb977dd40fb52b2971708da0ea71c720ec100d9feca72c4cf6c7_p2_enhanced_orb.npy","55bd343442bdfb977dd40fb52b2971708da0ea71c720ec100d9feca72c4cf6c7_p2_enhanced_orb.npy",".npy","57728","0.0551","2026-06-29T17:01:47","2026-05-27T08:50:45","BACKUP"
"RUNTIME","D:\halal_web_runtime","D:\halal_web_runtime\_onedrive_backup_archive\output.__onedrive_backup_20260629_144030\cert_template\features\55c8b9fa035698e4520401dae80c428762314100c3a4cd3e1c689c8f64838b95_p1_basic_orb.npy","_onedrive_backup_archive\output.__onedrive_backup_20260629_144030\cert_template\features\55c8b9fa035698e4520401dae80c428762314100c3a4cd3e1c689c8f64838b95_p1_basic_orb.npy","55c8b9fa035698e4520401dae80c428762314100c3a4cd3e1c689c8f64838b95_p1_basic_orb.npy",".npy","57728","0.0551","2026-06-29T17:01:47","2026-05-28T08:08:00","BACKUP"
"RUNTIME","D:\halal_web_runtime","D:\halal_web_runtime\_onedrive_backup_archive\output.__onedrive_backup_20260629_144030\cert_template\features\55c8b9fa035698e4520401dae80c428762314100c3a4cd3e1c689c8f64838b95_p1_enhanced_orb.npy","_onedrive_backup_archive\output.__onedrive_backup_20260629_144030\cert_template\features\55c8b9fa035698e4520401dae80c428762314100c3a4cd3e1c689c8f64838b95_p1_enhanced_orb.npy","55c8b9fa035698e4520401dae80c428762314100c3a4cd3e1c689c8f64838b95_p1_enhanced_orb.npy",".npy","57728","0.0551","2026-06-29T17:01:47","2026-05-28T08:08:06","BACKUP"
"RUNTIME","D:\halal_web_runtime","D:\halal_web_runtime\_onedrive_backup_archive\output.__onedrive_backup_20260629_144030\cert_template\features\59cfab548bc3b2b74b2c98396abb84e7d438b28ee20477002d710ab69786c2b8_p1_basic_orb.npy","_onedrive_backup_archive\output.__onedrive_backup_20260629_144030\cert_template\features\59cfab548bc3b2b74b2c98396abb84e7d438b28ee20477002d710ab69786c2b8_p1_basic_orb.npy","59cfab548bc3b2b74b2c98396abb84e7d438b28ee20477002d710ab69786c2b8_p1_basic_orb.npy",".npy","57728","0.0551","2026-06-29T17:01:47","2026-05-27T08:56:54","BACKUP"
"RUNTIME","D:\halal_web_runtime","D:\halal_web_runtime\_onedrive_backup_archive\output.__onedrive_backup_20260629_144030\cert_template\features\59cfab548bc3b2b74b2c98396abb84e7d438b28ee20477002d710ab69786c2b8_p1_enhanced_orb.npy","_onedrive_backup_archive\output.__onedrive_backup_20260629_144030\cert_template\features\59cfab548bc3b2b74b2c98396abb84e7d438b28ee20477002d710ab69786c2b8_p1_enhanced_orb.npy","59cfab548bc3b2b74b2c98396abb84e7d438b28ee20477002d710ab69786c2b8_p1_enhanced_orb.npy",".npy","57728","0.0551","2026-06-29T17:01:47","2026-05-27T08:56:58","BACKUP"
"RUNTIME","D:\halal_web_runtime","D:\halal_web_runtime\_onedrive_backup_archive\output.__onedrive_backup_20260629_144030\cert_template\features\5d1555af0a2a1ffee7f4094bec82e2d3412fca2583eeaceff28eafda6440efa2_p1_basic_orb.npy","_onedrive_backup_archive\output.__onedrive_backup_20260629_144030\cert_template\features\5d1555af0a2a1ffee7f4094bec82e2d3412fca2583eeaceff28eafda6440efa2_p1_basic_orb.npy","5d1555af0a2a1ffee7f4094bec82e2d3412fca2583eeaceff28eafda6440efa2_p1_basic_orb.npy",".npy","57728","0.0551","2026-06-29T17:01:47","2026-05-27T08:50:45","BACKUP"
"RUNTIME","D:\halal_web_runtime","D:\halal_web_runtime\_onedrive_backup_archive\output.__onedrive_backup_20260629_144030\cert_template\features\5d1555af0a2a1ffee7f4094bec82e2d3412fca2583eeaceff28eafda6440efa2_p1_enhanced_orb.npy","_onedrive_backup_archive\output.__onedrive_backup_20260629_144030\cert_template\features\5d1555af0a2a1ffee7f4094bec82e2d3412fca2583eeaceff28eafda6440efa2_p1_enhanced_orb.npy","5d1555af0a2a1ffee7f4094bec82e2d3412fca2583eeaceff28eafda6440efa2_p1_enhanced_orb.npy",".npy","57728","0.0551","2026-06-29T17:01:47","2026-05-27T08:50:46","BACKUP"
"RUNTIME","D:\halal_web_runtime","D:\halal_web_runtime\_onedrive_backup_archive\output.__onedrive_backup_20260629_144030\cert_template\features\5d1555af0a2a1ffee7f4094bec82e2d3412fca2583eeaceff28eafda6440efa2_p2_basic_orb.npy","_onedrive_backup_archive\output.__onedrive_backup_20260629_144030\cert_template\features\5d1555af0a2a1ffee7f4094bec82e2d3412fca2583eeaceff28eafda6440efa2_p2_basic_orb.npy","5d1555af0a2a1ffee7f4094bec82e2d3412fca2583eeaceff28eafda6440efa2_p2_basic_orb.npy",".npy","57728","0.0551","2026-06-29T17:01:47","2026-05-27T08:50:45","BACKUP"
"RUNTIME","D:\halal_web_runtime","D:\halal_web_runtime\_onedrive_backup_archive\output.__onedrive_backup_20260629_144030\cert_template\features\5d1555af0a2a1ffee7f4094bec82e2d3412fca2583eeaceff28eafda6440efa2_p2_enhanced_orb.npy","_onedrive_backup_archive\output.__onedrive_backup_20260629_144030\cert_template\features\5d1555af0a2a1ffee7f4094bec82e2d3412fca2583eeaceff28eafda6440efa2_p2_enhanced_orb.npy","5d1555af0a2a1ffee7f4094bec82e2d3412fca2583eeaceff28eafda6440efa2_p2_enhanced_orb.npy",".npy","57728","0.0551","2026-06-29T17:01:47","2026-05-27T08:50:46","BACKUP"
"RUNTIME","D:\halal_web_runtime","D:\halal_web_runtime\_onedrive_backup_archive\output.__onedrive_backup_20260629_144030\cert_template\features\5dc6e42b12fa5fab5785426b76598a4bbf3c525892aa1380c3ae0fdf5ccd423b_p1_basic_orb.npy","_onedrive_backup_archive\output.__onedrive_backup_20260629_144030\cert_template\features\5dc6e42b12fa5fab5785426b76598a4bbf3c525892aa1380c3ae0fdf5ccd423b_p1_basic_orb.npy","5dc6e42b12fa5fab5785426b76598a4bbf3c525892aa1380c3ae0fdf5ccd423b_p1_basic_orb.npy",".npy","57920","0.0552","2026-06-29T17:01:47","2026-05-28T08:10:16","BACKUP"
"RUNTIME","D:\halal_web_runtime","D:\halal_web_runtime\_onedrive_backup_archive\output.__onedrive_backup_20260629_144030\cert_template\features\5dc6e42b12fa5fab5785426b76598a4bbf3c525892aa1380c3ae0fdf5ccd423b_p1_enhanced_orb.npy","_onedrive_backup_archive\output.__onedrive_backup_20260629_144030\cert_template\features\5dc6e42b12fa5fab5785426b76598a4bbf3c525892aa1380c3ae0fdf5ccd423b_p1_enhanced_orb.npy","5dc6e42b12fa5fab5785426b76598a4bbf3c525892aa1380c3ae0fdf5ccd423b_p1_enhanced_orb.npy",".npy","57728","0.0551","2026-06-29T17:01:47","2026-05-28T08:10:21","BACKUP"
"RUNTIME","D:\halal_web_runtime","D:\halal_web_runtime\_onedrive_backup_archive\output.__onedrive_backup_20260629_144030\cert_template\features\5e516f1eee292dde5e37651de411de08790baf47c6c6dbf93f836fce91807c35_p1_basic_orb.npy","_onedrive_backup_archive\output.__onedrive_backup_20260629_144030\cert_template\features\5e516f1eee292dde5e37651de411de08790baf47c6c6dbf93f836fce91807c35_p1_basic_orb.npy","5e516f1eee292dde5e37651de411de08790baf47c6c6dbf93f836fce91807c35_p1_basic_orb.npy",".npy","57728","0.0551","2026-06-29T17:01:47","2026-05-27T08:50:32","BACKUP"
"RUNTIME","D:\halal_web_runtime","D:\halal_web_runtime\_onedrive_backup_archive\output.__onedrive_backup_20260629_144030\cert_template\features\5e516f1eee292dde5e37651de411de08790baf47c6c6dbf93f836fce91807c35_p1_enhanced_orb.npy","_onedrive_backup_archive\output.__onedrive_backup_20260629_144030\cert_template\features\5e516f1eee292dde5e37651de411de08790baf47c6c6dbf93f836fce91807c35_p1_enhanced_orb.npy","5e516f1eee292dde5e37651de411de08790baf47c6c6dbf93f836fce91807c35_p1_enhanced_orb.npy",".npy","57728","0.0551","2026-06-29T17:01:47","2026-05-27T08:50:33","BACKUP"
"RUNTIME","D:\halal_web_runtime","D:\halal_web_runtime\_onedrive_backup_archive\output.__onedrive_backup_20260629_144030\cert_template\features\5e516f1eee292dde5e37651de411de08790baf47c6c6dbf93f836fce91807c35_p2_basic_orb.npy","_onedrive_backup_archive\output.__onedrive_backup_20260629_144030\cert_template\features\5e516f1eee292dde5e37651de411de08790baf47c6c6dbf93f836fce91807c35_p2_basic_orb.npy","5e516f1eee292dde5e37651de411de08790baf47c6c6dbf93f836fce91807c35_p2_basic_orb.npy",".npy","57728","0.0551","2026-06-29T17:01:47","2026-05-27T08:50:32","BACKUP"
"RUNTIME","D:\halal_web_runtime","D:\halal_web_runtime\_onedrive_backup_archive\output.__onedrive_backup_20260629_144030\cert_template\features\5e516f1eee292dde5e37651de411de08790baf47c6c6dbf93f836fce91807c35_p2_enhanced_orb.npy","_onedrive_backup_archive\output.__onedrive_backup_20260629_144030\cert_template\features\5e516f1eee292dde5e37651de411de08790baf47c6c6dbf93f836fce91807c35_p2_enhanced_orb.npy","5e516f1eee292dde5e37651de411de08790baf47c6c6dbf93f836fce91807c35_p2_enhanced_orb.npy",".npy","57728","0.0551","2026-06-29T17:01:47","2026-05-27T08:50:34","BACKUP"
"RUNTIME","D:\halal_web_runtime","D:\halal_web_runtime\_onedrive_backup_archive\output.__onedrive_backup_20260629_144030\cert_template\features\5e5d8d9a2c536593117329f9999cc5045e71145134f54667585aedbba7d6aa8d_p1_basic_orb.npy","_onedrive_backup_archive\output.__onedrive_backup_20260629_144030\cert_template\features\5e5d8d9a2c536593117329f9999cc5045e71145134f54667585aedbba7d6aa8d_p1_basic_orb.npy","5e5d8d9a2c536593117329f9999cc5045e71145134f54667585aedbba7d6aa8d_p1_basic_orb.npy",".npy","57728","0.0551","2026-06-29T17:01:47","2026-05-27T08:50:28","BACKUP"
"RUNTIME","D:\halal_web_runtime","D:\halal_web_runtime\_onedrive_backup_archive\output.__onedrive_backup_20260629_144030\cert_template\features\5e5d8d9a2c536593117329f9999cc5045e71145134f54667585aedbba7d6aa8d_p1_enhanced_orb.npy","_onedrive_backup_archive\output.__onedrive_backup_20260629_144030\cert_template\features\5e5d8d9a2c536593117329f9999cc5045e71145134f54667585aedbba7d6aa8d_p1_enhanced_orb.npy","5e5d8d9a2c536593117329f9999cc5045e71145134f54667585aedbba7d6aa8d_p1_enhanced_orb.npy",".npy","57728","0.0551","2026-06-29T17:01:47","2026-05-27T08:50:29","BACKUP"
"RUNTIME","D:\halal_web_runtime","D:\halal_web_runtime\_onedrive_backup_archive\output.__onedrive_backup_20260629_144030\cert_template\features\5e5d8d9a2c536593117329f9999cc5045e71145134f54667585aedbba7d6aa8d_p2_basic_orb.npy","_onedrive_backup_archive\output.__onedrive_backup_20260629_144030\cert_template\features\5e5d8d9a2c536593117329f9999cc5045e71145134f54667585aedbba7d6aa8d_p2_basic_orb.npy","5e5d8d9a2c536593117329f9999cc5045e71145134f54667585aedbba7d6aa8d_p2_basic_orb.npy",".npy","57728","0.0551","2026-06-29T17:01:47","2026-05-27T08:50:28","BACKUP"
"RUNTIME","D:\halal_web_runtime","D:\halal_web_runtime\_onedrive_backup_archive\output.__onedrive_backup_20260629_144030\cert_template\features\5e5d8d9a2c536593117329f9999cc5045e71145134f54667585aedbba7d6aa8d_p2_enhanced_orb.npy","_onedrive_backup_archive\output.__onedrive_backup_20260629_144030\cert_template\features\5e5d8d9a2c536593117329f9999cc5045e71145134f54667585aedbba7d6aa8d_p2_enhanced_orb.npy","5e5d8d9a2c536593117329f9999cc5045e71145134f54667585aedbba7d6aa8d_p2_enhanced_orb.npy",".npy","57728","0.0551","2026-06-29T17:01:47","2026-05-27T08:50:29","BACKUP"
"RUNTIME","D:\halal_web_runtime","D:\halal_web_runtime\_onedrive_backup_archive\output.__onedrive_backup_20260629_144030\cert_template\features\625782b18e45c211568537a3b09a01fa9bd0e2d81810909cc454f61fb7fbe046_p1_basic_orb.npy","_onedrive_backup_archive\output.__onedrive_backup_20260629_144030\cert_template\features\625782b18e45c211568537a3b09a01fa9bd0e2d81810909cc454f61fb7fbe046_p1_basic_orb.npy","625782b18e45c211568537a3b09a01fa9bd0e2d81810909cc454f61fb7fbe046_p1_basic_orb.npy",".npy","57760","0.0551","2026-06-29T17:01:47","2026-05-27T08:49:27","BACKUP"
"RUNTIME","D:\halal_web_runtime","D:\halal_web_runtime\_onedrive_backup_archive\output.__onedrive_backup_20260629_144030\cert_template\features\625782b18e45c211568537a3b09a01fa9bd0e2d81810909cc454f61fb7fbe046_p1_enhanced_orb.npy","_onedrive_backup_archive\output.__onedrive_backup_20260629_144030\cert_template\features\625782b18e45c211568537a3b09a01fa9bd0e2d81810909cc454f61fb7fbe046_p1_enhanced_orb.npy","625782b18e45c211568537a3b09a01fa9bd0e2d81810909cc454f61fb7fbe046_p1_enhanced_orb.npy",".npy","57728","0.0551","2026-06-29T17:01:47","2026-05-27T08:49:28","BACKUP"
"RUNTIME","D:\halal_web_runtime","D:\halal_web_runtime\_onedrive_backup_archive\output.__onedrive_backup_20260629_144030\cert_template\features\625782b18e45c211568537a3b09a01fa9bd0e2d81810909cc454f61fb7fbe046_p2_basic_orb.npy","_onedrive_backup_archive\output.__onedrive_backup_20260629_144030\cert_template\features\625782b18e45c211568537a3b09a01fa9bd0e2d81810909cc454f61fb7fbe046_p2_basic_orb.npy","625782b18e45c211568537a3b09a01fa9bd0e2d81810909cc454f61fb7fbe046_p2_basic_orb.npy",".npy","57728","0.0551","2026-06-29T17:01:47","2026-05-27T08:49:27","BACKUP"
"RUNTIME","D:\halal_web_runtime","D:\halal_web_runtime\_onedrive_backup_archive\output.__onedrive_backup_20260629_144030\cert_template\features\625782b18e45c211568537a3b09a01fa9bd0e2d81810909cc454f61fb7fbe046_p2_enhanced_orb.npy","_onedrive_backup_archive\output.__onedrive_backup_20260629_144030\cert_template\features\625782b18e45c211568537a3b09a01fa9bd0e2d81810909cc454f61fb7fbe046_p2_enhanced_orb.npy","625782b18e45c211568537a3b09a01fa9bd0e2d81810909cc454f61fb7fbe046_p2_enhanced_orb.npy",".npy","57728","0.0551","2026-06-29T17:01:47","2026-05-27T08:49:29","BACKUP"
"RUNTIME","D:\halal_web_runtime","D:\halal_web_runtime\_onedrive_backup_archive\output.__onedrive_backup_20260629_144030\cert_template\features\6308f6c7015b9418017aedbd4b6c0491b71518ea60466d65f8cb0c362faead2c_p1_basic_orb.npy","_onedrive_backup_archive\output.__onedrive_backup_20260629_144030\cert_template\features\6308f6c7015b9418017aedbd4b6c0491b71518ea60466d65f8cb0c362faead2c_p1_basic_orb.npy","6308f6c7015b9418017aedbd4b6c0491b71518ea60466d65f8cb0c362faead2c_p1_basic_orb.npy",".npy","57728","0.0551","2026-06-29T17:01:47","2026-05-27T08:49:29","BACKUP"
"RUNTIME","D:\halal_web_runtime","D:\halal_web_runtime\_onedrive_backup_archive\output.__onedrive_backup_20260629_144030\cert_template\features\6308f6c7015b9418017aedbd4b6c0491b71518ea60466d65f8cb0c362faead2c_p1_enhanced_orb.npy","_onedrive_backup_archive\output.__onedrive_backup_20260629_144030\cert_template\features\6308f6c7015b9418017aedbd4b6c0491b71518ea60466d65f8cb0c362faead2c_p1_enhanced_orb.npy","6308f6c7015b9418017aedbd4b6c0491b71518ea60466d65f8cb0c362faead2c_p1_enhanced_orb.npy",".npy","57728","0.0551","2026-06-29T17:01:47","2026-05-27T08:49:31","BACKUP"
"RUNTIME","D:\halal_web_runtime","D:\halal_web_runtime\_onedrive_backup_archive\output.__onedrive_backup_20260629_144030\cert_template\features\6308f6c7015b9418017aedbd4b6c0491b71518ea60466d65f8cb0c362faead2c_p2_basic_orb.npy","_onedrive_backup_archive\output.__onedrive_backup_20260629_144030\cert_template\features\6308f6c7015b9418017aedbd4b6c0491b71518ea60466d65f8cb0c362faead2c_p2_basic_orb.npy","6308f6c7015b9418017aedbd4b6c0491b71518ea60466d65f8cb0c362faead2c_p2_basic_orb.npy",".npy","57728","0.0551","2026-06-29T17:01:47","2026-05-27T08:49:29","BACKUP"
"RUNTIME","D:\halal_web_runtime","D:\halal_web_runtime\_onedrive_backup_archive\output.__onedrive_backup_20260629_144030\cert_template\features\6308f6c7015b9418017aedbd4b6c0491b71518ea60466d65f8cb0c362faead2c_p2_enhanced_orb.npy","_onedrive_backup_archive\output.__onedrive_backup_20260629_144030\cert_template\features\6308f6c7015b9418017aedbd4b6c0491b71518ea60466d65f8cb0c362faead2c_p2_enhanced_orb.npy","6308f6c7015b9418017aedbd4b6c0491b71518ea60466d65f8cb0c362faead2c_p2_enhanced_orb.npy",".npy","57728","0.0551","2026-06-29T17:01:47","2026-05-27T08:49:31","BACKUP"
"RUNTIME","D:\halal_web_runtime","D:\halal_web_runtime\_onedrive_backup_archive\output.__onedrive_backup_20260629_144030\cert_template\features\66f1707219769c931ebd6343a384054252194ccf4f4af62d71646778e4fc6fbb_p1_basic_orb.npy","_onedrive_backup_archive\output.__onedrive_backup_20260629_144030\cert_template\features\66f1707219769c931ebd6343a384054252194ccf4f4af62d71646778e4fc6fbb_p1_basic_orb.npy","66f1707219769c931ebd6343a384054252194ccf4f4af62d71646778e4fc6fbb_p1_basic_orb.npy",".npy","57728","0.0551","2026-06-29T17:01:47","2026-05-27T08:50:57","BACKUP"
"RUNTIME","D:\halal_web_runtime","D:\halal_web_runtime\_onedrive_backup_archive\output.__onedrive_backup_20260629_144030\cert_template\features\66f1707219769c931ebd6343a384054252194ccf4f4af62d71646778e4fc6fbb_p1_enhanced_orb.npy","_onedrive_backup_archive\output.__onedrive_backup_20260629_144030\cert_template\features\66f1707219769c931ebd6343a384054252194ccf4f4af62d71646778e4fc6fbb_p1_enhanced_orb.npy","66f1707219769c931ebd6343a384054252194ccf4f4af62d71646778e4fc6fbb_p1_enhanced_orb.npy",".npy","57728","0.0551","2026-06-29T17:01:47","2026-05-27T08:50:58","BACKUP"
"RUNTIME","D:\halal_web_runtime","D:\halal_web_runtime\_onedrive_backup_archive\output.__onedrive_backup_20260629_144030\cert_template\features\6710db504761eee2405ee06638cf426af2fa2196962643aebb1c4796333f3e7b_p1_basic_orb.npy","_onedrive_backup_archive\output.__onedrive_backup_20260629_144030\cert_template\features\6710db504761eee2405ee06638cf426af2fa2196962643aebb1c4796333f3e7b_p1_basic_orb.npy","6710db504761eee2405ee06638cf426af2fa2196962643aebb1c4796333f3e7b_p1_basic_orb.npy",".npy","57728","0.0551","2026-06-29T17:01:47","2026-05-27T08:48:08","BACKUP"
"RUNTIME","D:\halal_web_runtime","D:\halal_web_runtime\_onedrive_backup_archive\output.__onedrive_backup_20260629_144030\cert_template\features\6710db504761eee2405ee06638cf426af2fa2196962643aebb1c4796333f3e7b_p1_enhanced_orb.npy","_onedrive_backup_archive\output.__onedrive_backup_20260629_144030\cert_template\features\6710db504761eee2405ee06638cf426af2fa2196962643aebb1c4796333f3e7b_p1_enhanced_orb.npy","6710db504761eee2405ee06638cf426af2fa2196962643aebb1c4796333f3e7b_p1_enhanced_orb.npy",".npy","57728","0.0551","2026-06-29T17:01:47","2026-05-27T08:48:09","BACKUP"
"RUNTIME","D:\halal_web_runtime","D:\halal_web_runtime\_onedrive_backup_archive\output.__onedrive_backup_20260629_144030\cert_template\features\6710db504761eee2405ee06638cf426af2fa2196962643aebb1c4796333f3e7b_p2_basic_orb.npy","_onedrive_backup_archive\output.__onedrive_backup_20260629_144030\cert_template\features\6710db504761eee2405ee06638cf426af2fa2196962643aebb1c4796333f3e7b_p2_basic_orb.npy","6710db504761eee2405ee06638cf426af2fa2196962643aebb1c4796333f3e7b_p2_basic_orb.npy",".npy","57728","0.0551","2026-06-29T17:01:47","2026-05-27T08:48:08","BACKUP"
"RUNTIME","D:\halal_web_runtime","D:\halal_web_runtime\_onedrive_backup_archive\output.__onedrive_backup_20260629_144030\cert_template\features\6710db504761eee2405ee06638cf426af2fa2196962643aebb1c4796333f3e7b_p2_enhanced_orb.npy","_onedrive_backup_archive\output.__onedrive_backup_20260629_144030\cert_template\features\6710db504761eee2405ee06638cf426af2fa2196962643aebb1c4796333f3e7b_p2_enhanced_orb.npy","6710db504761eee2405ee06638cf426af2fa2196962643aebb1c4796333f3e7b_p2_enhanced_orb.npy",".npy","57728","0.0551","2026-06-29T17:01:47","2026-05-27T08:48:09","BACKUP"
"RUNTIME","D:\halal_web_runtime","D:\halal_web_runtime\_onedrive_backup_archive\output.__onedrive_backup_20260629_144030\cert_template\features\671bf8b6aeb2aa992f2ecae81a85c4817fb09be952f9c9c4219029175d83b5a3_p1_basic_orb.npy","_onedrive_backup_archive\output.__onedrive_backup_20260629_144030\cert_template\features\671bf8b6aeb2aa992f2ecae81a85c4817fb09be952f9c9c4219029175d83b5a3_p1_basic_orb.npy","671bf8b6aeb2aa992f2ecae81a85c4817fb09be952f9c9c4219029175d83b5a3_p1_basic_orb.npy",".npy","57728","0.0551","2026-06-29T17:01:47","2026-05-28T08:08:39","BACKUP"
"RUNTIME","D:\halal_web_runtime","D:\halal_web_runtime\_onedrive_backup_archive\output.__onedrive_backup_20260629_144030\cert_template\features\671bf8b6aeb2aa992f2ecae81a85c4817fb09be952f9c9c4219029175d83b5a3_p1_enhanced_orb.npy","_onedrive_backup_archive\output.__onedrive_backup_20260629_144030\cert_template\features\671bf8b6aeb2aa992f2ecae81a85c4817fb09be952f9c9c4219029175d83b5a3_p1_enhanced_orb.npy","671bf8b6aeb2aa992f2ecae81a85c4817fb09be952f9c9c4219029175d83b5a3_p1_enhanced_orb.npy",".npy","57728","0.0551","2026-06-29T17:01:47","2026-05-28T08:08:45","BACKUP"
"RUNTIME","D:\halal_web_runtime","D:\halal_web_runtime\_onedrive_backup_archive\output.__onedrive_backup_20260629_144030\cert_template\features\68205c92f2214890e66f138d416dd064bae52e6693dce2c75bf0443930a08389_p1_basic_orb.npy","_onedrive_backup_archive\output.__onedrive_backup_20260629_144030\cert_template\features\68205c92f2214890e66f138d416dd064bae52e6693dce2c75bf0443930a08389_p1_basic_orb.npy","68205c92f2214890e66f138d416dd064bae52e6693dce2c75bf0443930a08389_p1_basic_orb.npy",".npy","57728","0.0551","2026-06-29T17:01:47","2026-05-28T08:07:56","BACKUP"
"RUNTIME","D:\halal_web_runtime","D:\halal_web_runtime\_onedrive_backup_archive\output.__onedrive_backup_20260629_144030\cert_template\features\6ad575e8855875996af53b844252648ebb9382b850f70c182fb016a204abeb03_p1_basic_orb.npy","_onedrive_backup_archive\output.__onedrive_backup_20260629_144030\cert_template\features\6ad575e8855875996af53b844252648ebb9382b850f70c182fb016a204abeb03_p1_basic_orb.npy","6ad575e8855875996af53b844252648ebb9382b850f70c182fb016a204abeb03_p1_basic_orb.npy",".npy","57760","0.0551","2026-06-29T17:01:47","2026-05-28T08:10:26","BACKUP"
"RUNTIME","D:\halal_web_runtime","D:\halal_web_runtime\_onedrive_backup_archive\output.__onedrive_backup_20260629_144030\cert_template\features\6b748e0dfd7bbe9edaef8be757a96d1a89f9266c4c0414c667dd63baee3b9989_p1_basic_orb.npy","_onedrive_backup_archive\output.__onedrive_backup_20260629_144030\cert_template\features\6b748e0dfd7bbe9edaef8be757a96d1a89f9266c4c0414c667dd63baee3b9989_p1_basic_orb.npy","6b748e0dfd7bbe9edaef8be757a96d1a89f9266c4c0414c667dd63baee3b9989_p1_basic_orb.npy",".npy","57728","0.0551","2026-06-29T17:01:47","2026-05-28T08:09:47","BACKUP"
"RUNTIME","D:\halal_web_runtime","D:\halal_web_runtime\_onedrive_backup_archive\output.__onedrive_backup_20260629_144030\cert_template\features\6e093d8f797b4d207e6d46d7977fdf66cdda4793d0ea86f56b457f5fa48b7a77_p1_basic_orb.npy","_onedrive_backup_archive\output.__onedrive_backup_20260629_144030\cert_template\features\6e093d8f797b4d207e6d46d7977fdf66cdda4793d0ea86f56b457f5fa48b7a77_p1_basic_orb.npy","6e093d8f797b4d207e6d46d7977fdf66cdda4793d0ea86f56b457f5fa48b7a77_p1_basic_orb.npy",".npy","57728","0.0551","2026-06-29T17:01:47","2026-05-27T08:49:48","BACKUP"
"RUNTIME","D:\halal_web_runtime","D:\halal_web_runtime\_onedrive_backup_archive\output.__onedrive_backup_20260629_144030\cert_template\features\6e093d8f797b4d207e6d46d7977fdf66cdda4793d0ea86f56b457f5fa48b7a77_p1_enhanced_orb.npy","_onedrive_backup_archive\output.__onedrive_backup_20260629_144030\cert_template\features\6e093d8f797b4d207e6d46d7977fdf66cdda4793d0ea86f56b457f5fa48b7a77_p1_enhanced_orb.npy","6e093d8f797b4d207e6d46d7977fdf66cdda4793d0ea86f56b457f5fa48b7a77_p1_enhanced_orb.npy",".npy","57728","0.0551","2026-06-29T17:01:47","2026-05-27T08:49:49","BACKUP"
"RUNTIME","D:\halal_web_runtime","D:\halal_web_runtime\_onedrive_backup_archive\output.__onedrive_backup_20260629_144030\cert_template\features\716070cfd8308ff731a90ee89c5af776f452b176e4d3f2807fccf14474714e53_p1_basic_orb.npy","_onedrive_backup_archive\output.__onedrive_backup_20260629_144030\cert_template\features\716070cfd8308ff731a90ee89c5af776f452b176e4d3f2807fccf14474714e53_p1_basic_orb.npy","716070cfd8308ff731a90ee89c5af776f452b176e4d3f2807fccf14474714e53_p1_basic_orb.npy",".npy","57728","0.0551","2026-06-29T17:01:47","2026-05-27T08:56:37","BACKUP"
"RUNTIME","D:\halal_web_runtime","D:\halal_web_runtime\_onedrive_backup_archive\output.__onedrive_backup_20260629_144030\cert_template\features\74540e79f279ddc06bd5b4decfde803da607a522a5d1e10de937d72ad3fc36b6_p1_basic_orb.npy","_onedrive_backup_archive\output.__onedrive_backup_20260629_144030\cert_template\features\74540e79f279ddc06bd5b4decfde803da607a522a5d1e10de937d72ad3fc36b6_p1_basic_orb.npy","74540e79f279ddc06bd5b4decfde803da607a522a5d1e10de937d72ad3fc36b6_p1_basic_orb.npy",".npy","57728","0.0551","2026-06-29T17:01:47","2026-05-27T08:50:54","BACKUP"
"RUNTIME","D:\halal_web_runtime","D:\halal_web_runtime\_onedrive_backup_archive\output.__onedrive_backup_20260629_144030\cert_template\features\74540e79f279ddc06bd5b4decfde803da607a522a5d1e10de937d72ad3fc36b6_p1_enhanced_orb.npy","_onedrive_backup_archive\output.__onedrive_backup_20260629_144030\cert_template\features\74540e79f279ddc06bd5b4decfde803da607a522a5d1e10de937d72ad3fc36b6_p1_enhanced_orb.npy","74540e79f279ddc06bd5b4decfde803da607a522a5d1e10de937d72ad3fc36b6_p1_enhanced_orb.npy",".npy","57728","0.0551","2026-06-29T17:01:47","2026-05-27T08:50:54","BACKUP"
"RUNTIME","D:\halal_web_runtime","D:\halal_web_runtime\_onedrive_backup_archive\output.__onedrive_backup_20260629_144030\cert_template\features\74540e79f279ddc06bd5b4decfde803da607a522a5d1e10de937d72ad3fc36b6_p2_basic_orb.npy","_onedrive_backup_archive\output.__onedrive_backup_20260629_144030\cert_template\features\74540e79f279ddc06bd5b4decfde803da607a522a5d1e10de937d72ad3fc36b6_p2_basic_orb.npy","74540e79f279ddc06bd5b4decfde803da607a522a5d1e10de937d72ad3fc36b6_p2_basic_orb.npy",".npy","57728","0.0551","2026-06-29T17:01:47","2026-05-27T08:50:54","BACKUP"
"RUNTIME","D:\halal_web_runtime","D:\halal_web_runtime\_onedrive_backup_archive\output.__onedrive_backup_20260629_144030\cert_template\features\74540e79f279ddc06bd5b4decfde803da607a522a5d1e10de937d72ad3fc36b6_p2_enhanced_orb.npy","_onedrive_backup_archive\output.__onedrive_backup_20260629_144030\cert_template\features\74540e79f279ddc06bd5b4decfde803da607a522a5d1e10de937d72ad3fc36b6_p2_enhanced_orb.npy","74540e79f279ddc06bd5b4decfde803da607a522a5d1e10de937d72ad3fc36b6_p2_enhanced_orb.npy",".npy","57728","0.0551","2026-06-29T17:01:47","2026-05-27T08:50:54","BACKUP"
"RUNTIME","D:\halal_web_runtime","D:\halal_web_runtime\_onedrive_backup_archive\output.__onedrive_backup_20260629_144030\cert_template\features\7459b0569ddfd9b59fb4814d64f6bcb1e9c6e5f84d8d4f2fa4edeff4a7a3e16d_p1_basic_orb.npy","_onedrive_backup_archive\output.__onedrive_backup_20260629_144030\cert_template\features\7459b0569ddfd9b59fb4814d64f6bcb1e9c6e5f84d8d4f2fa4edeff4a7a3e16d_p1_basic_orb.npy","7459b0569ddfd9b59fb4814d64f6bcb1e9c6e5f84d8d4f2fa4edeff4a7a3e16d_p1_basic_orb.npy",".npy","57728","0.0551","2026-06-29T17:01:47","2026-05-27T08:50:23","BACKUP"
"RUNTIME","D:\halal_web_runtime","D:\halal_web_runtime\_onedrive_backup_archive\output.__onedrive_backup_20260629_144030\cert_template\features\7459b0569ddfd9b59fb4814d64f6bcb1e9c6e5f84d8d4f2fa4edeff4a7a3e16d_p1_enhanced_orb.npy","_onedrive_backup_archive\output.__onedrive_backup_20260629_144030\cert_template\features\7459b0569ddfd9b59fb4814d64f6bcb1e9c6e5f84d8d4f2fa4edeff4a7a3e16d_p1_enhanced_orb.npy","7459b0569ddfd9b59fb4814d64f6bcb1e9c6e5f84d8d4f2fa4edeff4a7a3e16d_p1_enhanced_orb.npy",".npy","57728","0.0551","2026-06-29T17:01:47","2026-05-27T08:50:25","BACKUP"
"RUNTIME","D:\halal_web_runtime","D:\halal_web_runtime\_onedrive_backup_archive\output.__onedrive_backup_20260629_144030\cert_template\features\7459b0569ddfd9b59fb4814d64f6bcb1e9c6e5f84d8d4f2fa4edeff4a7a3e16d_p2_basic_orb.npy","_onedrive_backup_archive\output.__onedrive_backup_20260629_144030\cert_template\features\7459b0569ddfd9b59fb4814d64f6bcb1e9c6e5f84d8d4f2fa4edeff4a7a3e16d_p2_basic_orb.npy","7459b0569ddfd9b59fb4814d64f6bcb1e9c6e5f84d8d4f2fa4edeff4a7a3e16d_p2_basic_orb.npy",".npy","57952","0.0553","2026-06-29T17:01:47","2026-05-27T08:50:23","BACKUP"
"RUNTIME","D:\halal_web_runtime","D:\halal_web_runtime\_onedrive_backup_archive\output.__onedrive_backup_20260629_144030\cert_template\features\7459b0569ddfd9b59fb4814d64f6bcb1e9c6e5f84d8d4f2fa4edeff4a7a3e16d_p2_enhanced_orb.npy","_onedrive_backup_archive\output.__onedrive_backup_20260629_144030\cert_template\features\7459b0569ddfd9b59fb4814d64f6bcb1e9c6e5f84d8d4f2fa4edeff4a7a3e16d_p2_enhanced_orb.npy","7459b0569ddfd9b59fb4814d64f6bcb1e9c6e5f84d8d4f2fa4edeff4a7a3e16d_p2_enhanced_orb.npy",".npy","57728","0.0551","2026-06-29T17:01:47","2026-05-27T08:50:25","BACKUP"
"RUNTIME","D:\halal_web_runtime","D:\halal_web_runtime\_onedrive_backup_archive\output.__onedrive_backup_20260629_144030\cert_template\features\77787a86aefe4fa6acfd41a4a6162e2bcbcd28409f29309a3832fce3eaa5fd02_p1_basic_orb.npy","_onedrive_backup_archive\output.__onedrive_backup_20260629_144030\cert_template\features\77787a86aefe4fa6acfd41a4a6162e2bcbcd28409f29309a3832fce3eaa5fd02_p1_basic_orb.npy","77787a86aefe4fa6acfd41a4a6162e2bcbcd28409f29309a3832fce3eaa5fd02_p1_basic_orb.npy",".npy","57728","0.0551","2026-06-29T17:01:47","2026-05-28T08:08:57","BACKUP"
"RUNTIME","D:\halal_web_runtime","D:\halal_web_runtime\_onedrive_backup_archive\output.__onedrive_backup_20260629_144030\cert_template\features\777ad40e01f256059037bf1ebc642fbcb527f8c7b96b067ebf16a7e71d40c64c_p1_basic_orb.npy","_onedrive_backup_archive\output.__onedrive_backup_20260629_144030\cert_template\features\777ad40e01f256059037bf1ebc642fbcb527f8c7b96b067ebf16a7e71d40c64c_p1_basic_orb.npy","777ad40e01f256059037bf1ebc642fbcb527f8c7b96b067ebf16a7e71d40c64c_p1_basic_orb.npy",".npy","57728","0.0551","2026-06-29T17:01:47","2026-05-27T08:49:57","BACKUP"
"RUNTIME","D:\halal_web_runtime","D:\halal_web_runtime\_onedrive_backup_archive\output.__onedrive_backup_20260629_144030\cert_template\features\777ad40e01f256059037bf1ebc642fbcb527f8c7b96b067ebf16a7e71d40c64c_p1_enhanced_orb.npy","_onedrive_backup_archive\output.__onedrive_backup_20260629_144030\cert_template\features\777ad40e01f256059037bf1ebc642fbcb527f8c7b96b067ebf16a7e71d40c64c_p1_enhanced_orb.npy","777ad40e01f256059037bf1ebc642fbcb527f8c7b96b067ebf16a7e71d40c64c_p1_enhanced_orb.npy",".npy","57728","0.0551","2026-06-29T17:01:47","2026-05-27T08:49:58","BACKUP"
"RUNTIME","D:\halal_web_runtime","D:\halal_web_runtime\_onedrive_backup_archive\output.__onedrive_backup_20260629_144030\cert_template\features\777ad40e01f256059037bf1ebc642fbcb527f8c7b96b067ebf16a7e71d40c64c_p2_basic_orb.npy","_onedrive_backup_archive\output.__onedrive_backup_20260629_144030\cert_template\features\777ad40e01f256059037bf1ebc642fbcb527f8c7b96b067ebf16a7e71d40c64c_p2_basic_orb.npy","777ad40e01f256059037bf1ebc642fbcb527f8c7b96b067ebf16a7e71d40c64c_p2_basic_orb.npy",".npy","57856","0.0552","2026-06-29T17:01:47","2026-05-27T08:49:57","BACKUP"
"RUNTIME","D:\halal_web_runtime","D:\halal_web_runtime\_onedrive_backup_archive\output.__onedrive_backup_20260629_144030\cert_template\features\777ad40e01f256059037bf1ebc642fbcb527f8c7b96b067ebf16a7e71d40c64c_p2_enhanced_orb.npy","_onedrive_backup_archive\output.__onedrive_backup_20260629_144030\cert_template\features\777ad40e01f256059037bf1ebc642fbcb527f8c7b96b067ebf16a7e71d40c64c_p2_enhanced_orb.npy","777ad40e01f256059037bf1ebc642fbcb527f8c7b96b067ebf16a7e71d40c64c_p2_enhanced_orb.npy",".npy","57728","0.0551","2026-06-29T17:01:47","2026-05-27T08:49:59","BACKUP"
"RUNTIME","D:\halal_web_runtime","D:\halal_web_runtime\_onedrive_backup_archive\output.__onedrive_backup_20260629_144030\cert_template\features\7af2b38bde1b3a62ef79c165289b0d45ff46cba1c938d67b6a6a6f0e175f4931_p1_basic_orb.npy","_onedrive_backup_archive\output.__onedrive_backup_20260629_144030\cert_template\features\7af2b38bde1b3a62ef79c165289b0d45ff46cba1c938d67b6a6a6f0e175f4931_p1_basic_orb.npy","7af2b38bde1b3a62ef79c165289b0d45ff46cba1c938d67b6a6a6f0e175f4931_p1_basic_orb.npy",".npy","57728","0.0551","2026-06-29T17:01:47","2026-05-27T08:48:34","BACKUP"
"RUNTIME","D:\halal_web_runtime","D:\halal_web_runtime\_onedrive_backup_archive\output.__onedrive_backup_20260629_144030\cert_template\features\7af2b38bde1b3a62ef79c165289b0d45ff46cba1c938d67b6a6a6f0e175f4931_p1_enhanced_orb.npy","_onedrive_backup_archive\output.__onedrive_backup_20260629_144030\cert_template\features\7af2b38bde1b3a62ef79c165289b0d45ff46cba1c938d67b6a6a6f0e175f4931_p1_enhanced_orb.npy","7af2b38bde1b3a62ef79c165289b0d45ff46cba1c938d67b6a6a6f0e175f4931_p1_enhanced_orb.npy",".npy","57728","0.0551","2026-06-29T17:01:47","2026-05-27T08:48:34","BACKUP"
"RUNTIME","D:\halal_web_runtime","D:\halal_web_runtime\_onedrive_backup_archive\output.__onedrive_backup_20260629_144030\cert_template\features\7c172a8aca0a6b1c6dc0b845c5681f4f3391408a1da8997397652141574df879_p1_basic_orb.npy","_onedrive_backup_archive\output.__onedrive_backup_20260629_144030\cert_template\features\7c172a8aca0a6b1c6dc0b845c5681f4f3391408a1da8997397652141574df879_p1_basic_orb.npy","7c172a8aca0a6b1c6dc0b845c5681f4f3391408a1da8997397652141574df879_p1_basic_orb.npy",".npy","57728","0.0551","2026-06-29T17:01:47","2026-05-27T08:49:38","BACKUP"
"RUNTIME","D:\halal_web_runtime","D:\halal_web_runtime\_onedrive_backup_archive\output.__onedrive_backup_20260629_144030\cert_template\features\7c172a8aca0a6b1c6dc0b845c5681f4f3391408a1da8997397652141574df879_p1_enhanced_orb.npy","_onedrive_backup_archive\output.__onedrive_backup_20260629_144030\cert_template\features\7c172a8aca0a6b1c6dc0b845c5681f4f3391408a1da8997397652141574df879_p1_enhanced_orb.npy","7c172a8aca0a6b1c6dc0b845c5681f4f3391408a1da8997397652141574df879_p1_enhanced_orb.npy",".npy","57728","0.0551","2026-06-29T17:01:47","2026-05-27T08:49:39","BACKUP"
"RUNTIME","D:\halal_web_runtime","D:\halal_web_runtime\_onedrive_backup_archive\output.__onedrive_backup_20260629_144030\cert_template\features\7d792259d00c07669538549b71c250cb9464576fde9b8a06270c70dee0fbb6f5_p1_basic_orb.npy","_onedrive_backup_archive\output.__onedrive_backup_20260629_144030\cert_template\features\7d792259d00c07669538549b71c250cb9464576fde9b8a06270c70dee0fbb6f5_p1_basic_orb.npy","7d792259d00c07669538549b71c250cb9464576fde9b8a06270c70dee0fbb6f5_p1_basic_orb.npy",".npy","57728","0.0551","2026-06-29T17:01:47","2026-05-27T08:50:53","BACKUP"
"RUNTIME","D:\halal_web_runtime","D:\halal_web_runtime\_onedrive_backup_archive\output.__onedrive_backup_20260629_144030\cert_template\features\7d792259d00c07669538549b71c250cb9464576fde9b8a06270c70dee0fbb6f5_p1_enhanced_orb.npy","_onedrive_backup_archive\output.__onedrive_backup_20260629_144030\cert_template\features\7d792259d00c07669538549b71c250cb9464576fde9b8a06270c70dee0fbb6f5_p1_enhanced_orb.npy","7d792259d00c07669538549b71c250cb9464576fde9b8a06270c70dee0fbb6f5_p1_enhanced_orb.npy",".npy","57728","0.0551","2026-06-29T17:01:47","2026-05-27T08:50:53","BACKUP"
"RUNTIME","D:\halal_web_runtime","D:\halal_web_runtime\_onedrive_backup_archive\output.__onedrive_backup_20260629_144030\cert_template\features\7d792259d00c07669538549b71c250cb9464576fde9b8a06270c70dee0fbb6f5_p2_basic_orb.npy","_onedrive_backup_archive\output.__onedrive_backup_20260629_144030\cert_template\features\7d792259d00c07669538549b71c250cb9464576fde9b8a06270c70dee0fbb6f5_p2_basic_orb.npy","7d792259d00c07669538549b71c250cb9464576fde9b8a06270c70dee0fbb6f5_p2_basic_orb.npy",".npy","57728","0.0551","2026-06-29T17:01:47","2026-05-27T08:50:53","BACKUP"
"RUNTIME","D:\halal_web_runtime","D:\halal_web_runtime\_onedrive_backup_archive\output.__onedrive_backup_20260629_144030\cert_template\features\7d792259d00c07669538549b71c250cb9464576fde9b8a06270c70dee0fbb6f5_p2_enhanced_orb.npy","_onedrive_backup_archive\output.__onedrive_backup_20260629_144030\cert_template\features\7d792259d00c07669538549b71c250cb9464576fde9b8a06270c70dee0fbb6f5_p2_enhanced_orb.npy","7d792259d00c07669538549b71c250cb9464576fde9b8a06270c70dee0fbb6f5_p2_enhanced_orb.npy",".npy","57728","0.0551","2026-06-29T17:01:47","2026-05-27T08:50:54","BACKUP"
"RUNTIME","D:\halal_web_runtime","D:\halal_web_runtime\_onedrive_backup_archive\output.__onedrive_backup_20260629_144030\cert_template\features\7fdf5f2b8f043f26c7034f384afaa66ee15f4dbcdc9ef8c26141c0d917ba012e_p1_basic_orb.npy","_onedrive_backup_archive\output.__onedrive_backup_20260629_144030\cert_template\features\7fdf5f2b8f043f26c7034f384afaa66ee15f4dbcdc9ef8c26141c0d917ba012e_p1_basic_orb.npy","7fdf5f2b8f043f26c7034f384afaa66ee15f4dbcdc9ef8c26141c0d917ba012e_p1_basic_orb.npy",".npy","57728","0.0551","2026-06-29T17:01:47","2026-05-27T08:56:51","BACKUP"
"RUNTIME","D:\halal_web_runtime","D:\halal_web_runtime\_onedrive_backup_archive\output.__onedrive_backup_20260629_144030\cert_template\features\81bbd368a003ccb64a69cb0749cd264dec720ee0ade78d4a0a528b868ad11360_p1_basic_orb.npy","_onedrive_backup_archive\output.__onedrive_backup_20260629_144030\cert_template\features\81bbd368a003ccb64a69cb0749cd264dec720ee0ade78d4a0a528b868ad11360_p1_basic_orb.npy","81bbd368a003ccb64a69cb0749cd264dec720ee0ade78d4a0a528b868ad11360_p1_basic_orb.npy",".npy","57728","0.0551","2026-06-29T17:01:47","2026-05-27T08:49:36","BACKUP"
"RUNTIME","D:\halal_web_runtime","D:\halal_web_runtime\_onedrive_backup_archive\output.__onedrive_backup_20260629_144030\cert_template\features\81bbd368a003ccb64a69cb0749cd264dec720ee0ade78d4a0a528b868ad11360_p1_enhanced_orb.npy","_onedrive_backup_archive\output.__onedrive_backup_20260629_144030\cert_template\features\81bbd368a003ccb64a69cb0749cd264dec720ee0ade78d4a0a528b868ad11360_p1_enhanced_orb.npy","81bbd368a003ccb64a69cb0749cd264dec720ee0ade78d4a0a528b868ad11360_p1_enhanced_orb.npy",".npy","57728","0.0551","2026-06-29T17:01:47","2026-05-27T08:49:37","BACKUP"
"RUNTIME","D:\halal_web_runtime","D:\halal_web_runtime\_onedrive_backup_archive\output.__onedrive_backup_20260629_144030\cert_template\features\82219e51dbd34c32c9cc268230728ed0136b7ab2ca1ff923ad9c96526b89c966_p1_basic_orb.npy","_onedrive_backup_archive\output.__onedrive_backup_20260629_144030\cert_template\features\82219e51dbd34c32c9cc268230728ed0136b7ab2ca1ff923ad9c96526b89c966_p1_basic_orb.npy","82219e51dbd34c32c9cc268230728ed0136b7ab2ca1ff923ad9c96526b89c966_p1_basic_orb.npy",".npy","57728","0.0551","2026-06-29T17:01:47","2026-05-27T08:48:56","BACKUP"
"RUNTIME","D:\halal_web_runtime","D:\halal_web_runtime\_onedrive_backup_archive\output.__onedrive_backup_20260629_144030\cert_template\features\82219e51dbd34c32c9cc268230728ed0136b7ab2ca1ff923ad9c96526b89c966_p1_enhanced_orb.npy","_onedrive_backup_archive\output.__onedrive_backup_20260629_144030\cert_template\features\82219e51dbd34c32c9cc268230728ed0136b7ab2ca1ff923ad9c96526b89c966_p1_enhanced_orb.npy","82219e51dbd34c32c9cc268230728ed0136b7ab2ca1ff923ad9c96526b89c966_p1_enhanced_orb.npy",".npy","57728","0.0551","2026-06-29T17:01:47","2026-05-27T08:48:58","BACKUP"
"RUNTIME","D:\halal_web_runtime","D:\halal_web_runtime\_onedrive_backup_archive\output.__onedrive_backup_20260629_144030\cert_template\features\82219e51dbd34c32c9cc268230728ed0136b7ab2ca1ff923ad9c96526b89c966_p2_basic_orb.npy","_onedrive_backup_archive\output.__onedrive_backup_20260629_144030\cert_template\features\82219e51dbd34c32c9cc268230728ed0136b7ab2ca1ff923ad9c96526b89c966_p2_basic_orb.npy","82219e51dbd34c32c9cc268230728ed0136b7ab2ca1ff923ad9c96526b89c966_p2_basic_orb.npy",".npy","57728","0.0551","2026-06-29T17:01:47","2026-05-27T08:48:56","BACKUP"
"RUNTIME","D:\halal_web_runtime","D:\halal_web_runtime\_onedrive_backup_archive\output.__onedrive_backup_20260629_144030\cert_template\features\82219e51dbd34c32c9cc268230728ed0136b7ab2ca1ff923ad9c96526b89c966_p2_enhanced_orb.npy","_onedrive_backup_archive\output.__onedrive_backup_20260629_144030\cert_template\features\82219e51dbd34c32c9cc268230728ed0136b7ab2ca1ff923ad9c96526b89c966_p2_enhanced_orb.npy","82219e51dbd34c32c9cc268230728ed0136b7ab2ca1ff923ad9c96526b89c966_p2_enhanced_orb.npy",".npy","57728","0.0551","2026-06-29T17:01:48","2026-05-27T08:48:58","BACKUP"
"RUNTIME","D:\halal_web_runtime","D:\halal_web_runtime\_onedrive_backup_archive\output.__onedrive_backup_20260629_144030\cert_template\features\8348abe532ab3eee29fef6cf62aba521ec2fe02e345715e58e80ecc4eb6f8ef1_p1_basic_orb.npy","_onedrive_backup_archive\output.__onedrive_backup_20260629_144030\cert_template\features\8348abe532ab3eee29fef6cf62aba521ec2fe02e345715e58e80ecc4eb6f8ef1_p1_basic_orb.npy","8348abe532ab3eee29fef6cf62aba521ec2fe02e345715e58e80ecc4eb6f8ef1_p1_basic_orb.npy",".npy","57728","0.0551","2026-06-29T17:01:48","2026-05-27T08:49:13","BACKUP"
"RUNTIME","D:\halal_web_runtime","D:\halal_web_runtime\_onedrive_backup_archive\output.__onedrive_backup_20260629_144030\cert_template\features\8348abe532ab3eee29fef6cf62aba521ec2fe02e345715e58e80ecc4eb6f8ef1_p1_enhanced_orb.npy","_onedrive_backup_archive\output.__onedrive_backup_20260629_144030\cert_template\features\8348abe532ab3eee29fef6cf62aba521ec2fe02e345715e58e80ecc4eb6f8ef1_p1_enhanced_orb.npy","8348abe532ab3eee29fef6cf62aba521ec2fe02e345715e58e80ecc4eb6f8ef1_p1_enhanced_orb.npy",".npy","57728","0.0551","2026-06-29T17:01:48","2026-05-27T08:49:14","BACKUP"
"RUNTIME","D:\halal_web_runtime","D:\halal_web_runtime\_onedrive_backup_archive\output.__onedrive_backup_20260629_144030\cert_template\features\8348abe532ab3eee29fef6cf62aba521ec2fe02e345715e58e80ecc4eb6f8ef1_p2_basic_orb.npy","_onedrive_backup_archive\output.__onedrive_backup_20260629_144030\cert_template\features\8348abe532ab3eee29fef6cf62aba521ec2fe02e345715e58e80ecc4eb6f8ef1_p2_basic_orb.npy","8348abe532ab3eee29fef6cf62aba521ec2fe02e345715e58e80ecc4eb6f8ef1_p2_basic_orb.npy",".npy","57728","0.0551","2026-06-29T17:01:48","2026-05-27T08:49:13","BACKUP"
"RUNTIME","D:\halal_web_runtime","D:\halal_web_runtime\_onedrive_backup_archive\output.__onedrive_backup_20260629_144030\cert_template\features\8348abe532ab3eee29fef6cf62aba521ec2fe02e345715e58e80ecc4eb6f8ef1_p2_enhanced_orb.npy","_onedrive_backup_archive\output.__onedrive_backup_20260629_144030\cert_template\features\8348abe532ab3eee29fef6cf62aba521ec2fe02e345715e58e80ecc4eb6f8ef1_p2_enhanced_orb.npy","8348abe532ab3eee29fef6cf62aba521ec2fe02e345715e58e80ecc4eb6f8ef1_p2_enhanced_orb.npy",".npy","57728","0.0551","2026-06-29T17:01:48","2026-05-27T08:49:14","BACKUP"
"RUNTIME","D:\halal_web_runtime","D:\halal_web_runtime\_onedrive_backup_archive\output.__onedrive_backup_20260629_144030\cert_template\features\845bcc1ad12090b90eed5ca1a1dfd50db22738daf283b8c8578bbfde39e67b8d_p1_basic_orb.npy","_onedrive_backup_archive\output.__onedrive_backup_20260629_144030\cert_template\features\845bcc1ad12090b90eed5ca1a1dfd50db22738daf283b8c8578bbfde39e67b8d_p1_basic_orb.npy","845bcc1ad12090b90eed5ca1a1dfd50db22738daf283b8c8578bbfde39e67b8d_p1_basic_orb.npy",".npy","57728","0.0551","2026-06-29T17:01:48","2026-05-28T08:08:11","BACKUP"
"RUNTIME","D:\halal_web_runtime","D:\halal_web_runtime\_onedrive_backup_archive\output.__onedrive_backup_20260629_144030\cert_template\features\845ee4479be3fae5c489eaeea45120b6ef4450337bde841313ec4e73b3be0460_p1_basic_orb.npy","_onedrive_backup_archive\output.__onedrive_backup_20260629_144030\cert_template\features\845ee4479be3fae5c489eaeea45120b6ef4450337bde841313ec4e73b3be0460_p1_basic_orb.npy","845ee4479be3fae5c489eaeea45120b6ef4450337bde841313ec4e73b3be0460_p1_basic_orb.npy",".npy","57728","0.0551","2026-06-29T17:01:48","2026-05-27T08:48:32","BACKUP"
"RUNTIME","D:\halal_web_runtime","D:\halal_web_runtime\_onedrive_backup_archive\output.__onedrive_backup_20260629_144030\cert_template\features\845ee4479be3fae5c489eaeea45120b6ef4450337bde841313ec4e73b3be0460_p1_enhanced_orb.npy","_onedrive_backup_archive\output.__onedrive_backup_20260629_144030\cert_template\features\845ee4479be3fae5c489eaeea45120b6ef4450337bde841313ec4e73b3be0460_p1_enhanced_orb.npy","845ee4479be3fae5c489eaeea45120b6ef4450337bde841313ec4e73b3be0460_p1_enhanced_orb.npy",".npy","57728","0.0551","2026-06-29T17:01:48","2026-05-27T08:48:33","BACKUP"
"RUNTIME","D:\halal_web_runtime","D:\halal_web_runtime\_onedrive_backup_archive\output.__onedrive_backup_20260629_144030\cert_template\features\85ec6dc627daea190b4c3c9baf5eba7f3be44df6f9c7c19d687676c02dc091ee_p1_basic_orb.npy","_onedrive_backup_archive\output.__onedrive_backup_20260629_144030\cert_template\features\85ec6dc627daea190b4c3c9baf5eba7f3be44df6f9c7c19d687676c02dc091ee_p1_basic_orb.npy","85ec6dc627daea190b4c3c9baf5eba7f3be44df6f9c7c19d687676c02dc091ee_p1_basic_orb.npy",".npy","57728","0.0551","2026-06-29T17:01:48","2026-05-27T08:56:48","BACKUP"
"RUNTIME","D:\halal_web_runtime","D:\halal_web_runtime\_onedrive_backup_archive\output.__onedrive_backup_20260629_144030\cert_template\features\875ee7c93beefc6f97844482dc817afed2f0a75e348347cab36c0598c1442f5f_p1_basic_orb.npy","_onedrive_backup_archive\output.__onedrive_backup_20260629_144030\cert_template\features\875ee7c93beefc6f97844482dc817afed2f0a75e348347cab36c0598c1442f5f_p1_basic_orb.npy","875ee7c93beefc6f97844482dc817afed2f0a75e348347cab36c0598c1442f5f_p1_basic_orb.npy",".npy","57728","0.0551","2026-06-29T17:01:48","2026-05-27T08:49:51","BACKUP"
"RUNTIME","D:\halal_web_runtime","D:\halal_web_runtime\_onedrive_backup_archive\output.__onedrive_backup_20260629_144030\cert_template\features\875ee7c93beefc6f97844482dc817afed2f0a75e348347cab36c0598c1442f5f_p1_enhanced_orb.npy","_onedrive_backup_archive\output.__onedrive_backup_20260629_144030\cert_template\features\875ee7c93beefc6f97844482dc817afed2f0a75e348347cab36c0598c1442f5f_p1_enhanced_orb.npy","875ee7c93beefc6f97844482dc817afed2f0a75e348347cab36c0598c1442f5f_p1_enhanced_orb.npy",".npy","57728","0.0551","2026-06-29T17:01:48","2026-05-27T08:49:53","BACKUP"
"RUNTIME","D:\halal_web_runtime","D:\halal_web_runtime\_onedrive_backup_archive\output.__onedrive_backup_20260629_144030\cert_template\features\88c7cf050e8b33b931f84b3755cc9dab5ebf8b67acafa023777bedf6fa8ffe1f_p1_basic_orb.npy","_onedrive_backup_archive\output.__onedrive_backup_20260629_144030\cert_template\features\88c7cf050e8b33b931f84b3755cc9dab5ebf8b67acafa023777bedf6fa8ffe1f_p1_basic_orb.npy","88c7cf050e8b33b931f84b3755cc9dab5ebf8b67acafa023777bedf6fa8ffe1f_p1_basic_orb.npy",".npy","57728","0.0551","2026-06-29T17:01:48","2026-05-27T08:48:39","BACKUP"
"RUNTIME","D:\halal_web_runtime","D:\halal_web_runtime\_onedrive_backup_archive\output.__onedrive_backup_20260629_144030\cert_template\features\88c7cf050e8b33b931f84b3755cc9dab5ebf8b67acafa023777bedf6fa8ffe1f_p1_enhanced_orb.npy","_onedrive_backup_archive\output.__onedrive_backup_20260629_144030\cert_template\features\88c7cf050e8b33b931f84b3755cc9dab5ebf8b67acafa023777bedf6fa8ffe1f_p1_enhanced_orb.npy","88c7cf050e8b33b931f84b3755cc9dab5ebf8b67acafa023777bedf6fa8ffe1f_p1_enhanced_orb.npy",".npy","57728","0.0551","2026-06-29T17:01:48","2026-05-27T08:48:40","BACKUP"
"RUNTIME","D:\halal_web_runtime","D:\halal_web_runtime\_onedrive_backup_archive\output.__onedrive_backup_20260629_144030\cert_template\features\88c7cf050e8b33b931f84b3755cc9dab5ebf8b67acafa023777bedf6fa8ffe1f_p2_basic_orb.npy","_onedrive_backup_archive\output.__onedrive_backup_20260629_144030\cert_template\features\88c7cf050e8b33b931f84b3755cc9dab5ebf8b67acafa023777bedf6fa8ffe1f_p2_basic_orb.npy","88c7cf050e8b33b931f84b3755cc9dab5ebf8b67acafa023777bedf6fa8ffe1f_p2_basic_orb.npy",".npy","57920","0.0552","2026-06-29T17:01:48","2026-05-27T08:48:39","BACKUP"
"RUNTIME","D:\halal_web_runtime","D:\halal_web_runtime\_onedrive_backup_archive\output.__onedrive_backup_20260629_144030\cert_template\features\88c7cf050e8b33b931f84b3755cc9dab5ebf8b67acafa023777bedf6fa8ffe1f_p2_enhanced_orb.npy","_onedrive_backup_archive\output.__onedrive_backup_20260629_144030\cert_template\features\88c7cf050e8b33b931f84b3755cc9dab5ebf8b67acafa023777bedf6fa8ffe1f_p2_enhanced_orb.npy","88c7cf050e8b33b931f84b3755cc9dab5ebf8b67acafa023777bedf6fa8ffe1f_p2_enhanced_orb.npy",".npy","57728","0.0551","2026-06-29T17:01:48","2026-05-27T08:48:41","BACKUP"
"RUNTIME","D:\halal_web_runtime","D:\halal_web_runtime\_onedrive_backup_archive\output.__onedrive_backup_20260629_144030\cert_template\features\8abae90f6636e781c3e9ed9a09786c055d5e6e131777d64fa3e06a8fb0bce544_p1_basic_orb.npy","_onedrive_backup_archive\output.__onedrive_backup_20260629_144030\cert_template\features\8abae90f6636e781c3e9ed9a09786c055d5e6e131777d64fa3e06a8fb0bce544_p1_basic_orb.npy","8abae90f6636e781c3e9ed9a09786c055d5e6e131777d64fa3e06a8fb0bce544_p1_basic_orb.npy",".npy","57728","0.0551","2026-06-29T17:01:48","2026-05-27T08:48:16","BACKUP"
"RUNTIME","D:\halal_web_runtime","D:\halal_web_runtime\_onedrive_backup_archive\output.__onedrive_backup_20260629_144030\cert_template\features\8abae90f6636e781c3e9ed9a09786c055d5e6e131777d64fa3e06a8fb0bce544_p1_enhanced_orb.npy","_onedrive_backup_archive\output.__onedrive_backup_20260629_144030\cert_template\features\8abae90f6636e781c3e9ed9a09786c055d5e6e131777d64fa3e06a8fb0bce544_p1_enhanced_orb.npy","8abae90f6636e781c3e9ed9a09786c055d5e6e131777d64fa3e06a8fb0bce544_p1_enhanced_orb.npy",".npy","57728","0.0551","2026-06-29T17:01:48","2026-05-27T08:48:18","BACKUP"
"RUNTIME","D:\halal_web_runtime","D:\halal_web_runtime\_onedrive_backup_archive\output.__onedrive_backup_20260629_144030\cert_template\features\8abae90f6636e781c3e9ed9a09786c055d5e6e131777d64fa3e06a8fb0bce544_p2_basic_orb.npy","_onedrive_backup_archive\output.__onedrive_backup_20260629_144030\cert_template\features\8abae90f6636e781c3e9ed9a09786c055d5e6e131777d64fa3e06a8fb0bce544_p2_basic_orb.npy","8abae90f6636e781c3e9ed9a09786c055d5e6e131777d64fa3e06a8fb0bce544_p2_basic_orb.npy",".npy","57728","0.0551","2026-06-29T17:01:48","2026-05-27T08:48:16","BACKUP"
"RUNTIME","D:\halal_web_runtime","D:\halal_web_runtime\_onedrive_backup_archive\output.__onedrive_backup_20260629_144030\cert_template\features\8abae90f6636e781c3e9ed9a09786c055d5e6e131777d64fa3e06a8fb0bce544_p2_enhanced_orb.npy","_onedrive_backup_archive\output.__onedrive_backup_20260629_144030\cert_template\features\8abae90f6636e781c3e9ed9a09786c055d5e6e131777d64fa3e06a8fb0bce544_p2_enhanced_orb.npy","8abae90f6636e781c3e9ed9a09786c055d5e6e131777d64fa3e06a8fb0bce544_p2_enhanced_orb.npy",".npy","57728","0.0551","2026-06-29T17:01:48","2026-05-27T08:48:18","BACKUP"
"RUNTIME","D:\halal_web_runtime","D:\halal_web_runtime\_onedrive_backup_archive\output.__onedrive_backup_20260629_144030\cert_template\features\8bc027b91a1d9c8d01567d0c728b6ec25682e863d953728fefca0fe25bafb8be_p1_basic_orb.npy","_onedrive_backup_archive\output.__onedrive_backup_20260629_144030\cert_template\features\8bc027b91a1d9c8d01567d0c728b6ec25682e863d953728fefca0fe25bafb8be_p1_basic_orb.npy","8bc027b91a1d9c8d01567d0c728b6ec25682e863d953728fefca0fe25bafb8be_p1_basic_orb.npy",".npy","57728","0.0551","2026-06-29T17:01:48","2026-05-27T08:56:33","BACKUP"
"RUNTIME","D:\halal_web_runtime","D:\halal_web_runtime\_onedrive_backup_archive\output.__onedrive_backup_20260629_144030\cert_template\features\8beaa2a4bd68bd5a4ac75a43371a7ac994ba7dcb0253bad304290f8949f4a2fc_p1_basic_orb.npy","_onedrive_backup_archive\output.__onedrive_backup_20260629_144030\cert_template\features\8beaa2a4bd68bd5a4ac75a43371a7ac994ba7dcb0253bad304290f8949f4a2fc_p1_basic_orb.npy","8beaa2a4bd68bd5a4ac75a43371a7ac994ba7dcb0253bad304290f8949f4a2fc_p1_basic_orb.npy",".npy","57728","0.0551","2026-06-29T17:01:48","2026-05-28T08:08:16","BACKUP"
"RUNTIME","D:\halal_web_runtime","D:\halal_web_runtime\_onedrive_backup_archive\output.__onedrive_backup_20260629_144030\cert_template\features\8c9f270fdec49a0500d572552c86786192e6a6f9fe4c039b1529d2a2a3a32eee_p1_basic_orb.npy","_onedrive_backup_archive\output.__onedrive_backup_20260629_144030\cert_template\features\8c9f270fdec49a0500d572552c86786192e6a6f9fe4c039b1529d2a2a3a32eee_p1_basic_orb.npy","8c9f270fdec49a0500d572552c86786192e6a6f9fe4c039b1529d2a2a3a32eee_p1_basic_orb.npy",".npy","57728","0.0551","2026-06-29T17:01:48","2026-05-27T08:50:30","BACKUP"
"RUNTIME","D:\halal_web_runtime","D:\halal_web_runtime\_onedrive_backup_archive\output.__onedrive_backup_20260629_144030\cert_template\features\8c9f270fdec49a0500d572552c86786192e6a6f9fe4c039b1529d2a2a3a32eee_p1_enhanced_orb.npy","_onedrive_backup_archive\output.__onedrive_backup_20260629_144030\cert_template\features\8c9f270fdec49a0500d572552c86786192e6a6f9fe4c039b1529d2a2a3a32eee_p1_enhanced_orb.npy","8c9f270fdec49a0500d572552c86786192e6a6f9fe4c039b1529d2a2a3a32eee_p1_enhanced_orb.npy",".npy","57728","0.0551","2026-06-29T17:01:48","2026-05-27T08:50:30","BACKUP"
"RUNTIME","D:\halal_web_runtime","D:\halal_web_runtime\_onedrive_backup_archive\output.__onedrive_backup_20260629_144030\cert_template\features\8d7598b26c42472e50329c8b0caf64288471f595acfe44e01f77b57f14e44332_p1_basic_orb.npy","_onedrive_backup_archive\output.__onedrive_backup_20260629_144030\cert_template\features\8d7598b26c42472e50329c8b0caf64288471f595acfe44e01f77b57f14e44332_p1_basic_orb.npy","8d7598b26c42472e50329c8b0caf64288471f595acfe44e01f77b57f14e44332_p1_basic_orb.npy",".npy","57728","0.0551","2026-06-29T17:01:48","2026-05-27T08:50:00","BACKUP"
"RUNTIME","D:\halal_web_runtime","D:\halal_web_runtime\_onedrive_backup_archive\output.__onedrive_backup_20260629_144030\cert_template\features\8d7598b26c42472e50329c8b0caf64288471f595acfe44e01f77b57f14e44332_p1_enhanced_orb.npy","_onedrive_backup_archive\output.__onedrive_backup_20260629_144030\cert_template\features\8d7598b26c42472e50329c8b0caf64288471f595acfe44e01f77b57f14e44332_p1_enhanced_orb.npy","8d7598b26c42472e50329c8b0caf64288471f595acfe44e01f77b57f14e44332_p1_enhanced_orb.npy",".npy","57728","0.0551","2026-06-29T17:01:48","2026-05-27T08:50:01","BACKUP"
"RUNTIME","D:\halal_web_runtime","D:\halal_web_runtime\_onedrive_backup_archive\output.__onedrive_backup_20260629_144030\cert_template\features\8d7598b26c42472e50329c8b0caf64288471f595acfe44e01f77b57f14e44332_p2_basic_orb.npy","_onedrive_backup_archive\output.__onedrive_backup_20260629_144030\cert_template\features\8d7598b26c42472e50329c8b0caf64288471f595acfe44e01f77b57f14e44332_p2_basic_orb.npy","8d7598b26c42472e50329c8b0caf64288471f595acfe44e01f77b57f14e44332_p2_basic_orb.npy",".npy","57728","0.0551","2026-06-29T17:01:48","2026-05-27T08:50:00","BACKUP"
"RUNTIME","D:\halal_web_runtime","D:\halal_web_runtime\_onedrive_backup_archive\output.__onedrive_backup_20260629_144030\cert_template\features\8d7598b26c42472e50329c8b0caf64288471f595acfe44e01f77b57f14e44332_p2_enhanced_orb.npy","_onedrive_backup_archive\output.__onedrive_backup_20260629_144030\cert_template\features\8d7598b26c42472e50329c8b0caf64288471f595acfe44e01f77b57f14e44332_p2_enhanced_orb.npy","8d7598b26c42472e50329c8b0caf64288471f595acfe44e01f77b57f14e44332_p2_enhanced_orb.npy",".npy","57728","0.0551","2026-06-29T17:01:48","2026-05-27T08:50:02","BACKUP"
"RUNTIME","D:\halal_web_runtime","D:\halal_web_runtime\_onedrive_backup_archive\output.__onedrive_backup_20260629_144030\cert_template\features\9150b2552253a7c96230c4f7a5cdcc6e334755985c9b40db44a1233d2ed1962f_p1_basic_orb.npy","_onedrive_backup_archive\output.__onedrive_backup_20260629_144030\cert_template\features\9150b2552253a7c96230c4f7a5cdcc6e334755985c9b40db44a1233d2ed1962f_p1_basic_orb.npy","9150b2552253a7c96230c4f7a5cdcc6e334755985c9b40db44a1233d2ed1962f_p1_basic_orb.npy",".npy","57728","0.0551","2026-06-29T17:01:48","2026-05-27T08:49:15","BACKUP"
"RUNTIME","D:\halal_web_runtime","D:\halal_web_runtime\_onedrive_backup_archive\output.__onedrive_backup_20260629_144030\cert_template\features\9150b2552253a7c96230c4f7a5cdcc6e334755985c9b40db44a1233d2ed1962f_p1_enhanced_orb.npy","_onedrive_backup_archive\output.__onedrive_backup_20260629_144030\cert_template\features\9150b2552253a7c96230c4f7a5cdcc6e334755985c9b40db44a1233d2ed1962f_p1_enhanced_orb.npy","9150b2552253a7c96230c4f7a5cdcc6e334755985c9b40db44a1233d2ed1962f_p1_enhanced_orb.npy",".npy","57728","0.0551","2026-06-29T17:01:48","2026-05-27T08:49:16","BACKUP"
"RUNTIME","D:\halal_web_runtime","D:\halal_web_runtime\_onedrive_backup_archive\output.__onedrive_backup_20260629_144030\cert_template\features\925ea24bf2c9235ce168991e6b2cd1ae0a13bf1c7e37e0c68eb3feaa3ff87180_p1_basic_orb.npy","_onedrive_backup_archive\output.__onedrive_backup_20260629_144030\cert_template\features\925ea24bf2c9235ce168991e6b2cd1ae0a13bf1c7e37e0c68eb3feaa3ff87180_p1_basic_orb.npy","925ea24bf2c9235ce168991e6b2cd1ae0a13bf1c7e37e0c68eb3feaa3ff87180_p1_basic_orb.npy",".npy","57728","0.0551","2026-06-29T17:01:48","2026-05-27T08:49:00","BACKUP"
"RUNTIME","D:\halal_web_runtime","D:\halal_web_runtime\_onedrive_backup_archive\output.__onedrive_backup_20260629_144030\cert_template\features\925ea24bf2c9235ce168991e6b2cd1ae0a13bf1c7e37e0c68eb3feaa3ff87180_p1_enhanced_orb.npy","_onedrive_backup_archive\output.__onedrive_backup_20260629_144030\cert_template\features\925ea24bf2c9235ce168991e6b2cd1ae0a13bf1c7e37e0c68eb3feaa3ff87180_p1_enhanced_orb.npy","925ea24bf2c9235ce168991e6b2cd1ae0a13bf1c7e37e0c68eb3feaa3ff87180_p1_enhanced_orb.npy",".npy","57728","0.0551","2026-06-29T17:01:48","2026-05-27T08:49:01","BACKUP"
"RUNTIME","D:\halal_web_runtime","D:\halal_web_runtime\_onedrive_backup_archive\output.__onedrive_backup_20260629_144030\cert_template\features\94db281f3733d8eff9c3a122f54e5c41284da66021abe733c0d5fa02e54aa0dd_p1_basic_orb.npy","_onedrive_backup_archive\output.__onedrive_backup_20260629_144030\cert_template\features\94db281f3733d8eff9c3a122f54e5c41284da66021abe733c0d5fa02e54aa0dd_p1_basic_orb.npy","94db281f3733d8eff9c3a122f54e5c41284da66021abe733c0d5fa02e54aa0dd_p1_basic_orb.npy",".npy","57728","0.0551","2026-06-29T17:01:48","2026-05-27T08:49:24","BACKUP"
"RUNTIME","D:\halal_web_runtime","D:\halal_web_runtime\_onedrive_backup_archive\output.__onedrive_backup_20260629_144030\cert_template\features\94db281f3733d8eff9c3a122f54e5c41284da66021abe733c0d5fa02e54aa0dd_p1_enhanced_orb.npy","_onedrive_backup_archive\output.__onedrive_backup_20260629_144030\cert_template\features\94db281f3733d8eff9c3a122f54e5c41284da66021abe733c0d5fa02e54aa0dd_p1_enhanced_orb.npy","94db281f3733d8eff9c3a122f54e5c41284da66021abe733c0d5fa02e54aa0dd_p1_enhanced_orb.npy",".npy","57728","0.0551","2026-06-29T17:01:48","2026-05-27T08:49:24","BACKUP"
"RUNTIME","D:\halal_web_runtime","D:\halal_web_runtime\_onedrive_backup_archive\output.__onedrive_backup_20260629_144030\cert_template\features\967cb999bf4be5e0877dd1125b3e599a4fc3d7d7801a1f1ffdd0c58a80afa7d1_p1_basic_orb.npy","_onedrive_backup_archive\output.__onedrive_backup_20260629_144030\cert_template\features\967cb999bf4be5e0877dd1125b3e599a4fc3d7d7801a1f1ffdd0c58a80afa7d1_p1_basic_orb.npy","967cb999bf4be5e0877dd1125b3e599a4fc3d7d7801a1f1ffdd0c58a80afa7d1_p1_basic_orb.npy",".npy","57728","0.0551","2026-06-29T17:01:48","2026-05-27T08:50:59","BACKUP"
"RUNTIME","D:\halal_web_runtime","D:\halal_web_runtime\_onedrive_backup_archive\output.__onedrive_backup_20260629_144030\cert_template\features\967cb999bf4be5e0877dd1125b3e599a4fc3d7d7801a1f1ffdd0c58a80afa7d1_p1_enhanced_orb.npy","_onedrive_backup_archive\output.__onedrive_backup_20260629_144030\cert_template\features\967cb999bf4be5e0877dd1125b3e599a4fc3d7d7801a1f1ffdd0c58a80afa7d1_p1_enhanced_orb.npy","967cb999bf4be5e0877dd1125b3e599a4fc3d7d7801a1f1ffdd0c58a80afa7d1_p1_enhanced_orb.npy",".npy","57728","0.0551","2026-06-29T17:01:48","2026-05-27T08:51:00","BACKUP"
"RUNTIME","D:\halal_web_runtime","D:\halal_web_runtime\_onedrive_backup_archive\output.__onedrive_backup_20260629_144030\cert_template\features\967cb999bf4be5e0877dd1125b3e599a4fc3d7d7801a1f1ffdd0c58a80afa7d1_p2_basic_orb.npy","_onedrive_backup_archive\output.__onedrive_backup_20260629_144030\cert_template\features\967cb999bf4be5e0877dd1125b3e599a4fc3d7d7801a1f1ffdd0c58a80afa7d1_p2_basic_orb.npy","967cb999bf4be5e0877dd1125b3e599a4fc3d7d7801a1f1ffdd0c58a80afa7d1_p2_basic_orb.npy",".npy","57728","0.0551","2026-06-29T17:01:48","2026-05-27T08:50:59","BACKUP"
"RUNTIME","D:\halal_web_runtime","D:\halal_web_runtime\_onedrive_backup_archive\output.__onedrive_backup_20260629_144030\cert_template\features\967cb999bf4be5e0877dd1125b3e599a4fc3d7d7801a1f1ffdd0c58a80afa7d1_p2_enhanced_orb.npy","_onedrive_backup_archive\output.__onedrive_backup_20260629_144030\cert_template\features\967cb999bf4be5e0877dd1125b3e599a4fc3d7d7801a1f1ffdd0c58a80afa7d1_p2_enhanced_orb.npy","967cb999bf4be5e0877dd1125b3e599a4fc3d7d7801a1f1ffdd0c58a80afa7d1_p2_enhanced_orb.npy",".npy","57728","0.0551","2026-06-29T17:01:48","2026-05-27T08:51:00","BACKUP"
"RUNTIME","D:\halal_web_runtime","D:\halal_web_runtime\_onedrive_backup_archive\output.__onedrive_backup_20260629_144030\cert_template\features\97f7dcb4bb15bb612047b508802a5f70e492969ee16b4fc635bb6e911f9d54e5_p1_basic_orb.npy","_onedrive_backup_archive\output.__onedrive_backup_20260629_144030\cert_template\features\97f7dcb4bb15bb612047b508802a5f70e492969ee16b4fc635bb6e911f9d54e5_p1_basic_orb.npy","97f7dcb4bb15bb612047b508802a5f70e492969ee16b4fc635bb6e911f9d54e5_p1_basic_orb.npy",".npy","57728","0.0551","2026-06-29T17:01:48","2026-05-27T08:50:26","BACKUP"
"RUNTIME","D:\halal_web_runtime","D:\halal_web_runtime\_onedrive_backup_archive\output.__onedrive_backup_20260629_144030\cert_template\features\97f7dcb4bb15bb612047b508802a5f70e492969ee16b4fc635bb6e911f9d54e5_p1_enhanced_orb.npy","_onedrive_backup_archive\output.__onedrive_backup_20260629_144030\cert_template\features\97f7dcb4bb15bb612047b508802a5f70e492969ee16b4fc635bb6e911f9d54e5_p1_enhanced_orb.npy","97f7dcb4bb15bb612047b508802a5f70e492969ee16b4fc635bb6e911f9d54e5_p1_enhanced_orb.npy",".npy","57728","0.0551","2026-06-29T17:01:48","2026-05-27T08:50:26","BACKUP"
"RUNTIME","D:\halal_web_runtime","D:\halal_web_runtime\_onedrive_backup_archive\output.__onedrive_backup_20260629_144030\cert_template\features\9c2cdf88267c1ff80637d4ed630ade8d58dff1e6e12451b6645c6e5c58c42336_p1_basic_orb.npy","_onedrive_backup_archive\output.__onedrive_backup_20260629_144030\cert_template\features\9c2cdf88267c1ff80637d4ed630ade8d58dff1e6e12451b6645c6e5c58c42336_p1_basic_orb.npy","9c2cdf88267c1ff80637d4ed630ade8d58dff1e6e12451b6645c6e5c58c42336_p1_basic_orb.npy",".npy","57728","0.0551","2026-06-29T17:01:48","2026-05-27T08:49:43","BACKUP"
"RUNTIME","D:\halal_web_runtime","D:\halal_web_runtime\_onedrive_backup_archive\output.__onedrive_backup_20260629_144030\cert_template\features\9c2cdf88267c1ff80637d4ed630ade8d58dff1e6e12451b6645c6e5c58c42336_p1_enhanced_orb.npy","_onedrive_backup_archive\output.__onedrive_backup_20260629_144030\cert_template\features\9c2cdf88267c1ff80637d4ed630ade8d58dff1e6e12451b6645c6e5c58c42336_p1_enhanced_orb.npy","9c2cdf88267c1ff80637d4ed630ade8d58dff1e6e12451b6645c6e5c58c42336_p1_enhanced_orb.npy",".npy","57728","0.0551","2026-06-29T17:01:48","2026-05-27T08:49:45","BACKUP"
"RUNTIME","D:\halal_web_runtime","D:\halal_web_runtime\_onedrive_backup_archive\output.__onedrive_backup_20260629_144030\cert_template\features\9ea3594e330ead23de02e3c9f4252800b72047df8de11096a940a3313e9a52d3_p1_basic_orb.npy","_onedrive_backup_archive\output.__onedrive_backup_20260629_144030\cert_template\features\9ea3594e330ead23de02e3c9f4252800b72047df8de11096a940a3313e9a52d3_p1_basic_orb.npy","9ea3594e330ead23de02e3c9f4252800b72047df8de11096a940a3313e9a52d3_p1_basic_orb.npy",".npy","58048","0.0554","2026-06-29T17:01:48","2026-05-28T08:09:58","BACKUP"
"RUNTIME","D:\halal_web_runtime","D:\halal_web_runtime\_onedrive_backup_archive\output.__onedrive_backup_20260629_144030\cert_template\features\9f229e8a1c199fad66a24036d6525b0eccc6b14e6219df8553aea87e4553b1cc_p1_basic_orb.npy","_onedrive_backup_archive\output.__onedrive_backup_20260629_144030\cert_template\features\9f229e8a1c199fad66a24036d6525b0eccc6b14e6219df8553aea87e4553b1cc_p1_basic_orb.npy","9f229e8a1c199fad66a24036d6525b0eccc6b14e6219df8553aea87e4553b1cc_p1_basic_orb.npy",".npy","57728","0.0551","2026-06-29T17:01:48","2026-05-27T08:57:05","BACKUP"
"RUNTIME","D:\halal_web_runtime","D:\halal_web_runtime\_onedrive_backup_archive\output.__onedrive_backup_20260629_144030\cert_template\features\9f229e8a1c199fad66a24036d6525b0eccc6b14e6219df8553aea87e4553b1cc_p1_enhanced_orb.npy","_onedrive_backup_archive\output.__onedrive_backup_20260629_144030\cert_template\features\9f229e8a1c199fad66a24036d6525b0eccc6b14e6219df8553aea87e4553b1cc_p1_enhanced_orb.npy","9f229e8a1c199fad66a24036d6525b0eccc6b14e6219df8553aea87e4553b1cc_p1_enhanced_orb.npy",".npy","57728","0.0551","2026-06-29T17:01:48","2026-05-27T08:57:09","BACKUP"
"RUNTIME","D:\halal_web_runtime","D:\halal_web_runtime\_onedrive_backup_archive\output.__onedrive_backup_20260629_144030\cert_template\features\a3f2c5263aedba603c9edd33fc1da6b7676d8868619c6eccc10ba93704ac8683_p1_basic_orb.npy","_onedrive_backup_archive\output.__onedrive_backup_20260629_144030\cert_template\features\a3f2c5263aedba603c9edd33fc1da6b7676d8868619c6eccc10ba93704ac8683_p1_basic_orb.npy","a3f2c5263aedba603c9edd33fc1da6b7676d8868619c6eccc10ba93704ac8683_p1_basic_orb.npy",".npy","57728","0.0551","2026-06-29T17:01:48","2026-05-28T08:10:31","BACKUP"
"RUNTIME","D:\halal_web_runtime","D:\halal_web_runtime\_onedrive_backup_archive\output.__onedrive_backup_20260629_144030\cert_template\features\a3f2c5263aedba603c9edd33fc1da6b7676d8868619c6eccc10ba93704ac8683_p1_enhanced_orb.npy","_onedrive_backup_archive\output.__onedrive_backup_20260629_144030\cert_template\features\a3f2c5263aedba603c9edd33fc1da6b7676d8868619c6eccc10ba93704ac8683_p1_enhanced_orb.npy","a3f2c5263aedba603c9edd33fc1da6b7676d8868619c6eccc10ba93704ac8683_p1_enhanced_orb.npy",".npy","57728","0.0551","2026-06-29T17:01:48","2026-05-28T08:10:36","BACKUP"
"RUNTIME","D:\halal_web_runtime","D:\halal_web_runtime\_onedrive_backup_archive\output.__onedrive_backup_20260629_144030\cert_template\features\a48bf373f7a8ecb8b657e5de6cacdab962c1f60787ed437584bf1402d684e52d_p1_basic_orb.npy","_onedrive_backup_archive\output.__onedrive_backup_20260629_144030\cert_template\features\a48bf373f7a8ecb8b657e5de6cacdab962c1f60787ed437584bf1402d684e52d_p1_basic_orb.npy","a48bf373f7a8ecb8b657e5de6cacdab962c1f60787ed437584bf1402d684e52d_p1_basic_orb.npy",".npy","57728","0.0551","2026-06-29T17:01:48","2026-05-27T08:48:52","BACKUP"
"RUNTIME","D:\halal_web_runtime","D:\halal_web_runtime\_onedrive_backup_archive\output.__onedrive_backup_20260629_144030\cert_template\features\a48bf373f7a8ecb8b657e5de6cacdab962c1f60787ed437584bf1402d684e52d_p1_enhanced_orb.npy","_onedrive_backup_archive\output.__onedrive_backup_20260629_144030\cert_template\features\a48bf373f7a8ecb8b657e5de6cacdab962c1f60787ed437584bf1402d684e52d_p1_enhanced_orb.npy","a48bf373f7a8ecb8b657e5de6cacdab962c1f60787ed437584bf1402d684e52d_p1_enhanced_orb.npy",".npy","57728","0.0551","2026-06-29T17:01:48","2026-05-27T08:48:54","BACKUP"
"RUNTIME","D:\halal_web_runtime","D:\halal_web_runtime\_onedrive_backup_archive\output.__onedrive_backup_20260629_144030\cert_template\features\a48bf373f7a8ecb8b657e5de6cacdab962c1f60787ed437584bf1402d684e52d_p2_basic_orb.npy","_onedrive_backup_archive\output.__onedrive_backup_20260629_144030\cert_template\features\a48bf373f7a8ecb8b657e5de6cacdab962c1f60787ed437584bf1402d684e52d_p2_basic_orb.npy","a48bf373f7a8ecb8b657e5de6cacdab962c1f60787ed437584bf1402d684e52d_p2_basic_orb.npy",".npy","57728","0.0551","2026-06-29T17:01:48","2026-05-27T08:48:53","BACKUP"
"RUNTIME","D:\halal_web_runtime","D:\halal_web_runtime\_onedrive_backup_archive\output.__onedrive_backup_20260629_144030\cert_template\features\a48bf373f7a8ecb8b657e5de6cacdab962c1f60787ed437584bf1402d684e52d_p2_enhanced_orb.npy","_onedrive_backup_archive\output.__onedrive_backup_20260629_144030\cert_template\features\a48bf373f7a8ecb8b657e5de6cacdab962c1f60787ed437584bf1402d684e52d_p2_enhanced_orb.npy","a48bf373f7a8ecb8b657e5de6cacdab962c1f60787ed437584bf1402d684e52d_p2_enhanced_orb.npy",".npy","57728","0.0551","2026-06-29T17:01:48","2026-05-27T08:48:55","BACKUP"
"RUNTIME","D:\halal_web_runtime","D:\halal_web_runtime\_onedrive_backup_archive\output.__onedrive_backup_20260629_144030\cert_template\features\a4d2e90da6a10328f03f803caabe65285bb6aa5bb7b6bd63c507c8b3ea3aa84e_p1_basic_orb.npy","_onedrive_backup_archive\output.__onedrive_backup_20260629_144030\cert_template\features\a4d2e90da6a10328f03f803caabe65285bb6aa5bb7b6bd63c507c8b3ea3aa84e_p1_basic_orb.npy","a4d2e90da6a10328f03f803caabe65285bb6aa5bb7b6bd63c507c8b3ea3aa84e_p1_basic_orb.npy",".npy","57728","0.0551","2026-06-29T17:01:48","2026-05-27T08:50:17","BACKUP"
"RUNTIME","D:\halal_web_runtime","D:\halal_web_runtime\_onedrive_backup_archive\output.__onedrive_backup_20260629_144030\cert_template\features\a4d2e90da6a10328f03f803caabe65285bb6aa5bb7b6bd63c507c8b3ea3aa84e_p1_enhanced_orb.npy","_onedrive_backup_archive\output.__onedrive_backup_20260629_144030\cert_template\features\a4d2e90da6a10328f03f803caabe65285bb6aa5bb7b6bd63c507c8b3ea3aa84e_p1_enhanced_orb.npy","a4d2e90da6a10328f03f803caabe65285bb6aa5bb7b6bd63c507c8b3ea3aa84e_p1_enhanced_orb.npy",".npy","57728","0.0551","2026-06-29T17:01:48","2026-05-27T08:50:19","BACKUP"
"RUNTIME","D:\halal_web_runtime","D:\halal_web_runtime\_onedrive_backup_archive\output.__onedrive_backup_20260629_144030\cert_template\features\a4d2e90da6a10328f03f803caabe65285bb6aa5bb7b6bd63c507c8b3ea3aa84e_p2_basic_orb.npy","_onedrive_backup_archive\output.__onedrive_backup_20260629_144030\cert_template\features\a4d2e90da6a10328f03f803caabe65285bb6aa5bb7b6bd63c507c8b3ea3aa84e_p2_basic_orb.npy","a4d2e90da6a10328f03f803caabe65285bb6aa5bb7b6bd63c507c8b3ea3aa84e_p2_basic_orb.npy",".npy","57728","0.0551","2026-06-29T17:01:48","2026-05-27T08:50:18","BACKUP"
"RUNTIME","D:\halal_web_runtime","D:\halal_web_runtime\_onedrive_backup_archive\output.__onedrive_backup_20260629_144030\cert_template\features\a4d2e90da6a10328f03f803caabe65285bb6aa5bb7b6bd63c507c8b3ea3aa84e_p2_enhanced_orb.npy","_onedrive_backup_archive\output.__onedrive_backup_20260629_144030\cert_template\features\a4d2e90da6a10328f03f803caabe65285bb6aa5bb7b6bd63c507c8b3ea3aa84e_p2_enhanced_orb.npy","a4d2e90da6a10328f03f803caabe65285bb6aa5bb7b6bd63c507c8b3ea3aa84e_p2_enhanced_orb.npy",".npy","57728","0.0551","2026-06-29T17:01:48","2026-05-27T08:50:20","BACKUP"
"RUNTIME","D:\halal_web_runtime","D:\halal_web_runtime\_onedrive_backup_archive\output.__onedrive_backup_20260629_144030\cert_template\features\a65452b167b61aa18500eb985dc67df48c5cb0c4b8793814837c0761091b6747_p1_basic_orb.npy","_onedrive_backup_archive\output.__onedrive_backup_20260629_144030\cert_template\features\a65452b167b61aa18500eb985dc67df48c5cb0c4b8793814837c0761091b6747_p1_basic_orb.npy","a65452b167b61aa18500eb985dc67df48c5cb0c4b8793814837c0761091b6747_p1_basic_orb.npy",".npy","57728","0.0551","2026-06-29T17:01:48","2026-05-28T08:09:17","BACKUP"
"RUNTIME","D:\halal_web_runtime","D:\halal_web_runtime\_onedrive_backup_archive\output.__onedrive_backup_20260629_144030\cert_template\features\a65452b167b61aa18500eb985dc67df48c5cb0c4b8793814837c0761091b6747_p1_enhanced_orb.npy","_onedrive_backup_archive\output.__onedrive_backup_20260629_144030\cert_template\features\a65452b167b61aa18500eb985dc67df48c5cb0c4b8793814837c0761091b6747_p1_enhanced_orb.npy","a65452b167b61aa18500eb985dc67df48c5cb0c4b8793814837c0761091b6747_p1_enhanced_orb.npy",".npy","57728","0.0551","2026-06-29T17:01:48","2026-05-28T08:09:27","BACKUP"
"RUNTIME","D:\halal_web_runtime","D:\halal_web_runtime\_onedrive_backup_archive\output.__onedrive_backup_20260629_144030\cert_template\features\a6f9ad4b28104f59b7a4cc80d11be8a01a57c483e0eea75e65a751d0a45769fe_p1_basic_orb.npy","_onedrive_backup_archive\output.__onedrive_backup_20260629_144030\cert_template\features\a6f9ad4b28104f59b7a4cc80d11be8a01a57c483e0eea75e65a751d0a45769fe_p1_basic_orb.npy","a6f9ad4b28104f59b7a4cc80d11be8a01a57c483e0eea75e65a751d0a45769fe_p1_basic_orb.npy",".npy","57728","0.0551","2026-06-29T17:01:48","2026-05-27T08:50:04","BACKUP"
"RUNTIME","D:\halal_web_runtime","D:\halal_web_runtime\_onedrive_backup_archive\output.__onedrive_backup_20260629_144030\cert_template\features\a6f9ad4b28104f59b7a4cc80d11be8a01a57c483e0eea75e65a751d0a45769fe_p1_enhanced_orb.npy","_onedrive_backup_archive\output.__onedrive_backup_20260629_144030\cert_template\features\a6f9ad4b28104f59b7a4cc80d11be8a01a57c483e0eea75e65a751d0a45769fe_p1_enhanced_orb.npy","a6f9ad4b28104f59b7a4cc80d11be8a01a57c483e0eea75e65a751d0a45769fe_p1_enhanced_orb.npy",".npy","57728","0.0551","2026-06-29T17:01:48","2026-05-27T08:50:05","BACKUP"
"RUNTIME","D:\halal_web_runtime","D:\halal_web_runtime\_onedrive_backup_archive\output.__onedrive_backup_20260629_144030\cert_template\features\a6f9ad4b28104f59b7a4cc80d11be8a01a57c483e0eea75e65a751d0a45769fe_p2_basic_orb.npy","_onedrive_backup_archive\output.__onedrive_backup_20260629_144030\cert_template\features\a6f9ad4b28104f59b7a4cc80d11be8a01a57c483e0eea75e65a751d0a45769fe_p2_basic_orb.npy","a6f9ad4b28104f59b7a4cc80d11be8a01a57c483e0eea75e65a751d0a45769fe_p2_basic_orb.npy",".npy","57728","0.0551","2026-06-29T17:01:48","2026-05-27T08:50:04","BACKUP"
"RUNTIME","D:\halal_web_runtime","D:\halal_web_runtime\_onedrive_backup_archive\output.__onedrive_backup_20260629_144030\cert_template\features\a6f9ad4b28104f59b7a4cc80d11be8a01a57c483e0eea75e65a751d0a45769fe_p2_enhanced_orb.npy","_onedrive_backup_archive\output.__onedrive_backup_20260629_144030\cert_template\features\a6f9ad4b28104f59b7a4cc80d11be8a01a57c483e0eea75e65a751d0a45769fe_p2_enhanced_orb.npy","a6f9ad4b28104f59b7a4cc80d11be8a01a57c483e0eea75e65a751d0a45769fe_p2_enhanced_orb.npy",".npy","57728","0.0551","2026-06-29T17:01:48","2026-05-27T08:50:06","BACKUP"
"RUNTIME","D:\halal_web_runtime","D:\halal_web_runtime\_onedrive_backup_archive\output.__onedrive_backup_20260629_144030\cert_template\features\a79a17693a2b45d2635887c5dbb37ebb44b7307619df0a8c5f696b25a96329fe_p1_basic_orb.npy","_onedrive_backup_archive\output.__onedrive_backup_20260629_144030\cert_template\features\a79a17693a2b45d2635887c5dbb37ebb44b7307619df0a8c5f696b25a96329fe_p1_basic_orb.npy","a79a17693a2b45d2635887c5dbb37ebb44b7307619df0a8c5f696b25a96329fe_p1_basic_orb.npy",".npy","57728","0.0551","2026-06-29T17:01:48","2026-05-27T08:56:19","BACKUP"
"RUNTIME","D:\halal_web_runtime","D:\halal_web_runtime\_onedrive_backup_archive\output.__onedrive_backup_20260629_144030\cert_template\features\a7d030e9df8ae6e784c623fdac153e57d991c73c490330a163a2414c8b9bfa45_p1_basic_orb.npy","_onedrive_backup_archive\output.__onedrive_backup_20260629_144030\cert_template\features\a7d030e9df8ae6e784c623fdac153e57d991c73c490330a163a2414c8b9bfa45_p1_basic_orb.npy","a7d030e9df8ae6e784c623fdac153e57d991c73c490330a163a2414c8b9bfa45_p1_basic_orb.npy",".npy","57728","0.0551","2026-06-29T17:01:48","2026-05-27T08:48:59","BACKUP"
"RUNTIME","D:\halal_web_runtime","D:\halal_web_runtime\_onedrive_backup_archive\output.__onedrive_backup_20260629_144030\cert_template\features\a7d030e9df8ae6e784c623fdac153e57d991c73c490330a163a2414c8b9bfa45_p1_enhanced_orb.npy","_onedrive_backup_archive\output.__onedrive_backup_20260629_144030\cert_template\features\a7d030e9df8ae6e784c623fdac153e57d991c73c490330a163a2414c8b9bfa45_p1_enhanced_orb.npy","a7d030e9df8ae6e784c623fdac153e57d991c73c490330a163a2414c8b9bfa45_p1_enhanced_orb.npy",".npy","57728","0.0551","2026-06-29T17:01:48","2026-05-27T08:49:00","BACKUP"
"RUNTIME","D:\halal_web_runtime","D:\halal_web_runtime\_onedrive_backup_archive\output.__onedrive_backup_20260629_144030\cert_template\features\a9a7c595e7afc20a9862f92a26bf3e7877bfc999dd559c35f0238ad763fa463b_p1_basic_orb.npy","_onedrive_backup_archive\output.__onedrive_backup_20260629_144030\cert_template\features\a9a7c595e7afc20a9862f92a26bf3e7877bfc999dd559c35f0238ad763fa463b_p1_basic_orb.npy","a9a7c595e7afc20a9862f92a26bf3e7877bfc999dd559c35f0238ad763fa463b_p1_basic_orb.npy",".npy","57728","0.0551","2026-06-29T17:01:48","2026-05-27T08:50:14","BACKUP"
"RUNTIME","D:\halal_web_runtime","D:\halal_web_runtime\_onedrive_backup_archive\output.__onedrive_backup_20260629_144030\cert_template\features\a9a7c595e7afc20a9862f92a26bf3e7877bfc999dd559c35f0238ad763fa463b_p1_enhanced_orb.npy","_onedrive_backup_archive\output.__onedrive_backup_20260629_144030\cert_template\features\a9a7c595e7afc20a9862f92a26bf3e7877bfc999dd559c35f0238ad763fa463b_p1_enhanced_orb.npy","a9a7c595e7afc20a9862f92a26bf3e7877bfc999dd559c35f0238ad763fa463b_p1_enhanced_orb.npy",".npy","57728","0.0551","2026-06-29T17:01:48","2026-05-27T08:50:16","BACKUP"
"RUNTIME","D:\halal_web_runtime","D:\halal_web_runtime\_onedrive_backup_archive\output.__onedrive_backup_20260629_144030\cert_template\features\a9a7c595e7afc20a9862f92a26bf3e7877bfc999dd559c35f0238ad763fa463b_p2_basic_orb.npy","_onedrive_backup_archive\output.__onedrive_backup_20260629_144030\cert_template\features\a9a7c595e7afc20a9862f92a26bf3e7877bfc999dd559c35f0238ad763fa463b_p2_basic_orb.npy","a9a7c595e7afc20a9862f92a26bf3e7877bfc999dd559c35f0238ad763fa463b_p2_basic_orb.npy",".npy","57728","0.0551","2026-06-29T17:01:48","2026-05-27T08:50:14","BACKUP"
"RUNTIME","D:\halal_web_runtime","D:\halal_web_runtime\_onedrive_backup_archive\output.__onedrive_backup_20260629_144030\cert_template\features\a9a7c595e7afc20a9862f92a26bf3e7877bfc999dd559c35f0238ad763fa463b_p2_enhanced_orb.npy","_onedrive_backup_archive\output.__onedrive_backup_20260629_144030\cert_template\features\a9a7c595e7afc20a9862f92a26bf3e7877bfc999dd559c35f0238ad763fa463b_p2_enhanced_orb.npy","a9a7c595e7afc20a9862f92a26bf3e7877bfc999dd559c35f0238ad763fa463b_p2_enhanced_orb.npy",".npy","57760","0.0551","2026-06-29T17:01:48","2026-05-27T08:50:16","BACKUP"
"RUNTIME","D:\halal_web_runtime","D:\halal_web_runtime\_onedrive_backup_archive\output.__onedrive_backup_20260629_144030\cert_template\features\aae0661fe8e861f215cddc91fd3c049afc03d4d8740333bbc9dd259c14f2231a_p1_basic_orb.npy","_onedrive_backup_archive\output.__onedrive_backup_20260629_144030\cert_template\features\aae0661fe8e861f215cddc91fd3c049afc03d4d8740333bbc9dd259c14f2231a_p1_basic_orb.npy","aae0661fe8e861f215cddc91fd3c049afc03d4d8740333bbc9dd259c14f2231a_p1_basic_orb.npy",".npy","57856","0.0552","2026-06-29T17:01:48","2026-05-27T08:48:04","BACKUP"
"RUNTIME","D:\halal_web_runtime","D:\halal_web_runtime\_onedrive_backup_archive\output.__onedrive_backup_20260629_144030\cert_template\features\aae0661fe8e861f215cddc91fd3c049afc03d4d8740333bbc9dd259c14f2231a_p1_enhanced_orb.npy","_onedrive_backup_archive\output.__onedrive_backup_20260629_144030\cert_template\features\aae0661fe8e861f215cddc91fd3c049afc03d4d8740333bbc9dd259c14f2231a_p1_enhanced_orb.npy","aae0661fe8e861f215cddc91fd3c049afc03d4d8740333bbc9dd259c14f2231a_p1_enhanced_orb.npy",".npy","57728","0.0551","2026-06-29T17:01:48","2026-05-27T08:48:05","BACKUP"
"RUNTIME","D:\halal_web_runtime","D:\halal_web_runtime\_onedrive_backup_archive\output.__onedrive_backup_20260629_144030\cert_template\features\aae0661fe8e861f215cddc91fd3c049afc03d4d8740333bbc9dd259c14f2231a_p2_basic_orb.npy","_onedrive_backup_archive\output.__onedrive_backup_20260629_144030\cert_template\features\aae0661fe8e861f215cddc91fd3c049afc03d4d8740333bbc9dd259c14f2231a_p2_basic_orb.npy","aae0661fe8e861f215cddc91fd3c049afc03d4d8740333bbc9dd259c14f2231a_p2_basic_orb.npy",".npy","57728","0.0551","2026-06-29T17:01:48","2026-05-27T08:48:04","BACKUP"
"RUNTIME","D:\halal_web_runtime","D:\halal_web_runtime\_onedrive_backup_archive\output.__onedrive_backup_20260629_144030\cert_template\features\aae0661fe8e861f215cddc91fd3c049afc03d4d8740333bbc9dd259c14f2231a_p2_enhanced_orb.npy","_onedrive_backup_archive\output.__onedrive_backup_20260629_144030\cert_template\features\aae0661fe8e861f215cddc91fd3c049afc03d4d8740333bbc9dd259c14f2231a_p2_enhanced_orb.npy","aae0661fe8e861f215cddc91fd3c049afc03d4d8740333bbc9dd259c14f2231a_p2_enhanced_orb.npy",".npy","57728","0.0551","2026-06-29T17:01:48","2026-05-27T08:48:06","BACKUP"
"RUNTIME","D:\halal_web_runtime","D:\halal_web_runtime\_onedrive_backup_archive\output.__onedrive_backup_20260629_144030\cert_template\features\abde2d844f79762d4eee82539d2487c1c72d5c53e4f0e41aa26b06169101c78b_p1_basic_orb.npy","_onedrive_backup_archive\output.__onedrive_backup_20260629_144030\cert_template\features\abde2d844f79762d4eee82539d2487c1c72d5c53e4f0e41aa26b06169101c78b_p1_basic_orb.npy","abde2d844f79762d4eee82539d2487c1c72d5c53e4f0e41aa26b06169101c78b_p1_basic_orb.npy",".npy","57728","0.0551","2026-06-29T17:01:48","2026-05-27T08:57:13","BACKUP"
"RUNTIME","D:\halal_web_runtime","D:\halal_web_runtime\_onedrive_backup_archive\output.__onedrive_backup_20260629_144030\cert_template\features\acb3b95814fdd3a1d638fcc5b3cc080e014e8373ebd3e814539ac76f1c97a8e2_p1_basic_orb.npy","_onedrive_backup_archive\output.__onedrive_backup_20260629_144030\cert_template\features\acb3b95814fdd3a1d638fcc5b3cc080e014e8373ebd3e814539ac76f1c97a8e2_p1_basic_orb.npy","acb3b95814fdd3a1d638fcc5b3cc080e014e8373ebd3e814539ac76f1c97a8e2_p1_basic_orb.npy",".npy","57728","0.0551","2026-06-29T17:01:48","2026-05-27T08:56:45","BACKUP"
"RUNTIME","D:\halal_web_runtime","D:\halal_web_runtime\_onedrive_backup_archive\output.__onedrive_backup_20260629_144030\cert_template\features\ad29953bbd0eb4fb1cc1488e028ece047c9141c7d3a4dfb602495cc95af673fb_p1_basic_orb.npy","_onedrive_backup_archive\output.__onedrive_backup_20260629_144030\cert_template\features\ad29953bbd0eb4fb1cc1488e028ece047c9141c7d3a4dfb602495cc95af673fb_p1_basic_orb.npy","ad29953bbd0eb4fb1cc1488e028ece047c9141c7d3a4dfb602495cc95af673fb_p1_basic_orb.npy",".npy","57728","0.0551","2026-06-29T17:01:49","2026-05-27T08:50:59","BACKUP"
"RUNTIME","D:\halal_web_runtime","D:\halal_web_runtime\_onedrive_backup_archive\output.__onedrive_backup_20260629_144030\cert_template\features\ad29953bbd0eb4fb1cc1488e028ece047c9141c7d3a4dfb602495cc95af673fb_p1_enhanced_orb.npy","_onedrive_backup_archive\output.__onedrive_backup_20260629_144030\cert_template\features\ad29953bbd0eb4fb1cc1488e028ece047c9141c7d3a4dfb602495cc95af673fb_p1_enhanced_orb.npy","ad29953bbd0eb4fb1cc1488e028ece047c9141c7d3a4dfb602495cc95af673fb_p1_enhanced_orb.npy",".npy","57728","0.0551","2026-06-29T17:01:49","2026-05-27T08:50:59","BACKUP"
"RUNTIME","D:\halal_web_runtime","D:\halal_web_runtime\_onedrive_backup_archive\output.__onedrive_backup_20260629_144030\cert_template\features\af413935eaa76a4ff63db4174ba12d79fbe7ccca94c524f26a68e78fc7e69794_p1_basic_orb.npy","_onedrive_backup_archive\output.__onedrive_backup_20260629_144030\cert_template\features\af413935eaa76a4ff63db4174ba12d79fbe7ccca94c524f26a68e78fc7e69794_p1_basic_orb.npy","af413935eaa76a4ff63db4174ba12d79fbe7ccca94c524f26a68e78fc7e69794_p1_basic_orb.npy",".npy","57728","0.0551","2026-06-29T17:01:49","2026-05-27T08:49:53","BACKUP"
"RUNTIME","D:\halal_web_runtime","D:\halal_web_runtime\_onedrive_backup_archive\output.__onedrive_backup_20260629_144030\cert_template\features\af413935eaa76a4ff63db4174ba12d79fbe7ccca94c524f26a68e78fc7e69794_p1_enhanced_orb.npy","_onedrive_backup_archive\output.__onedrive_backup_20260629_144030\cert_template\features\af413935eaa76a4ff63db4174ba12d79fbe7ccca94c524f26a68e78fc7e69794_p1_enhanced_orb.npy","af413935eaa76a4ff63db4174ba12d79fbe7ccca94c524f26a68e78fc7e69794_p1_enhanced_orb.npy",".npy","57728","0.0551","2026-06-29T17:01:49","2026-05-27T08:49:55","BACKUP"
"RUNTIME","D:\halal_web_runtime","D:\halal_web_runtime\_onedrive_backup_archive\output.__onedrive_backup_20260629_144030\cert_template\features\af413935eaa76a4ff63db4174ba12d79fbe7ccca94c524f26a68e78fc7e69794_p2_basic_orb.npy","_onedrive_backup_archive\output.__onedrive_backup_20260629_144030\cert_template\features\af413935eaa76a4ff63db4174ba12d79fbe7ccca94c524f26a68e78fc7e69794_p2_basic_orb.npy","af413935eaa76a4ff63db4174ba12d79fbe7ccca94c524f26a68e78fc7e69794_p2_basic_orb.npy",".npy","57760","0.0551","2026-06-29T17:01:49","2026-05-27T08:49:53","BACKUP"
"RUNTIME","D:\halal_web_runtime","D:\halal_web_runtime\_onedrive_backup_archive\output.__onedrive_backup_20260629_144030\cert_template\features\af413935eaa76a4ff63db4174ba12d79fbe7ccca94c524f26a68e78fc7e69794_p2_enhanced_orb.npy","_onedrive_backup_archive\output.__onedrive_backup_20260629_144030\cert_template\features\af413935eaa76a4ff63db4174ba12d79fbe7ccca94c524f26a68e78fc7e69794_p2_enhanced_orb.npy","af413935eaa76a4ff63db4174ba12d79fbe7ccca94c524f26a68e78fc7e69794_p2_enhanced_orb.npy",".npy","57728","0.0551","2026-06-29T17:01:49","2026-05-27T08:49:55","BACKUP"
"RUNTIME","D:\halal_web_runtime","D:\halal_web_runtime\_onedrive_backup_archive\output.__onedrive_backup_20260629_144030\cert_template\features\b1741f7840b291c263dd22813c5959cb46fd6e3ee6168024f7d4744b34399bb5_p1_basic_orb.npy","_onedrive_backup_archive\output.__onedrive_backup_20260629_144030\cert_template\features\b1741f7840b291c263dd22813c5959cb46fd6e3ee6168024f7d4744b34399bb5_p1_basic_orb.npy","b1741f7840b291c263dd22813c5959cb46fd6e3ee6168024f7d4744b34399bb5_p1_basic_orb.npy",".npy","57728","0.0551","2026-06-29T17:01:49","2026-05-27T08:49:45","BACKUP"
"RUNTIME","D:\halal_web_runtime","D:\halal_web_runtime\_onedrive_backup_archive\output.__onedrive_backup_20260629_144030\cert_template\features\b1741f7840b291c263dd22813c5959cb46fd6e3ee6168024f7d4744b34399bb5_p1_enhanced_orb.npy","_onedrive_backup_archive\output.__onedrive_backup_20260629_144030\cert_template\features\b1741f7840b291c263dd22813c5959cb46fd6e3ee6168024f7d4744b34399bb5_p1_enhanced_orb.npy","b1741f7840b291c263dd22813c5959cb46fd6e3ee6168024f7d4744b34399bb5_p1_enhanced_orb.npy",".npy","57728","0.0551","2026-06-29T17:01:49","2026-05-27T08:49:46","BACKUP"
"RUNTIME","D:\halal_web_runtime","D:\halal_web_runtime\_onedrive_backup_archive\output.__onedrive_backup_20260629_144030\cert_template\features\b1ff96b4d3b906e090dbd6b2db766bb1f977e0e09107b93ad6bd87713efd68bb_p1_basic_orb.npy","_onedrive_backup_archive\output.__onedrive_backup_20260629_144030\cert_template\features\b1ff96b4d3b906e090dbd6b2db766bb1f977e0e09107b93ad6bd87713efd68bb_p1_basic_orb.npy","b1ff96b4d3b906e090dbd6b2db766bb1f977e0e09107b93ad6bd87713efd68bb_p1_basic_orb.npy",".npy","57728","0.0551","2026-06-29T17:01:49","2026-05-27T08:50:43","BACKUP"
"RUNTIME","D:\halal_web_runtime","D:\halal_web_runtime\_onedrive_backup_archive\output.__onedrive_backup_20260629_144030\cert_template\features\b1ff96b4d3b906e090dbd6b2db766bb1f977e0e09107b93ad6bd87713efd68bb_p1_enhanced_orb.npy","_onedrive_backup_archive\output.__onedrive_backup_20260629_144030\cert_template\features\b1ff96b4d3b906e090dbd6b2db766bb1f977e0e09107b93ad6bd87713efd68bb_p1_enhanced_orb.npy","b1ff96b4d3b906e090dbd6b2db766bb1f977e0e09107b93ad6bd87713efd68bb_p1_enhanced_orb.npy",".npy","57728","0.0551","2026-06-29T17:01:49","2026-05-27T08:50:44","BACKUP"
"RUNTIME","D:\halal_web_runtime","D:\halal_web_runtime\_onedrive_backup_archive\output.__onedrive_backup_20260629_144030\cert_template\features\b1ff96b4d3b906e090dbd6b2db766bb1f977e0e09107b93ad6bd87713efd68bb_p2_basic_orb.npy","_onedrive_backup_archive\output.__onedrive_backup_20260629_144030\cert_template\features\b1ff96b4d3b906e090dbd6b2db766bb1f977e0e09107b93ad6bd87713efd68bb_p2_basic_orb.npy","b1ff96b4d3b906e090dbd6b2db766bb1f977e0e09107b93ad6bd87713efd68bb_p2_basic_orb.npy",".npy","57728","0.0551","2026-06-29T17:01:49","2026-05-27T08:50:43","BACKUP"
"RUNTIME","D:\halal_web_runtime","D:\halal_web_runtime\_onedrive_backup_archive\output.__onedrive_backup_20260629_144030\cert_template\features\b1ff96b4d3b906e090dbd6b2db766bb1f977e0e09107b93ad6bd87713efd68bb_p2_enhanced_orb.npy","_onedrive_backup_archive\output.__onedrive_backup_20260629_144030\cert_template\features\b1ff96b4d3b906e090dbd6b2db766bb1f977e0e09107b93ad6bd87713efd68bb_p2_enhanced_orb.npy","b1ff96b4d3b906e090dbd6b2db766bb1f977e0e09107b93ad6bd87713efd68bb_p2_enhanced_orb.npy",".npy","57760","0.0551","2026-06-29T17:01:49","2026-05-27T08:50:44","BACKUP"
"RUNTIME","D:\halal_web_runtime","D:\halal_web_runtime\_onedrive_backup_archive\output.__onedrive_backup_20260629_144030\cert_template\features\b64e216f24ed48311608c1f41e708eba8489f1aac84673e17bb363f01215e984_p1_basic_orb.npy","_onedrive_backup_archive\output.__onedrive_backup_20260629_144030\cert_template\features\b64e216f24ed48311608c1f41e708eba8489f1aac84673e17bb363f01215e984_p1_basic_orb.npy","b64e216f24ed48311608c1f41e708eba8489f1aac84673e17bb363f01215e984_p1_basic_orb.npy",".npy","57728","0.0551","2026-06-29T17:01:49","2026-05-27T08:48:13","BACKUP"
"RUNTIME","D:\halal_web_runtime","D:\halal_web_runtime\_onedrive_backup_archive\output.__onedrive_backup_20260629_144030\cert_template\features\b64e216f24ed48311608c1f41e708eba8489f1aac84673e17bb363f01215e984_p1_enhanced_orb.npy","_onedrive_backup_archive\output.__onedrive_backup_20260629_144030\cert_template\features\b64e216f24ed48311608c1f41e708eba8489f1aac84673e17bb363f01215e984_p1_enhanced_orb.npy","b64e216f24ed48311608c1f41e708eba8489f1aac84673e17bb363f01215e984_p1_enhanced_orb.npy",".npy","57728","0.0551","2026-06-29T17:01:49","2026-05-27T08:48:15","BACKUP"
"RUNTIME","D:\halal_web_runtime","D:\halal_web_runtime\_onedrive_backup_archive\output.__onedrive_backup_20260629_144030\cert_template\features\b64e216f24ed48311608c1f41e708eba8489f1aac84673e17bb363f01215e984_p2_basic_orb.npy","_onedrive_backup_archive\output.__onedrive_backup_20260629_144030\cert_template\features\b64e216f24ed48311608c1f41e708eba8489f1aac84673e17bb363f01215e984_p2_basic_orb.npy","b64e216f24ed48311608c1f41e708eba8489f1aac84673e17bb363f01215e984_p2_basic_orb.npy",".npy","57728","0.0551","2026-06-29T17:01:49","2026-05-27T08:48:13","BACKUP"
"RUNTIME","D:\halal_web_runtime","D:\halal_web_runtime\_onedrive_backup_archive\output.__onedrive_backup_20260629_144030\cert_template\features\b64e216f24ed48311608c1f41e708eba8489f1aac84673e17bb363f01215e984_p2_enhanced_orb.npy","_onedrive_backup_archive\output.__onedrive_backup_20260629_144030\cert_template\features\b64e216f24ed48311608c1f41e708eba8489f1aac84673e17bb363f01215e984_p2_enhanced_orb.npy","b64e216f24ed48311608c1f41e708eba8489f1aac84673e17bb363f01215e984_p2_enhanced_orb.npy",".npy","57728","0.0551","2026-06-29T17:01:49","2026-05-27T08:48:16","BACKUP"
"RUNTIME","D:\halal_web_runtime","D:\halal_web_runtime\_onedrive_backup_archive\output.__onedrive_backup_20260629_144030\cert_template\features\b7361f53b6e7cbe70ff57a15fda8fe0fd980a36a19a56e2589eadb7506ea7051_p1_basic_orb.npy","_onedrive_backup_archive\output.__onedrive_backup_20260629_144030\cert_template\features\b7361f53b6e7cbe70ff57a15fda8fe0fd980a36a19a56e2589eadb7506ea7051_p1_basic_orb.npy","b7361f53b6e7cbe70ff57a15fda8fe0fd980a36a19a56e2589eadb7506ea7051_p1_basic_orb.npy",".npy","57728","0.0551","2026-06-29T17:01:49","2026-05-27T08:48:19","BACKUP"
"RUNTIME","D:\halal_web_runtime","D:\halal_web_runtime\_onedrive_backup_archive\output.__onedrive_backup_20260629_144030\cert_template\features\b7361f53b6e7cbe70ff57a15fda8fe0fd980a36a19a56e2589eadb7506ea7051_p1_enhanced_orb.npy","_onedrive_backup_archive\output.__onedrive_backup_20260629_144030\cert_template\features\b7361f53b6e7cbe70ff57a15fda8fe0fd980a36a19a56e2589eadb7506ea7051_p1_enhanced_orb.npy","b7361f53b6e7cbe70ff57a15fda8fe0fd980a36a19a56e2589eadb7506ea7051_p1_enhanced_orb.npy",".npy","57728","0.0551","2026-06-29T17:01:49","2026-05-27T08:48:21","BACKUP"
"RUNTIME","D:\halal_web_runtime","D:\halal_web_runtime\_onedrive_backup_archive\output.__onedrive_backup_20260629_144030\cert_template\features\b7361f53b6e7cbe70ff57a15fda8fe0fd980a36a19a56e2589eadb7506ea7051_p2_basic_orb.npy","_onedrive_backup_archive\output.__onedrive_backup_20260629_144030\cert_template\features\b7361f53b6e7cbe70ff57a15fda8fe0fd980a36a19a56e2589eadb7506ea7051_p2_basic_orb.npy","b7361f53b6e7cbe70ff57a15fda8fe0fd980a36a19a56e2589eadb7506ea7051_p2_basic_orb.npy",".npy","57728","0.0551","2026-06-29T17:01:49","2026-05-27T08:48:19","BACKUP"
"RUNTIME","D:\halal_web_runtime","D:\halal_web_runtime\_onedrive_backup_archive\output.__onedrive_backup_20260629_144030\cert_template\features\b7361f53b6e7cbe70ff57a15fda8fe0fd980a36a19a56e2589eadb7506ea7051_p2_enhanced_orb.npy","_onedrive_backup_archive\output.__onedrive_backup_20260629_144030\cert_template\features\b7361f53b6e7cbe70ff57a15fda8fe0fd980a36a19a56e2589eadb7506ea7051_p2_enhanced_orb.npy","b7361f53b6e7cbe70ff57a15fda8fe0fd980a36a19a56e2589eadb7506ea7051_p2_enhanced_orb.npy",".npy","57728","0.0551","2026-06-29T17:01:49","2026-05-27T08:48:22","BACKUP"
"RUNTIME","D:\halal_web_runtime","D:\halal_web_runtime\_onedrive_backup_archive\output.__onedrive_backup_20260629_144030\cert_template\features\b8ebd14d3665c1ec4f645ef5e7fb2c544a86496c011cab8aa51b98b95dee4004_p1_basic_orb.npy","_onedrive_backup_archive\output.__onedrive_backup_20260629_144030\cert_template\features\b8ebd14d3665c1ec4f645ef5e7fb2c544a86496c011cab8aa51b98b95dee4004_p1_basic_orb.npy","b8ebd14d3665c1ec4f645ef5e7fb2c544a86496c011cab8aa51b98b95dee4004_p1_basic_orb.npy",".npy","57728","0.0551","2026-06-29T17:01:49","2026-06-03T09:13:18","BACKUP"
"RUNTIME","D:\halal_web_runtime","D:\halal_web_runtime\_onedrive_backup_archive\output.__onedrive_backup_20260629_144030\cert_template\features\b93fc8b6c1e15cfe19f522efd5a32ab2bf9d79ed0966808bae40743f8566f059_p1_basic_orb.npy","_onedrive_backup_archive\output.__onedrive_backup_20260629_144030\cert_template\features\b93fc8b6c1e15cfe19f522efd5a32ab2bf9d79ed0966808bae40743f8566f059_p1_basic_orb.npy","b93fc8b6c1e15cfe19f522efd5a32ab2bf9d79ed0966808bae40743f8566f059_p1_basic_orb.npy",".npy","57728","0.0551","2026-06-29T17:01:49","2026-05-27T08:49:02","BACKUP"
"RUNTIME","D:\halal_web_runtime","D:\halal_web_runtime\_onedrive_backup_archive\output.__onedrive_backup_20260629_144030\cert_template\features\b93fc8b6c1e15cfe19f522efd5a32ab2bf9d79ed0966808bae40743f8566f059_p1_enhanced_orb.npy","_onedrive_backup_archive\output.__onedrive_backup_20260629_144030\cert_template\features\b93fc8b6c1e15cfe19f522efd5a32ab2bf9d79ed0966808bae40743f8566f059_p1_enhanced_orb.npy","b93fc8b6c1e15cfe19f522efd5a32ab2bf9d79ed0966808bae40743f8566f059_p1_enhanced_orb.npy",".npy","57728","0.0551","2026-06-29T17:01:49","2026-05-27T08:49:02","BACKUP"
"RUNTIME","D:\halal_web_runtime","D:\halal_web_runtime\_onedrive_backup_archive\output.__onedrive_backup_20260629_144030\cert_template\features\b94786a4fa0d352e639cb712e6a1628d3931f624c4a52a95e6c9efa2a9e4c23c_p1_basic_orb.npy","_onedrive_backup_archive\output.__onedrive_backup_20260629_144030\cert_template\features\b94786a4fa0d352e639cb712e6a1628d3931f624c4a52a95e6c9efa2a9e4c23c_p1_basic_orb.npy","b94786a4fa0d352e639cb712e6a1628d3931f624c4a52a95e6c9efa2a9e4c23c_p1_basic_orb.npy",".npy","57728","0.0551","2026-06-29T17:01:49","2026-05-27T08:49:35","BACKUP"
"RUNTIME","D:\halal_web_runtime","D:\halal_web_runtime\_onedrive_backup_archive\output.__onedrive_backup_20260629_144030\cert_template\features\b94786a4fa0d352e639cb712e6a1628d3931f624c4a52a95e6c9efa2a9e4c23c_p1_enhanced_orb.npy","_onedrive_backup_archive\output.__onedrive_backup_20260629_144030\cert_template\features\b94786a4fa0d352e639cb712e6a1628d3931f624c4a52a95e6c9efa2a9e4c23c_p1_enhanced_orb.npy","b94786a4fa0d352e639cb712e6a1628d3931f624c4a52a95e6c9efa2a9e4c23c_p1_enhanced_orb.npy",".npy","57728","0.0551","2026-06-29T17:01:49","2026-05-27T08:49:36","BACKUP"
"RUNTIME","D:\halal_web_runtime","D:\halal_web_runtime\_onedrive_backup_archive\output.__onedrive_backup_20260629_144030\cert_template\features\baf62dfe0f173e2afd62f931a52f07f68ffacf1e791277d89114dd0654eba772_p1_basic_orb.npy","_onedrive_backup_archive\output.__onedrive_backup_20260629_144030\cert_template\features\baf62dfe0f173e2afd62f931a52f07f68ffacf1e791277d89114dd0654eba772_p1_basic_orb.npy","baf62dfe0f173e2afd62f931a52f07f68ffacf1e791277d89114dd0654eba772_p1_basic_orb.npy",".npy","57728","0.0551","2026-06-29T17:01:49","2026-05-27T08:49:37","BACKUP"
"RUNTIME","D:\halal_web_runtime","D:\halal_web_runtime\_onedrive_backup_archive\output.__onedrive_backup_20260629_144030\cert_template\features\baf62dfe0f173e2afd62f931a52f07f68ffacf1e791277d89114dd0654eba772_p1_enhanced_orb.npy","_onedrive_backup_archive\output.__onedrive_backup_20260629_144030\cert_template\features\baf62dfe0f173e2afd62f931a52f07f68ffacf1e791277d89114dd0654eba772_p1_enhanced_orb.npy","baf62dfe0f173e2afd62f931a52f07f68ffacf1e791277d89114dd0654eba772_p1_enhanced_orb.npy",".npy","57728","0.0551","2026-06-29T17:01:49","2026-05-27T08:49:38","BACKUP"
"RUNTIME","D:\halal_web_runtime","D:\halal_web_runtime\_onedrive_backup_archive\output.__onedrive_backup_20260629_144030\cert_template\features\bb9ff20c61b778864bd6a48481a0ba19bc4f23d5993b2f00e31cb9590053bad9_p1_basic_orb.npy","_onedrive_backup_archive\output.__onedrive_backup_20260629_144030\cert_template\features\bb9ff20c61b778864bd6a48481a0ba19bc4f23d5993b2f00e31cb9590053bad9_p1_basic_orb.npy","bb9ff20c61b778864bd6a48481a0ba19bc4f23d5993b2f00e31cb9590053bad9_p1_basic_orb.npy",".npy","57728","0.0551","2026-06-29T17:01:49","2026-05-27T08:48:02","BACKUP"
"RUNTIME","D:\halal_web_runtime","D:\halal_web_runtime\_onedrive_backup_archive\output.__onedrive_backup_20260629_144030\cert_template\features\bb9ff20c61b778864bd6a48481a0ba19bc4f23d5993b2f00e31cb9590053bad9_p1_enhanced_orb.npy","_onedrive_backup_archive\output.__onedrive_backup_20260629_144030\cert_template\features\bb9ff20c61b778864bd6a48481a0ba19bc4f23d5993b2f00e31cb9590053bad9_p1_enhanced_orb.npy","bb9ff20c61b778864bd6a48481a0ba19bc4f23d5993b2f00e31cb9590053bad9_p1_enhanced_orb.npy",".npy","57728","0.0551","2026-06-29T17:01:49","2026-05-27T08:48:03","BACKUP"
"RUNTIME","D:\halal_web_runtime","D:\halal_web_runtime\_onedrive_backup_archive\output.__onedrive_backup_20260629_144030\cert_template\features\bb9ff20c61b778864bd6a48481a0ba19bc4f23d5993b2f00e31cb9590053bad9_p2_basic_orb.npy","_onedrive_backup_archive\output.__onedrive_backup_20260629_144030\cert_template\features\bb9ff20c61b778864bd6a48481a0ba19bc4f23d5993b2f00e31cb9590053bad9_p2_basic_orb.npy","bb9ff20c61b778864bd6a48481a0ba19bc4f23d5993b2f00e31cb9590053bad9_p2_basic_orb.npy",".npy","57728","0.0551","2026-06-29T17:01:49","2026-05-27T08:48:02","BACKUP"
"RUNTIME","D:\halal_web_runtime","D:\halal_web_runtime\_onedrive_backup_archive\output.__onedrive_backup_20260629_144030\cert_template\features\bb9ff20c61b778864bd6a48481a0ba19bc4f23d5993b2f00e31cb9590053bad9_p2_enhanced_orb.npy","_onedrive_backup_archive\output.__onedrive_backup_20260629_144030\cert_template\features\bb9ff20c61b778864bd6a48481a0ba19bc4f23d5993b2f00e31cb9590053bad9_p2_enhanced_orb.npy","bb9ff20c61b778864bd6a48481a0ba19bc4f23d5993b2f00e31cb9590053bad9_p2_enhanced_orb.npy",".npy","57728","0.0551","2026-06-29T17:01:49","2026-05-27T08:48:04","BACKUP"
"RUNTIME","D:\halal_web_runtime","D:\halal_web_runtime\_onedrive_backup_archive\output.__onedrive_backup_20260629_144030\cert_template\features\bea412dc7886cc254d25220595ab2b0dff0a938e91a9cfae6f1e6be896883d93_p1_basic_orb.npy","_onedrive_backup_archive\output.__onedrive_backup_20260629_144030\cert_template\features\bea412dc7886cc254d25220595ab2b0dff0a938e91a9cfae6f1e6be896883d93_p1_basic_orb.npy","bea412dc7886cc254d25220595ab2b0dff0a938e91a9cfae6f1e6be896883d93_p1_basic_orb.npy",".npy","57728","0.0551","2026-06-29T17:01:49","2026-05-27T08:48:31","BACKUP"
"RUNTIME","D:\halal_web_runtime","D:\halal_web_runtime\_onedrive_backup_archive\output.__onedrive_backup_20260629_144030\cert_template\features\bea412dc7886cc254d25220595ab2b0dff0a938e91a9cfae6f1e6be896883d93_p1_enhanced_orb.npy","_onedrive_backup_archive\output.__onedrive_backup_20260629_144030\cert_template\features\bea412dc7886cc254d25220595ab2b0dff0a938e91a9cfae6f1e6be896883d93_p1_enhanced_orb.npy","bea412dc7886cc254d25220595ab2b0dff0a938e91a9cfae6f1e6be896883d93_p1_enhanced_orb.npy",".npy","57728","0.0551","2026-06-29T17:01:49","2026-05-27T08:48:32","BACKUP"
"RUNTIME","D:\halal_web_runtime","D:\halal_web_runtime\_onedrive_backup_archive\output.__onedrive_backup_20260629_144030\cert_template\features\c5cd2d41b9499ea393dfbdfaccbadded2554d2e921d0922db8fcce66931f7f80_p1_basic_orb.npy","_onedrive_backup_archive\output.__onedrive_backup_20260629_144030\cert_template\features\c5cd2d41b9499ea393dfbdfaccbadded2554d2e921d0922db8fcce66931f7f80_p1_basic_orb.npy","c5cd2d41b9499ea393dfbdfaccbadded2554d2e921d0922db8fcce66931f7f80_p1_basic_orb.npy",".npy","57728","0.0551","2026-06-29T17:01:49","2026-05-27T08:48:24","BACKUP"
"RUNTIME","D:\halal_web_runtime","D:\halal_web_runtime\_onedrive_backup_archive\output.__onedrive_backup_20260629_144030\cert_template\features\c5cd2d41b9499ea393dfbdfaccbadded2554d2e921d0922db8fcce66931f7f80_p1_enhanced_orb.npy","_onedrive_backup_archive\output.__onedrive_backup_20260629_144030\cert_template\features\c5cd2d41b9499ea393dfbdfaccbadded2554d2e921d0922db8fcce66931f7f80_p1_enhanced_orb.npy","c5cd2d41b9499ea393dfbdfaccbadded2554d2e921d0922db8fcce66931f7f80_p1_enhanced_orb.npy",".npy","57728","0.0551","2026-06-29T17:01:49","2026-05-27T08:48:26","BACKUP"
"RUNTIME","D:\halal_web_runtime","D:\halal_web_runtime\_onedrive_backup_archive\output.__onedrive_backup_20260629_144030\cert_template\features\c5cd2d41b9499ea393dfbdfaccbadded2554d2e921d0922db8fcce66931f7f80_p2_basic_orb.npy","_onedrive_backup_archive\output.__onedrive_backup_20260629_144030\cert_template\features\c5cd2d41b9499ea393dfbdfaccbadded2554d2e921d0922db8fcce66931f7f80_p2_basic_orb.npy","c5cd2d41b9499ea393dfbdfaccbadded2554d2e921d0922db8fcce66931f7f80_p2_basic_orb.npy",".npy","57728","0.0551","2026-06-29T17:01:49","2026-05-27T08:48:24","BACKUP"
"RUNTIME","D:\halal_web_runtime","D:\halal_web_runtime\_onedrive_backup_archive\output.__onedrive_backup_20260629_144030\cert_template\features\c5cd2d41b9499ea393dfbdfaccbadded2554d2e921d0922db8fcce66931f7f80_p2_enhanced_orb.npy","_onedrive_backup_archive\output.__onedrive_backup_20260629_144030\cert_template\features\c5cd2d41b9499ea393dfbdfaccbadded2554d2e921d0922db8fcce66931f7f80_p2_enhanced_orb.npy","c5cd2d41b9499ea393dfbdfaccbadded2554d2e921d0922db8fcce66931f7f80_p2_enhanced_orb.npy",".npy","57728","0.0551","2026-06-29T17:01:49","2026-05-27T08:48:26","BACKUP"
"RUNTIME","D:\halal_web_runtime","D:\halal_web_runtime\_onedrive_backup_archive\output.__onedrive_backup_20260629_144030\cert_template\features\c5dc373a92bda4bc03b96a3a6cc33fc04be1d081538b563dc7d2df7ac62ad29c_p1_basic_orb.npy","_onedrive_backup_archive\output.__onedrive_backup_20260629_144030\cert_template\features\c5dc373a92bda4bc03b96a3a6cc33fc04be1d081538b563dc7d2df7ac62ad29c_p1_basic_orb.npy","c5dc373a92bda4bc03b96a3a6cc33fc04be1d081538b563dc7d2df7ac62ad29c_p1_basic_orb.npy",".npy","57728","0.0551","2026-06-29T17:01:49","2026-05-27T08:49:03","BACKUP"
"RUNTIME","D:\halal_web_runtime","D:\halal_web_runtime\_onedrive_backup_archive\output.__onedrive_backup_20260629_144030\cert_template\features\c5dc373a92bda4bc03b96a3a6cc33fc04be1d081538b563dc7d2df7ac62ad29c_p1_enhanced_orb.npy","_onedrive_backup_archive\output.__onedrive_backup_20260629_144030\cert_template\features\c5dc373a92bda4bc03b96a3a6cc33fc04be1d081538b563dc7d2df7ac62ad29c_p1_enhanced_orb.npy","c5dc373a92bda4bc03b96a3a6cc33fc04be1d081538b563dc7d2df7ac62ad29c_p1_enhanced_orb.npy",".npy","57728","0.0551","2026-06-29T17:01:49","2026-05-27T08:49:04","BACKUP"
"RUNTIME","D:\halal_web_runtime","D:\halal_web_runtime\_onedrive_backup_archive\output.__onedrive_backup_20260629_144030\cert_template\features\c62f44a2e455cd466f85d01e5538ae451b5b5a1e00b77e62e9d584f7d1bf4767_p1_basic_orb.npy","_onedrive_backup_archive\output.__onedrive_backup_20260629_144030\cert_template\features\c62f44a2e455cd466f85d01e5538ae451b5b5a1e00b77e62e9d584f7d1bf4767_p1_basic_orb.npy","c62f44a2e455cd466f85d01e5538ae451b5b5a1e00b77e62e9d584f7d1bf4767_p1_basic_orb.npy",".npy","57728","0.0551","2026-06-29T17:01:49","2026-05-27T08:51:04","BACKUP"
"RUNTIME","D:\halal_web_runtime","D:\halal_web_runtime\_onedrive_backup_archive\output.__onedrive_backup_20260629_144030\cert_template\features\c62f44a2e455cd466f85d01e5538ae451b5b5a1e00b77e62e9d584f7d1bf4767_p1_enhanced_orb.npy","_onedrive_backup_archive\output.__onedrive_backup_20260629_144030\cert_template\features\c62f44a2e455cd466f85d01e5538ae451b5b5a1e00b77e62e9d584f7d1bf4767_p1_enhanced_orb.npy","c62f44a2e455cd466f85d01e5538ae451b5b5a1e00b77e62e9d584f7d1bf4767_p1_enhanced_orb.npy",".npy","57728","0.0551","2026-06-29T17:01:49","2026-05-27T08:51:04","BACKUP"
"RUNTIME","D:\halal_web_runtime","D:\halal_web_runtime\_onedrive_backup_archive\output.__onedrive_backup_20260629_144030\cert_template\features\c715c4ee182d1afb6f656b38d448d74ec53a0d7d6d49883f305a0f2cd86443ba_p1_basic_orb.npy","_onedrive_backup_archive\output.__onedrive_backup_20260629_144030\cert_template\features\c715c4ee182d1afb6f656b38d448d74ec53a0d7d6d49883f305a0f2cd86443ba_p1_basic_orb.npy","c715c4ee182d1afb6f656b38d448d74ec53a0d7d6d49883f305a0f2cd86443ba_p1_basic_orb.npy",".npy","57728","0.0551","2026-06-29T17:01:49","2026-05-27T08:48:42","BACKUP"
"RUNTIME","D:\halal_web_runtime","D:\halal_web_runtime\_onedrive_backup_archive\output.__onedrive_backup_20260629_144030\cert_template\features\c715c4ee182d1afb6f656b38d448d74ec53a0d7d6d49883f305a0f2cd86443ba_p1_enhanced_orb.npy","_onedrive_backup_archive\output.__onedrive_backup_20260629_144030\cert_template\features\c715c4ee182d1afb6f656b38d448d74ec53a0d7d6d49883f305a0f2cd86443ba_p1_enhanced_orb.npy","c715c4ee182d1afb6f656b38d448d74ec53a0d7d6d49883f305a0f2cd86443ba_p1_enhanced_orb.npy",".npy","57728","0.0551","2026-06-29T17:01:49","2026-05-27T08:48:43","BACKUP"
"RUNTIME","D:\halal_web_runtime","D:\halal_web_runtime\_onedrive_backup_archive\output.__onedrive_backup_20260629_144030\cert_template\features\c87bd0dfb24d5264105d0831e570a70724f95e7384d38dbc1df1a215b11ca7b9_p1_basic_orb.npy","_onedrive_backup_archive\output.__onedrive_backup_20260629_144030\cert_template\features\c87bd0dfb24d5264105d0831e570a70724f95e7384d38dbc1df1a215b11ca7b9_p1_basic_orb.npy","c87bd0dfb24d5264105d0831e570a70724f95e7384d38dbc1df1a215b11ca7b9_p1_basic_orb.npy",".npy","57728","0.0551","2026-06-29T17:01:49","2026-05-27T08:50:31","BACKUP"
"RUNTIME","D:\halal_web_runtime","D:\halal_web_runtime\_onedrive_backup_archive\output.__onedrive_backup_20260629_144030\cert_template\features\c87bd0dfb24d5264105d0831e570a70724f95e7384d38dbc1df1a215b11ca7b9_p1_enhanced_orb.npy","_onedrive_backup_archive\output.__onedrive_backup_20260629_144030\cert_template\features\c87bd0dfb24d5264105d0831e570a70724f95e7384d38dbc1df1a215b11ca7b9_p1_enhanced_orb.npy","c87bd0dfb24d5264105d0831e570a70724f95e7384d38dbc1df1a215b11ca7b9_p1_enhanced_orb.npy",".npy","57728","0.0551","2026-06-29T17:01:49","2026-05-27T08:50:31","BACKUP"
"RUNTIME","D:\halal_web_runtime","D:\halal_web_runtime\_onedrive_backup_archive\output.__onedrive_backup_20260629_144030\cert_template\features\c8f3133fc1c60512d3a522a7de5325585b214ba6879c2ac5bded6ae834d2c076_p1_basic_orb.npy","_onedrive_backup_archive\output.__onedrive_backup_20260629_144030\cert_template\features\c8f3133fc1c60512d3a522a7de5325585b214ba6879c2ac5bded6ae834d2c076_p1_basic_orb.npy","c8f3133fc1c60512d3a522a7de5325585b214ba6879c2ac5bded6ae834d2c076_p1_basic_orb.npy",".npy","57728","0.0551","2026-06-29T17:01:49","2026-05-28T08:08:23","BACKUP"
"RUNTIME","D:\halal_web_runtime","D:\halal_web_runtime\_onedrive_backup_archive\output.__onedrive_backup_20260629_144030\cert_template\features\c8f3133fc1c60512d3a522a7de5325585b214ba6879c2ac5bded6ae834d2c076_p1_enhanced_orb.npy","_onedrive_backup_archive\output.__onedrive_backup_20260629_144030\cert_template\features\c8f3133fc1c60512d3a522a7de5325585b214ba6879c2ac5bded6ae834d2c076_p1_enhanced_orb.npy","c8f3133fc1c60512d3a522a7de5325585b214ba6879c2ac5bded6ae834d2c076_p1_enhanced_orb.npy",".npy","57728","0.0551","2026-06-29T17:01:49","2026-05-28T08:08:29","BACKUP"
"RUNTIME","D:\halal_web_runtime","D:\halal_web_runtime\_onedrive_backup_archive\output.__onedrive_backup_20260629_144030\cert_template\features\cba90276ade88ae2fdfa83032d7aa686b62e54d81a8d97522aa989c4e748a71b_p1_basic_orb.npy","_onedrive_backup_archive\output.__onedrive_backup_20260629_144030\cert_template\features\cba90276ade88ae2fdfa83032d7aa686b62e54d81a8d97522aa989c4e748a71b_p1_basic_orb.npy","cba90276ade88ae2fdfa83032d7aa686b62e54d81a8d97522aa989c4e748a71b_p1_basic_orb.npy",".npy","57728","0.0551","2026-06-29T17:01:49","2026-05-27T08:48:28","BACKUP"
"RUNTIME","D:\halal_web_runtime","D:\halal_web_runtime\_onedrive_backup_archive\output.__onedrive_backup_20260629_144030\cert_template\features\cba90276ade88ae2fdfa83032d7aa686b62e54d81a8d97522aa989c4e748a71b_p1_enhanced_orb.npy","_onedrive_backup_archive\output.__onedrive_backup_20260629_144030\cert_template\features\cba90276ade88ae2fdfa83032d7aa686b62e54d81a8d97522aa989c4e748a71b_p1_enhanced_orb.npy","cba90276ade88ae2fdfa83032d7aa686b62e54d81a8d97522aa989c4e748a71b_p1_enhanced_orb.npy",".npy","57728","0.0551","2026-06-29T17:01:49","2026-05-27T08:48:29","BACKUP"
"RUNTIME","D:\halal_web_runtime","D:\halal_web_runtime\_onedrive_backup_archive\output.__onedrive_backup_20260629_144030\cert_template\features\cba90276ade88ae2fdfa83032d7aa686b62e54d81a8d97522aa989c4e748a71b_p2_basic_orb.npy","_onedrive_backup_archive\output.__onedrive_backup_20260629_144030\cert_template\features\cba90276ade88ae2fdfa83032d7aa686b62e54d81a8d97522aa989c4e748a71b_p2_basic_orb.npy","cba90276ade88ae2fdfa83032d7aa686b62e54d81a8d97522aa989c4e748a71b_p2_basic_orb.npy",".npy","57728","0.0551","2026-06-29T17:01:49","2026-05-27T08:48:28","BACKUP"
"RUNTIME","D:\halal_web_runtime","D:\halal_web_runtime\_onedrive_backup_archive\output.__onedrive_backup_20260629_144030\cert_template\features\cba90276ade88ae2fdfa83032d7aa686b62e54d81a8d97522aa989c4e748a71b_p2_enhanced_orb.npy","_onedrive_backup_archive\output.__onedrive_backup_20260629_144030\cert_template\features\cba90276ade88ae2fdfa83032d7aa686b62e54d81a8d97522aa989c4e748a71b_p2_enhanced_orb.npy","cba90276ade88ae2fdfa83032d7aa686b62e54d81a8d97522aa989c4e748a71b_p2_enhanced_orb.npy",".npy","57728","0.0551","2026-06-29T17:01:49","2026-05-27T08:48:30","BACKUP"
"RUNTIME","D:\halal_web_runtime","D:\halal_web_runtime\_onedrive_backup_archive\output.__onedrive_backup_20260629_144030\cert_template\features\cebd5b72b2104bf4c196d3b1b6d7c7fc5aad2572c3a5f6158a89df9be053f5cb_p1_basic_orb.npy","_onedrive_backup_archive\output.__onedrive_backup_20260629_144030\cert_template\features\cebd5b72b2104bf4c196d3b1b6d7c7fc5aad2572c3a5f6158a89df9be053f5cb_p1_basic_orb.npy","cebd5b72b2104bf4c196d3b1b6d7c7fc5aad2572c3a5f6158a89df9be053f5cb_p1_basic_orb.npy",".npy","57728","0.0551","2026-06-29T17:01:49","2026-05-27T08:49:40","BACKUP"
"RUNTIME","D:\halal_web_runtime","D:\halal_web_runtime\_onedrive_backup_archive\output.__onedrive_backup_20260629_144030\cert_template\features\cebd5b72b2104bf4c196d3b1b6d7c7fc5aad2572c3a5f6158a89df9be053f5cb_p1_enhanced_orb.npy","_onedrive_backup_archive\output.__onedrive_backup_20260629_144030\cert_template\features\cebd5b72b2104bf4c196d3b1b6d7c7fc5aad2572c3a5f6158a89df9be053f5cb_p1_enhanced_orb.npy","cebd5b72b2104bf4c196d3b1b6d7c7fc5aad2572c3a5f6158a89df9be053f5cb_p1_enhanced_orb.npy",".npy","57728","0.0551","2026-06-29T17:01:49","2026-05-27T08:49:41","BACKUP"
"RUNTIME","D:\halal_web_runtime","D:\halal_web_runtime\_onedrive_backup_archive\output.__onedrive_backup_20260629_144030\cert_template\features\cebd5b72b2104bf4c196d3b1b6d7c7fc5aad2572c3a5f6158a89df9be053f5cb_p2_basic_orb.npy","_onedrive_backup_archive\output.__onedrive_backup_20260629_144030\cert_template\features\cebd5b72b2104bf4c196d3b1b6d7c7fc5aad2572c3a5f6158a89df9be053f5cb_p2_basic_orb.npy","cebd5b72b2104bf4c196d3b1b6d7c7fc5aad2572c3a5f6158a89df9be053f5cb_p2_basic_orb.npy",".npy","57728","0.0551","2026-06-29T17:01:49","2026-05-27T08:49:40","BACKUP"
"RUNTIME","D:\halal_web_runtime","D:\halal_web_runtime\_onedrive_backup_archive\output.__onedrive_backup_20260629_144030\cert_template\features\cebd5b72b2104bf4c196d3b1b6d7c7fc5aad2572c3a5f6158a89df9be053f5cb_p2_enhanced_orb.npy","_onedrive_backup_archive\output.__onedrive_backup_20260629_144030\cert_template\features\cebd5b72b2104bf4c196d3b1b6d7c7fc5aad2572c3a5f6158a89df9be053f5cb_p2_enhanced_orb.npy","cebd5b72b2104bf4c196d3b1b6d7c7fc5aad2572c3a5f6158a89df9be053f5cb_p2_enhanced_orb.npy",".npy","57728","0.0551","2026-06-29T17:01:49","2026-05-27T08:49:41","BACKUP"
"RUNTIME","D:\halal_web_runtime","D:\halal_web_runtime\_onedrive_backup_archive\output.__onedrive_backup_20260629_144030\cert_template\features\cf910b302a047cbe1e0da00afa20c9f70c9ace7ff11d27360bbae5a0891d5720_p1_basic_orb.npy","_onedrive_backup_archive\output.__onedrive_backup_20260629_144030\cert_template\features\cf910b302a047cbe1e0da00afa20c9f70c9ace7ff11d27360bbae5a0891d5720_p1_basic_orb.npy","cf910b302a047cbe1e0da00afa20c9f70c9ace7ff11d27360bbae5a0891d5720_p1_basic_orb.npy",".npy","57728","0.0551","2026-06-29T17:01:49","2026-05-27T08:50:27","BACKUP"
"RUNTIME","D:\halal_web_runtime","D:\halal_web_runtime\_onedrive_backup_archive\output.__onedrive_backup_20260629_144030\cert_template\features\cf910b302a047cbe1e0da00afa20c9f70c9ace7ff11d27360bbae5a0891d5720_p1_enhanced_orb.npy","_onedrive_backup_archive\output.__onedrive_backup_20260629_144030\cert_template\features\cf910b302a047cbe1e0da00afa20c9f70c9ace7ff11d27360bbae5a0891d5720_p1_enhanced_orb.npy","cf910b302a047cbe1e0da00afa20c9f70c9ace7ff11d27360bbae5a0891d5720_p1_enhanced_orb.npy",".npy","57728","0.0551","2026-06-29T17:01:49","2026-05-27T08:50:27","BACKUP"
"RUNTIME","D:\halal_web_runtime","D:\halal_web_runtime\_onedrive_backup_archive\output.__onedrive_backup_20260629_144030\cert_template\features\d0e6d00dfbd5d5288b4326d74f5d2b9c173f6e4e766be05e6517c0d8417c13b9_p1_basic_orb.npy","_onedrive_backup_archive\output.__onedrive_backup_20260629_144030\cert_template\features\d0e6d00dfbd5d5288b4326d74f5d2b9c173f6e4e766be05e6517c0d8417c13b9_p1_basic_orb.npy","d0e6d00dfbd5d5288b4326d74f5d2b9c173f6e4e766be05e6517c0d8417c13b9_p1_basic_orb.npy",".npy","57728","0.0551","2026-06-29T17:01:49","2026-05-27T08:49:42","BACKUP"
"RUNTIME","D:\halal_web_runtime","D:\halal_web_runtime\_onedrive_backup_archive\output.__onedrive_backup_20260629_144030\cert_template\features\d0e6d00dfbd5d5288b4326d74f5d2b9c173f6e4e766be05e6517c0d8417c13b9_p1_enhanced_orb.npy","_onedrive_backup_archive\output.__onedrive_backup_20260629_144030\cert_template\features\d0e6d00dfbd5d5288b4326d74f5d2b9c173f6e4e766be05e6517c0d8417c13b9_p1_enhanced_orb.npy","d0e6d00dfbd5d5288b4326d74f5d2b9c173f6e4e766be05e6517c0d8417c13b9_p1_enhanced_orb.npy",".npy","57728","0.0551","2026-06-29T17:01:49","2026-05-27T08:49:43","BACKUP"
"RUNTIME","D:\halal_web_runtime","D:\halal_web_runtime\_onedrive_backup_archive\output.__onedrive_backup_20260629_144030\cert_template\features\d2e136b29b45f761974677853fcc992383ae2f2acf66480c245625546ef5038f_p1_basic_orb.npy","_onedrive_backup_archive\output.__onedrive_backup_20260629_144030\cert_template\features\d2e136b29b45f761974677853fcc992383ae2f2acf66480c245625546ef5038f_p1_basic_orb.npy","d2e136b29b45f761974677853fcc992383ae2f2acf66480c245625546ef5038f_p1_basic_orb.npy",".npy","57728","0.0551","2026-06-29T17:01:49","2026-05-27T08:49:09","BACKUP"
"RUNTIME","D:\halal_web_runtime","D:\halal_web_runtime\_onedrive_backup_archive\output.__onedrive_backup_20260629_144030\cert_template\features\d2e136b29b45f761974677853fcc992383ae2f2acf66480c245625546ef5038f_p1_enhanced_orb.npy","_onedrive_backup_archive\output.__onedrive_backup_20260629_144030\cert_template\features\d2e136b29b45f761974677853fcc992383ae2f2acf66480c245625546ef5038f_p1_enhanced_orb.npy","d2e136b29b45f761974677853fcc992383ae2f2acf66480c245625546ef5038f_p1_enhanced_orb.npy",".npy","57728","0.0551","2026-06-29T17:01:49","2026-05-27T08:49:10","BACKUP"
"RUNTIME","D:\halal_web_runtime","D:\halal_web_runtime\_onedrive_backup_archive\output.__onedrive_backup_20260629_144030\cert_template\features\d31799b9fedcf81788c07429e8904b4c975e2378aed8eb87384c2c097cd6864c_p1_basic_orb.npy","_onedrive_backup_archive\output.__onedrive_backup_20260629_144030\cert_template\features\d31799b9fedcf81788c07429e8904b4c975e2378aed8eb87384c2c097cd6864c_p1_basic_orb.npy","d31799b9fedcf81788c07429e8904b4c975e2378aed8eb87384c2c097cd6864c_p1_basic_orb.npy",".npy","57728","0.0551","2026-06-29T17:01:49","2026-05-27T08:56:40","BACKUP"
"RUNTIME","D:\halal_web_runtime","D:\halal_web_runtime\_onedrive_backup_archive\output.__onedrive_backup_20260629_144030\cert_template\features\d31799b9fedcf81788c07429e8904b4c975e2378aed8eb87384c2c097cd6864c_p1_enhanced_orb.npy","_onedrive_backup_archive\output.__onedrive_backup_20260629_144030\cert_template\features\d31799b9fedcf81788c07429e8904b4c975e2378aed8eb87384c2c097cd6864c_p1_enhanced_orb.npy","d31799b9fedcf81788c07429e8904b4c975e2378aed8eb87384c2c097cd6864c_p1_enhanced_orb.npy",".npy","57728","0.0551","2026-06-29T17:01:49","2026-05-27T08:56:43","BACKUP"
"RUNTIME","D:\halal_web_runtime","D:\halal_web_runtime\_onedrive_backup_archive\output.__onedrive_backup_20260629_144030\cert_template\features\d3be87d17fbabb86d539d30d26f3222a458ea804cbec4ed52272d644272df0d3_p1_basic_orb.npy","_onedrive_backup_archive\output.__onedrive_backup_20260629_144030\cert_template\features\d3be87d17fbabb86d539d30d26f3222a458ea804cbec4ed52272d644272df0d3_p1_basic_orb.npy","d3be87d17fbabb86d539d30d26f3222a458ea804cbec4ed52272d644272df0d3_p1_basic_orb.npy",".npy","57728","0.0551","2026-06-29T17:01:49","2026-05-27T08:49:47","BACKUP"
"RUNTIME","D:\halal_web_runtime","D:\halal_web_runtime\_onedrive_backup_archive\output.__onedrive_backup_20260629_144030\cert_template\features\d3be87d17fbabb86d539d30d26f3222a458ea804cbec4ed52272d644272df0d3_p1_enhanced_orb.npy","_onedrive_backup_archive\output.__onedrive_backup_20260629_144030\cert_template\features\d3be87d17fbabb86d539d30d26f3222a458ea804cbec4ed52272d644272df0d3_p1_enhanced_orb.npy","d3be87d17fbabb86d539d30d26f3222a458ea804cbec4ed52272d644272df0d3_p1_enhanced_orb.npy",".npy","57728","0.0551","2026-06-29T17:01:49","2026-05-27T08:49:48","BACKUP"
"RUNTIME","D:\halal_web_runtime","D:\halal_web_runtime\_onedrive_backup_archive\output.__onedrive_backup_20260629_144030\cert_template\features\d675992f7e678457e4bea6325fbd29e369db27621b60960767a896c5fd407490_p1_basic_orb.npy","_onedrive_backup_archive\output.__onedrive_backup_20260629_144030\cert_template\features\d675992f7e678457e4bea6325fbd29e369db27621b60960767a896c5fd407490_p1_basic_orb.npy","d675992f7e678457e4bea6325fbd29e369db27621b60960767a896c5fd407490_p1_basic_orb.npy",".npy","57728","0.0551","2026-06-29T17:01:49","2026-05-27T08:50:38","BACKUP"
"RUNTIME","D:\halal_web_runtime","D:\halal_web_runtime\_onedrive_backup_archive\output.__onedrive_backup_20260629_144030\cert_template\features\d675992f7e678457e4bea6325fbd29e369db27621b60960767a896c5fd407490_p1_enhanced_orb.npy","_onedrive_backup_archive\output.__onedrive_backup_20260629_144030\cert_template\features\d675992f7e678457e4bea6325fbd29e369db27621b60960767a896c5fd407490_p1_enhanced_orb.npy","d675992f7e678457e4bea6325fbd29e369db27621b60960767a896c5fd407490_p1_enhanced_orb.npy",".npy","57728","0.0551","2026-06-29T17:01:49","2026-05-27T08:50:39","BACKUP"
"RUNTIME","D:\halal_web_runtime","D:\halal_web_runtime\_onedrive_backup_archive\output.__onedrive_backup_20260629_144030\cert_template\features\d675992f7e678457e4bea6325fbd29e369db27621b60960767a896c5fd407490_p2_basic_orb.npy","_onedrive_backup_archive\output.__onedrive_backup_20260629_144030\cert_template\features\d675992f7e678457e4bea6325fbd29e369db27621b60960767a896c5fd407490_p2_basic_orb.npy","d675992f7e678457e4bea6325fbd29e369db27621b60960767a896c5fd407490_p2_basic_orb.npy",".npy","57728","0.0551","2026-06-29T17:01:49","2026-05-27T08:50:38","BACKUP"
"RUNTIME","D:\halal_web_runtime","D:\halal_web_runtime\_onedrive_backup_archive\output.__onedrive_backup_20260629_144030\cert_template\features\d675992f7e678457e4bea6325fbd29e369db27621b60960767a896c5fd407490_p2_enhanced_orb.npy","_onedrive_backup_archive\output.__onedrive_backup_20260629_144030\cert_template\features\d675992f7e678457e4bea6325fbd29e369db27621b60960767a896c5fd407490_p2_enhanced_orb.npy","d675992f7e678457e4bea6325fbd29e369db27621b60960767a896c5fd407490_p2_enhanced_orb.npy",".npy","57728","0.0551","2026-06-29T17:01:49","2026-05-27T08:50:40","BACKUP"
"RUNTIME","D:\halal_web_runtime","D:\halal_web_runtime\_onedrive_backup_archive\output.__onedrive_backup_20260629_144030\cert_template\features\d7a363451585a222fca0d58f2dd6d312cc36e7c78064e0ebf5f5619dd54361ee_p1_basic_orb.npy","_onedrive_backup_archive\output.__onedrive_backup_20260629_144030\cert_template\features\d7a363451585a222fca0d58f2dd6d312cc36e7c78064e0ebf5f5619dd54361ee_p1_basic_orb.npy","d7a363451585a222fca0d58f2dd6d312cc36e7c78064e0ebf5f5619dd54361ee_p1_basic_orb.npy",".npy","57728","0.0551","2026-06-29T17:01:49","2026-05-27T08:51:27","BACKUP"
"RUNTIME","D:\halal_web_runtime","D:\halal_web_runtime\_onedrive_backup_archive\output.__onedrive_backup_20260629_144030\cert_template\features\da80333c09964689596a5305198aac10c3b969478a92ba023055d97a276aecb5_p1_basic_orb.npy","_onedrive_backup_archive\output.__onedrive_backup_20260629_144030\cert_template\features\da80333c09964689596a5305198aac10c3b969478a92ba023055d97a276aecb5_p1_basic_orb.npy","da80333c09964689596a5305198aac10c3b969478a92ba023055d97a276aecb5_p1_basic_orb.npy",".npy","57728","0.0551","2026-06-29T17:01:49","2026-05-27T08:50:58","BACKUP"
"RUNTIME","D:\halal_web_runtime","D:\halal_web_runtime\_onedrive_backup_archive\output.__onedrive_backup_20260629_144030\cert_template\features\da80333c09964689596a5305198aac10c3b969478a92ba023055d97a276aecb5_p1_enhanced_orb.npy","_onedrive_backup_archive\output.__onedrive_backup_20260629_144030\cert_template\features\da80333c09964689596a5305198aac10c3b969478a92ba023055d97a276aecb5_p1_enhanced_orb.npy","da80333c09964689596a5305198aac10c3b969478a92ba023055d97a276aecb5_p1_enhanced_orb.npy",".npy","57728","0.0551","2026-06-29T17:01:49","2026-05-27T08:50:58","BACKUP"
"RUNTIME","D:\halal_web_runtime","D:\halal_web_runtime\_onedrive_backup_archive\output.__onedrive_backup_20260629_144030\cert_template\features\dbce628ad099f661fdd82322d4eff4de211e0995a1e3b57850e2ab8c1060ccda_p1_basic_orb.npy","_onedrive_backup_archive\output.__onedrive_backup_20260629_144030\cert_template\features\dbce628ad099f661fdd82322d4eff4de211e0995a1e3b57850e2ab8c1060ccda_p1_basic_orb.npy","dbce628ad099f661fdd82322d4eff4de211e0995a1e3b57850e2ab8c1060ccda_p1_basic_orb.npy",".npy","57728","0.0551","2026-06-29T17:01:50","2026-05-27T08:56:30","BACKUP"
"RUNTIME","D:\halal_web_runtime","D:\halal_web_runtime\_onedrive_backup_archive\output.__onedrive_backup_20260629_144030\cert_template\features\dbdbe7d51c965a6dba5d0169b0d705b0b2d9c398871af10efdebdae2b58d9362_p1_basic_orb.npy","_onedrive_backup_archive\output.__onedrive_backup_20260629_144030\cert_template\features\dbdbe7d51c965a6dba5d0169b0d705b0b2d9c398871af10efdebdae2b58d9362_p1_basic_orb.npy","dbdbe7d51c965a6dba5d0169b0d705b0b2d9c398871af10efdebdae2b58d9362_p1_basic_orb.npy",".npy","57728","0.0551","2026-06-29T17:01:50","2026-05-27T08:51:01","BACKUP"
"RUNTIME","D:\halal_web_runtime","D:\halal_web_runtime\_onedrive_backup_archive\output.__onedrive_backup_20260629_144030\cert_template\features\dbdbe7d51c965a6dba5d0169b0d705b0b2d9c398871af10efdebdae2b58d9362_p1_enhanced_orb.npy","_onedrive_backup_archive\output.__onedrive_backup_20260629_144030\cert_template\features\dbdbe7d51c965a6dba5d0169b0d705b0b2d9c398871af10efdebdae2b58d9362_p1_enhanced_orb.npy","dbdbe7d51c965a6dba5d0169b0d705b0b2d9c398871af10efdebdae2b58d9362_p1_enhanced_orb.npy",".npy","57728","0.0551","2026-06-29T17:01:50","2026-05-27T08:51:01","BACKUP"
"RUNTIME","D:\halal_web_runtime","D:\halal_web_runtime\_onedrive_backup_archive\output.__onedrive_backup_20260629_144030\cert_template\features\dbdbe7d51c965a6dba5d0169b0d705b0b2d9c398871af10efdebdae2b58d9362_p2_basic_orb.npy","_onedrive_backup_archive\output.__onedrive_backup_20260629_144030\cert_template\features\dbdbe7d51c965a6dba5d0169b0d705b0b2d9c398871af10efdebdae2b58d9362_p2_basic_orb.npy","dbdbe7d51c965a6dba5d0169b0d705b0b2d9c398871af10efdebdae2b58d9362_p2_basic_orb.npy",".npy","57728","0.0551","2026-06-29T17:01:50","2026-05-27T08:51:01","BACKUP"
"RUNTIME","D:\halal_web_runtime","D:\halal_web_runtime\_onedrive_backup_archive\output.__onedrive_backup_20260629_144030\cert_template\features\dbdbe7d51c965a6dba5d0169b0d705b0b2d9c398871af10efdebdae2b58d9362_p2_enhanced_orb.npy","_onedrive_backup_archive\output.__onedrive_backup_20260629_144030\cert_template\features\dbdbe7d51c965a6dba5d0169b0d705b0b2d9c398871af10efdebdae2b58d9362_p2_enhanced_orb.npy","dbdbe7d51c965a6dba5d0169b0d705b0b2d9c398871af10efdebdae2b58d9362_p2_enhanced_orb.npy",".npy","57728","0.0551","2026-06-29T17:01:50","2026-05-27T08:51:01","BACKUP"
"RUNTIME","D:\halal_web_runtime","D:\halal_web_runtime\_onedrive_backup_archive\output.__onedrive_backup_20260629_144030\cert_template\features\dced2b67699482e94b338c16ba5bd3567e6c51ef8db63595ec55f0a9575b2d65_p1_basic_orb.npy","_onedrive_backup_archive\output.__onedrive_backup_20260629_144030\cert_template\features\dced2b67699482e94b338c16ba5bd3567e6c51ef8db63595ec55f0a9575b2d65_p1_basic_orb.npy","dced2b67699482e94b338c16ba5bd3567e6c51ef8db63595ec55f0a9575b2d65_p1_basic_orb.npy",".npy","57728","0.0551","2026-06-29T17:01:50","2026-05-27T08:50:34","BACKUP"
"RUNTIME","D:\halal_web_runtime","D:\halal_web_runtime\_onedrive_backup_archive\output.__onedrive_backup_20260629_144030\cert_template\features\dced2b67699482e94b338c16ba5bd3567e6c51ef8db63595ec55f0a9575b2d65_p1_enhanced_orb.npy","_onedrive_backup_archive\output.__onedrive_backup_20260629_144030\cert_template\features\dced2b67699482e94b338c16ba5bd3567e6c51ef8db63595ec55f0a9575b2d65_p1_enhanced_orb.npy","dced2b67699482e94b338c16ba5bd3567e6c51ef8db63595ec55f0a9575b2d65_p1_enhanced_orb.npy",".npy","57728","0.0551","2026-06-29T17:01:50","2026-05-27T08:50:36","BACKUP"
"RUNTIME","D:\halal_web_runtime","D:\halal_web_runtime\_onedrive_backup_archive\output.__onedrive_backup_20260629_144030\cert_template\features\ddd557e5f320324a4fef050feabda20e0f3b419370e9d5fd621e92d4f984f575_p1_basic_orb.npy","_onedrive_backup_archive\output.__onedrive_backup_20260629_144030\cert_template\features\ddd557e5f320324a4fef050feabda20e0f3b419370e9d5fd621e92d4f984f575_p1_basic_orb.npy","ddd557e5f320324a4fef050feabda20e0f3b419370e9d5fd621e92d4f984f575_p1_basic_orb.npy",".npy","57728","0.0551","2026-06-29T17:01:50","2026-05-27T08:50:55","BACKUP"
"RUNTIME","D:\halal_web_runtime","D:\halal_web_runtime\_onedrive_backup_archive\output.__onedrive_backup_20260629_144030\cert_template\features\ddd557e5f320324a4fef050feabda20e0f3b419370e9d5fd621e92d4f984f575_p1_enhanced_orb.npy","_onedrive_backup_archive\output.__onedrive_backup_20260629_144030\cert_template\features\ddd557e5f320324a4fef050feabda20e0f3b419370e9d5fd621e92d4f984f575_p1_enhanced_orb.npy","ddd557e5f320324a4fef050feabda20e0f3b419370e9d5fd621e92d4f984f575_p1_enhanced_orb.npy",".npy","57728","0.0551","2026-06-29T17:01:50","2026-05-27T08:50:55","BACKUP"
"RUNTIME","D:\halal_web_runtime","D:\halal_web_runtime\_onedrive_backup_archive\output.__onedrive_backup_20260629_144030\cert_template\features\ddd557e5f320324a4fef050feabda20e0f3b419370e9d5fd621e92d4f984f575_p2_basic_orb.npy","_onedrive_backup_archive\output.__onedrive_backup_20260629_144030\cert_template\features\ddd557e5f320324a4fef050feabda20e0f3b419370e9d5fd621e92d4f984f575_p2_basic_orb.npy","ddd557e5f320324a4fef050feabda20e0f3b419370e9d5fd621e92d4f984f575_p2_basic_orb.npy",".npy","57728","0.0551","2026-06-29T17:01:50","2026-05-27T08:50:55","BACKUP"
"RUNTIME","D:\halal_web_runtime","D:\halal_web_runtime\_onedrive_backup_archive\output.__onedrive_backup_20260629_144030\cert_template\features\ddd557e5f320324a4fef050feabda20e0f3b419370e9d5fd621e92d4f984f575_p2_enhanced_orb.npy","_onedrive_backup_archive\output.__onedrive_backup_20260629_144030\cert_template\features\ddd557e5f320324a4fef050feabda20e0f3b419370e9d5fd621e92d4f984f575_p2_enhanced_orb.npy","ddd557e5f320324a4fef050feabda20e0f3b419370e9d5fd621e92d4f984f575_p2_enhanced_orb.npy",".npy","57728","0.0551","2026-06-29T17:01:50","2026-05-27T08:50:55","BACKUP"
"RUNTIME","D:\halal_web_runtime","D:\halal_web_runtime\_onedrive_backup_archive\output.__onedrive_backup_20260629_144030\cert_template\features\e288e73c752c2f6d50c860cfec8b7dda5b0b41d5fb20b93400de1d117e59bf24_p1_basic_orb.npy","_onedrive_backup_archive\output.__onedrive_backup_20260629_144030\cert_template\features\e288e73c752c2f6d50c860cfec8b7dda5b0b41d5fb20b93400de1d117e59bf24_p1_basic_orb.npy","e288e73c752c2f6d50c860cfec8b7dda5b0b41d5fb20b93400de1d117e59bf24_p1_basic_orb.npy",".npy","57728","0.0551","2026-06-29T17:01:50","2026-05-27T08:50:10","BACKUP"
"RUNTIME","D:\halal_web_runtime","D:\halal_web_runtime\_onedrive_backup_archive\output.__onedrive_backup_20260629_144030\cert_template\features\e288e73c752c2f6d50c860cfec8b7dda5b0b41d5fb20b93400de1d117e59bf24_p1_enhanced_orb.npy","_onedrive_backup_archive\output.__onedrive_backup_20260629_144030\cert_template\features\e288e73c752c2f6d50c860cfec8b7dda5b0b41d5fb20b93400de1d117e59bf24_p1_enhanced_orb.npy","e288e73c752c2f6d50c860cfec8b7dda5b0b41d5fb20b93400de1d117e59bf24_p1_enhanced_orb.npy",".npy","57728","0.0551","2026-06-29T17:01:50","2026-05-27T08:50:12","BACKUP"
"RUNTIME","D:\halal_web_runtime","D:\halal_web_runtime\_onedrive_backup_archive\output.__onedrive_backup_20260629_144030\cert_template\features\e288e73c752c2f6d50c860cfec8b7dda5b0b41d5fb20b93400de1d117e59bf24_p2_basic_orb.npy","_onedrive_backup_archive\output.__onedrive_backup_20260629_144030\cert_template\features\e288e73c752c2f6d50c860cfec8b7dda5b0b41d5fb20b93400de1d117e59bf24_p2_basic_orb.npy","e288e73c752c2f6d50c860cfec8b7dda5b0b41d5fb20b93400de1d117e59bf24_p2_basic_orb.npy",".npy","57728","0.0551","2026-06-29T17:01:50","2026-05-27T08:50:10","BACKUP"
"RUNTIME","D:\halal_web_runtime","D:\halal_web_runtime\_onedrive_backup_archive\output.__onedrive_backup_20260629_144030\cert_template\features\e288e73c752c2f6d50c860cfec8b7dda5b0b41d5fb20b93400de1d117e59bf24_p2_enhanced_orb.npy","_onedrive_backup_archive\output.__onedrive_backup_20260629_144030\cert_template\features\e288e73c752c2f6d50c860cfec8b7dda5b0b41d5fb20b93400de1d117e59bf24_p2_enhanced_orb.npy","e288e73c752c2f6d50c860cfec8b7dda5b0b41d5fb20b93400de1d117e59bf24_p2_enhanced_orb.npy",".npy","57728","0.0551","2026-06-29T17:01:50","2026-05-27T08:50:13","BACKUP"
"RUNTIME","D:\halal_web_runtime","D:\halal_web_runtime\_onedrive_backup_archive\output.__onedrive_backup_20260629_144030\cert_template\features\e45003c95e488c6ba339f34a8be962700958683e9e16fd087b37a0c38460bf0a_p1_basic_orb.npy","_onedrive_backup_archive\output.__onedrive_backup_20260629_144030\cert_template\features\e45003c95e488c6ba339f34a8be962700958683e9e16fd087b37a0c38460bf0a_p1_basic_orb.npy","e45003c95e488c6ba339f34a8be962700958683e9e16fd087b37a0c38460bf0a_p1_basic_orb.npy",".npy","57728","0.0551","2026-06-29T17:01:50","2026-05-28T08:09:52","BACKUP"
"RUNTIME","D:\halal_web_runtime","D:\halal_web_runtime\_onedrive_backup_archive\output.__onedrive_backup_20260629_144030\cert_template\features\e484b7ede30568f2f6c95f30b46d713807413c2ee1aca31651495970de21c3ab_p1_basic_orb.npy","_onedrive_backup_archive\output.__onedrive_backup_20260629_144030\cert_template\features\e484b7ede30568f2f6c95f30b46d713807413c2ee1aca31651495970de21c3ab_p1_basic_orb.npy","e484b7ede30568f2f6c95f30b46d713807413c2ee1aca31651495970de21c3ab_p1_basic_orb.npy",".npy","57728","0.0551","2026-06-29T17:01:50","2026-05-27T08:48:45","BACKUP"
"RUNTIME","D:\halal_web_runtime","D:\halal_web_runtime\_onedrive_backup_archive\output.__onedrive_backup_20260629_144030\cert_template\features\e484b7ede30568f2f6c95f30b46d713807413c2ee1aca31651495970de21c3ab_p1_enhanced_orb.npy","_onedrive_backup_archive\output.__onedrive_backup_20260629_144030\cert_template\features\e484b7ede30568f2f6c95f30b46d713807413c2ee1aca31651495970de21c3ab_p1_enhanced_orb.npy","e484b7ede30568f2f6c95f30b46d713807413c2ee1aca31651495970de21c3ab_p1_enhanced_orb.npy",".npy","57728","0.0551","2026-06-29T17:01:50","2026-05-27T08:48:47","BACKUP"
"RUNTIME","D:\halal_web_runtime","D:\halal_web_runtime\_onedrive_backup_archive\output.__onedrive_backup_20260629_144030\cert_template\features\e484b7ede30568f2f6c95f30b46d713807413c2ee1aca31651495970de21c3ab_p2_basic_orb.npy","_onedrive_backup_archive\output.__onedrive_backup_20260629_144030\cert_template\features\e484b7ede30568f2f6c95f30b46d713807413c2ee1aca31651495970de21c3ab_p2_basic_orb.npy","e484b7ede30568f2f6c95f30b46d713807413c2ee1aca31651495970de21c3ab_p2_basic_orb.npy",".npy","57728","0.0551","2026-06-29T17:01:50","2026-05-27T08:48:45","BACKUP"
"RUNTIME","D:\halal_web_runtime","D:\halal_web_runtime\_onedrive_backup_archive\output.__onedrive_backup_20260629_144030\cert_template\features\e484b7ede30568f2f6c95f30b46d713807413c2ee1aca31651495970de21c3ab_p2_enhanced_orb.npy","_onedrive_backup_archive\output.__onedrive_backup_20260629_144030\cert_template\features\e484b7ede30568f2f6c95f30b46d713807413c2ee1aca31651495970de21c3ab_p2_enhanced_orb.npy","e484b7ede30568f2f6c95f30b46d713807413c2ee1aca31651495970de21c3ab_p2_enhanced_orb.npy",".npy","57728","0.0551","2026-06-29T17:01:50","2026-05-27T08:48:48","BACKUP"
"RUNTIME","D:\halal_web_runtime","D:\halal_web_runtime\_onedrive_backup_archive\output.__onedrive_backup_20260629_144030\cert_template\features\e6f2dc5e17ce93f046ba82d75152aeffad6586ac730cf52a4b2121d13933ec2e_p1_basic_orb.npy","_onedrive_backup_archive\output.__onedrive_backup_20260629_144030\cert_template\features\e6f2dc5e17ce93f046ba82d75152aeffad6586ac730cf52a4b2121d13933ec2e_p1_basic_orb.npy","e6f2dc5e17ce93f046ba82d75152aeffad6586ac730cf52a4b2121d13933ec2e_p1_basic_orb.npy",".npy","57728","0.0551","2026-06-29T17:01:50","2026-05-27T08:48:06","BACKUP"
"RUNTIME","D:\halal_web_runtime","D:\halal_web_runtime\_onedrive_backup_archive\output.__onedrive_backup_20260629_144030\cert_template\features\e6f2dc5e17ce93f046ba82d75152aeffad6586ac730cf52a4b2121d13933ec2e_p1_enhanced_orb.npy","_onedrive_backup_archive\output.__onedrive_backup_20260629_144030\cert_template\features\e6f2dc5e17ce93f046ba82d75152aeffad6586ac730cf52a4b2121d13933ec2e_p1_enhanced_orb.npy","e6f2dc5e17ce93f046ba82d75152aeffad6586ac730cf52a4b2121d13933ec2e_p1_enhanced_orb.npy",".npy","57728","0.0551","2026-06-29T17:01:50","2026-05-27T08:48:07","BACKUP"
"RUNTIME","D:\halal_web_runtime","D:\halal_web_runtime\_onedrive_backup_archive\output.__onedrive_backup_20260629_144030\cert_template\features\e6f2dc5e17ce93f046ba82d75152aeffad6586ac730cf52a4b2121d13933ec2e_p2_basic_orb.npy","_onedrive_backup_archive\output.__onedrive_backup_20260629_144030\cert_template\features\e6f2dc5e17ce93f046ba82d75152aeffad6586ac730cf52a4b2121d13933ec2e_p2_basic_orb.npy","e6f2dc5e17ce93f046ba82d75152aeffad6586ac730cf52a4b2121d13933ec2e_p2_basic_orb.npy",".npy","57728","0.0551","2026-06-29T17:01:50","2026-05-27T08:48:06","BACKUP"
"RUNTIME","D:\halal_web_runtime","D:\halal_web_runtime\_onedrive_backup_archive\output.__onedrive_backup_20260629_144030\cert_template\features\e6f2dc5e17ce93f046ba82d75152aeffad6586ac730cf52a4b2121d13933ec2e_p2_enhanced_orb.npy","_onedrive_backup_archive\output.__onedrive_backup_20260629_144030\cert_template\features\e6f2dc5e17ce93f046ba82d75152aeffad6586ac730cf52a4b2121d13933ec2e_p2_enhanced_orb.npy","e6f2dc5e17ce93f046ba82d75152aeffad6586ac730cf52a4b2121d13933ec2e_p2_enhanced_orb.npy",".npy","57728","0.0551","2026-06-29T17:01:50","2026-05-27T08:48:08","BACKUP"
"RUNTIME","D:\halal_web_runtime","D:\halal_web_runtime\_onedrive_backup_archive\output.__onedrive_backup_20260629_144030\cert_template\features\e8785e53aa37eb6b873f4ab8c5edbc2fa0da7ddc83fb24dc5df327bfe7a97da4_p1_basic_orb.npy","_onedrive_backup_archive\output.__onedrive_backup_20260629_144030\cert_template\features\e8785e53aa37eb6b873f4ab8c5edbc2fa0da7ddc83fb24dc5df327bfe7a97da4_p1_basic_orb.npy","e8785e53aa37eb6b873f4ab8c5edbc2fa0da7ddc83fb24dc5df327bfe7a97da4_p1_basic_orb.npy",".npy","57728","0.0551","2026-06-29T17:01:50","2026-05-28T08:10:54","BACKUP"
"RUNTIME","D:\halal_web_runtime","D:\halal_web_runtime\_onedrive_backup_archive\output.__onedrive_backup_20260629_144030\cert_template\features\e904528307c0a51235cb481bf665560852f300f683b1e447ad15e7127b228e56_p1_basic_orb.npy","_onedrive_backup_archive\output.__onedrive_backup_20260629_144030\cert_template\features\e904528307c0a51235cb481bf665560852f300f683b1e447ad15e7127b228e56_p1_basic_orb.npy","e904528307c0a51235cb481bf665560852f300f683b1e447ad15e7127b228e56_p1_basic_orb.npy",".npy","57728","0.0551","2026-06-29T17:01:50","2026-05-27T08:49:16","BACKUP"
"RUNTIME","D:\halal_web_runtime","D:\halal_web_runtime\_onedrive_backup_archive\output.__onedrive_backup_20260629_144030\cert_template\features\e904528307c0a51235cb481bf665560852f300f683b1e447ad15e7127b228e56_p1_enhanced_orb.npy","_onedrive_backup_archive\output.__onedrive_backup_20260629_144030\cert_template\features\e904528307c0a51235cb481bf665560852f300f683b1e447ad15e7127b228e56_p1_enhanced_orb.npy","e904528307c0a51235cb481bf665560852f300f683b1e447ad15e7127b228e56_p1_enhanced_orb.npy",".npy","57728","0.0551","2026-06-29T17:01:50","2026-05-27T08:49:17","BACKUP"
"RUNTIME","D:\halal_web_runtime","D:\halal_web_runtime\_onedrive_backup_archive\output.__onedrive_backup_20260629_144030\cert_template\features\ed7a38e00c5f200564786288295b691cec44f83f6a946244d93340d44ef8600d_p1_basic_orb.npy","_onedrive_backup_archive\output.__onedrive_backup_20260629_144030\cert_template\features\ed7a38e00c5f200564786288295b691cec44f83f6a946244d93340d44ef8600d_p1_basic_orb.npy","ed7a38e00c5f200564786288295b691cec44f83f6a946244d93340d44ef8600d_p1_basic_orb.npy",".npy","57728","0.0551","2026-06-29T17:01:50","2026-05-28T08:09:03","BACKUP"
"RUNTIME","D:\halal_web_runtime","D:\halal_web_runtime\_onedrive_backup_archive\output.__onedrive_backup_20260629_144030\cert_template\features\ee91bf39f406c5b9ba130063e421d307e323963732f872ec31421cf9304c9e83_p1_basic_orb.npy","_onedrive_backup_archive\output.__onedrive_backup_20260629_144030\cert_template\features\ee91bf39f406c5b9ba130063e421d307e323963732f872ec31421cf9304c9e83_p1_basic_orb.npy","ee91bf39f406c5b9ba130063e421d307e323963732f872ec31421cf9304c9e83_p1_basic_orb.npy",".npy","57728","0.0551","2026-06-29T17:01:50","2026-05-27T08:48:10","BACKUP"
"RUNTIME","D:\halal_web_runtime","D:\halal_web_runtime\_onedrive_backup_archive\output.__onedrive_backup_20260629_144030\cert_template\features\ee91bf39f406c5b9ba130063e421d307e323963732f872ec31421cf9304c9e83_p1_enhanced_orb.npy","_onedrive_backup_archive\output.__onedrive_backup_20260629_144030\cert_template\features\ee91bf39f406c5b9ba130063e421d307e323963732f872ec31421cf9304c9e83_p1_enhanced_orb.npy","ee91bf39f406c5b9ba130063e421d307e323963732f872ec31421cf9304c9e83_p1_enhanced_orb.npy",".npy","57728","0.0551","2026-06-29T17:01:50","2026-05-27T08:48:11","BACKUP"
"RUNTIME","D:\halal_web_runtime","D:\halal_web_runtime\_onedrive_backup_archive\output.__onedrive_backup_20260629_144030\cert_template\features\ee91bf39f406c5b9ba130063e421d307e323963732f872ec31421cf9304c9e83_p2_basic_orb.npy","_onedrive_backup_archive\output.__onedrive_backup_20260629_144030\cert_template\features\ee91bf39f406c5b9ba130063e421d307e323963732f872ec31421cf9304c9e83_p2_basic_orb.npy","ee91bf39f406c5b9ba130063e421d307e323963732f872ec31421cf9304c9e83_p2_basic_orb.npy",".npy","57760","0.0551","2026-06-29T17:01:50","2026-05-27T08:48:10","BACKUP"
"RUNTIME","D:\halal_web_runtime","D:\halal_web_runtime\_onedrive_backup_archive\output.__onedrive_backup_20260629_144030\cert_template\features\ee91bf39f406c5b9ba130063e421d307e323963732f872ec31421cf9304c9e83_p2_enhanced_orb.npy","_onedrive_backup_archive\output.__onedrive_backup_20260629_144030\cert_template\features\ee91bf39f406c5b9ba130063e421d307e323963732f872ec31421cf9304c9e83_p2_enhanced_orb.npy","ee91bf39f406c5b9ba130063e421d307e323963732f872ec31421cf9304c9e83_p2_enhanced_orb.npy",".npy","57728","0.0551","2026-06-29T17:01:50","2026-05-27T08:48:12","BACKUP"
"RUNTIME","D:\halal_web_runtime","D:\halal_web_runtime\_onedrive_backup_archive\output.__onedrive_backup_20260629_144030\cert_template\features\efd077b35c0691c24264f8c95a18de003523a5071a789a69b52dd1eff2e7b932_p1_basic_orb.npy","_onedrive_backup_archive\output.__onedrive_backup_20260629_144030\cert_template\features\efd077b35c0691c24264f8c95a18de003523a5071a789a69b52dd1eff2e7b932_p1_basic_orb.npy","efd077b35c0691c24264f8c95a18de003523a5071a789a69b52dd1eff2e7b932_p1_basic_orb.npy",".npy","57728","0.0551","2026-06-29T17:01:50","2026-05-27T08:50:47","BACKUP"
"RUNTIME","D:\halal_web_runtime","D:\halal_web_runtime\_onedrive_backup_archive\output.__onedrive_backup_20260629_144030\cert_template\features\efd077b35c0691c24264f8c95a18de003523a5071a789a69b52dd1eff2e7b932_p1_enhanced_orb.npy","_onedrive_backup_archive\output.__onedrive_backup_20260629_144030\cert_template\features\efd077b35c0691c24264f8c95a18de003523a5071a789a69b52dd1eff2e7b932_p1_enhanced_orb.npy","efd077b35c0691c24264f8c95a18de003523a5071a789a69b52dd1eff2e7b932_p1_enhanced_orb.npy",".npy","57728","0.0551","2026-06-29T17:01:50","2026-05-27T08:50:47","BACKUP"
"RUNTIME","D:\halal_web_runtime","D:\halal_web_runtime\_onedrive_backup_archive\output.__onedrive_backup_20260629_144030\cert_template\features\efd077b35c0691c24264f8c95a18de003523a5071a789a69b52dd1eff2e7b932_p2_basic_orb.npy","_onedrive_backup_archive\output.__onedrive_backup_20260629_144030\cert_template\features\efd077b35c0691c24264f8c95a18de003523a5071a789a69b52dd1eff2e7b932_p2_basic_orb.npy","efd077b35c0691c24264f8c95a18de003523a5071a789a69b52dd1eff2e7b932_p2_basic_orb.npy",".npy","57728","0.0551","2026-06-29T17:01:50","2026-05-27T08:50:47","BACKUP"
"RUNTIME","D:\halal_web_runtime","D:\halal_web_runtime\_onedrive_backup_archive\output.__onedrive_backup_20260629_144030\cert_template\features\efd077b35c0691c24264f8c95a18de003523a5071a789a69b52dd1eff2e7b932_p2_enhanced_orb.npy","_onedrive_backup_archive\output.__onedrive_backup_20260629_144030\cert_template\features\efd077b35c0691c24264f8c95a18de003523a5071a789a69b52dd1eff2e7b932_p2_enhanced_orb.npy","efd077b35c0691c24264f8c95a18de003523a5071a789a69b52dd1eff2e7b932_p2_enhanced_orb.npy",".npy","57728","0.0551","2026-06-29T17:01:50","2026-05-27T08:50:48","BACKUP"
"RUNTIME","D:\halal_web_runtime","D:\halal_web_runtime\_onedrive_backup_archive\output.__onedrive_backup_20260629_144030\cert_template\features\f27f6bb55d9361554c9dee775dddb023e40068b606f6c1812e96456e42cf31a7_p1_basic_orb.npy","_onedrive_backup_archive\output.__onedrive_backup_20260629_144030\cert_template\features\f27f6bb55d9361554c9dee775dddb023e40068b606f6c1812e96456e42cf31a7_p1_basic_orb.npy","f27f6bb55d9361554c9dee775dddb023e40068b606f6c1812e96456e42cf31a7_p1_basic_orb.npy",".npy","57728","0.0551","2026-06-29T17:01:50","2026-05-28T08:07:51","BACKUP"
"RUNTIME","D:\halal_web_runtime","D:\halal_web_runtime\_onedrive_backup_archive\output.__onedrive_backup_20260629_144030\cert_template\features\f2906911d258ff1b936e1c623b5b1af9babc4af9756108aa0bee281a5bb8e324_p1_basic_orb.npy","_onedrive_backup_archive\output.__onedrive_backup_20260629_144030\cert_template\features\f2906911d258ff1b936e1c623b5b1af9babc4af9756108aa0bee281a5bb8e324_p1_basic_orb.npy","f2906911d258ff1b936e1c623b5b1af9babc4af9756108aa0bee281a5bb8e324_p1_basic_orb.npy",".npy","57728","0.0551","2026-06-29T17:01:50","2026-05-27T08:50:36","BACKUP"
"RUNTIME","D:\halal_web_runtime","D:\halal_web_runtime\_onedrive_backup_archive\output.__onedrive_backup_20260629_144030\cert_template\features\f2906911d258ff1b936e1c623b5b1af9babc4af9756108aa0bee281a5bb8e324_p1_enhanced_orb.npy","_onedrive_backup_archive\output.__onedrive_backup_20260629_144030\cert_template\features\f2906911d258ff1b936e1c623b5b1af9babc4af9756108aa0bee281a5bb8e324_p1_enhanced_orb.npy","f2906911d258ff1b936e1c623b5b1af9babc4af9756108aa0bee281a5bb8e324_p1_enhanced_orb.npy",".npy","57728","0.0551","2026-06-29T17:01:50","2026-05-27T08:50:37","BACKUP"
"RUNTIME","D:\halal_web_runtime","D:\halal_web_runtime\_onedrive_backup_archive\output.__onedrive_backup_20260629_144030\cert_template\features\f2906911d258ff1b936e1c623b5b1af9babc4af9756108aa0bee281a5bb8e324_p2_basic_orb.npy","_onedrive_backup_archive\output.__onedrive_backup_20260629_144030\cert_template\features\f2906911d258ff1b936e1c623b5b1af9babc4af9756108aa0bee281a5bb8e324_p2_basic_orb.npy","f2906911d258ff1b936e1c623b5b1af9babc4af9756108aa0bee281a5bb8e324_p2_basic_orb.npy",".npy","57728","0.0551","2026-06-29T17:01:50","2026-05-27T08:50:36","BACKUP"
"RUNTIME","D:\halal_web_runtime","D:\halal_web_runtime\_onedrive_backup_archive\output.__onedrive_backup_20260629_144030\cert_template\features\f2906911d258ff1b936e1c623b5b1af9babc4af9756108aa0bee281a5bb8e324_p2_enhanced_orb.npy","_onedrive_backup_archive\output.__onedrive_backup_20260629_144030\cert_template\features\f2906911d258ff1b936e1c623b5b1af9babc4af9756108aa0bee281a5bb8e324_p2_enhanced_orb.npy","f2906911d258ff1b936e1c623b5b1af9babc4af9756108aa0bee281a5bb8e324_p2_enhanced_orb.npy",".npy","57728","0.0551","2026-06-29T17:01:50","2026-05-27T08:50:38","BACKUP"
"RUNTIME","D:\halal_web_runtime","D:\halal_web_runtime\_onedrive_backup_archive\output.__onedrive_backup_20260629_144030\cert_template\features\f487d9fca00cea5bd8c59a15b42067f5744e93a1ac0924f223cc9ed36ba0bf1d_p1_basic_orb.npy","_onedrive_backup_archive\output.__onedrive_backup_20260629_144030\cert_template\features\f487d9fca00cea5bd8c59a15b42067f5744e93a1ac0924f223cc9ed36ba0bf1d_p1_basic_orb.npy","f487d9fca00cea5bd8c59a15b42067f5744e93a1ac0924f223cc9ed36ba0bf1d_p1_basic_orb.npy",".npy","57728","0.0551","2026-06-29T17:01:50","2026-05-28T08:10:07","BACKUP"
"RUNTIME","D:\halal_web_runtime","D:\halal_web_runtime\_onedrive_backup_archive\output.__onedrive_backup_20260629_144030\cert_template\features\f73af64c58a33b93fcdf0179db42fd2d9d12e314804499dee1713d6e6d5ec0d8_p1_basic_orb.npy","_onedrive_backup_archive\output.__onedrive_backup_20260629_144030\cert_template\features\f73af64c58a33b93fcdf0179db42fd2d9d12e314804499dee1713d6e6d5ec0d8_p1_basic_orb.npy","f73af64c58a33b93fcdf0179db42fd2d9d12e314804499dee1713d6e6d5ec0d8_p1_basic_orb.npy",".npy","57728","0.0551","2026-06-29T17:01:50","2026-05-27T08:50:52","BACKUP"
"RUNTIME","D:\halal_web_runtime","D:\halal_web_runtime\_onedrive_backup_archive\output.__onedrive_backup_20260629_144030\cert_template\features\f73af64c58a33b93fcdf0179db42fd2d9d12e314804499dee1713d6e6d5ec0d8_p1_enhanced_orb.npy","_onedrive_backup_archive\output.__onedrive_backup_20260629_144030\cert_template\features\f73af64c58a33b93fcdf0179db42fd2d9d12e314804499dee1713d6e6d5ec0d8_p1_enhanced_orb.npy","f73af64c58a33b93fcdf0179db42fd2d9d12e314804499dee1713d6e6d5ec0d8_p1_enhanced_orb.npy",".npy","57728","0.0551","2026-06-29T17:01:50","2026-05-27T08:50:52","BACKUP"
"RUNTIME","D:\halal_web_runtime","D:\halal_web_runtime\_onedrive_backup_archive\output.__onedrive_backup_20260629_144030\cert_template\features\f73af64c58a33b93fcdf0179db42fd2d9d12e314804499dee1713d6e6d5ec0d8_p2_basic_orb.npy","_onedrive_backup_archive\output.__onedrive_backup_20260629_144030\cert_template\features\f73af64c58a33b93fcdf0179db42fd2d9d12e314804499dee1713d6e6d5ec0d8_p2_basic_orb.npy","f73af64c58a33b93fcdf0179db42fd2d9d12e314804499dee1713d6e6d5ec0d8_p2_basic_orb.npy",".npy","57728","0.0551","2026-06-29T17:01:50","2026-05-27T08:50:52","BACKUP"
"RUNTIME","D:\halal_web_runtime","D:\halal_web_runtime\_onedrive_backup_archive\output.__onedrive_backup_20260629_144030\cert_template\features\f73af64c58a33b93fcdf0179db42fd2d9d12e314804499dee1713d6e6d5ec0d8_p2_enhanced_orb.npy","_onedrive_backup_archive\output.__onedrive_backup_20260629_144030\cert_template\features\f73af64c58a33b93fcdf0179db42fd2d9d12e314804499dee1713d6e6d5ec0d8_p2_enhanced_orb.npy","f73af64c58a33b93fcdf0179db42fd2d9d12e314804499dee1713d6e6d5ec0d8_p2_enhanced_orb.npy",".npy","57728","0.0551","2026-06-29T17:01:50","2026-05-27T08:50:53","BACKUP"
"RUNTIME","D:\halal_web_runtime","D:\halal_web_runtime\_onedrive_backup_archive\output.__onedrive_backup_20260629_144030\cert_template\features\fbd8c3f36fe31e6e146d0323f3be610f3fcce47e66b18ff61f21c9ad8b174379_p1_basic_orb.npy","_onedrive_backup_archive\output.__onedrive_backup_20260629_144030\cert_template\features\fbd8c3f36fe31e6e146d0323f3be610f3fcce47e66b18ff61f21c9ad8b174379_p1_basic_orb.npy","fbd8c3f36fe31e6e146d0323f3be610f3fcce47e66b18ff61f21c9ad8b174379_p1_basic_orb.npy",".npy","57728","0.0551","2026-06-29T17:01:50","2026-05-28T08:09:08","BACKUP"
"RUNTIME","D:\halal_web_runtime","D:\halal_web_runtime\_onedrive_backup_archive\output.__onedrive_backup_20260629_144030\cert_template\features\fce941d304bef2fcae3439cfc08ab4f5e49658e27672cfbf2d7d9260fa593df8_p1_basic_orb.npy","_onedrive_backup_archive\output.__onedrive_backup_20260629_144030\cert_template\features\fce941d304bef2fcae3439cfc08ab4f5e49658e27672cfbf2d7d9260fa593df8_p1_basic_orb.npy","fce941d304bef2fcae3439cfc08ab4f5e49658e27672cfbf2d7d9260fa593df8_p1_basic_orb.npy",".npy","57728","0.0551","2026-06-29T17:01:50","2026-05-27T08:48:43","BACKUP"
"RUNTIME","D:\halal_web_runtime","D:\halal_web_runtime\_onedrive_backup_archive\output.__onedrive_backup_20260629_144030\cert_template\features\fce941d304bef2fcae3439cfc08ab4f5e49658e27672cfbf2d7d9260fa593df8_p1_enhanced_orb.npy","_onedrive_backup_archive\output.__onedrive_backup_20260629_144030\cert_template\features\fce941d304bef2fcae3439cfc08ab4f5e49658e27672cfbf2d7d9260fa593df8_p1_enhanced_orb.npy","fce941d304bef2fcae3439cfc08ab4f5e49658e27672cfbf2d7d9260fa593df8_p1_enhanced_orb.npy",".npy","57728","0.0551","2026-06-29T17:01:50","2026-05-27T08:48:44","BACKUP"
"RUNTIME","D:\halal_web_runtime","D:\halal_web_runtime\_onedrive_backup_archive\output.__onedrive_backup_20260629_144030\cert_template\features\feb19422e0a9dedf5c4e253a2f522610046fc113caeb16de5a530aa9aea2a1cf_p1_basic_orb.npy","_onedrive_backup_archive\output.__onedrive_backup_20260629_144030\cert_template\features\feb19422e0a9dedf5c4e253a2f522610046fc113caeb16de5a530aa9aea2a1cf_p1_basic_orb.npy","feb19422e0a9dedf5c4e253a2f522610046fc113caeb16de5a530aa9aea2a1cf_p1_basic_orb.npy",".npy","57728","0.0551","2026-06-29T17:01:50","2026-05-27T08:48:35","BACKUP"
"RUNTIME","D:\halal_web_runtime","D:\halal_web_runtime\_onedrive_backup_archive\output.__onedrive_backup_20260629_144030\cert_template\features\feb19422e0a9dedf5c4e253a2f522610046fc113caeb16de5a530aa9aea2a1cf_p1_enhanced_orb.npy","_onedrive_backup_archive\output.__onedrive_backup_20260629_144030\cert_template\features\feb19422e0a9dedf5c4e253a2f522610046fc113caeb16de5a530aa9aea2a1cf_p1_enhanced_orb.npy","feb19422e0a9dedf5c4e253a2f522610046fc113caeb16de5a530aa9aea2a1cf_p1_enhanced_orb.npy",".npy","57728","0.0551","2026-06-29T17:01:50","2026-05-27T08:48:36","BACKUP"
"RUNTIME","D:\halal_web_runtime","D:\halal_web_runtime\_onedrive_backup_archive\output.__onedrive_backup_20260629_144030\cert_template\features\febbe41c6053cb56e45e21db29d8a815bf13e1a3bc167b86a23452ca20a546ca_p1_basic_orb.npy","_onedrive_backup_archive\output.__onedrive_backup_20260629_144030\cert_template\features\febbe41c6053cb56e45e21db29d8a815bf13e1a3bc167b86a23452ca20a546ca_p1_basic_orb.npy","febbe41c6053cb56e45e21db29d8a815bf13e1a3bc167b86a23452ca20a546ca_p1_basic_orb.npy",".npy","57728","0.0551","2026-06-29T17:01:50","2026-05-27T08:56:22","BACKUP"
"RUNTIME","D:\halal_web_runtime","D:\halal_web_runtime\_onedrive_backup_archive\output.__onedrive_backup_20260629_144030\cert_template\features\febbe41c6053cb56e45e21db29d8a815bf13e1a3bc167b86a23452ca20a546ca_p1_enhanced_orb.npy","_onedrive_backup_archive\output.__onedrive_backup_20260629_144030\cert_template\features\febbe41c6053cb56e45e21db29d8a815bf13e1a3bc167b86a23452ca20a546ca_p1_enhanced_orb.npy","febbe41c6053cb56e45e21db29d8a815bf13e1a3bc167b86a23452ca20a546ca_p1_enhanced_orb.npy",".npy","57728","0.0551","2026-06-29T17:01:50","2026-05-27T08:56:26","BACKUP"
"RUNTIME","D:\halal_web_runtime","D:\halal_web_runtime\_onedrive_backup_archive\output.__onedrive_backup_20260629_144030\cert_template\features\fedf412a304960ba578599430ab287ccfc3989151d6c3b47715266a154ad6888_p1_basic_orb.npy","_onedrive_backup_archive\output.__onedrive_backup_20260629_144030\cert_template\features\fedf412a304960ba578599430ab287ccfc3989151d6c3b47715266a154ad6888_p1_basic_orb.npy","fedf412a304960ba578599430ab287ccfc3989151d6c3b47715266a154ad6888_p1_basic_orb.npy",".npy","57728","0.0551","2026-06-29T17:01:50","2026-05-27T08:50:50","BACKUP"
"RUNTIME","D:\halal_web_runtime","D:\halal_web_runtime\_onedrive_backup_archive\output.__onedrive_backup_20260629_144030\cert_template\features\fedf412a304960ba578599430ab287ccfc3989151d6c3b47715266a154ad6888_p1_enhanced_orb.npy","_onedrive_backup_archive\output.__onedrive_backup_20260629_144030\cert_template\features\fedf412a304960ba578599430ab287ccfc3989151d6c3b47715266a154ad6888_p1_enhanced_orb.npy","fedf412a304960ba578599430ab287ccfc3989151d6c3b47715266a154ad6888_p1_enhanced_orb.npy",".npy","57728","0.0551","2026-06-29T17:01:50","2026-05-27T08:50:50","BACKUP"
"RUNTIME","D:\halal_web_runtime","D:\halal_web_runtime\_onedrive_backup_archive\output.__onedrive_backup_20260629_144030\lhln\BPJPH_교차인정기관_안내.pdf","_onedrive_backup_archive\output.__onedrive_backup_20260629_144030\lhln\BPJPH_교차인정기관_안내.pdf","BPJPH_교차인정기관_안내.pdf",".pdf","13848357","13.2068","2026-06-29T17:01:50","2026-05-09T04:59:10","PDF"
