"root_label","root_path","full_path","relative_path","file_name","extension","size_bytes","size_mb","created_at","modified_at","category"
"RUNTIME","D:\halal_web_runtime","D:\halal_web_runtime\certificate_classifier\reports\latest_audit.txt","certificate_classifier\reports\latest_audit.txt","latest_audit.txt",".txt","81","0.0001","2026-07-27T08:52:11","2026-07-27T11:41:23","SOURCE_OR_CONFIG"
"RUNTIME","D:\halal_web_runtime","D:\halal_web_runtime\certificate_classifier\reports\latest_field_label_candidates.txt","certificate_classifier\reports\latest_field_label_candidates.txt","latest_field_label_candidates.txt",".txt","90","0.0001","2026-07-27T17:54:36","2026-07-27T17:54:36","SOURCE_OR_CONFIG"
"RUNTIME","D:\halal_web_runtime","D:\halal_web_runtime\certificate_classifier\reports\latest_field_label_refinement.txt","certificate_classifier\reports\latest_field_label_refinement.txt","latest_field_label_refinement.txt",".txt","90","0.0001","2026-07-28T13:57:22","2026-07-28T13:57:22","SOURCE_OR_CONFIG"
"RUNTIME","D:\halal_web_runtime","D:\halal_web_runtime\certificate_classifier\reports\latest_field_model_training.txt","certificate_classifier\reports\latest_field_model_training.txt","latest_field_model_training.txt",".txt","88","0.0001","2026-07-28T14:24:22","2026-07-28T14:24:22","SOURCE_OR_CONFIG"
"RUNTIME","D:\halal_web_runtime","D:\halal_web_runtime\certificate_classifier\reports\latest_field_span_model_training.txt","certificate_classifier\reports\latest_field_span_model_training.txt","latest_field_span_model_training.txt",".txt","93","0.0001","2026-07-28T14:44:18","2026-07-28T14:44:18","SOURCE_OR_CONFIG"
"RUNTIME","D:\halal_web_runtime","D:\halal_web_runtime\certificate_classifier\reports\latest_model_training.txt","certificate_classifier\reports\latest_model_training.txt","latest_model_training.txt",".txt","82","0.0001","2026-07-27T11:18:19","2026-07-27T11:41:44","SOURCE_OR_CONFIG"
"RUNTIME","D:\halal_web_runtime","D:\halal_web_runtime\certificate_classifier\reports\latest_ocr_run.txt","certificate_classifier\reports\latest_ocr_run.txt","latest_ocr_run.txt",".txt","85","0.0001","2026-07-27T09:40:08","2026-07-27T11:41:28","SOURCE_OR_CONFIG"
"RUNTIME","D:\halal_web_runtime","D:\halal_web_runtime\certificate_classifier\reports\latest_product_item_labels.txt","certificate_classifier\reports\latest_product_item_labels.txt","latest_product_item_labels.txt",".txt","87","0.0001","2026-07-28T15:05:23","2026-07-28T15:05:23","SOURCE_OR_CONFIG"
"RUNTIME","D:\halal_web_runtime","D:\halal_web_runtime\certificate_classifier\reports\latest_product_ocr_bias_diagnostic.txt","certificate_classifier\reports\latest_product_ocr_bias_diagnostic.txt","latest_product_ocr_bias_diagnostic.txt",".txt","95","0.0001","2026-07-28T16:11:14","2026-07-28T16:11:14","SOURCE_OR_CONFIG"
"RUNTIME","D:\halal_web_runtime","D:\halal_web_runtime\certificate_classifier\reports\latest_synthetic_scan_core_field_eval.txt","certificate_classifier\reports\latest_synthetic_scan_core_field_eval.txt","latest_synthetic_scan_core_field_eval.txt",".txt","98","0.0001","2026-07-29T10:05:16","2026-07-29T10:05:16","SOURCE_OR_CONFIG"
"RUNTIME","D:\halal_web_runtime","D:\halal_web_runtime\certificate_classifier\reports\latest_synthetic_scan_ocr_eval.txt","certificate_classifier\reports\latest_synthetic_scan_ocr_eval.txt","latest_synthetic_scan_ocr_eval.txt",".txt","91","0.0001","2026-07-29T08:13:46","2026-07-29T08:13:46","SOURCE_OR_CONFIG"
"RUNTIME","D:\halal_web_runtime","D:\halal_web_runtime\certificate_classifier\reports\latest_synthetic_training_pack.txt","certificate_classifier\reports\latest_synthetic_training_pack.txt","latest_synthetic_training_pack.txt",".txt","91","0.0001","2026-07-29T11:35:04","2026-07-29T11:35:04","SOURCE_OR_CONFIG"
"RUNTIME","D:\halal_web_runtime","D:\halal_web_runtime\certificate_classifier\reports\dataset_audit_20260727_085201\01_document_audit.csv","certificate_classifier\reports\dataset_audit_20260727_085201\01_document_audit.csv","01_document_audit.csv",".csv","233027","0.2222","2026-07-27T08:52:11","2026-07-27T08:52:11","REPORT_OR_RESULT"
"RUNTIME","D:\halal_web_runtime","D:\halal_web_runtime\certificate_classifier\reports\dataset_audit_20260727_085201\02_institution_summary.csv","certificate_classifier\reports\dataset_audit_20260727_085201\02_institution_summary.csv","02_institution_summary.csv",".csv","676","0.0006","2026-07-27T08:52:11","2026-07-27T08:52:11","REPORT_OR_RESULT"
"RUNTIME","D:\halal_web_runtime","D:\halal_web_runtime\certificate_classifier\reports\dataset_audit_20260727_085201\03_ocr_required.csv","certificate_classifier\reports\dataset_audit_20260727_085201\03_ocr_required.csv","03_ocr_required.csv",".csv","54191","0.0517","2026-07-27T08:52:11","2026-07-27T08:52:11","REPORT_OR_RESULT"
"RUNTIME","D:\halal_web_runtime","D:\halal_web_runtime\certificate_classifier\reports\dataset_audit_20260727_085201\04_extraction_errors.csv","certificate_classifier\reports\dataset_audit_20260727_085201\04_extraction_errors.csv","04_extraction_errors.csv",".csv","200","0.0002","2026-07-27T08:52:11","2026-07-27T08:52:11","REPORT_OR_RESULT"
"RUNTIME","D:\halal_web_runtime","D:\halal_web_runtime\certificate_classifier\reports\dataset_audit_20260727_085201\05_text_direct.csv","certificate_classifier\reports\dataset_audit_20260727_085201\05_text_direct.csv","05_text_direct.csv",".csv","179036","0.1707","2026-07-27T08:52:11","2026-07-27T08:52:11","REPORT_OR_RESULT"
"RUNTIME","D:\halal_web_runtime","D:\halal_web_runtime\certificate_classifier\reports\dataset_audit_20260727_085201\06_audit_summary.json","certificate_classifier\reports\dataset_audit_20260727_085201\06_audit_summary.json","06_audit_summary.json",".json","631","0.0006","2026-07-27T08:52:11","2026-07-27T08:52:11","SOURCE_OR_CONFIG"
"RUNTIME","D:\halal_web_runtime","D:\halal_web_runtime\certificate_classifier\reports\dataset_audit_20260727_114117\01_document_audit.csv","certificate_classifier\reports\dataset_audit_20260727_114117\01_document_audit.csv","01_document_audit.csv",".csv","237490","0.2265","2026-07-27T11:41:23","2026-07-27T11:41:23","REPORT_OR_RESULT"
"RUNTIME","D:\halal_web_runtime","D:\halal_web_runtime\certificate_classifier\reports\dataset_audit_20260727_114117\02_institution_summary.csv","certificate_classifier\reports\dataset_audit_20260727_114117\02_institution_summary.csv","02_institution_summary.csv",".csv","676","0.0006","2026-07-27T11:41:23","2026-07-27T11:41:23","REPORT_OR_RESULT"
"RUNTIME","D:\halal_web_runtime","D:\halal_web_runtime\certificate_classifier\reports\dataset_audit_20260727_114117\03_ocr_required.csv","certificate_classifier\reports\dataset_audit_20260727_114117\03_ocr_required.csv","03_ocr_required.csv",".csv","56051","0.0535","2026-07-27T11:41:23","2026-07-27T11:41:23","REPORT_OR_RESULT"
"RUNTIME","D:\halal_web_runtime","D:\halal_web_runtime\certificate_classifier\reports\dataset_audit_20260727_114117\04_extraction_errors.csv","certificate_classifier\reports\dataset_audit_20260727_114117\04_extraction_errors.csv","04_extraction_errors.csv",".csv","200","0.0002","2026-07-27T11:41:23","2026-07-27T11:41:23","REPORT_OR_RESULT"
"RUNTIME","D:\halal_web_runtime","D:\halal_web_runtime\certificate_classifier\reports\dataset_audit_20260727_114117\05_text_direct.csv","certificate_classifier\reports\dataset_audit_20260727_114117\05_text_direct.csv","05_text_direct.csv",".csv","181639","0.1732","2026-07-27T11:41:23","2026-07-27T11:41:23","REPORT_OR_RESULT"
"RUNTIME","D:\halal_web_runtime","D:\halal_web_runtime\certificate_classifier\reports\dataset_audit_20260727_114117\06_audit_summary.json","certificate_classifier\reports\dataset_audit_20260727_114117\06_audit_summary.json","06_audit_summary.json",".json","665","0.0006","2026-07-27T11:41:23","2026-07-27T11:41:23","SOURCE_OR_CONFIG"
"RUNTIME","D:\halal_web_runtime","D:\halal_web_runtime\certificate_classifier\reports\field_label_candidates_20260727_175415\01_document_candidates.csv","certificate_classifier\reports\field_label_candidates_20260727_175415\01_document_candidates.csv","01_document_candidates.csv",".csv","314463","0.2999","2026-07-27T17:54:36","2026-07-27T17:54:36","REPORT_OR_RESULT"
"RUNTIME","D:\halal_web_runtime","D:\halal_web_runtime\certificate_classifier\reports\field_label_candidates_20260727_175415\02_field_candidates.csv","certificate_classifier\reports\field_label_candidates_20260727_175415\02_field_candidates.csv","02_field_candidates.csv",".csv","1309584","1.2489","2026-07-27T17:54:36","2026-07-27T17:54:36","REPORT_OR_RESULT"
"RUNTIME","D:\halal_web_runtime","D:\halal_web_runtime\certificate_classifier\reports\field_label_candidates_20260727_175415\03_auto_ready_labels.jsonl","certificate_classifier\reports\field_label_candidates_20260727_175415\03_auto_ready_labels.jsonl","03_auto_ready_labels.jsonl",".jsonl","1375217","1.3115","2026-07-27T17:54:36","2026-07-27T17:54:36","SOURCE_OR_CONFIG"
"RUNTIME","D:\halal_web_runtime","D:\halal_web_runtime\certificate_classifier\reports\field_label_candidates_20260727_175415\04_review_required.csv","certificate_classifier\reports\field_label_candidates_20260727_175415\04_review_required.csv","04_review_required.csv",".csv","666472","0.6356","2026-07-27T17:54:36","2026-07-27T17:54:36","REPORT_OR_RESULT"
"RUNTIME","D:\halal_web_runtime","D:\halal_web_runtime\certificate_classifier\reports\field_label_candidates_20260727_175415\05_field_coverage_by_institution.csv","certificate_classifier\reports\field_label_candidates_20260727_175415\05_field_coverage_by_institution.csv","05_field_coverage_by_institution.csv",".csv","3612","0.0034","2026-07-27T17:54:36","2026-07-27T17:54:36","REPORT_OR_RESULT"
"RUNTIME","D:\halal_web_runtime","D:\halal_web_runtime\certificate_classifier\reports\field_label_candidates_20260727_175415\06_pmf_match_candidates.csv","certificate_classifier\reports\field_label_candidates_20260727_175415\06_pmf_match_candidates.csv","06_pmf_match_candidates.csv",".csv","235472","0.2246","2026-07-27T17:54:36","2026-07-27T17:54:36","REPORT_OR_RESULT"
"RUNTIME","D:\halal_web_runtime","D:\halal_web_runtime\certificate_classifier\reports\field_label_candidates_20260727_175415\07_group_assignments.csv","certificate_classifier\reports\field_label_candidates_20260727_175415\07_group_assignments.csv","07_group_assignments.csv",".csv","73957","0.0705","2026-07-27T17:54:36","2026-07-27T17:54:36","REPORT_OR_RESULT"
"RUNTIME","D:\halal_web_runtime","D:\halal_web_runtime\certificate_classifier\reports\field_label_candidates_20260727_175415\08_summary.json","certificate_classifier\reports\field_label_candidates_20260727_175415\08_summary.json","08_summary.json",".json","1394","0.0013","2026-07-27T17:54:36","2026-07-27T17:54:36","SOURCE_OR_CONFIG"
"RUNTIME","D:\halal_web_runtime","D:\halal_web_runtime\certificate_classifier\reports\field_label_candidates_20260727_175415\09_annotation_report.html","certificate_classifier\reports\field_label_candidates_20260727_175415\09_annotation_report.html","09_annotation_report.html",".html","148918","0.142","2026-07-27T17:54:36","2026-07-27T17:54:36","SOURCE_OR_CONFIG"
"RUNTIME","D:\halal_web_runtime","D:\halal_web_runtime\certificate_classifier\reports\field_label_candidates_20260727_175415\10_label_schema.json","certificate_classifier\reports\field_label_candidates_20260727_175415\10_label_schema.json","10_label_schema.json",".json","665","0.0006","2026-07-27T17:54:36","2026-07-27T17:54:36","SOURCE_OR_CONFIG"
"RUNTIME","D:\halal_web_runtime","D:\halal_web_runtime\certificate_classifier\reports\field_label_candidates_20260727_175415\11_training_ready_field_examples.jsonl","certificate_classifier\reports\field_label_candidates_20260727_175415\11_training_ready_field_examples.jsonl","11_training_ready_field_examples.jsonl",".jsonl","402799","0.3841","2026-07-27T17:54:36","2026-07-27T17:54:36","SOURCE_OR_CONFIG"
"RUNTIME","D:\halal_web_runtime","D:\halal_web_runtime\certificate_classifier\reports\field_label_candidates_20260727_175415\12_source_conflicts.csv","certificate_classifier\reports\field_label_candidates_20260727_175415\12_source_conflicts.csv","12_source_conflicts.csv",".csv","107567","0.1026","2026-07-27T17:54:36","2026-07-27T17:54:36","REPORT_OR_RESULT"
"RUNTIME","D:\halal_web_runtime","D:\halal_web_runtime\certificate_classifier\reports\field_label_refinement_20260728_135722\01_refined_field_candidates.csv","certificate_classifier\reports\field_label_refinement_20260728_135722\01_refined_field_candidates.csv","01_refined_field_candidates.csv",".csv","1370056","1.3066","2026-07-28T13:57:22","2026-07-28T13:57:22","REPORT_OR_RESULT"
"RUNTIME","D:\halal_web_runtime","D:\halal_web_runtime\certificate_classifier\reports\field_label_refinement_20260728_135722\02_auto_promoted.csv","certificate_classifier\reports\field_label_refinement_20260728_135722\02_auto_promoted.csv","02_auto_promoted.csv",".csv","125564","0.1197","2026-07-28T13:57:22","2026-07-28T13:57:22","REPORT_OR_RESULT"
"RUNTIME","D:\halal_web_runtime","D:\halal_web_runtime\certificate_classifier\reports\field_label_refinement_20260728_135722\03_remaining_review.csv","certificate_classifier\reports\field_label_refinement_20260728_135722\03_remaining_review.csv","03_remaining_review.csv",".csv","589749","0.5624","2026-07-28T13:57:22","2026-07-28T13:57:22","REPORT_OR_RESULT"
"RUNTIME","D:\halal_web_runtime","D:\halal_web_runtime\certificate_classifier\reports\field_label_refinement_20260728_135722\04_field_coverage_refined.csv","certificate_classifier\reports\field_label_refinement_20260728_135722\04_field_coverage_refined.csv","04_field_coverage_refined.csv",".csv","3593","0.0034","2026-07-28T13:57:22","2026-07-28T13:57:22","REPORT_OR_RESULT"
"RUNTIME","D:\halal_web_runtime","D:\halal_web_runtime\certificate_classifier\reports\field_label_refinement_20260728_135722\05_field_summary_refined.csv","certificate_classifier\reports\field_label_refinement_20260728_135722\05_field_summary_refined.csv","05_field_summary_refined.csv",".csv","296","0.0003","2026-07-28T13:57:22","2026-07-28T13:57:22","REPORT_OR_RESULT"
"RUNTIME","D:\halal_web_runtime","D:\halal_web_runtime\certificate_classifier\reports\field_label_refinement_20260728_135722\06_summary.json","certificate_classifier\reports\field_label_refinement_20260728_135722\06_summary.json","06_summary.json",".json","1812","0.0017","2026-07-28T13:57:22","2026-07-28T13:57:22","SOURCE_OR_CONFIG"
"RUNTIME","D:\halal_web_runtime","D:\halal_web_runtime\certificate_classifier\reports\field_label_refinement_20260728_135722\07_training_ready_field_examples.jsonl","certificate_classifier\reports\field_label_refinement_20260728_135722\07_training_ready_field_examples.jsonl","07_training_ready_field_examples.jsonl",".jsonl","499955","0.4768","2026-07-28T13:57:22","2026-07-28T13:57:22","SOURCE_OR_CONFIG"
"RUNTIME","D:\halal_web_runtime","D:\halal_web_runtime\certificate_classifier\reports\field_label_refinement_20260728_135722\08_manual_review_template.csv","certificate_classifier\reports\field_label_refinement_20260728_135722\08_manual_review_template.csv","08_manual_review_template.csv",".csv","571921","0.5454","2026-07-28T13:57:22","2026-07-28T13:57:22","REPORT_OR_RESULT"
"RUNTIME","D:\halal_web_runtime","D:\halal_web_runtime\certificate_classifier\reports\field_label_refinement_20260728_135722\09_refinement_rules.json","certificate_classifier\reports\field_label_refinement_20260728_135722\09_refinement_rules.json","09_refinement_rules.json",".json","1213","0.0012","2026-07-28T13:57:22","2026-07-28T13:57:22","SOURCE_OR_CONFIG"
"RUNTIME","D:\halal_web_runtime","D:\halal_web_runtime\certificate_classifier\reports\field_model_training_20260728_142319\01_candidate_training_rows.csv","certificate_classifier\reports\field_model_training_20260728_142319\01_candidate_training_rows.csv","01_candidate_training_rows.csv",".csv","15745200","15.0158","2026-07-28T14:24:20","2026-07-28T14:24:21","REPORT_OR_RESULT"
"RUNTIME","D:\halal_web_runtime","D:\halal_web_runtime\certificate_classifier\reports\field_model_training_20260728_142319\02_training_documents.csv","certificate_classifier\reports\field_model_training_20260728_142319\02_training_documents.csv","02_training_documents.csv",".csv","144461","0.1378","2026-07-28T14:24:21","2026-07-28T14:24:21","REPORT_OR_RESULT"
"RUNTIME","D:\halal_web_runtime","D:\halal_web_runtime\certificate_classifier\reports\field_model_training_20260728_142319\03_field_metrics.csv","certificate_classifier\reports\field_model_training_20260728_142319\03_field_metrics.csv","03_field_metrics.csv",".csv","1152","0.0011","2026-07-28T14:24:21","2026-07-28T14:24:21","REPORT_OR_RESULT"
"RUNTIME","D:\halal_web_runtime","D:\halal_web_runtime\certificate_classifier\reports\field_model_training_20260728_142319\04_oof_document_predictions.csv","certificate_classifier\reports\field_model_training_20260728_142319\04_oof_document_predictions.csv","04_oof_document_predictions.csv",".csv","203141","0.1937","2026-07-28T14:24:21","2026-07-28T14:24:21","REPORT_OR_RESULT"
"RUNTIME","D:\halal_web_runtime","D:\halal_web_runtime\certificate_classifier\reports\field_model_training_20260728_142319\05_top1_errors.csv","certificate_classifier\reports\field_model_training_20260728_142319\05_top1_errors.csv","05_top1_errors.csv",".csv","30609","0.0292","2026-07-28T14:24:21","2026-07-28T14:24:21","REPORT_OR_RESULT"
"RUNTIME","D:\halal_web_runtime","D:\halal_web_runtime\certificate_classifier\reports\field_model_training_20260728_142319\06_country_predictions_review.csv","certificate_classifier\reports\field_model_training_20260728_142319\06_country_predictions_review.csv","06_country_predictions_review.csv",".csv","58551","0.0558","2026-07-28T14:24:21","2026-07-28T14:24:21","REPORT_OR_RESULT"
"RUNTIME","D:\halal_web_runtime","D:\halal_web_runtime\certificate_classifier\reports\field_model_training_20260728_142319\07_top1_accuracy.png","certificate_classifier\reports\field_model_training_20260728_142319\07_top1_accuracy.png","07_top1_accuracy.png",".png","34872","0.0333","2026-07-28T14:24:22","2026-07-28T14:24:22","REPORT_OR_RESULT"
"RUNTIME","D:\halal_web_runtime","D:\halal_web_runtime\certificate_classifier\reports\field_model_training_20260728_142319\08_top3_accuracy.png","certificate_classifier\reports\field_model_training_20260728_142319\08_top3_accuracy.png","08_top3_accuracy.png",".png","36376","0.0347","2026-07-28T14:24:22","2026-07-28T14:24:22","REPORT_OR_RESULT"
"RUNTIME","D:\halal_web_runtime","D:\halal_web_runtime\certificate_classifier\reports\field_model_training_20260728_142319\09_summary.json","certificate_classifier\reports\field_model_training_20260728_142319\09_summary.json","09_summary.json",".json","4911","0.0047","2026-07-28T14:24:22","2026-07-28T14:24:22","SOURCE_OR_CONFIG"
"RUNTIME","D:\halal_web_runtime","D:\halal_web_runtime\certificate_classifier\reports\field_model_training_20260728_142319\10_model_report.html","certificate_classifier\reports\field_model_training_20260728_142319\10_model_report.html","10_model_report.html",".html","54517","0.052","2026-07-28T14:24:22","2026-07-28T14:24:22","SOURCE_OR_CONFIG"
"RUNTIME","D:\halal_web_runtime","D:\halal_web_runtime\certificate_classifier\reports\field_model_training_20260728_142319\11_smoke_test.json","certificate_classifier\reports\field_model_training_20260728_142319\11_smoke_test.json","11_smoke_test.json",".json","307","0.0003","2026-07-28T14:24:22","2026-07-28T14:24:22","SOURCE_OR_CONFIG"
"RUNTIME","D:\halal_web_runtime","D:\halal_web_runtime\certificate_classifier\reports\field_span_model_training_20260728_144234\01_span_training_rows.csv","certificate_classifier\reports\field_span_model_training_20260728_144234\01_span_training_rows.csv","01_span_training_rows.csv",".csv","25295849","24.124","2026-07-28T14:44:17","2026-07-28T14:44:17","REPORT_OR_RESULT"
"RUNTIME","D:\halal_web_runtime","D:\halal_web_runtime\certificate_classifier\reports\field_span_model_training_20260728_144234\02_training_documents.csv","certificate_classifier\reports\field_span_model_training_20260728_144234\02_training_documents.csv","02_training_documents.csv",".csv","106649","0.1017","2026-07-28T14:44:17","2026-07-28T14:44:17","REPORT_OR_RESULT"
"RUNTIME","D:\halal_web_runtime","D:\halal_web_runtime\certificate_classifier\reports\field_span_model_training_20260728_144234\03_field_metrics.csv","certificate_classifier\reports\field_span_model_training_20260728_144234\03_field_metrics.csv","03_field_metrics.csv",".csv","447","0.0004","2026-07-28T14:44:17","2026-07-28T14:44:17","REPORT_OR_RESULT"
"RUNTIME","D:\halal_web_runtime","D:\halal_web_runtime\certificate_classifier\reports\field_span_model_training_20260728_144234\04_oof_predictions.csv","certificate_classifier\reports\field_span_model_training_20260728_144234\04_oof_predictions.csv","04_oof_predictions.csv",".csv","175787","0.1676","2026-07-28T14:44:17","2026-07-28T14:44:17","REPORT_OR_RESULT"
"RUNTIME","D:\halal_web_runtime","D:\halal_web_runtime\certificate_classifier\reports\field_span_model_training_20260728_144234\05_top1_errors.csv","certificate_classifier\reports\field_span_model_training_20260728_144234\05_top1_errors.csv","05_top1_errors.csv",".csv","12426","0.0119","2026-07-28T14:44:17","2026-07-28T14:44:17","REPORT_OR_RESULT"
"RUNTIME","D:\halal_web_runtime","D:\halal_web_runtime\certificate_classifier\reports\field_span_model_training_20260728_144234\06_top3_failures.csv","certificate_classifier\reports\field_span_model_training_20260728_144234\06_top3_failures.csv","06_top3_failures.csv",".csv","7716","0.0074","2026-07-28T14:44:17","2026-07-28T14:44:17","REPORT_OR_RESULT"
"RUNTIME","D:\halal_web_runtime","D:\halal_web_runtime\certificate_classifier\reports\field_span_model_training_20260728_144234\07_suspected_label_issues.csv","certificate_classifier\reports\field_span_model_training_20260728_144234\07_suspected_label_issues.csv","07_suspected_label_issues.csv",".csv","2384","0.0023","2026-07-28T14:44:17","2026-07-28T14:44:17","REPORT_OR_RESULT"
"RUNTIME","D:\halal_web_runtime","D:\halal_web_runtime\certificate_classifier\reports\field_span_model_training_20260728_144234\08_top1_accuracy.png","certificate_classifier\reports\field_span_model_training_20260728_144234\08_top1_accuracy.png","08_top1_accuracy.png",".png","30700","0.0293","2026-07-28T14:44:17","2026-07-28T14:44:17","REPORT_OR_RESULT"
"RUNTIME","D:\halal_web_runtime","D:\halal_web_runtime\certificate_classifier\reports\field_span_model_training_20260728_144234\09_top3_accuracy.png","certificate_classifier\reports\field_span_model_training_20260728_144234\09_top3_accuracy.png","09_top3_accuracy.png",".png","31242","0.0298","2026-07-28T14:44:18","2026-07-28T14:44:18","REPORT_OR_RESULT"
"RUNTIME","D:\halal_web_runtime","D:\halal_web_runtime\certificate_classifier\reports\field_span_model_training_20260728_144234\10_summary.json","certificate_classifier\reports\field_span_model_training_20260728_144234\10_summary.json","10_summary.json",".json","3160","0.003","2026-07-28T14:44:18","2026-07-28T14:44:18","SOURCE_OR_CONFIG"
"RUNTIME","D:\halal_web_runtime","D:\halal_web_runtime\certificate_classifier\reports\field_span_model_training_20260728_144234\11_model_report.html","certificate_classifier\reports\field_span_model_training_20260728_144234\11_model_report.html","11_model_report.html",".html","35230","0.0336","2026-07-28T14:44:18","2026-07-28T14:44:18","SOURCE_OR_CONFIG"
"RUNTIME","D:\halal_web_runtime","D:\halal_web_runtime\certificate_classifier\reports\field_span_model_training_20260728_144234\12_smoke_test.json","certificate_classifier\reports\field_span_model_training_20260728_144234\12_smoke_test.json","12_smoke_test.json",".json","284","0.0003","2026-07-28T14:44:18","2026-07-28T14:44:18","SOURCE_OR_CONFIG"
"RUNTIME","D:\halal_web_runtime","D:\halal_web_runtime\certificate_classifier\reports\model_training_20260727_111806\01_training_manifest.csv","certificate_classifier\reports\model_training_20260727_111806\01_training_manifest.csv","01_training_manifest.csv",".csv","126053","0.1202","2026-07-27T11:18:15","2026-07-27T11:18:15","REPORT_OR_RESULT"
"RUNTIME","D:\halal_web_runtime","D:\halal_web_runtime\certificate_classifier\reports\model_training_20260727_111806\02_cross_validation_predictions.csv","certificate_classifier\reports\model_training_20260727_111806\02_cross_validation_predictions.csv","02_cross_validation_predictions.csv",".csv","139918","0.1334","2026-07-27T11:18:15","2026-07-27T11:18:15","REPORT_OR_RESULT"
"RUNTIME","D:\halal_web_runtime","D:\halal_web_runtime\certificate_classifier\reports\model_training_20260727_111806\03_class_metrics.csv","certificate_classifier\reports\model_training_20260727_111806\03_class_metrics.csv","03_class_metrics.csv",".csv","499","0.0005","2026-07-27T11:18:15","2026-07-27T11:18:15","REPORT_OR_RESULT"
"RUNTIME","D:\halal_web_runtime","D:\halal_web_runtime\certificate_classifier\reports\model_training_20260727_111806\04_confusion_matrix.csv","certificate_classifier\reports\model_training_20260727_111806\04_confusion_matrix.csv","04_confusion_matrix.csv",".csv","888","0.0008","2026-07-27T11:18:15","2026-07-27T11:18:15","REPORT_OR_RESULT"
"RUNTIME","D:\halal_web_runtime","D:\halal_web_runtime\certificate_classifier\reports\model_training_20260727_111806\05_confusion_matrix_normalized.csv","certificate_classifier\reports\model_training_20260727_111806\05_confusion_matrix_normalized.csv","05_confusion_matrix_normalized.csv",".csv","1620","0.0015","2026-07-27T11:18:15","2026-07-27T11:18:15","REPORT_OR_RESULT"
"RUNTIME","D:\halal_web_runtime","D:\halal_web_runtime\certificate_classifier\reports\model_training_20260727_111806\06_class_distribution.png","certificate_classifier\reports\model_training_20260727_111806\06_class_distribution.png","06_class_distribution.png",".png","52863","0.0504","2026-07-27T11:18:15","2026-07-27T11:18:15","REPORT_OR_RESULT"
"RUNTIME","D:\halal_web_runtime","D:\halal_web_runtime\certificate_classifier\reports\model_training_20260727_111806\07_confusion_matrix.png","certificate_classifier\reports\model_training_20260727_111806\07_confusion_matrix.png","07_confusion_matrix.png",".png","128165","0.1222","2026-07-27T11:18:15","2026-07-27T11:18:15","REPORT_OR_RESULT"
"RUNTIME","D:\halal_web_runtime","D:\halal_web_runtime\certificate_classifier\reports\model_training_20260727_111806\08_class_f1_scores.png","certificate_classifier\reports\model_training_20260727_111806\08_class_f1_scores.png","08_class_f1_scores.png",".png","63367","0.0604","2026-07-27T11:18:16","2026-07-27T11:18:16","REPORT_OR_RESULT"
"RUNTIME","D:\halal_web_runtime","D:\halal_web_runtime\certificate_classifier\reports\model_training_20260727_111806\09_confidence_distribution.png","certificate_classifier\reports\model_training_20260727_111806\09_confidence_distribution.png","09_confidence_distribution.png",".png","39323","0.0375","2026-07-27T11:18:16","2026-07-27T11:18:16","REPORT_OR_RESULT"
"RUNTIME","D:\halal_web_runtime","D:\halal_web_runtime\certificate_classifier\reports\model_training_20260727_111806\10_document_embedding.png","certificate_classifier\reports\model_training_20260727_111806\10_document_embedding.png","10_document_embedding.png",".png","159024","0.1517","2026-07-27T11:18:18","2026-07-27T11:18:18","REPORT_OR_RESULT"
"RUNTIME","D:\halal_web_runtime","D:\halal_web_runtime\certificate_classifier\reports\model_training_20260727_111806\11_misclassified_documents.csv","certificate_classifier\reports\model_training_20260727_111806\11_misclassified_documents.csv","11_misclassified_documents.csv",".csv","2301","0.0022","2026-07-27T11:18:15","2026-07-27T11:18:15","REPORT_OR_RESULT"
"RUNTIME","D:\halal_web_runtime","D:\halal_web_runtime\certificate_classifier\reports\model_training_20260727_111806\12_model_summary.json","certificate_classifier\reports\model_training_20260727_111806\12_model_summary.json","12_model_summary.json",".json","2667","0.0025","2026-07-27T11:18:19","2026-07-27T11:18:19","SOURCE_OR_CONFIG"
"RUNTIME","D:\halal_web_runtime","D:\halal_web_runtime\certificate_classifier\reports\model_training_20260727_111806\13_model_report.html","certificate_classifier\reports\model_training_20260727_111806\13_model_report.html","13_model_report.html",".html","5076","0.0048","2026-07-27T11:18:19","2026-07-27T11:18:19","SOURCE_OR_CONFIG"
"RUNTIME","D:\halal_web_runtime","D:\halal_web_runtime\certificate_classifier\reports\model_training_20260727_111806\14_near_duplicate_candidates.csv","certificate_classifier\reports\model_training_20260727_111806\14_near_duplicate_candidates.csv","14_near_duplicate_candidates.csv",".csv","5118","0.0049","2026-07-27T11:18:18","2026-07-27T11:18:18","REPORT_OR_RESULT"
"RUNTIME","D:\halal_web_runtime","D:\halal_web_runtime\certificate_classifier\reports\model_training_20260727_111806\15_top_confusions.csv","certificate_classifier\reports\model_training_20260727_111806\15_top_confusions.csv","15_top_confusions.csv",".csv","110","0.0001","2026-07-27T11:18:15","2026-07-27T11:18:15","REPORT_OR_RESULT"
"RUNTIME","D:\halal_web_runtime","D:\halal_web_runtime\certificate_classifier\reports\model_training_20260727_111806\16_smoke_test.json","certificate_classifier\reports\model_training_20260727_111806\16_smoke_test.json","16_smoke_test.json",".json","202","0.0002","2026-07-27T11:18:19","2026-07-27T11:18:19","SOURCE_OR_CONFIG"
"RUNTIME","D:\halal_web_runtime","D:\halal_web_runtime\certificate_classifier\reports\model_training_20260727_114129\01_training_manifest.csv","certificate_classifier\reports\model_training_20260727_114129\01_training_manifest.csv","01_training_manifest.csv",".csv","126074","0.1202","2026-07-27T11:41:40","2026-07-27T11:41:40","REPORT_OR_RESULT"
"RUNTIME","D:\halal_web_runtime","D:\halal_web_runtime\certificate_classifier\reports\model_training_20260727_114129\02_cross_validation_predictions.csv","certificate_classifier\reports\model_training_20260727_114129\02_cross_validation_predictions.csv","02_cross_validation_predictions.csv",".csv","139873","0.1334","2026-07-27T11:41:40","2026-07-27T11:41:40","REPORT_OR_RESULT"
"RUNTIME","D:\halal_web_runtime","D:\halal_web_runtime\certificate_classifier\reports\model_training_20260727_114129\03_class_metrics.csv","certificate_classifier\reports\model_training_20260727_114129\03_class_metrics.csv","03_class_metrics.csv",".csv","433","0.0004","2026-07-27T11:41:40","2026-07-27T11:41:40","REPORT_OR_RESULT"
"RUNTIME","D:\halal_web_runtime","D:\halal_web_runtime\certificate_classifier\reports\model_training_20260727_114129\04_confusion_matrix.csv","certificate_classifier\reports\model_training_20260727_114129\04_confusion_matrix.csv","04_confusion_matrix.csv",".csv","888","0.0008","2026-07-27T11:41:40","2026-07-27T11:41:40","REPORT_OR_RESULT"
"RUNTIME","D:\halal_web_runtime","D:\halal_web_runtime\certificate_classifier\reports\model_training_20260727_114129\05_confusion_matrix_normalized.csv","certificate_classifier\reports\model_training_20260727_114129\05_confusion_matrix_normalized.csv","05_confusion_matrix_normalized.csv",".csv","1521","0.0015","2026-07-27T11:41:40","2026-07-27T11:41:40","REPORT_OR_RESULT"
"RUNTIME","D:\halal_web_runtime","D:\halal_web_runtime\certificate_classifier\reports\model_training_20260727_114129\06_class_distribution.png","certificate_classifier\reports\model_training_20260727_114129\06_class_distribution.png","06_class_distribution.png",".png","52683","0.0502","2026-07-27T11:41:40","2026-07-27T11:41:40","REPORT_OR_RESULT"
"RUNTIME","D:\halal_web_runtime","D:\halal_web_runtime\certificate_classifier\reports\model_training_20260727_114129\07_confusion_matrix.png","certificate_classifier\reports\model_training_20260727_114129\07_confusion_matrix.png","07_confusion_matrix.png",".png","122792","0.1171","2026-07-27T11:41:40","2026-07-27T11:41:41","REPORT_OR_RESULT"
"RUNTIME","D:\halal_web_runtime","D:\halal_web_runtime\certificate_classifier\reports\model_training_20260727_114129\08_class_f1_scores.png","certificate_classifier\reports\model_training_20260727_114129\08_class_f1_scores.png","08_class_f1_scores.png",".png","58739","0.056","2026-07-27T11:41:41","2026-07-27T11:41:41","REPORT_OR_RESULT"
"RUNTIME","D:\halal_web_runtime","D:\halal_web_runtime\certificate_classifier\reports\model_training_20260727_114129\09_confidence_distribution.png","certificate_classifier\reports\model_training_20260727_114129\09_confidence_distribution.png","09_confidence_distribution.png",".png","38232","0.0365","2026-07-27T11:41:41","2026-07-27T11:41:41","REPORT_OR_RESULT"
"RUNTIME","D:\halal_web_runtime","D:\halal_web_runtime\certificate_classifier\reports\model_training_20260727_114129\10_document_embedding.png","certificate_classifier\reports\model_training_20260727_114129\10_document_embedding.png","10_document_embedding.png",".png","154552","0.1474","2026-07-27T11:41:43","2026-07-27T11:41:43","REPORT_OR_RESULT"
"RUNTIME","D:\halal_web_runtime","D:\halal_web_runtime\certificate_classifier\reports\model_training_20260727_114129\11_misclassified_documents.csv","certificate_classifier\reports\model_training_20260727_114129\11_misclassified_documents.csv","11_misclassified_documents.csv",".csv","221","0.0002","2026-07-27T11:41:40","2026-07-27T11:41:40","REPORT_OR_RESULT"
"RUNTIME","D:\halal_web_runtime","D:\halal_web_runtime\certificate_classifier\reports\model_training_20260727_114129\12_model_summary.json","certificate_classifier\reports\model_training_20260727_114129\12_model_summary.json","12_model_summary.json",".json","2647","0.0025","2026-07-27T11:41:44","2026-07-27T11:41:44","SOURCE_OR_CONFIG"
"RUNTIME","D:\halal_web_runtime","D:\halal_web_runtime\certificate_classifier\reports\model_training_20260727_114129\13_model_report.html","certificate_classifier\reports\model_training_20260727_114129\13_model_report.html","13_model_report.html",".html","4948","0.0047","2026-07-27T11:41:44","2026-07-27T11:41:44","SOURCE_OR_CONFIG"
"RUNTIME","D:\halal_web_runtime","D:\halal_web_runtime\certificate_classifier\reports\model_training_20260727_114129\14_near_duplicate_candidates.csv","certificate_classifier\reports\model_training_20260727_114129\14_near_duplicate_candidates.csv","14_near_duplicate_candidates.csv",".csv","5760","0.0055","2026-07-27T11:41:43","2026-07-27T11:41:43","REPORT_OR_RESULT"
"RUNTIME","D:\halal_web_runtime","D:\halal_web_runtime\certificate_classifier\reports\model_training_20260727_114129\15_top_confusions.csv","certificate_classifier\reports\model_training_20260727_114129\15_top_confusions.csv","15_top_confusions.csv",".csv","51","0","2026-07-27T11:41:40","2026-07-27T11:41:40","REPORT_OR_RESULT"
"RUNTIME","D:\halal_web_runtime","D:\halal_web_runtime\certificate_classifier\reports\model_training_20260727_114129\16_smoke_test.json","certificate_classifier\reports\model_training_20260727_114129\16_smoke_test.json","16_smoke_test.json",".json","202","0.0002","2026-07-27T11:41:44","2026-07-27T11:41:44","SOURCE_OR_CONFIG"
"RUNTIME","D:\halal_web_runtime","D:\halal_web_runtime\certificate_classifier\reports\ocr_training_text_20260727_091542\01_ocr_document_results.csv","certificate_classifier\reports\ocr_training_text_20260727_091542\01_ocr_document_results.csv","01_ocr_document_results.csv",".csv","135535","0.1293","2026-07-27T09:40:08","2026-07-27T09:40:08","REPORT_OR_RESULT"
"RUNTIME","D:\halal_web_runtime","D:\halal_web_runtime\certificate_classifier\reports\ocr_training_text_20260727_091542\02_institution_ocr_summary.csv","certificate_classifier\reports\ocr_training_text_20260727_091542\02_institution_ocr_summary.csv","02_institution_ocr_summary.csv",".csv","689","0.0007","2026-07-27T09:40:08","2026-07-27T09:40:08","REPORT_OR_RESULT"
"RUNTIME","D:\halal_web_runtime","D:\halal_web_runtime\certificate_classifier\reports\ocr_training_text_20260727_091542\03_review_required.csv","certificate_classifier\reports\ocr_training_text_20260727_091542\03_review_required.csv","03_review_required.csv",".csv","254","0.0002","2026-07-27T09:40:08","2026-07-27T09:40:08","REPORT_OR_RESULT"
"RUNTIME","D:\halal_web_runtime","D:\halal_web_runtime\certificate_classifier\reports\ocr_training_text_20260727_091542\04_training_text_manifest.csv","certificate_classifier\reports\ocr_training_text_20260727_091542\04_training_text_manifest.csv","04_training_text_manifest.csv",".csv","135535","0.1293","2026-07-27T09:40:08","2026-07-27T09:40:08","REPORT_OR_RESULT"
"RUNTIME","D:\halal_web_runtime","D:\halal_web_runtime\certificate_classifier\reports\ocr_training_text_20260727_091542\05_training_text_readiness.png","certificate_classifier\reports\ocr_training_text_20260727_091542\05_training_text_readiness.png","05_training_text_readiness.png",".png","56682","0.0541","2026-07-27T09:40:08","2026-07-27T09:40:08","REPORT_OR_RESULT"
"RUNTIME","D:\halal_web_runtime","D:\halal_web_runtime\certificate_classifier\reports\ocr_training_text_20260727_091542\06_average_text_length.png","certificate_classifier\reports\ocr_training_text_20260727_091542\06_average_text_length.png","06_average_text_length.png",".png","51532","0.0491","2026-07-27T09:40:08","2026-07-27T09:40:08","REPORT_OR_RESULT"
"RUNTIME","D:\halal_web_runtime","D:\halal_web_runtime\certificate_classifier\reports\ocr_training_text_20260727_091542\07_ocr_summary.json","certificate_classifier\reports\ocr_training_text_20260727_091542\07_ocr_summary.json","07_ocr_summary.json",".json","686","0.0007","2026-07-27T09:40:08","2026-07-27T09:40:08","SOURCE_OR_CONFIG"
"RUNTIME","D:\halal_web_runtime","D:\halal_web_runtime\certificate_classifier\reports\ocr_training_text_20260727_091542\08_ocr_report.html","certificate_classifier\reports\ocr_training_text_20260727_091542\08_ocr_report.html","08_ocr_report.html",".html","3259","0.0031","2026-07-27T09:40:08","2026-07-27T09:40:08","SOURCE_OR_CONFIG"
"RUNTIME","D:\halal_web_runtime","D:\halal_web_runtime\certificate_classifier\reports\ocr_training_text_20260727_114126\01_ocr_document_results.csv","certificate_classifier\reports\ocr_training_text_20260727_114126\01_ocr_document_results.csv","01_ocr_document_results.csv",".csv","135246","0.129","2026-07-27T11:41:27","2026-07-27T11:41:27","REPORT_OR_RESULT"
"RUNTIME","D:\halal_web_runtime","D:\halal_web_runtime\certificate_classifier\reports\ocr_training_text_20260727_114126\02_institution_ocr_summary.csv","certificate_classifier\reports\ocr_training_text_20260727_114126\02_institution_ocr_summary.csv","02_institution_ocr_summary.csv",".csv","689","0.0007","2026-07-27T11:41:27","2026-07-27T11:41:27","REPORT_OR_RESULT"
"RUNTIME","D:\halal_web_runtime","D:\halal_web_runtime\certificate_classifier\reports\ocr_training_text_20260727_114126\03_review_required.csv","certificate_classifier\reports\ocr_training_text_20260727_114126\03_review_required.csv","03_review_required.csv",".csv","254","0.0002","2026-07-27T11:41:27","2026-07-27T11:41:27","REPORT_OR_RESULT"
"RUNTIME","D:\halal_web_runtime","D:\halal_web_runtime\certificate_classifier\reports\ocr_training_text_20260727_114126\04_training_text_manifest.csv","certificate_classifier\reports\ocr_training_text_20260727_114126\04_training_text_manifest.csv","04_training_text_manifest.csv",".csv","135246","0.129","2026-07-27T11:41:27","2026-07-27T11:41:27","REPORT_OR_RESULT"
"RUNTIME","D:\halal_web_runtime","D:\halal_web_runtime\certificate_classifier\reports\ocr_training_text_20260727_114126\05_training_text_readiness.png","certificate_classifier\reports\ocr_training_text_20260727_114126\05_training_text_readiness.png","05_training_text_readiness.png",".png","56862","0.0542","2026-07-27T11:41:27","2026-07-27T11:41:28","REPORT_OR_RESULT"
"RUNTIME","D:\halal_web_runtime","D:\halal_web_runtime\certificate_classifier\reports\ocr_training_text_20260727_114126\06_average_text_length.png","certificate_classifier\reports\ocr_training_text_20260727_114126\06_average_text_length.png","06_average_text_length.png",".png","50636","0.0483","2026-07-27T11:41:28","2026-07-27T11:41:28","REPORT_OR_RESULT"
"RUNTIME","D:\halal_web_runtime","D:\halal_web_runtime\certificate_classifier\reports\ocr_training_text_20260727_114126\07_ocr_summary.json","certificate_classifier\reports\ocr_training_text_20260727_114126\07_ocr_summary.json","07_ocr_summary.json",".json","701","0.0007","2026-07-27T11:41:28","2026-07-27T11:41:28","SOURCE_OR_CONFIG"
"RUNTIME","D:\halal_web_runtime","D:\halal_web_runtime\certificate_classifier\reports\ocr_training_text_20260727_114126\08_ocr_report.html","certificate_classifier\reports\ocr_training_text_20260727_114126\08_ocr_report.html","08_ocr_report.html",".html","3259","0.0031","2026-07-27T11:41:28","2026-07-27T11:41:28","SOURCE_OR_CONFIG"
"RUNTIME","D:\halal_web_runtime","D:\halal_web_runtime\certificate_classifier\reports\product_item_labels_20260728_150521\01_document_structure_candidates.csv","certificate_classifier\reports\product_item_labels_20260728_150521\01_document_structure_candidates.csv","01_document_structure_candidates.csv",".csv","140640","0.1341","2026-07-28T15:05:23","2026-07-28T15:05:23","REPORT_OR_RESULT"
"RUNTIME","D:\halal_web_runtime","D:\halal_web_runtime\certificate_classifier\reports\product_item_labels_20260728_150521\02_product_item_candidates.csv","certificate_classifier\reports\product_item_labels_20260728_150521\02_product_item_candidates.csv","02_product_item_candidates.csv",".csv","1424205","1.3582","2026-07-28T15:05:23","2026-07-28T15:05:23","REPORT_OR_RESULT"
"RUNTIME","D:\halal_web_runtime","D:\halal_web_runtime\certificate_classifier\reports\product_item_labels_20260728_150521\03_product_header_candidates.csv","certificate_classifier\reports\product_item_labels_20260728_150521\03_product_header_candidates.csv","03_product_header_candidates.csv",".csv","805435","0.7681","2026-07-28T15:05:23","2026-07-28T15:05:23","REPORT_OR_RESULT"
"RUNTIME","D:\halal_web_runtime","D:\halal_web_runtime\certificate_classifier\reports\product_item_labels_20260728_150521\04_document_number_candidates.csv","certificate_classifier\reports\product_item_labels_20260728_150521\04_document_number_candidates.csv","04_document_number_candidates.csv",".csv","41107","0.0392","2026-07-28T15:05:23","2026-07-28T15:05:23","REPORT_OR_RESULT"
"RUNTIME","D:\halal_web_runtime","D:\halal_web_runtime\certificate_classifier\reports\product_item_labels_20260728_150521\05_pmf_product_item_links.csv","certificate_classifier\reports\product_item_labels_20260728_150521\05_pmf_product_item_links.csv","05_pmf_product_item_links.csv",".csv","166897","0.1592","2026-07-28T15:05:23","2026-07-28T15:05:23","REPORT_OR_RESULT"
"RUNTIME","D:\halal_web_runtime","D:\halal_web_runtime\certificate_classifier\reports\product_item_labels_20260728_150521\06_institution_product_coverage.csv","certificate_classifier\reports\product_item_labels_20260728_150521\06_institution_product_coverage.csv","06_institution_product_coverage.csv",".csv","448","0.0004","2026-07-28T15:05:23","2026-07-28T15:05:23","REPORT_OR_RESULT"
"RUNTIME","D:\halal_web_runtime","D:\halal_web_runtime\certificate_classifier\reports\product_item_labels_20260728_150521\07_auto_ready_product_items.jsonl","certificate_classifier\reports\product_item_labels_20260728_150521\07_auto_ready_product_items.jsonl","07_auto_ready_product_items.jsonl",".jsonl","440988","0.4206","2026-07-28T15:05:23","2026-07-28T15:05:23","SOURCE_OR_CONFIG"
"RUNTIME","D:\halal_web_runtime","D:\halal_web_runtime\certificate_classifier\reports\product_item_labels_20260728_150521\08_review_required.csv","certificate_classifier\reports\product_item_labels_20260728_150521\08_review_required.csv","08_review_required.csv",".csv","502426","0.4792","2026-07-28T15:05:23","2026-07-28T15:05:23","REPORT_OR_RESULT"
"RUNTIME","D:\halal_web_runtime","D:\halal_web_runtime\certificate_classifier\reports\product_item_labels_20260728_150521\09_summary.json","certificate_classifier\reports\product_item_labels_20260728_150521\09_summary.json","09_summary.json",".json","2510","0.0024","2026-07-28T15:05:23","2026-07-28T15:05:23","SOURCE_OR_CONFIG"
"RUNTIME","D:\halal_web_runtime","D:\halal_web_runtime\certificate_classifier\reports\product_item_labels_20260728_150521\10_manual_review_template.csv","certificate_classifier\reports\product_item_labels_20260728_150521\10_manual_review_template.csv","10_manual_review_template.csv",".csv","506484","0.483","2026-07-28T15:05:23","2026-07-28T15:05:23","REPORT_OR_RESULT"
"RUNTIME","D:\halal_web_runtime","D:\halal_web_runtime\certificate_classifier\reports\product_item_labels_20260728_150521\11_annotation_report.html","certificate_classifier\reports\product_item_labels_20260728_150521\11_annotation_report.html","11_annotation_report.html",".html","209184","0.1995","2026-07-28T15:05:23","2026-07-28T15:05:23","SOURCE_OR_CONFIG"
"RUNTIME","D:\halal_web_runtime","D:\halal_web_runtime\certificate_classifier\reports\product_ocr_bias_diagnostic_20260728_161113\01_documents_with_ocr_source.csv","certificate_classifier\reports\product_ocr_bias_diagnostic_20260728_161113\01_documents_with_ocr_source.csv","01_documents_with_ocr_source.csv",".csv","176845","0.1687","2026-07-28T16:11:13","2026-07-28T16:11:13","REPORT_OR_RESULT"
"RUNTIME","D:\halal_web_runtime","D:\halal_web_runtime\certificate_classifier\reports\product_ocr_bias_diagnostic_20260728_161113\02_product_items_with_ocr_source.csv","certificate_classifier\reports\product_ocr_bias_diagnostic_20260728_161113\02_product_items_with_ocr_source.csv","02_product_items_with_ocr_source.csv",".csv","1611905","1.5372","2026-07-28T16:11:13","2026-07-28T16:11:13","REPORT_OR_RESULT"
"RUNTIME","D:\halal_web_runtime","D:\halal_web_runtime\certificate_classifier\reports\product_ocr_bias_diagnostic_20260728_161113\03_row_status_by_source.csv","certificate_classifier\reports\product_ocr_bias_diagnostic_20260728_161113\03_row_status_by_source.csv","03_row_status_by_source.csv",".csv","354","0.0003","2026-07-28T16:11:13","2026-07-28T16:11:13","REPORT_OR_RESULT"
"RUNTIME","D:\halal_web_runtime","D:\halal_web_runtime\certificate_classifier\reports\product_ocr_bias_diagnostic_20260728_161113\04_source_document_summary.csv","certificate_classifier\reports\product_ocr_bias_diagnostic_20260728_161113\04_source_document_summary.csv","04_source_document_summary.csv",".csv","359","0.0003","2026-07-28T16:11:13","2026-07-28T16:11:13","REPORT_OR_RESULT"
"RUNTIME","D:\halal_web_runtime","D:\halal_web_runtime\certificate_classifier\reports\product_ocr_bias_diagnostic_20260728_161113\05_institution_source_bias.csv","certificate_classifier\reports\product_ocr_bias_diagnostic_20260728_161113\05_institution_source_bias.csv","05_institution_source_bias.csv",".csv","1275","0.0012","2026-07-28T16:11:13","2026-07-28T16:11:13","REPORT_OR_RESULT"
"RUNTIME","D:\halal_web_runtime","D:\halal_web_runtime\certificate_classifier\reports\product_ocr_bias_diagnostic_20260728_161113\06_ocr_quality_breakdown.csv","certificate_classifier\reports\product_ocr_bias_diagnostic_20260728_161113\06_ocr_quality_breakdown.csv","06_ocr_quality_breakdown.csv",".csv","250","0.0002","2026-07-28T16:11:13","2026-07-28T16:11:13","REPORT_OR_RESULT"
"RUNTIME","D:\halal_web_runtime","D:\halal_web_runtime\certificate_classifier\reports\product_ocr_bias_diagnostic_20260728_161113\07_priority_ocr_review_documents.csv","certificate_classifier\reports\product_ocr_bias_diagnostic_20260728_161113\07_priority_ocr_review_documents.csv","07_priority_ocr_review_documents.csv",".csv","19832","0.0189","2026-07-28T16:11:13","2026-07-28T16:11:13","REPORT_OR_RESULT"
"RUNTIME","D:\halal_web_runtime","D:\halal_web_runtime\certificate_classifier\reports\product_ocr_bias_diagnostic_20260728_161113\08_priority_ocr_review_rows.csv","certificate_classifier\reports\product_ocr_bias_diagnostic_20260728_161113\08_priority_ocr_review_rows.csv","08_priority_ocr_review_rows.csv",".csv","269696","0.2572","2026-07-28T16:11:13","2026-07-28T16:11:13","REPORT_OR_RESULT"
"RUNTIME","D:\halal_web_runtime","D:\halal_web_runtime\certificate_classifier\reports\product_ocr_bias_diagnostic_20260728_161113\09_bias_diagnostic_summary.json","certificate_classifier\reports\product_ocr_bias_diagnostic_20260728_161113\09_bias_diagnostic_summary.json","09_bias_diagnostic_summary.json",".json","2671","0.0025","2026-07-28T16:11:13","2026-07-28T16:11:13","SOURCE_OR_CONFIG"
"RUNTIME","D:\halal_web_runtime","D:\halal_web_runtime\certificate_classifier\reports\product_ocr_bias_diagnostic_20260728_161113\10_product_row_status_by_source.png","certificate_classifier\reports\product_ocr_bias_diagnostic_20260728_161113\10_product_row_status_by_source.png","10_product_row_status_by_source.png",".png","34403","0.0328","2026-07-28T16:11:14","2026-07-28T16:11:14","REPORT_OR_RESULT"
"RUNTIME","D:\halal_web_runtime","D:\halal_web_runtime\certificate_classifier\reports\product_ocr_bias_diagnostic_20260728_161113\11_auto_ready_rate_by_source.png","certificate_classifier\reports\product_ocr_bias_diagnostic_20260728_161113\11_auto_ready_rate_by_source.png","11_auto_ready_rate_by_source.png",".png","32039","0.0306","2026-07-28T16:11:14","2026-07-28T16:11:14","REPORT_OR_RESULT"
"RUNTIME","D:\halal_web_runtime","D:\halal_web_runtime\certificate_classifier\reports\product_ocr_bias_diagnostic_20260728_161113\12_ocr_bias_report.html","certificate_classifier\reports\product_ocr_bias_diagnostic_20260728_161113\12_ocr_bias_report.html","12_ocr_bias_report.html",".html","46011","0.0439","2026-07-28T16:11:14","2026-07-28T16:11:14","SOURCE_OR_CONFIG"
"RUNTIME","D:\halal_web_runtime","D:\halal_web_runtime\certificate_classifier\reports\synthetic_scan_core_field_eval_20260729_095034\01_document_core_field_results.csv","certificate_classifier\reports\synthetic_scan_core_field_eval_20260729_095034\01_document_core_field_results.csv","01_document_core_field_results.csv",".csv","33695","0.0321","2026-07-29T10:05:16","2026-07-29T10:05:16","REPORT_OR_RESULT"
"RUNTIME","D:\halal_web_runtime","D:\halal_web_runtime\certificate_classifier\reports\synthetic_scan_core_field_eval_20260729_095034\02_value_match_details.csv","certificate_classifier\reports\synthetic_scan_core_field_eval_20260729_095034\02_value_match_details.csv","02_value_match_details.csv",".csv","35402","0.0338","2026-07-29T10:05:16","2026-07-29T10:05:16","REPORT_OR_RESULT"
"RUNTIME","D:\halal_web_runtime","D:\halal_web_runtime\certificate_classifier\reports\synthetic_scan_core_field_eval_20260729_095034\03_field_summary.csv","certificate_classifier\reports\synthetic_scan_core_field_eval_20260729_095034\03_field_summary.csv","03_field_summary.csv",".csv","286","0.0003","2026-07-29T10:05:16","2026-07-29T10:05:16","REPORT_OR_RESULT"
"RUNTIME","D:\halal_web_runtime","D:\halal_web_runtime\certificate_classifier\reports\synthetic_scan_core_field_eval_20260729_095034\04_profile_summary.csv","certificate_classifier\reports\synthetic_scan_core_field_eval_20260729_095034\04_profile_summary.csv","04_profile_summary.csv",".csv","374","0.0004","2026-07-29T10:05:16","2026-07-29T10:05:16","REPORT_OR_RESULT"
"RUNTIME","D:\halal_web_runtime","D:\halal_web_runtime\certificate_classifier\reports\synthetic_scan_core_field_eval_20260729_095034\05_institution_summary.csv","certificate_classifier\reports\synthetic_scan_core_field_eval_20260729_095034\05_institution_summary.csv","05_institution_summary.csv",".csv","735","0.0007","2026-07-29T10:05:16","2026-07-29T10:05:16","REPORT_OR_RESULT"
"RUNTIME","D:\halal_web_runtime","D:\halal_web_runtime\certificate_classifier\reports\synthetic_scan_core_field_eval_20260729_095034\06_review_documents.csv","certificate_classifier\reports\synthetic_scan_core_field_eval_20260729_095034\06_review_documents.csv","06_review_documents.csv",".csv","2696","0.0026","2026-07-29T10:05:16","2026-07-29T10:05:16","REPORT_OR_RESULT"
"RUNTIME","D:\halal_web_runtime","D:\halal_web_runtime\certificate_classifier\reports\synthetic_scan_core_field_eval_20260729_095034\07_summary.json","certificate_classifier\reports\synthetic_scan_core_field_eval_20260729_095034\07_summary.json","07_summary.json",".json","1195","0.0011","2026-07-29T10:05:16","2026-07-29T10:05:16","SOURCE_OR_CONFIG"
"RUNTIME","D:\halal_web_runtime","D:\halal_web_runtime\certificate_classifier\reports\synthetic_scan_core_field_eval_20260729_095034\08_easy_report.html","certificate_classifier\reports\synthetic_scan_core_field_eval_20260729_095034\08_easy_report.html","08_easy_report.html",".html","7239","0.0069","2026-07-29T10:05:16","2026-07-29T10:05:16","SOURCE_OR_CONFIG"
"RUNTIME","D:\halal_web_runtime","D:\halal_web_runtime\certificate_classifier\reports\synthetic_scan_core_field_eval_20260729_095034\ocr_text\0D2CAF30CC31132357DED81AD5397AAD53E4E8AA811C109FA6A914FE27DE893E.txt","certificate_classifier\reports\synthetic_scan_core_field_eval_20260729_095034\ocr_text\0D2CAF30CC31132357DED81AD5397AAD53E4E8AA811C109FA6A914FE27DE893E.txt","0D2CAF30CC31132357DED81AD5397AAD53E4E8AA811C109FA6A914FE27DE893E.txt",".txt","1594","0.0015","2026-07-29T10:05:16","2026-07-29T10:05:16","SOURCE_OR_CONFIG"
"RUNTIME","D:\halal_web_runtime","D:\halal_web_runtime\certificate_classifier\reports\synthetic_scan_core_field_eval_20260729_095034\ocr_text\0D78F85CC79AD455143194490F1B4FEA45A5135B76B971C7EA7B319401DB72CD.txt","certificate_classifier\reports\synthetic_scan_core_field_eval_20260729_095034\ocr_text\0D78F85CC79AD455143194490F1B4FEA45A5135B76B971C7EA7B319401DB72CD.txt","0D78F85CC79AD455143194490F1B4FEA45A5135B76B971C7EA7B319401DB72CD.txt",".txt","10998","0.0105","2026-07-29T09:57:23","2026-07-29T09:57:23","SOURCE_OR_CONFIG"
"RUNTIME","D:\halal_web_runtime","D:\halal_web_runtime\certificate_classifier\reports\synthetic_scan_core_field_eval_20260729_095034\ocr_text\0FCCAEA8CF2E0631A5F992469D50956E7FBB2EE8322422DFD8B42211378E738F.txt","certificate_classifier\reports\synthetic_scan_core_field_eval_20260729_095034\ocr_text\0FCCAEA8CF2E0631A5F992469D50956E7FBB2EE8322422DFD8B42211378E738F.txt","0FCCAEA8CF2E0631A5F992469D50956E7FBB2EE8322422DFD8B42211378E738F.txt",".txt","2698","0.0026","2026-07-29T09:53:26","2026-07-29T09:53:26","SOURCE_OR_CONFIG"
"RUNTIME","D:\halal_web_runtime","D:\halal_web_runtime\certificate_classifier\reports\synthetic_scan_core_field_eval_20260729_095034\ocr_text\153FFF67BAA9B960334CA43C7DF11BD27912A408A78A510EAA484CAF73038702.txt","certificate_classifier\reports\synthetic_scan_core_field_eval_20260729_095034\ocr_text\153FFF67BAA9B960334CA43C7DF11BD27912A408A78A510EAA484CAF73038702.txt","153FFF67BAA9B960334CA43C7DF11BD27912A408A78A510EAA484CAF73038702.txt",".txt","1963","0.0019","2026-07-29T09:55:52","2026-07-29T09:55:52","SOURCE_OR_CONFIG"
"RUNTIME","D:\halal_web_runtime","D:\halal_web_runtime\certificate_classifier\reports\synthetic_scan_core_field_eval_20260729_095034\ocr_text\1E1073DFC72D64BB4E0D277B92CB9B19F5D55A508143774122D65D736E159962.txt","certificate_classifier\reports\synthetic_scan_core_field_eval_20260729_095034\ocr_text\1E1073DFC72D64BB4E0D277B92CB9B19F5D55A508143774122D65D736E159962.txt","1E1073DFC72D64BB4E0D277B92CB9B19F5D55A508143774122D65D736E159962.txt",".txt","2579","0.0025","2026-07-29T10:04:04","2026-07-29T10:04:04","SOURCE_OR_CONFIG"
"RUNTIME","D:\halal_web_runtime","D:\halal_web_runtime\certificate_classifier\reports\synthetic_scan_core_field_eval_20260729_095034\ocr_text\263F27F96E0A550B3B0A26C73B6A7C0315939BA96F20336DF375400FA352A9FC.txt","certificate_classifier\reports\synthetic_scan_core_field_eval_20260729_095034\ocr_text\263F27F96E0A550B3B0A26C73B6A7C0315939BA96F20336DF375400FA352A9FC.txt","263F27F96E0A550B3B0A26C73B6A7C0315939BA96F20336DF375400FA352A9FC.txt",".txt","2043","0.0019","2026-07-29T10:04:48","2026-07-29T10:04:48","SOURCE_OR_CONFIG"
"RUNTIME","D:\halal_web_runtime","D:\halal_web_runtime\certificate_classifier\reports\synthetic_scan_core_field_eval_20260729_095034\ocr_text\2F89F2F34000B6B529C458DA2FEC7673BD6F19B109BC2C5D1C284FE06EC37CF1.txt","certificate_classifier\reports\synthetic_scan_core_field_eval_20260729_095034\ocr_text\2F89F2F34000B6B529C458DA2FEC7673BD6F19B109BC2C5D1C284FE06EC37CF1.txt","2F89F2F34000B6B529C458DA2FEC7673BD6F19B109BC2C5D1C284FE06EC37CF1.txt",".txt","6079","0.0058","2026-07-29T09:53:06","2026-07-29T09:53:06","SOURCE_OR_CONFIG"
"RUNTIME","D:\halal_web_runtime","D:\halal_web_runtime\certificate_classifier\reports\synthetic_scan_core_field_eval_20260729_095034\ocr_text\300CDA3CBAD4A023D9C95BD2C515AFF968795DE9252777D3CA44BDAE1A9FDA3C.txt","certificate_classifier\reports\synthetic_scan_core_field_eval_20260729_095034\ocr_text\300CDA3CBAD4A023D9C95BD2C515AFF968795DE9252777D3CA44BDAE1A9FDA3C.txt","300CDA3CBAD4A023D9C95BD2C515AFF968795DE9252777D3CA44BDAE1A9FDA3C.txt",".txt","1138","0.0011","2026-07-29T10:02:50","2026-07-29T10:02:50","SOURCE_OR_CONFIG"
"RUNTIME","D:\halal_web_runtime","D:\halal_web_runtime\certificate_classifier\reports\synthetic_scan_core_field_eval_20260729_095034\ocr_text\333238CB491707F1F695E910D6AD057DA830EABFC1FAD8974C6E0573BEEE7BCB.txt","certificate_classifier\reports\synthetic_scan_core_field_eval_20260729_095034\ocr_text\333238CB491707F1F695E910D6AD057DA830EABFC1FAD8974C6E0573BEEE7BCB.txt","333238CB491707F1F695E910D6AD057DA830EABFC1FAD8974C6E0573BEEE7BCB.txt",".txt","1462","0.0014","2026-07-29T09:53:31","2026-07-29T09:53:31","SOURCE_OR_CONFIG"
"RUNTIME","D:\halal_web_runtime","D:\halal_web_runtime\certificate_classifier\reports\synthetic_scan_core_field_eval_20260729_095034\ocr_text\3BFE0DA2EA11D366F6437C912CE7FA06F44024D7162C3A75F049E879AF03B4D8.txt","certificate_classifier\reports\synthetic_scan_core_field_eval_20260729_095034\ocr_text\3BFE0DA2EA11D366F6437C912CE7FA06F44024D7162C3A75F049E879AF03B4D8.txt","3BFE0DA2EA11D366F6437C912CE7FA06F44024D7162C3A75F049E879AF03B4D8.txt",".txt","5424","0.0052","2026-07-29T10:03:06","2026-07-29T10:03:06","SOURCE_OR_CONFIG"
"RUNTIME","D:\halal_web_runtime","D:\halal_web_runtime\certificate_classifier\reports\synthetic_scan_core_field_eval_20260729_095034\ocr_text\3D1E951AFFAAD47DAACEDABAF4A459BC6B635138BC45F8058C0BEAB011FEA670.txt","certificate_classifier\reports\synthetic_scan_core_field_eval_20260729_095034\ocr_text\3D1E951AFFAAD47DAACEDABAF4A459BC6B635138BC45F8058C0BEAB011FEA670.txt","3D1E951AFFAAD47DAACEDABAF4A459BC6B635138BC45F8058C0BEAB011FEA670.txt",".txt","6103","0.0058","2026-07-29T09:52:31","2026-07-29T09:52:31","SOURCE_OR_CONFIG"
"RUNTIME","D:\halal_web_runtime","D:\halal_web_runtime\certificate_classifier\reports\synthetic_scan_core_field_eval_20260729_095034\ocr_text\480B7809FF7C33F2E92C3FAAD095FE6BA11E836514BEC121B16BB9E1164CCB1A.txt","certificate_classifier\reports\synthetic_scan_core_field_eval_20260729_095034\ocr_text\480B7809FF7C33F2E92C3FAAD095FE6BA11E836514BEC121B16BB9E1164CCB1A.txt","480B7809FF7C33F2E92C3FAAD095FE6BA11E836514BEC121B16BB9E1164CCB1A.txt",".txt","2755","0.0026","2026-07-29T10:02:22","2026-07-29T10:02:22","SOURCE_OR_CONFIG"
"RUNTIME","D:\halal_web_runtime","D:\halal_web_runtime\certificate_classifier\reports\synthetic_scan_core_field_eval_20260729_095034\ocr_text\4DC79ADD21786B3FD35011985FF84D06413A76D7A951F8E5BECBD36D6945EE70.txt","certificate_classifier\reports\synthetic_scan_core_field_eval_20260729_095034\ocr_text\4DC79ADD21786B3FD35011985FF84D06413A76D7A951F8E5BECBD36D6945EE70.txt","4DC79ADD21786B3FD35011985FF84D06413A76D7A951F8E5BECBD36D6945EE70.txt",".txt","1858","0.0018","2026-07-29T09:54:30","2026-07-29T09:54:30","SOURCE_OR_CONFIG"
"RUNTIME","D:\halal_web_runtime","D:\halal_web_runtime\certificate_classifier\reports\synthetic_scan_core_field_eval_20260729_095034\ocr_text\50C1DD65FFA27D135C6568527517596D3499A9CB3349967C9927A4E9B070B7B7.txt","certificate_classifier\reports\synthetic_scan_core_field_eval_20260729_095034\ocr_text\50C1DD65FFA27D135C6568527517596D3499A9CB3349967C9927A4E9B070B7B7.txt","50C1DD65FFA27D135C6568527517596D3499A9CB3349967C9927A4E9B070B7B7.txt",".txt","1994","0.0019","2026-07-29T09:55:57","2026-07-29T09:55:57","SOURCE_OR_CONFIG"
"RUNTIME","D:\halal_web_runtime","D:\halal_web_runtime\certificate_classifier\reports\synthetic_scan_core_field_eval_20260729_095034\ocr_text\5136C1DCCF689A4D3C4482E20D582E9F4A0E9A7C0367A19BC237EC9F54BF38DF.txt","certificate_classifier\reports\synthetic_scan_core_field_eval_20260729_095034\ocr_text\5136C1DCCF689A4D3C4482E20D582E9F4A0E9A7C0367A19BC237EC9F54BF38DF.txt","5136C1DCCF689A4D3C4482E20D582E9F4A0E9A7C0367A19BC237EC9F54BF38DF.txt",".txt","7780","0.0074","2026-07-29T09:51:55","2026-07-29T09:51:55","SOURCE_OR_CONFIG"
"RUNTIME","D:\halal_web_runtime","D:\halal_web_runtime\certificate_classifier\reports\synthetic_scan_core_field_eval_20260729_095034\ocr_text\57CC13ABF555EF04CEFC1516167C79D026986E177D0A1A4B4D7F1905BDDC3289.txt","certificate_classifier\reports\synthetic_scan_core_field_eval_20260729_095034\ocr_text\57CC13ABF555EF04CEFC1516167C79D026986E177D0A1A4B4D7F1905BDDC3289.txt","57CC13ABF555EF04CEFC1516167C79D026986E177D0A1A4B4D7F1905BDDC3289.txt",".txt","2216","0.0021","2026-07-29T09:56:10","2026-07-29T09:56:10","SOURCE_OR_CONFIG"
"RUNTIME","D:\halal_web_runtime","D:\halal_web_runtime\certificate_classifier\reports\synthetic_scan_core_field_eval_20260729_095034\ocr_text\62B6898AADCDB4C5B203F8A497A689E3B11D65671C649C7C0B16EEDC70351A4F.txt","certificate_classifier\reports\synthetic_scan_core_field_eval_20260729_095034\ocr_text\62B6898AADCDB4C5B203F8A497A689E3B11D65671C649C7C0B16EEDC70351A4F.txt","62B6898AADCDB4C5B203F8A497A689E3B11D65671C649C7C0B16EEDC70351A4F.txt",".txt","5560","0.0053","2026-07-29T10:03:21","2026-07-29T10:03:21","SOURCE_OR_CONFIG"
"RUNTIME","D:\halal_web_runtime","D:\halal_web_runtime\certificate_classifier\reports\synthetic_scan_core_field_eval_20260729_095034\ocr_text\6EEFE4A8AA8A2BF8D408B6CE769C11A2747186F98601D7D6C7F207A4A19E240B.txt","certificate_classifier\reports\synthetic_scan_core_field_eval_20260729_095034\ocr_text\6EEFE4A8AA8A2BF8D408B6CE769C11A2747186F98601D7D6C7F207A4A19E240B.txt","6EEFE4A8AA8A2BF8D408B6CE769C11A2747186F98601D7D6C7F207A4A19E240B.txt",".txt","7827","0.0075","2026-07-29T09:51:15","2026-07-29T09:51:15","SOURCE_OR_CONFIG"
"RUNTIME","D:\halal_web_runtime","D:\halal_web_runtime\certificate_classifier\reports\synthetic_scan_core_field_eval_20260729_095034\ocr_text\72A6E21792F069D44314559385C1F6B4E69CD21DE23E618446FCB8071AE6A184.txt","certificate_classifier\reports\synthetic_scan_core_field_eval_20260729_095034\ocr_text\72A6E21792F069D44314559385C1F6B4E69CD21DE23E618446FCB8071AE6A184.txt","72A6E21792F069D44314559385C1F6B4E69CD21DE23E618446FCB8071AE6A184.txt",".txt","2658","0.0025","2026-07-29T10:02:37","2026-07-29T10:02:37","SOURCE_OR_CONFIG"
"RUNTIME","D:\halal_web_runtime","D:\halal_web_runtime\certificate_classifier\reports\synthetic_scan_core_field_eval_20260729_095034\ocr_text\7BB3FBEBB7DBC90C630E278B77FB47373CCA148102E3D9395C0FB60C519E909A.txt","certificate_classifier\reports\synthetic_scan_core_field_eval_20260729_095034\ocr_text\7BB3FBEBB7DBC90C630E278B77FB47373CCA148102E3D9395C0FB60C519E909A.txt","7BB3FBEBB7DBC90C630E278B77FB47373CCA148102E3D9395C0FB60C519E909A.txt",".txt","1510","0.0014","2026-07-29T09:56:21","2026-07-29T09:56:21","SOURCE_OR_CONFIG"
"RUNTIME","D:\halal_web_runtime","D:\halal_web_runtime\certificate_classifier\reports\synthetic_scan_core_field_eval_20260729_095034\ocr_text\7D14D6D412A5453A1AE7CCD3CBCA437B109BBC836486E13C85D35320B6D38523.txt","certificate_classifier\reports\synthetic_scan_core_field_eval_20260729_095034\ocr_text\7D14D6D412A5453A1AE7CCD3CBCA437B109BBC836486E13C85D35320B6D38523.txt","7D14D6D412A5453A1AE7CCD3CBCA437B109BBC836486E13C85D35320B6D38523.txt",".txt","1138","0.0011","2026-07-29T10:02:44","2026-07-29T10:02:44","SOURCE_OR_CONFIG"
"RUNTIME","D:\halal_web_runtime","D:\halal_web_runtime\certificate_classifier\reports\synthetic_scan_core_field_eval_20260729_095034\ocr_text\7DA055F41651A74044E438AC2E1BF9FA1AD4DA0BA3507DFA268FAF5A12E391BE.txt","certificate_classifier\reports\synthetic_scan_core_field_eval_20260729_095034\ocr_text\7DA055F41651A74044E438AC2E1BF9FA1AD4DA0BA3507DFA268FAF5A12E391BE.txt","7DA055F41651A74044E438AC2E1BF9FA1AD4DA0BA3507DFA268FAF5A12E391BE.txt",".txt","1543","0.0015","2026-07-29T10:03:36","2026-07-29T10:03:36","SOURCE_OR_CONFIG"
"RUNTIME","D:\halal_web_runtime","D:\halal_web_runtime\certificate_classifier\reports\synthetic_scan_core_field_eval_20260729_095034\ocr_text\8456F29EA025077117E8DE594E18E0033FB0DC01C82EF81E080CCA918CFDC866.txt","certificate_classifier\reports\synthetic_scan_core_field_eval_20260729_095034\ocr_text\8456F29EA025077117E8DE594E18E0033FB0DC01C82EF81E080CCA918CFDC866.txt","8456F29EA025077117E8DE594E18E0033FB0DC01C82EF81E080CCA918CFDC866.txt",".txt","4360","0.0042","2026-07-29T09:53:49","2026-07-29T09:53:49","SOURCE_OR_CONFIG"
"RUNTIME","D:\halal_web_runtime","D:\halal_web_runtime\certificate_classifier\reports\synthetic_scan_core_field_eval_20260729_095034\ocr_text\86AC3318477487E22B9FC21FBAE50A187C1571326E940751D8CFFEE80DF9F84D.txt","certificate_classifier\reports\synthetic_scan_core_field_eval_20260729_095034\ocr_text\86AC3318477487E22B9FC21FBAE50A187C1571326E940751D8CFFEE80DF9F84D.txt","86AC3318477487E22B9FC21FBAE50A187C1571326E940751D8CFFEE80DF9F84D.txt",".txt","4984","0.0048","2026-07-29T10:02:08","2026-07-29T10:02:08","SOURCE_OR_CONFIG"
"RUNTIME","D:\halal_web_runtime","D:\halal_web_runtime\certificate_classifier\reports\synthetic_scan_core_field_eval_20260729_095034\ocr_text\8E2DEFFA8F2ADF0AD29196F6D4B6A94B06F1A4739D2B06FAF4FB0468E4457E3D.txt","certificate_classifier\reports\synthetic_scan_core_field_eval_20260729_095034\ocr_text\8E2DEFFA8F2ADF0AD29196F6D4B6A94B06F1A4739D2B06FAF4FB0468E4457E3D.txt","8E2DEFFA8F2ADF0AD29196F6D4B6A94B06F1A4739D2B06FAF4FB0468E4457E3D.txt",".txt","4147","0.004","2026-07-29T09:54:03","2026-07-29T09:54:03","SOURCE_OR_CONFIG"
"RUNTIME","D:\halal_web_runtime","D:\halal_web_runtime\certificate_classifier\reports\synthetic_scan_core_field_eval_20260729_095034\ocr_text\9AADBC6E0837E866409991430EDEC3C1308EF692A0EA50BBBD9019B17073EF34.txt","certificate_classifier\reports\synthetic_scan_core_field_eval_20260729_095034\ocr_text\9AADBC6E0837E866409991430EDEC3C1308EF692A0EA50BBBD9019B17073EF34.txt","9AADBC6E0837E866409991430EDEC3C1308EF692A0EA50BBBD9019B17073EF34.txt",".txt","7571","0.0072","2026-07-29T09:55:36","2026-07-29T09:55:36","SOURCE_OR_CONFIG"
"RUNTIME","D:\halal_web_runtime","D:\halal_web_runtime\certificate_classifier\reports\synthetic_scan_core_field_eval_20260729_095034\ocr_text\9BB60C0DD5D07D93A8A7A99B7CED07C017DA0136B62D09AF1EB0797747CAFEE1.txt","certificate_classifier\reports\synthetic_scan_core_field_eval_20260729_095034\ocr_text\9BB60C0DD5D07D93A8A7A99B7CED07C017DA0136B62D09AF1EB0797747CAFEE1.txt","9BB60C0DD5D07D93A8A7A99B7CED07C017DA0136B62D09AF1EB0797747CAFEE1.txt",".txt","7615","0.0073","2026-07-29T09:55:07","2026-07-29T09:55:07","SOURCE_OR_CONFIG"
"RUNTIME","D:\halal_web_runtime","D:\halal_web_runtime\certificate_classifier\reports\synthetic_scan_core_field_eval_20260729_095034\ocr_text\9C9E7F3FAD46C9F8DE1AA9B56DF0B1A3411C01B5364C896F387A5ED87E54A714.txt","certificate_classifier\reports\synthetic_scan_core_field_eval_20260729_095034\ocr_text\9C9E7F3FAD46C9F8DE1AA9B56DF0B1A3411C01B5364C896F387A5ED87E54A714.txt","9C9E7F3FAD46C9F8DE1AA9B56DF0B1A3411C01B5364C896F387A5ED87E54A714.txt",".txt","2047","0.002","2026-07-29T10:04:37","2026-07-29T10:04:37","SOURCE_OR_CONFIG"
"RUNTIME","D:\halal_web_runtime","D:\halal_web_runtime\certificate_classifier\reports\synthetic_scan_core_field_eval_20260729_095034\ocr_text\A18804021DE5F35A6CEC7F641176B136BEF0C638A8CFA75D1C4A13B12ABECAA9.txt","certificate_classifier\reports\synthetic_scan_core_field_eval_20260729_095034\ocr_text\A18804021DE5F35A6CEC7F641176B136BEF0C638A8CFA75D1C4A13B12ABECAA9.txt","A18804021DE5F35A6CEC7F641176B136BEF0C638A8CFA75D1C4A13B12ABECAA9.txt",".txt","2744","0.0026","2026-07-29T09:53:16","2026-07-29T09:53:16","SOURCE_OR_CONFIG"
"RUNTIME","D:\halal_web_runtime","D:\halal_web_runtime\certificate_classifier\reports\synthetic_scan_core_field_eval_20260729_095034\ocr_text\A1B6576A67AF5E791CD32EFE0388777CC20F8EAF8ED87A9A7EF8BB5B85DFDBA7.txt","certificate_classifier\reports\synthetic_scan_core_field_eval_20260729_095034\ocr_text\A1B6576A67AF5E791CD32EFE0388777CC20F8EAF8ED87A9A7EF8BB5B85DFDBA7.txt","A1B6576A67AF5E791CD32EFE0388777CC20F8EAF8ED87A9A7EF8BB5B85DFDBA7.txt",".txt","1203","0.0011","2026-07-29T10:04:26","2026-07-29T10:04:26","SOURCE_OR_CONFIG"
"RUNTIME","D:\halal_web_runtime","D:\halal_web_runtime\certificate_classifier\reports\synthetic_scan_core_field_eval_20260729_095034\ocr_text\A1B9B611CFA13901EA95002A22C5741EE04F0F9D837D726A37099320A2E6CC31.txt","certificate_classifier\reports\synthetic_scan_core_field_eval_20260729_095034\ocr_text\A1B9B611CFA13901EA95002A22C5741EE04F0F9D837D726A37099320A2E6CC31.txt","A1B9B611CFA13901EA95002A22C5741EE04F0F9D837D726A37099320A2E6CC31.txt",".txt","2297","0.0022","2026-07-29T09:56:04","2026-07-29T09:56:04","SOURCE_OR_CONFIG"
"RUNTIME","D:\halal_web_runtime","D:\halal_web_runtime\certificate_classifier\reports\synthetic_scan_core_field_eval_20260729_095034\ocr_text\A821D9DE023BFD9D76FCD90875F872850863D0160FEC85F4332E6B7DC29C80F2.txt","certificate_classifier\reports\synthetic_scan_core_field_eval_20260729_095034\ocr_text\A821D9DE023BFD9D76FCD90875F872850863D0160FEC85F4332E6B7DC29C80F2.txt","A821D9DE023BFD9D76FCD90875F872850863D0160FEC85F4332E6B7DC29C80F2.txt",".txt","602","0.0006","2026-07-29T10:04:52","2026-07-29T10:04:52","SOURCE_OR_CONFIG"
"RUNTIME","D:\halal_web_runtime","D:\halal_web_runtime\certificate_classifier\reports\synthetic_scan_core_field_eval_20260729_095034\ocr_text\A9404F7B8A0D64D3752749A55507FC934F0AB28B959B7F05BB66C1BFD270E6EC.txt","certificate_classifier\reports\synthetic_scan_core_field_eval_20260729_095034\ocr_text\A9404F7B8A0D64D3752749A55507FC934F0AB28B959B7F05BB66C1BFD270E6EC.txt","A9404F7B8A0D64D3752749A55507FC934F0AB28B959B7F05BB66C1BFD270E6EC.txt",".txt","2664","0.0025","2026-07-29T10:03:45","2026-07-29T10:03:45","SOURCE_OR_CONFIG"
"RUNTIME","D:\halal_web_runtime","D:\halal_web_runtime\certificate_classifier\reports\synthetic_scan_core_field_eval_20260729_095034\ocr_text\AC57E11DAEDF50017B781E749C5F16E2565EC0F22C8517AA1D58B422E98D4DE6.txt","certificate_classifier\reports\synthetic_scan_core_field_eval_20260729_095034\ocr_text\AC57E11DAEDF50017B781E749C5F16E2565EC0F22C8517AA1D58B422E98D4DE6.txt","AC57E11DAEDF50017B781E749C5F16E2565EC0F22C8517AA1D58B422E98D4DE6.txt",".txt","28380","0.0271","2026-07-29T10:01:26","2026-07-29T10:01:26","SOURCE_OR_CONFIG"
"RUNTIME","D:\halal_web_runtime","D:\halal_web_runtime\certificate_classifier\reports\synthetic_scan_core_field_eval_20260729_095034\ocr_text\B3972867167A94D7C472A3D3A44EB05E969BAE2EB8E76CADA367011D631B4F1C.txt","certificate_classifier\reports\synthetic_scan_core_field_eval_20260729_095034\ocr_text\B3972867167A94D7C472A3D3A44EB05E969BAE2EB8E76CADA367011D631B4F1C.txt","B3972867167A94D7C472A3D3A44EB05E969BAE2EB8E76CADA367011D631B4F1C.txt",".txt","843","0.0008","2026-07-29T09:55:41","2026-07-29T09:55:41","SOURCE_OR_CONFIG"
"RUNTIME","D:\halal_web_runtime","D:\halal_web_runtime\certificate_classifier\reports\synthetic_scan_core_field_eval_20260729_095034\ocr_text\B5D1AA1BC9C332F9C96332BD079504B23543486B86A859F131A75DDC92CB2D6C.txt","certificate_classifier\reports\synthetic_scan_core_field_eval_20260729_095034\ocr_text\B5D1AA1BC9C332F9C96332BD079504B23543486B86A859F131A75DDC92CB2D6C.txt","B5D1AA1BC9C332F9C96332BD079504B23543486B86A859F131A75DDC92CB2D6C.txt",".txt","4926","0.0047","2026-07-29T10:01:47","2026-07-29T10:01:47","SOURCE_OR_CONFIG"
"RUNTIME","D:\halal_web_runtime","D:\halal_web_runtime\certificate_classifier\reports\synthetic_scan_core_field_eval_20260729_095034\ocr_text\C15BA5A93DE81752EF5D97ADAD4768DE6DF23699318635E46A400A8C4B5702DA.txt","certificate_classifier\reports\synthetic_scan_core_field_eval_20260729_095034\ocr_text\C15BA5A93DE81752EF5D97ADAD4768DE6DF23699318635E46A400A8C4B5702DA.txt","C15BA5A93DE81752EF5D97ADAD4768DE6DF23699318635E46A400A8C4B5702DA.txt",".txt","2691","0.0026","2026-07-29T10:04:13","2026-07-29T10:04:13","SOURCE_OR_CONFIG"
"RUNTIME","D:\halal_web_runtime","D:\halal_web_runtime\certificate_classifier\reports\synthetic_scan_core_field_eval_20260729_095034\ocr_text\C32B613A66B7CA403AB24A1937D361FA4B03840683FFB11070F63BB71EF05418.txt","certificate_classifier\reports\synthetic_scan_core_field_eval_20260729_095034\ocr_text\C32B613A66B7CA403AB24A1937D361FA4B03840683FFB11070F63BB71EF05418.txt","C32B613A66B7CA403AB24A1937D361FA4B03840683FFB11070F63BB71EF05418.txt",".txt","2619","0.0025","2026-07-29T09:54:24","2026-07-29T09:54:24","SOURCE_OR_CONFIG"
"RUNTIME","D:\halal_web_runtime","D:\halal_web_runtime\certificate_classifier\reports\synthetic_scan_core_field_eval_20260729_095034\ocr_text\C3652E57752DFB0DF1172FE631C5D3DDF0387AE1BD054DFAE19BA785FAE8E243.txt","certificate_classifier\reports\synthetic_scan_core_field_eval_20260729_095034\ocr_text\C3652E57752DFB0DF1172FE631C5D3DDF0387AE1BD054DFAE19BA785FAE8E243.txt","C3652E57752DFB0DF1172FE631C5D3DDF0387AE1BD054DFAE19BA785FAE8E243.txt",".txt","10537","0.01","2026-07-29T09:56:53","2026-07-29T09:56:53","SOURCE_OR_CONFIG"
"RUNTIME","D:\halal_web_runtime","D:\halal_web_runtime\certificate_classifier\reports\synthetic_scan_core_field_eval_20260729_095034\ocr_text\C9E615C150767A6C85779CFF95A46271FA2740852B92AC316F01D475B4CD0234.txt","certificate_classifier\reports\synthetic_scan_core_field_eval_20260729_095034\ocr_text\C9E615C150767A6C85779CFF95A46271FA2740852B92AC316F01D475B4CD0234.txt","C9E615C150767A6C85779CFF95A46271FA2740852B92AC316F01D475B4CD0234.txt",".txt","1832","0.0017","2026-07-29T09:54:36","2026-07-29T09:54:36","SOURCE_OR_CONFIG"
"RUNTIME","D:\halal_web_runtime","D:\halal_web_runtime\certificate_classifier\reports\synthetic_scan_core_field_eval_20260729_095034\ocr_text\CA30A224783A66637B6C181842FA32986060095503C237F98103F2BCC360CC59.txt","certificate_classifier\reports\synthetic_scan_core_field_eval_20260729_095034\ocr_text\CA30A224783A66637B6C181842FA32986060095503C237F98103F2BCC360CC59.txt","CA30A224783A66637B6C181842FA32986060095503C237F98103F2BCC360CC59.txt",".txt","1610","0.0015","2026-07-29T10:03:28","2026-07-29T10:03:28","SOURCE_OR_CONFIG"
"RUNTIME","D:\halal_web_runtime","D:\halal_web_runtime\certificate_classifier\reports\synthetic_scan_core_field_eval_20260729_095034\ocr_text\CB0DA22784C6C4EA785EF857800F08C0083149DA155EB6F3FB10CBA1EE43C82B.txt","certificate_classifier\reports\synthetic_scan_core_field_eval_20260729_095034\ocr_text\CB0DA22784C6C4EA785EF857800F08C0083149DA155EB6F3FB10CBA1EE43C82B.txt","CB0DA22784C6C4EA785EF857800F08C0083149DA155EB6F3FB10CBA1EE43C82B.txt",".txt","1268","0.0012","2026-07-29T10:04:19","2026-07-29T10:04:19","SOURCE_OR_CONFIG"
"RUNTIME","D:\halal_web_runtime","D:\halal_web_runtime\certificate_classifier\reports\synthetic_scan_core_field_eval_20260729_095034\ocr_text\D59493D9BAB5FC41B153F03494B23C0E728B6F8834FCBAFA7A7D9342DDD1AE66.txt","certificate_classifier\reports\synthetic_scan_core_field_eval_20260729_095034\ocr_text\D59493D9BAB5FC41B153F03494B23C0E728B6F8834FCBAFA7A7D9342DDD1AE66.txt","D59493D9BAB5FC41B153F03494B23C0E728B6F8834FCBAFA7A7D9342DDD1AE66.txt",".txt","929","0.0009","2026-07-29T09:55:45","2026-07-29T09:55:45","SOURCE_OR_CONFIG"
"RUNTIME","D:\halal_web_runtime","D:\halal_web_runtime\certificate_classifier\reports\synthetic_scan_core_field_eval_20260729_095034\ocr_text\DDF684A83C5C801F8F1D8EED31029F45311D05D1F3F10E1CF3BF5159E91BD50E.txt","certificate_classifier\reports\synthetic_scan_core_field_eval_20260729_095034\ocr_text\DDF684A83C5C801F8F1D8EED31029F45311D05D1F3F10E1CF3BF5159E91BD50E.txt","DDF684A83C5C801F8F1D8EED31029F45311D05D1F3F10E1CF3BF5159E91BD50E.txt",".txt","2644","0.0025","2026-07-29T09:54:14","2026-07-29T09:54:14","SOURCE_OR_CONFIG"
"RUNTIME","D:\halal_web_runtime","D:\halal_web_runtime\certificate_classifier\reports\synthetic_scan_core_field_eval_20260729_095034\ocr_text\E2BA741A6B3406AB294023794FFE96AB6DC80A04D6A22B521F8471C71E46B852.txt","certificate_classifier\reports\synthetic_scan_core_field_eval_20260729_095034\ocr_text\E2BA741A6B3406AB294023794FFE96AB6DC80A04D6A22B521F8471C71E46B852.txt","E2BA741A6B3406AB294023794FFE96AB6DC80A04D6A22B521F8471C71E46B852.txt",".txt","2770","0.0026","2026-07-29T10:03:56","2026-07-29T10:03:56","SOURCE_OR_CONFIG"
"RUNTIME","D:\halal_web_runtime","D:\halal_web_runtime\certificate_classifier\reports\synthetic_scan_core_field_eval_20260729_095034\ocr_text\E345E578E630064B752FD5DE69F7A8F07FD87DF57F53F251B6C0690CF6BFF43C.txt","certificate_classifier\reports\synthetic_scan_core_field_eval_20260729_095034\ocr_text\E345E578E630064B752FD5DE69F7A8F07FD87DF57F53F251B6C0690CF6BFF43C.txt","E345E578E630064B752FD5DE69F7A8F07FD87DF57F53F251B6C0690CF6BFF43C.txt",".txt","1498","0.0014","2026-07-29T09:56:16","2026-07-29T09:56:16","SOURCE_OR_CONFIG"
"RUNTIME","D:\halal_web_runtime","D:\halal_web_runtime\certificate_classifier\reports\synthetic_scan_core_field_eval_20260729_095034\ocr_text\EB76AA190D033C87196486DAE82AF439B4942B48784C4139DB0DB6B60D86BDDF.txt","certificate_classifier\reports\synthetic_scan_core_field_eval_20260729_095034\ocr_text\EB76AA190D033C87196486DAE82AF439B4942B48784C4139DB0DB6B60D86BDDF.txt","EB76AA190D033C87196486DAE82AF439B4942B48784C4139DB0DB6B60D86BDDF.txt",".txt","1589","0.0015","2026-07-29T10:05:06","2026-07-29T10:05:06","SOURCE_OR_CONFIG"
"RUNTIME","D:\halal_web_runtime","D:\halal_web_runtime\certificate_classifier\reports\synthetic_scan_core_field_eval_20260729_095034\ocr_text\F0BCF331E41A465E11D8E5E8E9967B1649B1AF59E5658D2604C45B9D7C352A7C.txt","certificate_classifier\reports\synthetic_scan_core_field_eval_20260729_095034\ocr_text\F0BCF331E41A465E11D8E5E8E9967B1649B1AF59E5658D2604C45B9D7C352A7C.txt","F0BCF331E41A465E11D8E5E8E9967B1649B1AF59E5658D2604C45B9D7C352A7C.txt",".txt","1455","0.0014","2026-07-29T09:53:36","2026-07-29T09:53:36","SOURCE_OR_CONFIG"
"RUNTIME","D:\halal_web_runtime","D:\halal_web_runtime\certificate_classifier\reports\synthetic_scan_core_field_eval_20260729_095034\ocr_text\FA72FA9E3C49A36C6E6A004140EEC43D8E93551471539BC5E20D27EC50EDF446.txt","certificate_classifier\reports\synthetic_scan_core_field_eval_20260729_095034\ocr_text\FA72FA9E3C49A36C6E6A004140EEC43D8E93551471539BC5E20D27EC50EDF446.txt","FA72FA9E3C49A36C6E6A004140EEC43D8E93551471539BC5E20D27EC50EDF446.txt",".txt","593","0.0006","2026-07-29T10:04:57","2026-07-29T10:04:57","SOURCE_OR_CONFIG"
"RUNTIME","D:\halal_web_runtime","D:\halal_web_runtime\certificate_classifier\reports\synthetic_scan_core_field_eval_20260729_095034\ocr_text\FDD5D8924971BCE6B0381901C6B6C1AD53068A45C9B695A860DBC594CEFDB709.txt","certificate_classifier\reports\synthetic_scan_core_field_eval_20260729_095034\ocr_text\FDD5D8924971BCE6B0381901C6B6C1AD53068A45C9B695A860DBC594CEFDB709.txt","FDD5D8924971BCE6B0381901C6B6C1AD53068A45C9B695A860DBC594CEFDB709.txt",".txt","28522","0.0272","2026-07-29T09:59:27","2026-07-29T09:59:27","SOURCE_OR_CONFIG"
"RUNTIME","D:\halal_web_runtime","D:\halal_web_runtime\certificate_classifier\reports\synthetic_scan_ocr_eval_20260729_075921\01_synthetic_ocr_document_results.csv","certificate_classifier\reports\synthetic_scan_ocr_eval_20260729_075921\01_synthetic_ocr_document_results.csv","01_synthetic_ocr_document_results.csv",".csv","34631","0.033","2026-07-29T08:13:46","2026-07-29T08:13:46","REPORT_OR_RESULT"
"RUNTIME","D:\halal_web_runtime","D:\halal_web_runtime\certificate_classifier\reports\synthetic_scan_ocr_eval_20260729_075921\02_synthetic_ocr_page_results.csv","certificate_classifier\reports\synthetic_scan_ocr_eval_20260729_075921\02_synthetic_ocr_page_results.csv","02_synthetic_ocr_page_results.csv",".csv","54636","0.0521","2026-07-29T08:13:46","2026-07-29T08:13:46","REPORT_OR_RESULT"
"RUNTIME","D:\halal_web_runtime","D:\halal_web_runtime\certificate_classifier\reports\synthetic_scan_ocr_eval_20260729_075921\03_profile_summary.csv","certificate_classifier\reports\synthetic_scan_ocr_eval_20260729_075921\03_profile_summary.csv","03_profile_summary.csv",".csv","366","0.0003","2026-07-29T08:13:46","2026-07-29T08:13:46","REPORT_OR_RESULT"
"RUNTIME","D:\halal_web_runtime","D:\halal_web_runtime\certificate_classifier\reports\synthetic_scan_ocr_eval_20260729_075921\04_institution_summary.csv","certificate_classifier\reports\synthetic_scan_ocr_eval_20260729_075921\04_institution_summary.csv","04_institution_summary.csv",".csv","1028","0.001","2026-07-29T08:13:46","2026-07-29T08:13:46","REPORT_OR_RESULT"
"RUNTIME","D:\halal_web_runtime","D:\halal_web_runtime\certificate_classifier\reports\synthetic_scan_ocr_eval_20260729_075921\05_institution_profile_summary.csv","certificate_classifier\reports\synthetic_scan_ocr_eval_20260729_075921\05_institution_profile_summary.csv","05_institution_profile_summary.csv",".csv","2229","0.0021","2026-07-29T08:13:46","2026-07-29T08:13:46","REPORT_OR_RESULT"
"RUNTIME","D:\halal_web_runtime","D:\halal_web_runtime\certificate_classifier\reports\synthetic_scan_ocr_eval_20260729_075921\06_review_fail_documents.csv","certificate_classifier\reports\synthetic_scan_ocr_eval_20260729_075921\06_review_fail_documents.csv","06_review_fail_documents.csv",".csv","24027","0.0229","2026-07-29T08:13:46","2026-07-29T08:13:46","REPORT_OR_RESULT"
"RUNTIME","D:\halal_web_runtime","D:\halal_web_runtime\certificate_classifier\reports\synthetic_scan_ocr_eval_20260729_075921\07_summary.json","certificate_classifier\reports\synthetic_scan_ocr_eval_20260729_075921\07_summary.json","07_summary.json",".json","2021","0.0019","2026-07-29T08:13:46","2026-07-29T08:13:46","SOURCE_OR_CONFIG"
"RUNTIME","D:\halal_web_runtime","D:\halal_web_runtime\certificate_classifier\reports\synthetic_scan_ocr_eval_20260729_075921\08_synthetic_ocr_report.html","certificate_classifier\reports\synthetic_scan_ocr_eval_20260729_075921\08_synthetic_ocr_report.html","08_synthetic_ocr_report.html",".html","50100","0.0478","2026-07-29T08:13:46","2026-07-29T08:13:46","SOURCE_OR_CONFIG"
"RUNTIME","D:\halal_web_runtime","D:\halal_web_runtime\certificate_classifier\reports\synthetic_training_pack_20260729_113504\01_all_field_admission_results.csv","certificate_classifier\reports\synthetic_training_pack_20260729_113504\01_all_field_admission_results.csv","01_all_field_admission_results.csv",".csv","342961","0.3271","2026-07-29T11:35:04","2026-07-29T11:35:04","REPORT_OR_RESULT"
"RUNTIME","D:\halal_web_runtime","D:\halal_web_runtime\certificate_classifier\reports\synthetic_training_pack_20260729_113504\02_admitted_training_fields.csv","certificate_classifier\reports\synthetic_training_pack_20260729_113504\02_admitted_training_fields.csv","02_admitted_training_fields.csv",".csv","60210","0.0574","2026-07-29T11:35:04","2026-07-29T11:35:04","REPORT_OR_RESULT"
"RUNTIME","D:\halal_web_runtime","D:\halal_web_runtime\certificate_classifier\reports\synthetic_training_pack_20260729_113504\03_document_pack_status.csv","certificate_classifier\reports\synthetic_training_pack_20260729_113504\03_document_pack_status.csv","03_document_pack_status.csv",".csv","28656","0.0273","2026-07-29T11:35:04","2026-07-29T11:35:04","REPORT_OR_RESULT"
"RUNTIME","D:\halal_web_runtime","D:\halal_web_runtime\certificate_classifier\reports\synthetic_training_pack_20260729_113504\04_review_reject_fields.csv","certificate_classifier\reports\synthetic_training_pack_20260729_113504\04_review_reject_fields.csv","04_review_reject_fields.csv",".csv","3409","0.0033","2026-07-29T11:35:04","2026-07-29T11:35:04","REPORT_OR_RESULT"
"RUNTIME","D:\halal_web_runtime","D:\halal_web_runtime\certificate_classifier\reports\synthetic_training_pack_20260729_113504\05_not_evaluable_fields.csv","certificate_classifier\reports\synthetic_training_pack_20260729_113504\05_not_evaluable_fields.csv","05_not_evaluable_fields.csv",".csv","286200","0.2729","2026-07-29T11:35:04","2026-07-29T11:35:04","REPORT_OR_RESULT"
"RUNTIME","D:\halal_web_runtime","D:\halal_web_runtime\certificate_classifier\reports\synthetic_training_pack_20260729_113504\06_field_summary.csv","certificate_classifier\reports\synthetic_training_pack_20260729_113504\06_field_summary.csv","06_field_summary.csv",".csv","395","0.0004","2026-07-29T11:35:04","2026-07-29T11:35:04","REPORT_OR_RESULT"
"RUNTIME","D:\halal_web_runtime","D:\halal_web_runtime\certificate_classifier\reports\synthetic_training_pack_20260729_113504\07_profile_summary.csv","certificate_classifier\reports\synthetic_training_pack_20260729_113504\07_profile_summary.csv","07_profile_summary.csv",".csv","191","0.0002","2026-07-29T11:35:04","2026-07-29T11:35:04","REPORT_OR_RESULT"
"RUNTIME","D:\halal_web_runtime","D:\halal_web_runtime\certificate_classifier\reports\synthetic_training_pack_20260729_113504\08_institution_summary.csv","certificate_classifier\reports\synthetic_training_pack_20260729_113504\08_institution_summary.csv","08_institution_summary.csv",".csv","393","0.0004","2026-07-29T11:35:04","2026-07-29T11:35:04","REPORT_OR_RESULT"
"RUNTIME","D:\halal_web_runtime","D:\halal_web_runtime\certificate_classifier\reports\synthetic_training_pack_20260729_113504\09_summary.json","certificate_classifier\reports\synthetic_training_pack_20260729_113504\09_summary.json","09_summary.json",".json","1585","0.0015","2026-07-29T11:35:04","2026-07-29T11:35:04","SOURCE_OR_CONFIG"
"RUNTIME","D:\halal_web_runtime","D:\halal_web_runtime\certificate_classifier\reports\synthetic_training_pack_20260729_113504\10_easy_report.html","certificate_classifier\reports\synthetic_training_pack_20260729_113504\10_easy_report.html","10_easy_report.html",".html","10044","0.0096","2026-07-29T11:35:04","2026-07-29T11:35:04","SOURCE_OR_CONFIG"
"RUNTIME","D:\halal_web_runtime","D:\halal_web_runtime\data\rules\rule_validation_reports\VR_20260605_143421_HFFIA_cert_no_anchor_regex_v1.csv","data\rules\rule_validation_reports\VR_20260605_143421_HFFIA_cert_no_anchor_regex_v1.csv","VR_20260605_143421_HFFIA_cert_no_anchor_regex_v1.csv",".csv","399","0.0004","2026-06-05T14:34:22","2026-06-05T14:34:22","REPORT_OR_RESULT"
"RUNTIME","D:\halal_web_runtime","D:\halal_web_runtime\data\rules\rule_validation_reports\VR_20260605_144759_HFCE_cert_no_anchor_regex_v1.csv","data\rules\rule_validation_reports\VR_20260605_144759_HFCE_cert_no_anchor_regex_v1.csv","VR_20260605_144759_HFCE_cert_no_anchor_regex_v1.csv",".csv","134","0.0001","2026-06-05T14:47:59","2026-06-05T14:47:59","REPORT_OR_RESULT"
"RUNTIME","D:\halal_web_runtime","D:\halal_web_runtime\data\rules\rule_validation_reports\VR_20260605_144813_HFCE_cert_no_anchor_regex_v1.csv","data\rules\rule_validation_reports\VR_20260605_144813_HFCE_cert_no_anchor_regex_v1.csv","VR_20260605_144813_HFCE_cert_no_anchor_regex_v1.csv",".csv","134","0.0001","2026-06-05T14:48:13","2026-06-05T14:48:13","REPORT_OR_RESULT"
"RUNTIME","D:\halal_web_runtime","D:\halal_web_runtime\data\rules\rule_validation_reports\VR_20260605_144822_HFFIA_cert_no_anchor_regex_v1.csv","data\rules\rule_validation_reports\VR_20260605_144822_HFFIA_cert_no_anchor_regex_v1.csv","VR_20260605_144822_HFFIA_cert_no_anchor_regex_v1.csv",".csv","399","0.0004","2026-06-05T14:48:23","2026-06-05T14:48:23","REPORT_OR_RESULT"
"RUNTIME","D:\halal_web_runtime","D:\halal_web_runtime\data\rules\rule_validation_reports\VR_20260605_144839_ARA_cert_no_anchor_regex_v1.csv","data\rules\rule_validation_reports\VR_20260605_144839_ARA_cert_no_anchor_regex_v1.csv","VR_20260605_144839_ARA_cert_no_anchor_regex_v1.csv",".csv","424","0.0004","2026-06-05T14:48:39","2026-06-05T14:48:39","REPORT_OR_RESULT"
"RUNTIME","D:\halal_web_runtime","D:\halal_web_runtime\data\rules\rule_validation_reports\VR_20260605_144843_CICOT_cert_no_anchor_regex_v1.csv","data\rules\rule_validation_reports\VR_20260605_144843_CICOT_cert_no_anchor_regex_v1.csv","VR_20260605_144843_CICOT_cert_no_anchor_regex_v1.csv",".csv","411","0.0004","2026-06-05T14:48:43","2026-06-05T14:48:43","REPORT_OR_RESULT"
"RUNTIME","D:\halal_web_runtime","D:\halal_web_runtime\data\rules\rule_validation_reports\VR_20260605_144954_ARA_cert_no_anchor_regex_v1.csv","data\rules\rule_validation_reports\VR_20260605_144954_ARA_cert_no_anchor_regex_v1.csv","VR_20260605_144954_ARA_cert_no_anchor_regex_v1.csv",".csv","424","0.0004","2026-06-05T14:49:54","2026-06-05T14:49:54","REPORT_OR_RESULT"
"RUNTIME","D:\halal_web_runtime","D:\halal_web_runtime\data\rules\rule_validation_reports\VR_20260605_145029_ARA_cert_no_anchor_regex_v1.csv","data\rules\rule_validation_reports\VR_20260605_145029_ARA_cert_no_anchor_regex_v1.csv","VR_20260605_145029_ARA_cert_no_anchor_regex_v1.csv",".csv","424","0.0004","2026-06-05T14:50:29","2026-06-05T14:50:29","REPORT_OR_RESULT"
"RUNTIME","D:\halal_web_runtime","D:\halal_web_runtime\data\rules\rule_validation_reports\VR_20260605_145646_MUIS_manufacturer_address_cleanup_v1.csv","data\rules\rule_validation_reports\VR_20260605_145646_MUIS_manufacturer_address_cleanup_v1.csv","VR_20260605_145646_MUIS_manufacturer_address_cleanup_v1.csv",".csv","134","0.0001","2026-06-05T14:56:46","2026-06-05T14:56:46","REPORT_OR_RESULT"
"RUNTIME","D:\halal_web_runtime","D:\halal_web_runtime\data\rules\rule_validation_reports\VR_20260605_145719_MUIS_manufacturer_address_cleanup_v1.csv","data\rules\rule_validation_reports\VR_20260605_145719_MUIS_manufacturer_address_cleanup_v1.csv","VR_20260605_145719_MUIS_manufacturer_address_cleanup_v1.csv",".csv","134","0.0001","2026-06-05T14:57:19","2026-06-05T14:57:19","REPORT_OR_RESULT"
"RUNTIME","D:\halal_web_runtime","D:\halal_web_runtime\data\rules\rule_validation_reports\VR_20260605_145731_MUIS_expiry_date_anchor_v1.csv","data\rules\rule_validation_reports\VR_20260605_145731_MUIS_expiry_date_anchor_v1.csv","VR_20260605_145731_MUIS_expiry_date_anchor_v1.csv",".csv","134","0.0001","2026-06-05T14:57:31","2026-06-05T14:57:31","REPORT_OR_RESULT"
"RUNTIME","D:\halal_web_runtime","D:\halal_web_runtime\data\rules\rule_validation_reports\VR_20260605_145735_non_certificate_doc_marker_v1.csv","data\rules\rule_validation_reports\VR_20260605_145735_non_certificate_doc_marker_v1.csv","VR_20260605_145735_non_certificate_doc_marker_v1.csv",".csv","134","0.0001","2026-06-05T14:57:36","2026-06-05T14:57:36","REPORT_OR_RESULT"
"RUNTIME","D:\halal_web_runtime","D:\halal_web_runtime\data\rules\rule_validation_reports\VR_20260605_145739_cert_no_pattern_arabic_hffia_v1.csv","data\rules\rule_validation_reports\VR_20260605_145739_cert_no_pattern_arabic_hffia_v1.csv","VR_20260605_145739_cert_no_pattern_arabic_hffia_v1.csv",".csv","1236","0.0012","2026-06-05T14:57:39","2026-06-05T14:57:39","REPORT_OR_RESULT"
"RUNTIME","D:\halal_web_runtime","D:\halal_web_runtime\data\rules\rule_validation_reports\VR_20260605_145751_date_anchor_MUIS_validuntil_v1.csv","data\rules\rule_validation_reports\VR_20260605_145751_date_anchor_MUIS_validuntil_v1.csv","VR_20260605_145751_date_anchor_MUIS_validuntil_v1.csv",".csv","134","0.0001","2026-06-05T14:57:52","2026-06-05T14:57:52","REPORT_OR_RESULT"
"RUNTIME","D:\halal_web_runtime","D:\halal_web_runtime\data\rules\rule_validation_reports\VR_20260605_145826_date_anchor_MUIS_validuntil_v1.csv","data\rules\rule_validation_reports\VR_20260605_145826_date_anchor_MUIS_validuntil_v1.csv","VR_20260605_145826_date_anchor_MUIS_validuntil_v1.csv",".csv","134","0.0001","2026-06-05T14:58:26","2026-06-05T14:58:26","REPORT_OR_RESULT"
"RUNTIME","D:\halal_web_runtime","D:\halal_web_runtime\data\rules\rule_validation_reports\VR_20260605_145840_manufacturer_label_strip_v1.csv","data\rules\rule_validation_reports\VR_20260605_145840_manufacturer_label_strip_v1.csv","VR_20260605_145840_manufacturer_label_strip_v1.csv",".csv","134","0.0001","2026-06-05T14:58:40","2026-06-05T14:58:40","REPORT_OR_RESULT"
"RUNTIME","D:\halal_web_runtime","D:\halal_web_runtime\data\rules\rule_validation_reports\VR_20260605_145917_manufacturer_label_strip_v1.csv","data\rules\rule_validation_reports\VR_20260605_145917_manufacturer_label_strip_v1.csv","VR_20260605_145917_manufacturer_label_strip_v1.csv",".csv","134","0.0001","2026-06-05T14:59:17","2026-06-05T14:59:17","REPORT_OR_RESULT"
"RUNTIME","D:\halal_web_runtime","D:\halal_web_runtime\data\rules\rule_validation_reports\VR_20260605_145922_cert_no_pattern_general_v1.csv","data\rules\rule_validation_reports\VR_20260605_145922_cert_no_pattern_general_v1.csv","VR_20260605_145922_cert_no_pattern_general_v1.csv",".csv","34208","0.0326","2026-06-05T14:59:22","2026-06-05T14:59:22","REPORT_OR_RESULT"
"RUNTIME","D:\halal_web_runtime","D:\halal_web_runtime\data\rules\rule_validation_reports\VR_20260605_145927_non_certificate_msds_marker_2024Q2.csv","data\rules\rule_validation_reports\VR_20260605_145927_non_certificate_msds_marker_2024Q2.csv","VR_20260605_145927_non_certificate_msds_marker_2024Q2.csv",".csv","134","0.0001","2026-06-05T14:59:27","2026-06-05T14:59:27","REPORT_OR_RESULT"
"RUNTIME","D:\halal_web_runtime","D:\halal_web_runtime\data\rules\rule_validation_reports\VR_20260605_145941_HFCE_cert_no_anchor_regex_v1.csv","data\rules\rule_validation_reports\VR_20260605_145941_HFCE_cert_no_anchor_regex_v1.csv","VR_20260605_145941_HFCE_cert_no_anchor_regex_v1.csv",".csv","134","0.0001","2026-06-05T14:59:41","2026-06-05T14:59:41","REPORT_OR_RESULT"
"RUNTIME","D:\halal_web_runtime","D:\halal_web_runtime\data\rules\rule_validation_reports\VR_20260605_145944_HFFIA_cert_no_anchor_regex_v1.csv","data\rules\rule_validation_reports\VR_20260605_145944_HFFIA_cert_no_anchor_regex_v1.csv","VR_20260605_145944_HFFIA_cert_no_anchor_regex_v1.csv",".csv","399","0.0004","2026-06-05T14:59:44","2026-06-05T14:59:44","REPORT_OR_RESULT"
"RUNTIME","D:\halal_web_runtime","D:\halal_web_runtime\data\rules\rule_validation_reports\VR_20260605_172430_MUIS_expiry_date_anchor_v1.csv","data\rules\rule_validation_reports\VR_20260605_172430_MUIS_expiry_date_anchor_v1.csv","VR_20260605_172430_MUIS_expiry_date_anchor_v1.csv",".csv","134","0.0001","2026-06-05T17:24:30","2026-06-05T17:24:30","REPORT_OR_RESULT"
"RUNTIME","D:\halal_web_runtime","D:\halal_web_runtime\data\rules\rule_validation_reports\VR_20260611_135839_JMA_cert_no_pattern_01.csv","data\rules\rule_validation_reports\VR_20260611_135839_JMA_cert_no_pattern_01.csv","VR_20260611_135839_JMA_cert_no_pattern_01.csv",".csv","698","0.0007","2026-06-11T13:58:39","2026-06-11T13:58:39","REPORT_OR_RESULT"
"RUNTIME","D:\halal_web_runtime","D:\halal_web_runtime\data\rules\rule_validation_reports\VR_20260611_135920_CICOT_cert_no_anchor_regex_v1.csv","data\rules\rule_validation_reports\VR_20260611_135920_CICOT_cert_no_anchor_regex_v1.csv","VR_20260611_135920_CICOT_cert_no_anchor_regex_v1.csv",".csv","411","0.0004","2026-06-11T13:59:20","2026-06-11T13:59:20","REPORT_OR_RESULT"
"RUNTIME","D:\halal_web_runtime","D:\halal_web_runtime\data\rules\rule_validation_reports\VR_20260611_135939_ISA_cert_no_pattern_01.csv","data\rules\rule_validation_reports\VR_20260611_135939_ISA_cert_no_pattern_01.csv","VR_20260611_135939_ISA_cert_no_pattern_01.csv",".csv","134","0.0001","2026-06-11T13:59:39","2026-06-11T13:59:39","REPORT_OR_RESULT"
"RUNTIME","D:\halal_web_runtime","D:\halal_web_runtime\data\rules\rule_validation_reports\VR_20260611_135944_HFFIA_cert_no_pattern_01.csv","data\rules\rule_validation_reports\VR_20260611_135944_HFFIA_cert_no_pattern_01.csv","VR_20260611_135944_HFFIA_cert_no_pattern_01.csv",".csv","688","0.0007","2026-06-11T13:59:44","2026-06-11T13:59:44","REPORT_OR_RESULT"
"RUNTIME","D:\halal_web_runtime","D:\halal_web_runtime\data\rules\rule_validation_reports\VR_20260611_143146_cert_no_pattern_CICOT_v2_20240611.csv","data\rules\rule_validation_reports\VR_20260611_143146_cert_no_pattern_CICOT_v2_20240611.csv","VR_20260611_143146_cert_no_pattern_CICOT_v2_20240611.csv",".csv","409","0.0004","2026-06-11T14:31:46","2026-06-11T14:31:46","REPORT_OR_RESULT"
"RUNTIME","D:\halal_web_runtime","D:\halal_web_runtime\data\rules\rule_validation_reports\VR_20260611_143146_date_anchor_HFCE_v1_20240611.csv","data\rules\rule_validation_reports\VR_20260611_143146_date_anchor_HFCE_v1_20240611.csv","VR_20260611_143146_date_anchor_HFCE_v1_20240611.csv",".csv","134","0.0001","2026-06-11T14:31:46","2026-06-11T14:31:46","REPORT_OR_RESULT"
"RUNTIME","D:\halal_web_runtime","D:\halal_web_runtime\data\rules\rule_validation_reports\VR_20260611_143147_cert_no_pattern_HFFIA_v1_20240611.csv","data\rules\rule_validation_reports\VR_20260611_143147_cert_no_pattern_HFFIA_v1_20240611.csv","VR_20260611_143147_cert_no_pattern_HFFIA_v1_20240611.csv",".csv","1289","0.0012","2026-06-11T14:31:47","2026-06-11T14:31:47","REPORT_OR_RESULT"
"RUNTIME","D:\halal_web_runtime","D:\halal_web_runtime\data\rules\rule_validation_reports\VR_20260611_143147_cert_no_pattern_MUIS_v1_20240611.csv","data\rules\rule_validation_reports\VR_20260611_143147_cert_no_pattern_MUIS_v1_20240611.csv","VR_20260611_143147_cert_no_pattern_MUIS_v1_20240611.csv",".csv","1823","0.0017","2026-06-11T14:31:47","2026-06-11T14:31:47","REPORT_OR_RESULT"
"RUNTIME","D:\halal_web_runtime","D:\halal_web_runtime\data\rules\rule_validation_reports\VR_20260611_143147_CICOT_cert_no_pattern_01.csv","data\rules\rule_validation_reports\VR_20260611_143147_CICOT_cert_no_pattern_01.csv","VR_20260611_143147_CICOT_cert_no_pattern_01.csv",".csv","1908","0.0018","2026-06-11T14:31:48","2026-06-11T14:31:48","REPORT_OR_RESULT"
"RUNTIME","D:\halal_web_runtime","D:\halal_web_runtime\data\rules\rule_validation_reports\VR_20260611_143147_HFFIA_cert_no_pattern_01.csv","data\rules\rule_validation_reports\VR_20260611_143147_HFFIA_cert_no_pattern_01.csv","VR_20260611_143147_HFFIA_cert_no_pattern_01.csv",".csv","688","0.0007","2026-06-11T14:31:47","2026-06-11T14:31:47","REPORT_OR_RESULT"
"RUNTIME","D:\halal_web_runtime","D:\halal_web_runtime\data\rules\rule_validation_reports\VR_20260611_143147_ISA_cert_no_pattern_01.csv","data\rules\rule_validation_reports\VR_20260611_143147_ISA_cert_no_pattern_01.csv","VR_20260611_143147_ISA_cert_no_pattern_01.csv",".csv","134","0.0001","2026-06-11T14:31:47","2026-06-11T14:31:47","REPORT_OR_RESULT"
"RUNTIME","D:\halal_web_runtime","D:\halal_web_runtime\data\rules\rule_validation_reports\VR_20260611_143147_JMA_cert_no_pattern_01.csv","data\rules\rule_validation_reports\VR_20260611_143147_JMA_cert_no_pattern_01.csv","VR_20260611_143147_JMA_cert_no_pattern_01.csv",".csv","698","0.0007","2026-06-11T14:31:47","2026-06-11T14:31:47","REPORT_OR_RESULT"
"RUNTIME","D:\halal_web_runtime","D:\halal_web_runtime\data\rules\rule_validation_reports\VR_20260611_143148_ARA_cert_no_pattern_01.csv","data\rules\rule_validation_reports\VR_20260611_143148_ARA_cert_no_pattern_01.csv","VR_20260611_143148_ARA_cert_no_pattern_01.csv",".csv","426","0.0004","2026-06-11T14:31:48","2026-06-11T14:31:48","REPORT_OR_RESULT"
"RUNTIME","D:\halal_web_runtime","D:\halal_web_runtime\data\rules\rule_validation_reports\VR_20260611_143148_HFCE_cert_no_pattern_01.csv","data\rules\rule_validation_reports\VR_20260611_143148_HFCE_cert_no_pattern_01.csv","VR_20260611_143148_HFCE_cert_no_pattern_01.csv",".csv","134","0.0001","2026-06-11T14:31:48","2026-06-11T14:31:48","REPORT_OR_RESULT"
"RUNTIME","D:\halal_web_runtime","D:\halal_web_runtime\data\rules\rule_validation_reports\VR_20260611_143148_JUHF_cert_no_pattern_01.csv","data\rules\rule_validation_reports\VR_20260611_143148_JUHF_cert_no_pattern_01.csv","VR_20260611_143148_JUHF_cert_no_pattern_01.csv",".csv","408","0.0004","2026-06-11T14:31:48","2026-06-11T14:31:48","REPORT_OR_RESULT"
"RUNTIME","D:\halal_web_runtime","D:\halal_web_runtime\data\rules\rule_validation_reports\VR_20260611_143148_MUIS_manufacturer_cleanup_01.csv","data\rules\rule_validation_reports\VR_20260611_143148_MUIS_manufacturer_cleanup_01.csv","VR_20260611_143148_MUIS_manufacturer_cleanup_01.csv",".csv","134","0.0001","2026-06-11T14:31:48","2026-06-11T14:31:48","REPORT_OR_RESULT"
"RUNTIME","D:\halal_web_runtime","D:\halal_web_runtime\data\rules\rule_validation_reports\VR_20260611_143148_TQHCC_cert_no_pattern_01.csv","data\rules\rule_validation_reports\VR_20260611_143148_TQHCC_cert_no_pattern_01.csv","VR_20260611_143148_TQHCC_cert_no_pattern_01.csv",".csv","1062","0.001","2026-06-11T14:31:48","2026-06-11T14:31:48","REPORT_OR_RESULT"
"RUNTIME","D:\halal_web_runtime","D:\halal_web_runtime\data\rules\rule_validation_reports\VR_20260611_143149_certno_pattern_ARA_01.csv","data\rules\rule_validation_reports\VR_20260611_143149_certno_pattern_ARA_01.csv","VR_20260611_143149_certno_pattern_ARA_01.csv",".csv","426","0.0004","2026-06-11T14:31:49","2026-06-11T14:31:49","REPORT_OR_RESULT"
"RUNTIME","D:\halal_web_runtime","D:\halal_web_runtime\data\rules\rule_validation_reports\VR_20260611_143149_certno_pattern_HFCE_01.csv","data\rules\rule_validation_reports\VR_20260611_143149_certno_pattern_HFCE_01.csv","VR_20260611_143149_certno_pattern_HFCE_01.csv",".csv","720","0.0007","2026-06-11T14:31:49","2026-06-11T14:31:49","REPORT_OR_RESULT"
"RUNTIME","D:\halal_web_runtime","D:\halal_web_runtime\data\rules\rule_validation_reports\VR_20260611_143149_certno_pattern_HFFIA_01.csv","data\rules\rule_validation_reports\VR_20260611_143149_certno_pattern_HFFIA_01.csv","VR_20260611_143149_certno_pattern_HFFIA_01.csv",".csv","990","0.0009","2026-06-11T14:31:50","2026-06-11T14:31:50","REPORT_OR_RESULT"
"RUNTIME","D:\halal_web_runtime","D:\halal_web_runtime\data\rules\rule_validation_reports\VR_20260611_143149_manufacturer_MUIS_cleanup_01.csv","data\rules\rule_validation_reports\VR_20260611_143149_manufacturer_MUIS_cleanup_01.csv","VR_20260611_143149_manufacturer_MUIS_cleanup_01.csv",".csv","134","0.0001","2026-06-11T14:31:49","2026-06-11T14:31:49","REPORT_OR_RESULT"
"RUNTIME","D:\halal_web_runtime","D:\halal_web_runtime\data\rules\rule_validation_reports\VR_20260611_143149_MUIS_cert_no_pattern_01.csv","data\rules\rule_validation_reports\VR_20260611_143149_MUIS_cert_no_pattern_01.csv","VR_20260611_143149_MUIS_cert_no_pattern_01.csv",".csv","1823","0.0017","2026-06-11T14:31:49","2026-06-11T14:31:49","REPORT_OR_RESULT"
"RUNTIME","D:\halal_web_runtime","D:\halal_web_runtime\data\rules\rule_validation_reports\VR_20260611_143150_certno_pattern_CICOT_01.csv","data\rules\rule_validation_reports\VR_20260611_143150_certno_pattern_CICOT_01.csv","VR_20260611_143150_certno_pattern_CICOT_01.csv",".csv","777","0.0007","2026-06-11T14:31:50","2026-06-11T14:31:50","REPORT_OR_RESULT"
"RUNTIME","D:\halal_web_runtime","D:\halal_web_runtime\data\rules\rule_validation_reports\VR_20260611_143150_certno_pattern_JUHF_01.csv","data\rules\rule_validation_reports\VR_20260611_143150_certno_pattern_JUHF_01.csv","VR_20260611_143150_certno_pattern_JUHF_01.csv",".csv","426","0.0004","2026-06-11T14:31:50","2026-06-11T14:31:50","REPORT_OR_RESULT"
"RUNTIME","D:\halal_web_runtime","D:\halal_web_runtime\data\rules\rule_validation_reports\VR_20260611_143150_certno_pattern_MUIS_01.csv","data\rules\rule_validation_reports\VR_20260611_143150_certno_pattern_MUIS_01.csv","VR_20260611_143150_certno_pattern_MUIS_01.csv",".csv","1823","0.0017","2026-06-11T14:31:50","2026-06-11T14:31:50","REPORT_OR_RESULT"
"RUNTIME","D:\halal_web_runtime","D:\halal_web_runtime\data\rules\rule_validation_reports\VR_20260611_143150_date_anchor_MUIS_valid_until_01.csv","data\rules\rule_validation_reports\VR_20260611_143150_date_anchor_MUIS_valid_until_01.csv","VR_20260611_143150_date_anchor_MUIS_valid_until_01.csv",".csv","134","0.0001","2026-06-11T14:31:50","2026-06-11T14:31:50","REPORT_OR_RESULT"
"RUNTIME","D:\halal_web_runtime","D:\halal_web_runtime\data\rules\rule_validation_reports\VR_20260611_143150_manufacturer_cleanup_MUIS_01.csv","data\rules\rule_validation_reports\VR_20260611_143150_manufacturer_cleanup_MUIS_01.csv","VR_20260611_143150_manufacturer_cleanup_MUIS_01.csv",".csv","134","0.0001","2026-06-11T14:31:51","2026-06-11T14:31:51","REPORT_OR_RESULT"
"RUNTIME","D:\halal_web_runtime","D:\halal_web_runtime\data\rules\rule_validation_reports\VR_20260611_143151_cert_no_regex_ARA_01.csv","data\rules\rule_validation_reports\VR_20260611_143151_cert_no_regex_ARA_01.csv","VR_20260611_143151_cert_no_regex_ARA_01.csv",".csv","426","0.0004","2026-06-11T14:31:51","2026-06-11T14:31:51","REPORT_OR_RESULT"
"RUNTIME","D:\halal_web_runtime","D:\halal_web_runtime\data\rules\rule_validation_reports\VR_20260611_143151_cert_no_regex_CICOT_01.csv","data\rules\rule_validation_reports\VR_20260611_143151_cert_no_regex_CICOT_01.csv","VR_20260611_143151_cert_no_regex_CICOT_01.csv",".csv","411","0.0004","2026-06-11T14:31:51","2026-06-11T14:31:51","REPORT_OR_RESULT"
"RUNTIME","D:\halal_web_runtime","D:\halal_web_runtime\data\rules\rule_validation_reports\VR_20260611_143151_cert_no_regex_HFFIA_01.csv","data\rules\rule_validation_reports\VR_20260611_143151_cert_no_regex_HFFIA_01.csv","VR_20260611_143151_cert_no_regex_HFFIA_01.csv",".csv","399","0.0004","2026-06-11T14:31:51","2026-06-11T14:31:51","REPORT_OR_RESULT"
"RUNTIME","D:\halal_web_runtime","D:\halal_web_runtime\data\rules\rule_validation_reports\VR_20260611_143151_cert_no_regex_MUIS_01.csv","data\rules\rule_validation_reports\VR_20260611_143151_cert_no_regex_MUIS_01.csv","VR_20260611_143151_cert_no_regex_MUIS_01.csv",".csv","1702","0.0016","2026-06-11T14:31:51","2026-06-11T14:31:51","REPORT_OR_RESULT"
"RUNTIME","D:\halal_web_runtime","D:\halal_web_runtime\data\rules\rule_validation_reports\VR_20260611_143151_manufacturer_cleanup_HFFIA_01.csv","data\rules\rule_validation_reports\VR_20260611_143151_manufacturer_cleanup_HFFIA_01.csv","VR_20260611_143151_manufacturer_cleanup_HFFIA_01.csv",".csv","134","0.0001","2026-06-11T14:31:51","2026-06-11T14:31:51","REPORT_OR_RESULT"
"RUNTIME","D:\halal_web_runtime","D:\halal_web_runtime\data\rules\rule_validation_reports\VR_20260611_143152_cert_no_pattern_arabic_hffia_v1.csv","data\rules\rule_validation_reports\VR_20260611_143152_cert_no_pattern_arabic_hffia_v1.csv","VR_20260611_143152_cert_no_pattern_arabic_hffia_v1.csv",".csv","1236","0.0012","2026-06-11T14:31:52","2026-06-11T14:31:52","REPORT_OR_RESULT"
"RUNTIME","D:\halal_web_runtime","D:\halal_web_runtime\data\rules\rule_validation_reports\VR_20260611_143152_CICOT_cert_no_anchor_regex_v1.csv","data\rules\rule_validation_reports\VR_20260611_143152_CICOT_cert_no_anchor_regex_v1.csv","VR_20260611_143152_CICOT_cert_no_anchor_regex_v1.csv",".csv","411","0.0004","2026-06-11T14:31:52","2026-06-11T14:31:52","REPORT_OR_RESULT"
"RUNTIME","D:\halal_web_runtime","D:\halal_web_runtime\data\rules\rule_validation_reports\VR_20260611_143152_HFCE_cert_no_anchor_regex_v1.csv","data\rules\rule_validation_reports\VR_20260611_143152_HFCE_cert_no_anchor_regex_v1.csv","VR_20260611_143152_HFCE_cert_no_anchor_regex_v1.csv",".csv","134","0.0001","2026-06-11T14:31:52","2026-06-11T14:31:52","REPORT_OR_RESULT"
"RUNTIME","D:\halal_web_runtime","D:\halal_web_runtime\data\rules\rule_validation_reports\VR_20260611_143152_MUIS_expiry_date_anchor_v1.csv","data\rules\rule_validation_reports\VR_20260611_143152_MUIS_expiry_date_anchor_v1.csv","VR_20260611_143152_MUIS_expiry_date_anchor_v1.csv",".csv","134","0.0001","2026-06-11T14:31:52","2026-06-11T14:31:52","REPORT_OR_RESULT"
"RUNTIME","D:\halal_web_runtime","D:\halal_web_runtime\data\rules\rule_validation_reports\VR_20260611_143152_MUIS_manufacturer_address_cleanup_v1.csv","data\rules\rule_validation_reports\VR_20260611_143152_MUIS_manufacturer_address_cleanup_v1.csv","VR_20260611_143152_MUIS_manufacturer_address_cleanup_v1.csv",".csv","134","0.0001","2026-06-11T14:31:52","2026-06-11T14:31:52","REPORT_OR_RESULT"
"RUNTIME","D:\halal_web_runtime","D:\halal_web_runtime\data\rules\rule_validation_reports\VR_20260611_143153_date_anchor_MUIS_validuntil_v1.csv","data\rules\rule_validation_reports\VR_20260611_143153_date_anchor_MUIS_validuntil_v1.csv","VR_20260611_143153_date_anchor_MUIS_validuntil_v1.csv",".csv","134","0.0001","2026-06-11T14:31:53","2026-06-11T14:31:53","REPORT_OR_RESULT"
"RUNTIME","D:\halal_web_runtime","D:\halal_web_runtime\data\rules\rule_validation_reports\VR_20260611_154236_date_anchor_HFCE_v1_20240611.csv","data\rules\rule_validation_reports\VR_20260611_154236_date_anchor_HFCE_v1_20240611.csv","VR_20260611_154236_date_anchor_HFCE_v1_20240611.csv",".csv","134","0.0001","2026-06-11T15:42:36","2026-06-11T15:42:36","REPORT_OR_RESULT"
"RUNTIME","D:\halal_web_runtime","D:\halal_web_runtime\data\rules\rule_validation_reports\VR_20260611_154242_cert_no_pattern_CICOT_v2_20240611.csv","data\rules\rule_validation_reports\VR_20260611_154242_cert_no_pattern_CICOT_v2_20240611.csv","VR_20260611_154242_cert_no_pattern_CICOT_v2_20240611.csv",".csv","409","0.0004","2026-06-11T15:42:42","2026-06-11T15:42:42","REPORT_OR_RESULT"
"RUNTIME","D:\halal_web_runtime","D:\halal_web_runtime\data\rules\rule_validation_reports\VR_20260611_154255_cert_no_pattern_HFFIA_v1_20240611.csv","data\rules\rule_validation_reports\VR_20260611_154255_cert_no_pattern_HFFIA_v1_20240611.csv","VR_20260611_154255_cert_no_pattern_HFFIA_v1_20240611.csv",".csv","1289","0.0012","2026-06-11T15:42:55","2026-06-11T15:42:55","REPORT_OR_RESULT"
"RUNTIME","D:\halal_web_runtime","D:\halal_web_runtime\data\rules\rule_validation_reports\VR_20260611_154300_cert_no_pattern_CICOT_v2_20240611.csv","data\rules\rule_validation_reports\VR_20260611_154300_cert_no_pattern_CICOT_v2_20240611.csv","VR_20260611_154300_cert_no_pattern_CICOT_v2_20240611.csv",".csv","409","0.0004","2026-06-11T15:43:00","2026-06-11T15:43:00","REPORT_OR_RESULT"
"RUNTIME","D:\halal_web_runtime","D:\halal_web_runtime\data\rules\rule_validation_reports\VR_20260611_154300_cert_no_pattern_HFFIA_v1_20240611.csv","data\rules\rule_validation_reports\VR_20260611_154300_cert_no_pattern_HFFIA_v1_20240611.csv","VR_20260611_154300_cert_no_pattern_HFFIA_v1_20240611.csv",".csv","1289","0.0012","2026-06-11T15:43:00","2026-06-11T15:43:00","REPORT_OR_RESULT"
"RUNTIME","D:\halal_web_runtime","D:\halal_web_runtime\data\rules\rule_validation_reports\VR_20260611_154300_date_anchor_HFCE_v1_20240611.csv","data\rules\rule_validation_reports\VR_20260611_154300_date_anchor_HFCE_v1_20240611.csv","VR_20260611_154300_date_anchor_HFCE_v1_20240611.csv",".csv","134","0.0001","2026-06-11T15:43:00","2026-06-11T15:43:00","REPORT_OR_RESULT"
"RUNTIME","D:\halal_web_runtime","D:\halal_web_runtime\data\rules\rule_validation_reports\VR_20260611_154301_cert_no_pattern_MUIS_v1_20240611.csv","data\rules\rule_validation_reports\VR_20260611_154301_cert_no_pattern_MUIS_v1_20240611.csv","VR_20260611_154301_cert_no_pattern_MUIS_v1_20240611.csv",".csv","1823","0.0017","2026-06-11T15:43:01","2026-06-11T15:43:01","REPORT_OR_RESULT"
"RUNTIME","D:\halal_web_runtime","D:\halal_web_runtime\data\rules\rule_validation_reports\VR_20260611_154301_HFFIA_cert_no_pattern_01.csv","data\rules\rule_validation_reports\VR_20260611_154301_HFFIA_cert_no_pattern_01.csv","VR_20260611_154301_HFFIA_cert_no_pattern_01.csv",".csv","688","0.0007","2026-06-11T15:43:01","2026-06-11T15:43:01","REPORT_OR_RESULT"
"RUNTIME","D:\halal_web_runtime","D:\halal_web_runtime\data\rules\rule_validation_reports\VR_20260611_154301_ISA_cert_no_pattern_01.csv","data\rules\rule_validation_reports\VR_20260611_154301_ISA_cert_no_pattern_01.csv","VR_20260611_154301_ISA_cert_no_pattern_01.csv",".csv","134","0.0001","2026-06-11T15:43:01","2026-06-11T15:43:01","REPORT_OR_RESULT"
"RUNTIME","D:\halal_web_runtime","D:\halal_web_runtime\data\rules\rule_validation_reports\VR_20260611_154301_JMA_cert_no_pattern_01.csv","data\rules\rule_validation_reports\VR_20260611_154301_JMA_cert_no_pattern_01.csv","VR_20260611_154301_JMA_cert_no_pattern_01.csv",".csv","698","0.0007","2026-06-11T15:43:01","2026-06-11T15:43:01","REPORT_OR_RESULT"
"RUNTIME","D:\halal_web_runtime","D:\halal_web_runtime\data\rules\rule_validation_reports\VR_20260611_154302_CICOT_cert_no_pattern_01.csv","data\rules\rule_validation_reports\VR_20260611_154302_CICOT_cert_no_pattern_01.csv","VR_20260611_154302_CICOT_cert_no_pattern_01.csv",".csv","1908","0.0018","2026-06-11T15:43:02","2026-06-11T15:43:02","REPORT_OR_RESULT"
"RUNTIME","D:\halal_web_runtime","D:\halal_web_runtime\data\rules\rule_validation_reports\VR_20260611_154302_HFCE_cert_no_pattern_01.csv","data\rules\rule_validation_reports\VR_20260611_154302_HFCE_cert_no_pattern_01.csv","VR_20260611_154302_HFCE_cert_no_pattern_01.csv",".csv","134","0.0001","2026-06-11T15:43:02","2026-06-11T15:43:02","REPORT_OR_RESULT"
"RUNTIME","D:\halal_web_runtime","D:\halal_web_runtime\data\rules\rule_validation_reports\VR_20260611_154302_JUHF_cert_no_pattern_01.csv","data\rules\rule_validation_reports\VR_20260611_154302_JUHF_cert_no_pattern_01.csv","VR_20260611_154302_JUHF_cert_no_pattern_01.csv",".csv","408","0.0004","2026-06-11T15:43:02","2026-06-11T15:43:02","REPORT_OR_RESULT"
"RUNTIME","D:\halal_web_runtime","D:\halal_web_runtime\data\rules\rule_validation_reports\VR_20260611_154303_ARA_cert_no_pattern_01.csv","data\rules\rule_validation_reports\VR_20260611_154303_ARA_cert_no_pattern_01.csv","VR_20260611_154303_ARA_cert_no_pattern_01.csv",".csv","426","0.0004","2026-06-11T15:43:03","2026-06-11T15:43:03","REPORT_OR_RESULT"
"RUNTIME","D:\halal_web_runtime","D:\halal_web_runtime\data\rules\rule_validation_reports\VR_20260611_154303_certno_pattern_HFCE_01.csv","data\rules\rule_validation_reports\VR_20260611_154303_certno_pattern_HFCE_01.csv","VR_20260611_154303_certno_pattern_HFCE_01.csv",".csv","720","0.0007","2026-06-11T15:43:04","2026-06-11T15:43:04","REPORT_OR_RESULT"
"RUNTIME","D:\halal_web_runtime","D:\halal_web_runtime\data\rules\rule_validation_reports\VR_20260611_154303_MUIS_cert_no_pattern_01.csv","data\rules\rule_validation_reports\VR_20260611_154303_MUIS_cert_no_pattern_01.csv","VR_20260611_154303_MUIS_cert_no_pattern_01.csv",".csv","1823","0.0017","2026-06-11T15:43:03","2026-06-11T15:43:03","REPORT_OR_RESULT"
"RUNTIME","D:\halal_web_runtime","D:\halal_web_runtime\data\rules\rule_validation_reports\VR_20260611_154303_MUIS_manufacturer_cleanup_01.csv","data\rules\rule_validation_reports\VR_20260611_154303_MUIS_manufacturer_cleanup_01.csv","VR_20260611_154303_MUIS_manufacturer_cleanup_01.csv",".csv","134","0.0001","2026-06-11T15:43:03","2026-06-11T15:43:03","REPORT_OR_RESULT"
"RUNTIME","D:\halal_web_runtime","D:\halal_web_runtime\data\rules\rule_validation_reports\VR_20260611_154303_TQHCC_cert_no_pattern_01.csv","data\rules\rule_validation_reports\VR_20260611_154303_TQHCC_cert_no_pattern_01.csv","VR_20260611_154303_TQHCC_cert_no_pattern_01.csv",".csv","1062","0.001","2026-06-11T15:43:03","2026-06-11T15:43:03","REPORT_OR_RESULT"
"RUNTIME","D:\halal_web_runtime","D:\halal_web_runtime\data\rules\rule_validation_reports\VR_20260611_154304_certno_pattern_ARA_01.csv","data\rules\rule_validation_reports\VR_20260611_154304_certno_pattern_ARA_01.csv","VR_20260611_154304_certno_pattern_ARA_01.csv",".csv","426","0.0004","2026-06-11T15:43:04","2026-06-11T15:43:04","REPORT_OR_RESULT"
"RUNTIME","D:\halal_web_runtime","D:\halal_web_runtime\data\rules\rule_validation_reports\VR_20260611_154304_certno_pattern_HFFIA_01.csv","data\rules\rule_validation_reports\VR_20260611_154304_certno_pattern_HFFIA_01.csv","VR_20260611_154304_certno_pattern_HFFIA_01.csv",".csv","990","0.0009","2026-06-11T15:43:04","2026-06-11T15:43:04","REPORT_OR_RESULT"
"RUNTIME","D:\halal_web_runtime","D:\halal_web_runtime\data\rules\rule_validation_reports\VR_20260611_154304_manufacturer_MUIS_cleanup_01.csv","data\rules\rule_validation_reports\VR_20260611_154304_manufacturer_MUIS_cleanup_01.csv","VR_20260611_154304_manufacturer_MUIS_cleanup_01.csv",".csv","134","0.0001","2026-06-11T15:43:04","2026-06-11T15:43:04","REPORT_OR_RESULT"
"RUNTIME","D:\halal_web_runtime","D:\halal_web_runtime\data\rules\rule_validation_reports\VR_20260611_154305_certno_pattern_CICOT_01.csv","data\rules\rule_validation_reports\VR_20260611_154305_certno_pattern_CICOT_01.csv","VR_20260611_154305_certno_pattern_CICOT_01.csv",".csv","777","0.0007","2026-06-11T15:43:05","2026-06-11T15:43:05","REPORT_OR_RESULT"
"RUNTIME","D:\halal_web_runtime","D:\halal_web_runtime\data\rules\rule_validation_reports\VR_20260611_154305_certno_pattern_JUHF_01.csv","data\rules\rule_validation_reports\VR_20260611_154305_certno_pattern_JUHF_01.csv","VR_20260611_154305_certno_pattern_JUHF_01.csv",".csv","426","0.0004","2026-06-11T15:43:05","2026-06-11T15:43:05","REPORT_OR_RESULT"
"RUNTIME","D:\halal_web_runtime","D:\halal_web_runtime\data\rules\rule_validation_reports\VR_20260611_154305_certno_pattern_MUIS_01.csv","data\rules\rule_validation_reports\VR_20260611_154305_certno_pattern_MUIS_01.csv","VR_20260611_154305_certno_pattern_MUIS_01.csv",".csv","1823","0.0017","2026-06-11T15:43:05","2026-06-11T15:43:05","REPORT_OR_RESULT"
"RUNTIME","D:\halal_web_runtime","D:\halal_web_runtime\data\rules\rule_validation_reports\VR_20260611_154305_date_anchor_MUIS_valid_until_01.csv","data\rules\rule_validation_reports\VR_20260611_154305_date_anchor_MUIS_valid_until_01.csv","VR_20260611_154305_date_anchor_MUIS_valid_until_01.csv",".csv","134","0.0001","2026-06-11T15:43:05","2026-06-11T15:43:05","REPORT_OR_RESULT"
"RUNTIME","D:\halal_web_runtime","D:\halal_web_runtime\data\rules\rule_validation_reports\VR_20260611_154306_cert_no_regex_ARA_01.csv","data\rules\rule_validation_reports\VR_20260611_154306_cert_no_regex_ARA_01.csv","VR_20260611_154306_cert_no_regex_ARA_01.csv",".csv","426","0.0004","2026-06-11T15:43:06","2026-06-11T15:43:06","REPORT_OR_RESULT"
"RUNTIME","D:\halal_web_runtime","D:\halal_web_runtime\data\rules\rule_validation_reports\VR_20260611_154306_manufacturer_cleanup_HFFIA_01.csv","data\rules\rule_validation_reports\VR_20260611_154306_manufacturer_cleanup_HFFIA_01.csv","VR_20260611_154306_manufacturer_cleanup_HFFIA_01.csv",".csv","134","0.0001","2026-06-11T15:43:06","2026-06-11T15:43:06","REPORT_OR_RESULT"
"RUNTIME","D:\halal_web_runtime","D:\halal_web_runtime\data\rules\rule_validation_reports\VR_20260611_154306_manufacturer_cleanup_MUIS_01.csv","data\rules\rule_validation_reports\VR_20260611_154306_manufacturer_cleanup_MUIS_01.csv","VR_20260611_154306_manufacturer_cleanup_MUIS_01.csv",".csv","134","0.0001","2026-06-11T15:43:06","2026-06-11T15:43:06","REPORT_OR_RESULT"
"RUNTIME","D:\halal_web_runtime","D:\halal_web_runtime\data\rules\rule_validation_reports\VR_20260611_154307_cert_no_regex_CICOT_01.csv","data\rules\rule_validation_reports\VR_20260611_154307_cert_no_regex_CICOT_01.csv","VR_20260611_154307_cert_no_regex_CICOT_01.csv",".csv","411","0.0004","2026-06-11T15:43:07","2026-06-11T15:43:07","REPORT_OR_RESULT"
"RUNTIME","D:\halal_web_runtime","D:\halal_web_runtime\data\rules\rule_validation_reports\VR_20260611_154307_cert_no_regex_HFFIA_01.csv","data\rules\rule_validation_reports\VR_20260611_154307_cert_no_regex_HFFIA_01.csv","VR_20260611_154307_cert_no_regex_HFFIA_01.csv",".csv","399","0.0004","2026-06-11T15:43:07","2026-06-11T15:43:07","REPORT_OR_RESULT"
"RUNTIME","D:\halal_web_runtime","D:\halal_web_runtime\data\rules\rule_validation_reports\VR_20260611_154307_cert_no_regex_MUIS_01.csv","data\rules\rule_validation_reports\VR_20260611_154307_cert_no_regex_MUIS_01.csv","VR_20260611_154307_cert_no_regex_MUIS_01.csv",".csv","1702","0.0016","2026-06-11T15:43:07","2026-06-11T15:43:07","REPORT_OR_RESULT"
"RUNTIME","D:\halal_web_runtime","D:\halal_web_runtime\data\rules\rule_validation_reports\VR_20260611_154307_HFCE_cert_no_anchor_regex_v1.csv","data\rules\rule_validation_reports\VR_20260611_154307_HFCE_cert_no_anchor_regex_v1.csv","VR_20260611_154307_HFCE_cert_no_anchor_regex_v1.csv",".csv","134","0.0001","2026-06-11T15:43:07","2026-06-11T15:43:07","REPORT_OR_RESULT"
"RUNTIME","D:\halal_web_runtime","D:\halal_web_runtime\data\rules\rule_validation_reports\VR_20260611_154308_cert_no_pattern_arabic_hffia_v1.csv","data\rules\rule_validation_reports\VR_20260611_154308_cert_no_pattern_arabic_hffia_v1.csv","VR_20260611_154308_cert_no_pattern_arabic_hffia_v1.csv",".csv","1236","0.0012","2026-06-11T15:43:09","2026-06-11T15:43:09","REPORT_OR_RESULT"
"RUNTIME","D:\halal_web_runtime","D:\halal_web_runtime\data\rules\rule_validation_reports\VR_20260611_154308_CICOT_cert_no_anchor_regex_v1.csv","data\rules\rule_validation_reports\VR_20260611_154308_CICOT_cert_no_anchor_regex_v1.csv","VR_20260611_154308_CICOT_cert_no_anchor_regex_v1.csv",".csv","411","0.0004","2026-06-11T15:43:08","2026-06-11T15:43:08","REPORT_OR_RESULT"
"RUNTIME","D:\halal_web_runtime","D:\halal_web_runtime\data\rules\rule_validation_reports\VR_20260611_154308_MUIS_expiry_date_anchor_v1.csv","data\rules\rule_validation_reports\VR_20260611_154308_MUIS_expiry_date_anchor_v1.csv","VR_20260611_154308_MUIS_expiry_date_anchor_v1.csv",".csv","134","0.0001","2026-06-11T15:43:08","2026-06-11T15:43:08","REPORT_OR_RESULT"
"RUNTIME","D:\halal_web_runtime","D:\halal_web_runtime\data\rules\rule_validation_reports\VR_20260611_154308_MUIS_manufacturer_address_cleanup_v1.csv","data\rules\rule_validation_reports\VR_20260611_154308_MUIS_manufacturer_address_cleanup_v1.csv","VR_20260611_154308_MUIS_manufacturer_address_cleanup_v1.csv",".csv","134","0.0001","2026-06-11T15:43:08","2026-06-11T15:43:08","REPORT_OR_RESULT"
"RUNTIME","D:\halal_web_runtime","D:\halal_web_runtime\data\rules\rule_validation_reports\VR_20260611_154309_date_anchor_MUIS_validuntil_v1.csv","data\rules\rule_validation_reports\VR_20260611_154309_date_anchor_MUIS_validuntil_v1.csv","VR_20260611_154309_date_anchor_MUIS_validuntil_v1.csv",".csv","134","0.0001","2026-06-11T15:43:09","2026-06-11T15:43:09","REPORT_OR_RESULT"
"RUNTIME","D:\halal_web_runtime","D:\halal_web_runtime\reports\storage_path_audit_20260629_173221.json","reports\storage_path_audit_20260629_173221.json","storage_path_audit_20260629_173221.json",".json","27315","0.026","2026-06-29T17:32:21","2026-06-29T17:32:21","SOURCE_OR_CONFIG"
