"root_label","root_path","full_path","relative_path","file_name","extension","size_bytes","size_mb","created_at","modified_at","category"
"PROJECT","C:\Users\user\OneDrive\바탕 화면\한재광\회사SW\DT준전문가교육\DLAB\SW Project\halal_web","C:\Users\user\OneDrive\바탕 화면\한재광\회사SW\DT준전문가교육\DLAB\SW Project\halal_web\_ml_integration_review.zip","_ml_integration_review.zip","_ml_integration_review.zip",".zip","116416","0.111","2026-07-27T08:19:09","2026-07-27T08:19:09","OCR_TRAINING_DATA"
"PROJECT","C:\Users\user\OneDrive\바탕 화면\한재광\회사SW\DT준전문가교육\DLAB\SW Project\halal_web","C:\Users\user\OneDrive\바탕 화면\한재광\회사SW\DT준전문가교육\DLAB\SW Project\halal_web\.tmp_confirm_integration_test\active_pmf_test_copy.xlsm",".tmp_confirm_integration_test\active_pmf_test_copy.xlsm","active_pmf_test_copy.xlsm",".xlsm","8155222","7.7774","2026-06-30T17:40:52","2026-06-30T17:40:53","PMF_WORKBOOK"
"PROJECT","C:\Users\user\OneDrive\바탕 화면\한재광\회사SW\DT준전문가교육\DLAB\SW Project\halal_web","C:\Users\user\OneDrive\바탕 화면\한재광\회사SW\DT준전문가교육\DLAB\SW Project\halal_web\.tmp_confirm_integration_test\pmf_app_test.db",".tmp_confirm_integration_test\pmf_app_test.db","pmf_app_test.db",".db","32768","0.0312","2026-06-30T17:40:48","2026-06-30T17:40:53","DATABASE"
"RUNTIME","D:\halal_web_runtime","D:\halal_web_runtime\cache\source_pmf\active_pmf.xlsm","cache\source_pmf\active_pmf.xlsm","active_pmf.xlsm",".xlsm","7970300","7.6011","2026-07-01T23:22:53","2026-07-01T23:22:55","PMF_WORKBOOK"
"RUNTIME","D:\halal_web_runtime","D:\halal_web_runtime\cache\source_pmf\pmf_backups\active_pmf_20260701_231426_219486.xlsm","cache\source_pmf\pmf_backups\active_pmf_20260701_231426_219486.xlsm","active_pmf_20260701_231426_219486.xlsm",".xlsm","43054342","41.0598","2026-07-01T23:14:26","2026-05-29T08:11:17","PMF_WORKBOOK"
"RUNTIME","D:\halal_web_runtime","D:\halal_web_runtime\cache\source_pmf\pmf_backups\active_pmf_20260701_231730_842053.xlsm","cache\source_pmf\pmf_backups\active_pmf_20260701_231730_842053.xlsm","active_pmf_20260701_231730_842053.xlsm",".xlsm","8174750","7.796","2026-07-01T23:17:30","2026-07-01T23:16:38","PMF_WORKBOOK"
"RUNTIME","D:\halal_web_runtime","D:\halal_web_runtime\cache\source_pmf\pmf_backups\active_pmf_20260701_232252_145241.xlsm","cache\source_pmf\pmf_backups\active_pmf_20260701_232252_145241.xlsm","active_pmf_20260701_232252_145241.xlsm",".xlsm","8014717","7.6434","2026-07-01T23:22:52","2026-07-01T23:18:54","PMF_WORKBOOK"
"RUNTIME","D:\halal_web_runtime","D:\halal_web_runtime\certificate_classifier\data\dataset_v1_20260723_172412\metadata\01_dataset_manifest.csv","certificate_classifier\data\dataset_v1_20260723_172412\metadata\01_dataset_manifest.csv","01_dataset_manifest.csv",".csv","180385","0.172","2026-07-23T17:24:19","2026-07-23T17:34:54","OCR_TRAINING_DATA"
"RUNTIME","D:\halal_web_runtime","D:\halal_web_runtime\certificate_classifier\data\dataset_v1_20260723_172412\metadata\02_class_summary.csv","certificate_classifier\data\dataset_v1_20260723_172412\metadata\02_class_summary.csv","02_class_summary.csv",".csv","672","0.0006","2026-07-23T17:24:19","2026-07-23T17:34:54","OCR_TRAINING_DATA"
"RUNTIME","D:\halal_web_runtime","D:\halal_web_runtime\certificate_classifier\data\dataset_v1_20260723_172412\metadata\03_cross_label_conflicts.csv","certificate_classifier\data\dataset_v1_20260723_172412\metadata\03_cross_label_conflicts.csv","03_cross_label_conflicts.csv",".csv","5","0","2026-07-23T17:34:54","2026-07-23T17:34:54","OCR_TRAINING_DATA"
"RUNTIME","D:\halal_web_runtime","D:\halal_web_runtime\certificate_classifier\data\dataset_v1_20260723_172412\metadata\04_within_class_duplicates.csv","certificate_classifier\data\dataset_v1_20260723_172412\metadata\04_within_class_duplicates.csv","04_within_class_duplicates.csv",".csv","5","0","2026-07-23T17:34:54","2026-07-23T17:34:54","OCR_TRAINING_DATA"
"RUNTIME","D:\halal_web_runtime","D:\halal_web_runtime\certificate_classifier\data\dataset_v1_20260723_172412\metadata\05_hash_errors.csv","certificate_classifier\data\dataset_v1_20260723_172412\metadata\05_hash_errors.csv","05_hash_errors.csv",".csv","5","0","2026-07-23T17:34:54","2026-07-23T17:34:54","OCR_TRAINING_DATA"
"RUNTIME","D:\halal_web_runtime","D:\halal_web_runtime\certificate_classifier\data\dataset_v1_20260723_172412\raw\BPJPH\0A02218E4B53__0A02218E4B53__129. Mussel Concentrate NM(Hwachang)[BPJPH_2027-01-09]화.pdf","certificate_classifier\data\dataset_v1_20260723_172412\raw\BPJPH\0A02218E4B53__0A02218E4B53__129. Mussel Concentrate NM(Hwachang)[BPJPH_2027-01-09]화.pdf","0A02218E4B53__0A02218E4B53__129. Mussel Concentrate NM(Hwachang)[BPJPH_2027-01-09]화.pdf",".pdf","675817","0.6445","2026-07-23T17:24:17","2026-05-20T08:49:31","PDF"
"RUNTIME","D:\halal_web_runtime","D:\halal_web_runtime\certificate_classifier\data\dataset_v1_20260723_172412\raw\BPJPH\0DFD9D7A2284__0DFD9D7A2284__75. Iceoligosaccharide(SAJO)[BPJPH_2026-01-06]사.pdf","certificate_classifier\data\dataset_v1_20260723_172412\raw\BPJPH\0DFD9D7A2284__0DFD9D7A2284__75. Iceoligosaccharide(SAJO)[BPJPH_2026-01-06]사.pdf","0DFD9D7A2284__0DFD9D7A2284__75. Iceoligosaccharide(SAJO)[BPJPH_2026-01-06]사.pdf",".pdf","710591","0.6777","2026-07-23T17:24:17","2025-09-04T10:09:15","PDF"
"RUNTIME","D:\halal_web_runtime","D:\halal_web_runtime\certificate_classifier\data\dataset_v1_20260723_172412\raw\BPJPH\1888072CE056__1888072CE056__3. DL-Alanine(HUAHENG)[BPJPH_2026-11-03]테.pdf","certificate_classifier\data\dataset_v1_20260723_172412\raw\BPJPH\1888072CE056__1888072CE056__3. DL-Alanine(HUAHENG)[BPJPH_2026-11-03]테.pdf","1888072CE056__1888072CE056__3. DL-Alanine(HUAHENG)[BPJPH_2026-11-03]테.pdf",".pdf","1401540","1.3366","2026-07-23T17:24:17","2025-09-10T13:24:10","PDF"
"RUNTIME","D:\halal_web_runtime","D:\halal_web_runtime\certificate_classifier\data\dataset_v1_20260723_172412\raw\BPJPH\24F4903C6DB5__24F4903C6DB5__167_3. Maltodextrin(Daesang)[BPJPH_2026-11-03]한.pdf","certificate_classifier\data\dataset_v1_20260723_172412\raw\BPJPH\24F4903C6DB5__24F4903C6DB5__167_3. Maltodextrin(Daesang)[BPJPH_2026-11-03]한.pdf","24F4903C6DB5__24F4903C6DB5__167_3. Maltodextrin(Daesang)[BPJPH_2026-11-03]한.pdf",".pdf","453020","0.432","2026-07-23T17:24:17","2024-07-15T11:42:52","PDF"
"RUNTIME","D:\halal_web_runtime","D:\halal_web_runtime\certificate_classifier\data\dataset_v1_20260723_172412\raw\BPJPH\25DBFA5968C3__25DBFA5968C3__96. YEAST EXTRACT LA05(ANGEL)[BPJPH_2026-07-12]아.pdf","certificate_classifier\data\dataset_v1_20260723_172412\raw\BPJPH\25DBFA5968C3__25DBFA5968C3__96. YEAST EXTRACT LA05(ANGEL)[BPJPH_2026-07-12]아.pdf","25DBFA5968C3__25DBFA5968C3__96. YEAST EXTRACT LA05(ANGEL)[BPJPH_2026-07-12]아.pdf",".pdf","3084678","2.9418","2026-07-23T17:24:17","2025-09-10T13:59:25","PDF"
"RUNTIME","D:\halal_web_runtime","D:\halal_web_runtime\certificate_classifier\data\dataset_v1_20260723_172412\raw\BPJPH\2BFE50619DF1__2BFE50619DF1__125. Edible Dextrose(DONGXIAO)[BPJPH_2026-11-24]제.pdf","certificate_classifier\data\dataset_v1_20260723_172412\raw\BPJPH\2BFE50619DF1__2BFE50619DF1__125. Edible Dextrose(DONGXIAO)[BPJPH_2026-11-24]제.pdf","2BFE50619DF1__2BFE50619DF1__125. Edible Dextrose(DONGXIAO)[BPJPH_2026-11-24]제.pdf",".pdf","416908","0.3976","2026-07-23T17:24:17","2025-09-05T08:18:54","PDF"
"RUNTIME","D:\halal_web_runtime","D:\halal_web_runtime\certificate_classifier\data\dataset_v1_20260723_172412\raw\BPJPH\31566204AB52__31566204AB52__157. Monosodium glutamate-MSG(COFCO)[BPJPH_2027-03-09]보.pdf","certificate_classifier\data\dataset_v1_20260723_172412\raw\BPJPH\31566204AB52__31566204AB52__157. Monosodium glutamate-MSG(COFCO)[BPJPH_2027-03-09]보.pdf","31566204AB52__31566204AB52__157. Monosodium glutamate-MSG(COFCO)[BPJPH_2027-03-09]보.pdf",".pdf","416344","0.3971","2026-07-23T17:24:17","2025-09-05T08:22:20","PDF"
"RUNTIME","D:\halal_web_runtime","D:\halal_web_runtime\certificate_classifier\data\dataset_v1_20260723_172412\raw\BPJPH\410F51A9887F__410F51A9887F__155. Monosodium Glutamate(TONGLIAO)[BPJPH_2026-02-23]보.pdf","certificate_classifier\data\dataset_v1_20260723_172412\raw\BPJPH\410F51A9887F__410F51A9887F__155. Monosodium Glutamate(TONGLIAO)[BPJPH_2026-02-23]보.pdf","410F51A9887F__410F51A9887F__155. Monosodium Glutamate(TONGLIAO)[BPJPH_2026-02-23]보.pdf",".pdf","417430","0.3981","2026-07-23T17:24:17","2025-09-05T08:23:17","PDF"
"RUNTIME","D:\halal_web_runtime","D:\halal_web_runtime\certificate_classifier\data\dataset_v1_20260723_172412\raw\BPJPH\47302D8D1574__47302D8D1574__103. lactic acid(HeNan)[BPJPH_2026-07-21]에.pdf","certificate_classifier\data\dataset_v1_20260723_172412\raw\BPJPH\47302D8D1574__47302D8D1574__103. lactic acid(HeNan)[BPJPH_2026-07-21]에.pdf","47302D8D1574__47302D8D1574__103. lactic acid(HeNan)[BPJPH_2026-07-21]에.pdf",".pdf","612895","0.5845","2026-07-23T17:24:17","2025-09-05T09:58:51","PDF"
"RUNTIME","D:\halal_web_runtime","D:\halal_web_runtime\certificate_classifier\data\dataset_v1_20260723_172412\raw\BPJPH\48DC33EA36A8__48DC33EA36A8__108_2. LpHera(Novozyme)[BPJPH_2026-05-25]씨.pdf","certificate_classifier\data\dataset_v1_20260723_172412\raw\BPJPH\48DC33EA36A8__48DC33EA36A8__108_2. LpHera(Novozyme)[BPJPH_2026-05-25]씨.pdf","48DC33EA36A8__48DC33EA36A8__108_2. LpHera(Novozyme)[BPJPH_2026-05-25]씨.pdf",".pdf","1042940","0.9946","2026-07-23T17:24:18","2025-09-22T09:05:06","PDF"
"RUNTIME","D:\halal_web_runtime","D:\halal_web_runtime\certificate_classifier\data\dataset_v1_20260723_172412\raw\BPJPH\5BD2F418BAE7__5BD2F418BAE7__93. CJ TIDE IMP(PT.)[BPJPH_2026-11-25]씨.pdf","certificate_classifier\data\dataset_v1_20260723_172412\raw\BPJPH\5BD2F418BAE7__5BD2F418BAE7__93. CJ TIDE IMP(PT.)[BPJPH_2026-11-25]씨.pdf","5BD2F418BAE7__5BD2F418BAE7__93. CJ TIDE IMP(PT.)[BPJPH_2026-11-25]씨.pdf",".pdf","569975","0.5436","2026-07-23T17:24:18","2025-09-04T10:48:22","PDF"
"RUNTIME","D:\halal_web_runtime","D:\halal_web_runtime\certificate_classifier\data\dataset_v1_20260723_172412\raw\BPJPH\6710DB504761__6710DB504761__220908 Dextrin_BPJPH(YISHIU DADI).pdf","certificate_classifier\data\dataset_v1_20260723_172412\raw\BPJPH\6710DB504761__6710DB504761__220908 Dextrin_BPJPH(YISHIU DADI).pdf","6710DB504761__6710DB504761__220908 Dextrin_BPJPH(YISHIU DADI).pdf",".pdf","415711","0.3965","2026-07-23T17:24:18","2025-09-09T17:14:42","PDF"
"RUNTIME","D:\halal_web_runtime","D:\halal_web_runtime\certificate_classifier\data\dataset_v1_20260723_172412\raw\BPJPH\7BABB4271050__7BABB4271050__140_2. CItric Acid Monohydrate(WEIFANG)[BPJPH_2026-09-22]S.pdf","certificate_classifier\data\dataset_v1_20260723_172412\raw\BPJPH\7BABB4271050__7BABB4271050__140_2. CItric Acid Monohydrate(WEIFANG)[BPJPH_2026-09-22]S.pdf","7BABB4271050__7BABB4271050__140_2. CItric Acid Monohydrate(WEIFANG)[BPJPH_2026-09-22]S.pdf",".pdf","819074","0.7811","2026-07-23T17:24:18","2025-09-10T13:21:58","PDF"
"RUNTIME","D:\halal_web_runtime","D:\halal_web_runtime\certificate_classifier\data\dataset_v1_20260723_172412\raw\BPJPH\8537AE0DD01D__8537AE0DD01D__158. CHICKEN BROTH MEAT FLAVOR S1901751(TAKASAGO)[BPJPH_2026-07-21]타.pdf","certificate_classifier\data\dataset_v1_20260723_172412\raw\BPJPH\8537AE0DD01D__8537AE0DD01D__158. CHICKEN BROTH MEAT FLAVOR S1901751(TAKASAGO)[BPJPH_2026-07-21]타.pdf","8537AE0DD01D__8537AE0DD01D__158. CHICKEN BROTH MEAT FLAVOR S1901751(TAKASAGO)[BPJPH_2026-07-21]타.pdf",".pdf","1766232","1.6844","2026-07-23T17:24:18","2025-07-15T14:20:40","PDF"
"RUNTIME","D:\halal_web_runtime","D:\halal_web_runtime\certificate_classifier\data\dataset_v1_20260723_172412\raw\BPJPH\8D1AA0057011__8D1AA0057011__87. Squid Base(ROGWON)[BPJPH_2026-12-29]녹.pdf","certificate_classifier\data\dataset_v1_20260723_172412\raw\BPJPH\8D1AA0057011__8D1AA0057011__87. Squid Base(ROGWON)[BPJPH_2026-12-29]녹.pdf","8D1AA0057011__8D1AA0057011__87. Squid Base(ROGWON)[BPJPH_2026-12-29]녹.pdf",".pdf","523819","0.4996","2026-07-23T17:24:18","2025-09-04T11:13:23","PDF"
"RUNTIME","D:\halal_web_runtime","D:\halal_web_runtime\certificate_classifier\data\dataset_v1_20260723_172412\raw\BPJPH\981F2243BF68__981F2243BF68__102_2. TONSIL OPTIMUM 230LM(CLARIANT)[BPJPH_2026-09-23]롯.pdf","certificate_classifier\data\dataset_v1_20260723_172412\raw\BPJPH\981F2243BF68__981F2243BF68__102_2. TONSIL OPTIMUM 230LM(CLARIANT)[BPJPH_2026-09-23]롯.pdf","981F2243BF68__981F2243BF68__102_2. TONSIL OPTIMUM 230LM(CLARIANT)[BPJPH_2026-09-23]롯.pdf",".pdf","429995","0.4101","2026-07-23T17:24:18","2025-09-11T09:16:51","PDF"
"RUNTIME","D:\halal_web_runtime","D:\halal_web_runtime\certificate_classifier\data\dataset_v1_20260723_172412\raw\BPJPH\9E7C33FFDBA6__9E7C33FFDBA6__11_1. Propylene Glygol USP.EP(SK)[BPJPH_2022-02-04]신.pdf","certificate_classifier\data\dataset_v1_20260723_172412\raw\BPJPH\9E7C33FFDBA6__9E7C33FFDBA6__11_1. Propylene Glygol USP.EP(SK)[BPJPH_2022-02-04]신.pdf","9E7C33FFDBA6__9E7C33FFDBA6__11_1. Propylene Glygol USP.EP(SK)[BPJPH_2022-02-04]신.pdf",".pdf","505399","0.482","2026-07-23T17:24:18","2026-07-22T13:17:42","PDF"
"RUNTIME","D:\halal_web_runtime","D:\halal_web_runtime\certificate_classifier\data\dataset_v1_20260723_172412\raw\BPJPH\A6C4420FF3FB__A6C4420FF3FB__42. Maltodextrin(SAJO)[BPJPH_2026-12-09]사.pdf","certificate_classifier\data\dataset_v1_20260723_172412\raw\BPJPH\A6C4420FF3FB__A6C4420FF3FB__42. Maltodextrin(SAJO)[BPJPH_2026-12-09]사.pdf","A6C4420FF3FB__A6C4420FF3FB__42. Maltodextrin(SAJO)[BPJPH_2026-12-09]사.pdf",".pdf","492952","0.4701","2026-07-23T17:24:18","2025-09-04T10:43:55","PDF"
"RUNTIME","D:\halal_web_runtime","D:\halal_web_runtime\certificate_classifier\data\dataset_v1_20260723_172412\raw\BPJPH\AAE0661FE8E8__AAE0661FE8E8__230525 BPJPH_NOVOZYMES(CHINA) 카라멜 하이드롤 하부.pdf","certificate_classifier\data\dataset_v1_20260723_172412\raw\BPJPH\AAE0661FE8E8__AAE0661FE8E8__230525 BPJPH_NOVOZYMES(CHINA) 카라멜 하이드롤 하부.pdf","AAE0661FE8E8__AAE0661FE8E8__230525 BPJPH_NOVOZYMES(CHINA) 카라멜 하이드롤 하부.pdf",".pdf","1049784","1.0012","2026-07-23T17:24:18","2025-09-22T11:52:44","PDF"
"RUNTIME","D:\halal_web_runtime","D:\halal_web_runtime\certificate_classifier\data\dataset_v1_20260723_172412\raw\BPJPH\BA52501360B4__BA52501360B4__41. 14484 MAXAVOR® BEEF YE(DSM)[BPJPH_2026-12-09]네.pdf","certificate_classifier\data\dataset_v1_20260723_172412\raw\BPJPH\BA52501360B4__BA52501360B4__41. 14484 MAXAVOR® BEEF YE(DSM)[BPJPH_2026-12-09]네.pdf","BA52501360B4__BA52501360B4__41. 14484 MAXAVOR® BEEF YE(DSM)[BPJPH_2026-12-09]네.pdf",".pdf","1262771","1.2043","2026-07-23T17:24:18","2025-09-09T08:28:16","PDF"
"RUNTIME","D:\halal_web_runtime","D:\halal_web_runtime\certificate_classifier\data\dataset_v1_20260723_172412\raw\BPJPH\BB9FF20C61B7__BB9FF20C61B7__109_1_3. TRILITE SAR11(KA-11)(Samyang)[BPJPH_2026-06-18]대.pdf","certificate_classifier\data\dataset_v1_20260723_172412\raw\BPJPH\BB9FF20C61B7__BB9FF20C61B7__109_1_3. TRILITE SAR11(KA-11)(Samyang)[BPJPH_2026-06-18]대.pdf","BB9FF20C61B7__BB9FF20C61B7__109_1_3. TRILITE SAR11(KA-11)(Samyang)[BPJPH_2026-06-18]대.pdf",".pdf","1101451","1.0504","2026-07-23T17:24:18","2025-09-09T15:55:59","PDF"
"RUNTIME","D:\halal_web_runtime","D:\halal_web_runtime\certificate_classifier\data\dataset_v1_20260723_172412\raw\BPJPH\BF12614E2513__BF12614E2513__91. 050013 1876 CB UMAMI FLAVOR(PT)[BPJPH_2026-11-04]F.pdf","certificate_classifier\data\dataset_v1_20260723_172412\raw\BPJPH\BF12614E2513__BF12614E2513__91. 050013 1876 CB UMAMI FLAVOR(PT)[BPJPH_2026-11-04]F.pdf","BF12614E2513__BF12614E2513__91. 050013 1876 CB UMAMI FLAVOR(PT)[BPJPH_2026-11-04]F.pdf",".pdf","2261088","2.1563","2026-07-23T17:24:18","2025-09-04T08:59:33","PDF"
"RUNTIME","D:\halal_web_runtime","D:\halal_web_runtime\certificate_classifier\data\dataset_v1_20260723_172412\raw\BPJPH\C01AF0CF0E00__C01AF0CF0E00__131. mussel extract NH(Naturals)[BPJPH_2026-08-12]내.pdf","certificate_classifier\data\dataset_v1_20260723_172412\raw\BPJPH\C01AF0CF0E00__C01AF0CF0E00__131. mussel extract NH(Naturals)[BPJPH_2026-08-12]내.pdf","C01AF0CF0E00__C01AF0CF0E00__131. mussel extract NH(Naturals)[BPJPH_2026-08-12]내.pdf",".pdf","426362","0.4066","2026-07-23T17:24:18","2025-09-11T16:19:01","PDF"
"RUNTIME","D:\halal_web_runtime","D:\halal_web_runtime\certificate_classifier\data\dataset_v1_20260723_172412\raw\BPJPH\D792D7CB759A__D792D7CB759A__23. Glycine(HEBEI)[BPJPH_2026-02-17]휴.pdf","certificate_classifier\data\dataset_v1_20260723_172412\raw\BPJPH\D792D7CB759A__D792D7CB759A__23. Glycine(HEBEI)[BPJPH_2026-02-17]휴.pdf","D792D7CB759A__D792D7CB759A__23. Glycine(HEBEI)[BPJPH_2026-02-17]휴.pdf",".pdf","644413","0.6146","2026-07-23T17:24:18","2025-09-11T08:50:15","PDF"
"RUNTIME","D:\halal_web_runtime","D:\halal_web_runtime\certificate_classifier\data\dataset_v1_20260723_172412\raw\BPJPH\E6F2DC5E17CE__E6F2DC5E17CE__220217 HEBEI HUAYANG BPJPH HALAL 인증서 프롤린 글루타민 메티오닌.pdf","certificate_classifier\data\dataset_v1_20260723_172412\raw\BPJPH\E6F2DC5E17CE__E6F2DC5E17CE__220217 HEBEI HUAYANG BPJPH HALAL 인증서 프롤린 글루타민 메티오닌.pdf","E6F2DC5E17CE__E6F2DC5E17CE__220217 HEBEI HUAYANG BPJPH HALAL 인증서 프롤린 글루타민 메티오닌.pdf",".pdf","638591","0.609","2026-07-23T17:24:18","2025-09-10T11:16:13","PDF"
"RUNTIME","D:\halal_web_runtime","D:\halal_web_runtime\certificate_classifier\data\dataset_v1_20260723_172412\raw\BPJPH\EE91BF39F406__EE91BF39F406__45. SEWOO CO., LTD BPJPH HALAL Certificate_(2025-11-18).pdf","certificate_classifier\data\dataset_v1_20260723_172412\raw\BPJPH\EE91BF39F406__EE91BF39F406__45. SEWOO CO., LTD BPJPH HALAL Certificate_(2025-11-18).pdf","EE91BF39F406__EE91BF39F406__45. SEWOO CO., LTD BPJPH HALAL Certificate_(2025-11-18).pdf",".pdf","2236686","2.1331","2026-07-23T17:24:18","2025-11-20T10:48:09","PDF"
"RUNTIME","D:\halal_web_runtime","D:\halal_web_runtime\certificate_classifier\data\dataset_v1_20260723_172412\raw\BPJPH\F048F14239D0__F048F14239D0__126. CItric Acid Monohydrate(SHANGDON)[BPJPH_2026-09-22]테.pdf","certificate_classifier\data\dataset_v1_20260723_172412\raw\BPJPH\F048F14239D0__F048F14239D0__126. CItric Acid Monohydrate(SHANGDON)[BPJPH_2026-09-22]테.pdf","F048F14239D0__F048F14239D0__126. CItric Acid Monohydrate(SHANGDON)[BPJPH_2026-09-22]테.pdf",".pdf","813548","0.7759","2026-07-23T17:24:18","2025-09-04T16:58:25","PDF"
"RUNTIME","D:\halal_web_runtime","D:\halal_web_runtime\certificate_classifier\data\dataset_v1_20260723_172412\raw\BPJPH\F52B186EAADE__F52B186EAADE__19. Red Pepper Powder T(Wooil)[BPJPH_2026-12-29]우.pdf","certificate_classifier\data\dataset_v1_20260723_172412\raw\BPJPH\F52B186EAADE__F52B186EAADE__19. Red Pepper Powder T(Wooil)[BPJPH_2026-12-29]우.pdf","F52B186EAADE__F52B186EAADE__19. Red Pepper Powder T(Wooil)[BPJPH_2026-12-29]우.pdf",".pdf","524344","0.5001","2026-07-23T17:24:18","2025-09-08T08:05:04","PDF"
"RUNTIME","D:\halal_web_runtime","D:\halal_web_runtime\certificate_classifier\data\dataset_v1_20260723_172412\raw\BPJPH\F7CCEFF9CDEB__F7CCEFF9CDEB__133. YEAST EXTRACT LA600(ANGEL)[BPJPH_2026-07-12]J.pdf","certificate_classifier\data\dataset_v1_20260723_172412\raw\BPJPH\F7CCEFF9CDEB__F7CCEFF9CDEB__133. YEAST EXTRACT LA600(ANGEL)[BPJPH_2026-07-12]J.pdf","F7CCEFF9CDEB__F7CCEFF9CDEB__133. YEAST EXTRACT LA600(ANGEL)[BPJPH_2026-07-12]J.pdf",".pdf","3079101","2.9365","2026-07-23T17:24:18","2025-09-05T09:16:58","PDF"
"RUNTIME","D:\halal_web_runtime","D:\halal_web_runtime\certificate_classifier\data\dataset_v1_20260723_172412\raw\BPJPH\FD881546AB04__FD881546AB04__38. Jem Soya Lecithin Liquid Standard(SONIC)[BPJPH_2026-04-29]하.pdf","certificate_classifier\data\dataset_v1_20260723_172412\raw\BPJPH\FD881546AB04__FD881546AB04__38. Jem Soya Lecithin Liquid Standard(SONIC)[BPJPH_2026-04-29]하.pdf","FD881546AB04__FD881546AB04__38. Jem Soya Lecithin Liquid Standard(SONIC)[BPJPH_2026-04-29]하.pdf",".pdf","451656","0.4307","2026-07-23T17:24:18","2025-09-04T10:46:31","PDF"
"RUNTIME","D:\halal_web_runtime","D:\halal_web_runtime\certificate_classifier\data\dataset_v1_20260723_172412\raw\BPJPH\FF4D55CBDA68__FF4D55CBDA68__111. Taurine(Qianjian)[BPJPH_2026-11-17]테.pdf","certificate_classifier\data\dataset_v1_20260723_172412\raw\BPJPH\FF4D55CBDA68__FF4D55CBDA68__111. Taurine(Qianjian)[BPJPH_2026-11-17]테.pdf","FF4D55CBDA68__FF4D55CBDA68__111. Taurine(Qianjian)[BPJPH_2026-11-17]테.pdf",".pdf","414022","0.3948","2026-07-23T17:24:18","2025-09-04T16:57:31","PDF"
"RUNTIME","D:\halal_web_runtime","D:\halal_web_runtime\certificate_classifier\data\dataset_v1_20260723_172412\raw\CICOT\057EADA01187__057EADA01187__124. Flo-max 8(blend)(INGREDON)[CICOT_2026-09-19]한.pdf","certificate_classifier\data\dataset_v1_20260723_172412\raw\CICOT\057EADA01187__057EADA01187__124. Flo-max 8(blend)(INGREDON)[CICOT_2026-09-19]한.pdf","057EADA01187__057EADA01187__124. Flo-max 8(blend)(INGREDON)[CICOT_2026-09-19]한.pdf",".pdf","340943","0.3251","2026-07-23T17:24:18","2025-09-10T13:11:01","PDF"
"RUNTIME","D:\halal_web_runtime","D:\halal_web_runtime\certificate_classifier\data\dataset_v1_20260723_172412\raw\CICOT\8ABAE90F6636__8ABAE90F6636__124. Flo-max 8(blend)(NATIONAL)[CICOT_2025-09-19].pdf","certificate_classifier\data\dataset_v1_20260723_172412\raw\CICOT\8ABAE90F6636__8ABAE90F6636__124. Flo-max 8(blend)(NATIONAL)[CICOT_2025-09-19].pdf","8ABAE90F6636__8ABAE90F6636__124. Flo-max 8(blend)(NATIONAL)[CICOT_2025-09-19].pdf",".pdf","227887","0.2173","2026-07-23T17:24:18","2024-12-03T09:38:46","PDF"
"RUNTIME","D:\halal_web_runtime","D:\halal_web_runtime\certificate_classifier\data\dataset_v1_20260723_172412\raw\CICOT\9CEA3B1FF050__9CEA3B1FF050__Halal-Certificate-20.05.2021-19.05.2022 CICOT.pdf","certificate_classifier\data\dataset_v1_20260723_172412\raw\CICOT\9CEA3B1FF050__9CEA3B1FF050__Halal-Certificate-20.05.2021-19.05.2022 CICOT.pdf","9CEA3B1FF050__9CEA3B1FF050__Halal-Certificate-20.05.2021-19.05.2022 CICOT.pdf",".pdf","864358","0.8243","2026-07-23T17:24:18","2026-07-23T17:00:46","PDF"
"RUNTIME","D:\halal_web_runtime","D:\halal_web_runtime\certificate_classifier\data\dataset_v1_20260723_172412\raw\CICOT\A3C57C44923C__A3C57C44923C__HALAL CICOT.pdf","certificate_classifier\data\dataset_v1_20260723_172412\raw\CICOT\A3C57C44923C__A3C57C44923C__HALAL CICOT.pdf","A3C57C44923C__A3C57C44923C__HALAL CICOT.pdf",".pdf","1574885","1.5019","2026-07-23T17:24:18","2026-07-23T17:00:54","PDF"
"RUNTIME","D:\halal_web_runtime","D:\halal_web_runtime\certificate_classifier\data\dataset_v1_20260723_172412\raw\CICOT\B64E216F24ED__B64E216F24ED__11-1. Propylene Glygol USPEP-CICOT(2023-05-01).pdf","certificate_classifier\data\dataset_v1_20260723_172412\raw\CICOT\B64E216F24ED__B64E216F24ED__11-1. Propylene Glygol USPEP-CICOT(2023-05-01).pdf","B64E216F24ED__B64E216F24ED__11-1. Propylene Glygol USPEP-CICOT(2023-05-01).pdf",".pdf","519824","0.4957","2026-07-23T17:24:18","2022-07-04T14:07:28","PDF"
"RUNTIME","D:\halal_web_runtime","D:\halal_web_runtime\certificate_classifier\data\dataset_v1_20260723_172412\raw\CICOT\B7361F53B6E7__B7361F53B6E7__135. Flo-max 8(blend)-CICOT(2024-09-19).pdf","certificate_classifier\data\dataset_v1_20260723_172412\raw\CICOT\B7361F53B6E7__B7361F53B6E7__135. Flo-max 8(blend)-CICOT(2024-09-19).pdf","B7361F53B6E7__B7361F53B6E7__135. Flo-max 8(blend)-CICOT(2024-09-19).pdf",".pdf","1677022","1.5993","2026-07-23T17:24:18","2023-09-22T07:04:44","PDF"
"RUNTIME","D:\halal_web_runtime","D:\halal_web_runtime\certificate_classifier\data\dataset_v1_20260723_172412\raw\CICOT\BEA412DC7886__BEA412DC7886__48_1. REFINED RICE brand oil(THAI)[CICOT_2026-04-24]농.pdf","certificate_classifier\data\dataset_v1_20260723_172412\raw\CICOT\BEA412DC7886__BEA412DC7886__48_1. REFINED RICE brand oil(THAI)[CICOT_2026-04-24]농.pdf","BEA412DC7886__BEA412DC7886__48_1. REFINED RICE brand oil(THAI)[CICOT_2026-04-24]농.pdf",".pdf","448683","0.4279","2026-07-23T17:24:18","2024-06-21T13:10:31","PDF"
"RUNTIME","D:\halal_web_runtime","D:\halal_web_runtime\certificate_classifier\data\dataset_v1_20260723_172412\raw\CICOT\C5CD2D41B949__C5CD2D41B949__151. KREATIONⓡKE8-CICOT(2023-10-14).pdf","certificate_classifier\data\dataset_v1_20260723_172412\raw\CICOT\C5CD2D41B949__C5CD2D41B949__151. KREATIONⓡKE8-CICOT(2023-10-14).pdf","C5CD2D41B949__C5CD2D41B949__151. KREATIONⓡKE8-CICOT(2023-10-14).pdf",".pdf","1518587","1.4482","2026-07-23T17:24:18","2022-10-27T16:32:27","PDF"
"RUNTIME","D:\halal_web_runtime","D:\halal_web_runtime\certificate_classifier\data\dataset_v1_20260723_172412\raw\CICOT\C9AB8CFAE5A6__C9AB8CFAE5A6__140_1. Propylene Glycol USP-EP(The)[CICOT_2026-05-01]S.pdf","certificate_classifier\data\dataset_v1_20260723_172412\raw\CICOT\C9AB8CFAE5A6__C9AB8CFAE5A6__140_1. Propylene Glycol USP-EP(The)[CICOT_2026-05-01]S.pdf","C9AB8CFAE5A6__C9AB8CFAE5A6__140_1. Propylene Glycol USP-EP(The)[CICOT_2026-05-01]S.pdf",".pdf","2595136","2.4749","2026-07-23T17:24:18","2025-06-07T07:49:29","PDF"
"RUNTIME","D:\halal_web_runtime","D:\halal_web_runtime\certificate_classifier\data\dataset_v1_20260723_172412\raw\CICOT\CBA90276ADE8__CBA90276ADE8__167. KRATIONⓡKE8(SIAM)[CICOT_2025-10-14]마.pdf","certificate_classifier\data\dataset_v1_20260723_172412\raw\CICOT\CBA90276ADE8__CBA90276ADE8__167. KRATIONⓡKE8(SIAM)[CICOT_2025-10-14]마.pdf","CBA90276ADE8__CBA90276ADE8__167. KRATIONⓡKE8(SIAM)[CICOT_2025-10-14]마.pdf",".pdf","1897092","1.8092","2026-07-23T17:24:18","2025-06-11T13:38:32","PDF"
"RUNTIME","D:\halal_web_runtime","D:\halal_web_runtime\certificate_classifier\data\dataset_v1_20260723_172412\raw\CICOT\EE0E150A3059__EE0E150A3059__3_ CERT - VAVA PACK - HALAL Eng - EXP 26 SEP 2026 CICOT.pdf","certificate_classifier\data\dataset_v1_20260723_172412\raw\CICOT\EE0E150A3059__EE0E150A3059__3_ CERT - VAVA PACK - HALAL Eng - EXP 26 SEP 2026 CICOT.pdf","EE0E150A3059__EE0E150A3059__3_ CERT - VAVA PACK - HALAL Eng - EXP 26 SEP 2026 CICOT.pdf",".pdf","2343549","2.235","2026-07-23T17:24:18","2026-07-23T17:00:21","PDF"
"RUNTIME","D:\halal_web_runtime","D:\halal_web_runtime\certificate_classifier\data\dataset_v1_20260723_172412\raw\HALAL CONTROL\0DD15408BB61__0DD15408BB61__Halal-Cert-1 halal control.pdf","certificate_classifier\data\dataset_v1_20260723_172412\raw\HALAL CONTROL\0DD15408BB61__0DD15408BB61__Halal-Cert-1 halal control.pdf","0DD15408BB61__0DD15408BB61__Halal-Cert-1 halal control.pdf",".pdf","282493","0.2694","2026-07-23T17:24:18","2026-07-23T14:09:53","PDF"
"RUNTIME","D:\halal_web_runtime","D:\halal_web_runtime\certificate_classifier\data\dataset_v1_20260723_172412\raw\HALAL CONTROL\2624F581D8BC__2624F581D8BC__Halal_Zertifikat_Calvatis_bis_14-08-2023 halal control.pdf","certificate_classifier\data\dataset_v1_20260723_172412\raw\HALAL CONTROL\2624F581D8BC__2624F581D8BC__Halal_Zertifikat_Calvatis_bis_14-08-2023 halal control.pdf","2624F581D8BC__2624F581D8BC__Halal_Zertifikat_Calvatis_bis_14-08-2023 halal control.pdf",".pdf","313625","0.2991","2026-07-23T17:24:18","2026-07-23T14:10:27","PDF"
"RUNTIME","D:\halal_web_runtime","D:\halal_web_runtime\certificate_classifier\data\dataset_v1_20260723_172412\raw\HALAL CONTROL\269C404A2149__269C404A2149__Halal-Certificate-Lysi halal control.pdf","certificate_classifier\data\dataset_v1_20260723_172412\raw\HALAL CONTROL\269C404A2149__269C404A2149__Halal-Certificate-Lysi halal control.pdf","269C404A2149__269C404A2149__Halal-Certificate-Lysi halal control.pdf",".pdf","355628","0.3392","2026-07-23T17:24:18","2026-07-23T14:08:57","PDF"
"RUNTIME","D:\halal_web_runtime","D:\halal_web_runtime\certificate_classifier\data\dataset_v1_20260723_172412\raw\HALAL CONTROL\38954BFD243E__38954BFD243E__Halal_certificate_PQAA_greases_2021 halal control.pdf","certificate_classifier\data\dataset_v1_20260723_172412\raw\HALAL CONTROL\38954BFD243E__38954BFD243E__Halal_certificate_PQAA_greases_2021 halal control.pdf","38954BFD243E__38954BFD243E__Halal_certificate_PQAA_greases_2021 halal control.pdf",".pdf","266871","0.2545","2026-07-23T17:24:18","2026-07-23T14:07:52","PDF"
"RUNTIME","D:\halal_web_runtime","D:\halal_web_runtime\certificate_classifier\data\dataset_v1_20260723_172412\raw\HALAL CONTROL\3EBB84DA8B2F__3EBB84DA8B2F__슈가시럽-Halal Control - Halal- Zertifikat - Südzucker - gültig bis 13.12.2018 (1).pdf","certificate_classifier\data\dataset_v1_20260723_172412\raw\HALAL CONTROL\3EBB84DA8B2F__3EBB84DA8B2F__슈가시럽-Halal Control - Halal- Zertifikat - Südzucker - gültig bis 13.12.2018 (1).pdf","3EBB84DA8B2F__3EBB84DA8B2F__슈가시럽-Halal Control - Halal- Zertifikat - Südzucker - gültig bis 13.12.2018 (1).pdf",".pdf","192317","0.1834","2026-07-23T17:24:18","2018-04-06T15:43:58","PDF"
"RUNTIME","D:\halal_web_runtime","D:\halal_web_runtime\certificate_classifier\data\dataset_v1_20260723_172412\raw\HALAL CONTROL\5FAFBCCE6850__5FAFBCCE6850__Halal2026_EN halal control.pdf","certificate_classifier\data\dataset_v1_20260723_172412\raw\HALAL CONTROL\5FAFBCCE6850__5FAFBCCE6850__Halal2026_EN halal control.pdf","5FAFBCCE6850__5FAFBCCE6850__Halal2026_EN halal control.pdf",".pdf","210813","0.201","2026-07-23T17:24:18","2026-07-23T14:09:42","PDF"
"RUNTIME","D:\halal_web_runtime","D:\halal_web_runtime\certificate_classifier\data\dataset_v1_20260723_172412\raw\HALAL CONTROL\69D0F2382308__69D0F2382308__Halal_LHF_LOA halal control.pdf","certificate_classifier\data\dataset_v1_20260723_172412\raw\HALAL CONTROL\69D0F2382308__69D0F2382308__Halal_LHF_LOA halal control.pdf","69D0F2382308__69D0F2382308__Halal_LHF_LOA halal control.pdf",".pdf","352633","0.3363","2026-07-23T17:24:18","2026-07-23T14:09:19","PDF"
"RUNTIME","D:\halal_web_runtime","D:\halal_web_runtime\certificate_classifier\data\dataset_v1_20260723_172412\raw\HALAL CONTROL\747F7EB2A847__747F7EB2A847__Halal_Zertifikat_2025__gültig_bis_17.01.2027 halal control.pdf","certificate_classifier\data\dataset_v1_20260723_172412\raw\HALAL CONTROL\747F7EB2A847__747F7EB2A847__Halal_Zertifikat_2025__gültig_bis_17.01.2027 halal control.pdf","747F7EB2A847__747F7EB2A847__Halal_Zertifikat_2025__gültig_bis_17.01.2027 halal control.pdf",".pdf","167032","0.1593","2026-07-23T17:24:18","2026-07-23T14:10:01","PDF"
"RUNTIME","D:\halal_web_runtime","D:\halal_web_runtime\certificate_classifier\data\dataset_v1_20260723_172412\raw\HALAL CONTROL\7AF2B38BDE1B__7AF2B38BDE1B__165_8. Potassium sulfate(K+S)[HALAL CONTROL_2026-08-15].pdf","certificate_classifier\data\dataset_v1_20260723_172412\raw\HALAL CONTROL\7AF2B38BDE1B__7AF2B38BDE1B__165_8. Potassium sulfate(K+S)[HALAL CONTROL_2026-08-15].pdf","7AF2B38BDE1B__7AF2B38BDE1B__165_8. Potassium sulfate(K+S)[HALAL CONTROL_2026-08-15].pdf",".pdf","313444","0.2989","2026-07-23T17:24:18","2024-06-17T10:59:10","PDF"
"RUNTIME","D:\halal_web_runtime","D:\halal_web_runtime\certificate_classifier\data\dataset_v1_20260723_172412\raw\HALAL CONTROL\84271741DBF3__84271741DBF3__Halal-certificate halal control.pdf","certificate_classifier\data\dataset_v1_20260723_172412\raw\HALAL CONTROL\84271741DBF3__84271741DBF3__Halal-certificate halal control.pdf","84271741DBF3__84271741DBF3__Halal-certificate halal control.pdf",".pdf","222824","0.2125","2026-07-23T17:24:18","2026-07-23T14:10:07","PDF"
"RUNTIME","D:\halal_web_runtime","D:\halal_web_runtime\certificate_classifier\data\dataset_v1_20260723_172412\raw\HALAL CONTROL\845EE4479BE3__845EE4479BE3__101.Lactic Acid,PURAC (THAILAND) LTD社-HALAL CONTROL(2020-05-15).pdf","certificate_classifier\data\dataset_v1_20260723_172412\raw\HALAL CONTROL\845EE4479BE3__845EE4479BE3__101.Lactic Acid,PURAC (THAILAND) LTD社-HALAL CONTROL(2020-05-15).pdf","845EE4479BE3__845EE4479BE3__101.Lactic Acid,PURAC (THAILAND) LTD社-HALAL CONTROL(2020-05-15).pdf",".pdf","79510","0.0758","2026-07-23T17:24:18","2020-03-30T14:24:54","PDF"
"RUNTIME","D:\halal_web_runtime","D:\halal_web_runtime\certificate_classifier\data\dataset_v1_20260723_172412\raw\HALAL CONTROL\88C7CF050E8B__88C7CF050E8B__슈가시럽-Halal Quality Control - Halal Zertifikat - SÜDZUCKER Karasirup - gültig bis 12.12.2022.pdf","certificate_classifier\data\dataset_v1_20260723_172412\raw\HALAL CONTROL\88C7CF050E8B__88C7CF050E8B__슈가시럽-Halal Quality Control - Halal Zertifikat - SÜDZUCKER Karasirup - gültig bis 12.12.2022.pdf","88C7CF050E8B__88C7CF050E8B__슈가시럽-Halal Quality Control - Halal Zertifikat - SÜDZUCKER Karasirup - gültig bis 12.12.2022.pdf",".pdf","1141610","1.0887","2026-07-23T17:24:18","2022-02-25T08:36:26","PDF"
"RUNTIME","D:\halal_web_runtime","D:\halal_web_runtime\certificate_classifier\data\dataset_v1_20260723_172412\raw\HALAL CONTROL\8CAE2AD1E9D2__8CAE2AD1E9D2__halal control sample.pdf","certificate_classifier\data\dataset_v1_20260723_172412\raw\HALAL CONTROL\8CAE2AD1E9D2__8CAE2AD1E9D2__halal control sample.pdf","8CAE2AD1E9D2__8CAE2AD1E9D2__halal control sample.pdf",".pdf","269652","0.2572","2026-07-23T17:24:18","2026-07-23T14:08:00","PDF"
"RUNTIME","D:\halal_web_runtime","D:\halal_web_runtime\certificate_classifier\data\dataset_v1_20260723_172412\raw\HALAL CONTROL\98694064CED0__98694064CED0__cesarin-certificato-halal-2024 halal control.pdf","certificate_classifier\data\dataset_v1_20260723_172412\raw\HALAL CONTROL\98694064CED0__98694064CED0__cesarin-certificato-halal-2024 halal control.pdf","98694064CED0__98694064CED0__cesarin-certificato-halal-2024 halal control.pdf",".pdf","322798","0.3078","2026-07-23T17:24:18","2026-07-23T14:07:36","PDF"
"RUNTIME","D:\halal_web_runtime","D:\halal_web_runtime\certificate_classifier\data\dataset_v1_20260723_172412\raw\HALAL CONTROL\BF6999BB87A5__BF6999BB87A5__C-16-60078-01-12 halal control.pdf","certificate_classifier\data\dataset_v1_20260723_172412\raw\HALAL CONTROL\BF6999BB87A5__BF6999BB87A5__C-16-60078-01-12 halal control.pdf","BF6999BB87A5__BF6999BB87A5__C-16-60078-01-12 halal control.pdf",".pdf","269954","0.2574","2026-07-23T17:24:18","2026-07-23T14:08:43","PDF"
"RUNTIME","D:\halal_web_runtime","D:\halal_web_runtime\certificate_classifier\data\dataset_v1_20260723_172412\raw\HALAL CONTROL\FEB19422E0A9__FEB19422E0A9__56. VITACEL Powdered  Cellulose DV type(J.Retten)[HALAL CONTROL_2026-08-12]농.pdf","certificate_classifier\data\dataset_v1_20260723_172412\raw\HALAL CONTROL\FEB19422E0A9__FEB19422E0A9__56. VITACEL Powdered  Cellulose DV type(J.Retten)[HALAL CONTROL_2026-08-12]농.pdf","FEB19422E0A9__FEB19422E0A9__56. VITACEL Powdered  Cellulose DV type(J.Retten)[HALAL CONTROL_2026-08-12]농.pdf",".pdf","318692","0.3039","2026-07-23T17:24:18","2025-09-08T11:29:23","PDF"
"RUNTIME","D:\halal_web_runtime","D:\halal_web_runtime\certificate_classifier\data\dataset_v1_20260723_172412\raw\HCA\31F31DD907D2__31F31DD907D2__veg-halal-certificate-moi- HCA.pdf","certificate_classifier\data\dataset_v1_20260723_172412\raw\HCA\31F31DD907D2__31F31DD907D2__veg-halal-certificate-moi- HCA.pdf","31F31DD907D2__31F31DD907D2__veg-halal-certificate-moi- HCA.pdf",".pdf","1672382","1.5949","2026-07-23T17:24:18","2026-07-23T14:36:09","PDF"
"RUNTIME","D:\halal_web_runtime","D:\halal_web_runtime\certificate_classifier\data\dataset_v1_20260723_172412\raw\HCA\4AEBBC5AD564__4AEBBC5AD564__halal_certificate_hung_phat_fruits_producing_company_limited_2026_-_exp_132027 HCA.pdf","certificate_classifier\data\dataset_v1_20260723_172412\raw\HCA\4AEBBC5AD564__4AEBBC5AD564__halal_certificate_hung_phat_fruits_producing_company_limited_2026_-_exp_132027 HCA.pdf","4AEBBC5AD564__4AEBBC5AD564__halal_certificate_hung_phat_fruits_producing_company_limited_2026_-_exp_132027 HCA.pdf",".pdf","1398726","1.3339","2026-07-23T17:24:18","2026-07-23T14:35:49","PDF"
"RUNTIME","D:\halal_web_runtime","D:\halal_web_runtime\certificate_classifier\data\dataset_v1_20260723_172412\raw\HCA\4D4624D71B9E__4D4624D71B9E__sample HCA HALAL-2025.pdf","certificate_classifier\data\dataset_v1_20260723_172412\raw\HCA\4D4624D71B9E__4D4624D71B9E__sample HCA HALAL-2025.pdf","4D4624D71B9E__4D4624D71B9E__sample HCA HALAL-2025.pdf",".pdf","2539318","2.4217","2026-07-23T17:24:18","2026-05-25T15:59:06","PDF"
"RUNTIME","D:\halal_web_runtime","D:\halal_web_runtime\certificate_classifier\data\dataset_v1_20260723_172412\raw\HCA\82219E51DBD3__82219E51DBD3__sample HCA Halal-certificate.pdf","certificate_classifier\data\dataset_v1_20260723_172412\raw\HCA\82219E51DBD3__82219E51DBD3__sample HCA Halal-certificate.pdf","82219E51DBD3__82219E51DBD3__sample HCA Halal-certificate.pdf",".pdf","2018015","1.9245","2026-07-23T17:24:18","2026-05-25T15:58:58","PDF"
"RUNTIME","D:\halal_web_runtime","D:\halal_web_runtime\certificate_classifier\data\dataset_v1_20260723_172412\raw\HCA\A48BF373F7A8__A48BF373F7A8__sample HCA HALAL-HCA.pdf","certificate_classifier\data\dataset_v1_20260723_172412\raw\HCA\A48BF373F7A8__A48BF373F7A8__sample HCA HALAL-HCA.pdf","A48BF373F7A8__A48BF373F7A8__sample HCA HALAL-HCA.pdf",".pdf","9040377","8.6216","2026-07-23T17:24:18","2026-05-25T15:58:44","PDF"
"RUNTIME","D:\halal_web_runtime","D:\halal_web_runtime\certificate_classifier\data\dataset_v1_20260723_172412\raw\HCA\A79A17693A2B__A79A17693A2B__sample HCA E981BA04-9A5B-E282-69C5D68ACC3CC2C3-document.pdf","certificate_classifier\data\dataset_v1_20260723_172412\raw\HCA\A79A17693A2B__A79A17693A2B__sample HCA E981BA04-9A5B-E282-69C5D68ACC3CC2C3-document.pdf","A79A17693A2B__A79A17693A2B__sample HCA E981BA04-9A5B-E282-69C5D68ACC3CC2C3-document.pdf",".pdf","461478","0.4401","2026-07-23T17:24:18","2026-05-25T15:59:43","PDF"
"RUNTIME","D:\halal_web_runtime","D:\halal_web_runtime\certificate_classifier\data\dataset_v1_20260723_172412\raw\HCA\A7D030E9DF8A__A7D030E9DF8A__sample HCA halal_certificate.pdf","certificate_classifier\data\dataset_v1_20260723_172412\raw\HCA\A7D030E9DF8A__A7D030E9DF8A__sample HCA halal_certificate.pdf","A7D030E9DF8A__A7D030E9DF8A__sample HCA halal_certificate.pdf",".pdf","845813","0.8066","2026-07-23T17:24:18","2026-05-25T15:59:18","PDF"
"RUNTIME","D:\halal_web_runtime","D:\halal_web_runtime\certificate_classifier\data\dataset_v1_20260723_172412\raw\HCA\C715C4EE182D__C715C4EE182D__16. Ground Cassia-Cinnamon(LONG)[HCA_2025-10-09]M.pdf","certificate_classifier\data\dataset_v1_20260723_172412\raw\HCA\C715C4EE182D__C715C4EE182D__16. Ground Cassia-Cinnamon(LONG)[HCA_2025-10-09]M.pdf","C715C4EE182D__C715C4EE182D__16. Ground Cassia-Cinnamon(LONG)[HCA_2025-10-09]M.pdf",".pdf","1042573","0.9943","2026-07-23T17:24:18","2022-10-27T09:57:02","PDF"
"RUNTIME","D:\halal_web_runtime","D:\halal_web_runtime\certificate_classifier\data\dataset_v1_20260723_172412\raw\HCA\DBCE628AD099__DBCE628AD099__sample HCA With Love Gretel 22.1.26.pdf","certificate_classifier\data\dataset_v1_20260723_172412\raw\HCA\DBCE628AD099__DBCE628AD099__sample HCA With Love Gretel 22.1.26.pdf","DBCE628AD099__DBCE628AD099__sample HCA With Love Gretel 22.1.26.pdf",".pdf","952554","0.9084","2026-07-23T17:24:18","2026-05-25T15:59:38","PDF"
"RUNTIME","D:\halal_web_runtime","D:\halal_web_runtime\certificate_classifier\data\dataset_v1_20260723_172412\raw\HCA\E484B7EDE305__E484B7EDE305__sample HCA 20.03.2025 DOBLA ASIA HCA 049.pdf","certificate_classifier\data\dataset_v1_20260723_172412\raw\HCA\E484B7EDE305__E484B7EDE305__sample HCA 20.03.2025 DOBLA ASIA HCA 049.pdf","E484B7EDE305__E484B7EDE305__sample HCA 20.03.2025 DOBLA ASIA HCA 049.pdf",".pdf","16920381","16.1365","2026-07-23T17:24:18","2026-05-25T15:59:22","PDF"
"RUNTIME","D:\halal_web_runtime","D:\halal_web_runtime\certificate_classifier\data\dataset_v1_20260723_172412\raw\HCA\FCE941D304BE__FCE941D304BE__162-1.Crude Rice Bran Oil,WILMAR AGRO VIETNAM COMPANY LIMITED社-Halal Certification Agency (HCA)(2021-07-31).pdf","certificate_classifier\data\dataset_v1_20260723_172412\raw\HCA\FCE941D304BE__FCE941D304BE__162-1.Crude Rice Bran Oil,WILMAR AGRO VIETNAM COMPANY LIMITED社-Halal Certification Agency (HCA)(2021-07-31).pdf","FCE941D304BE__FCE941D304BE__162-1.Crude Rice Bran Oil,WILMAR AGRO VIETNAM COMPANY LIMITED社-Halal Certification Agency (HCA)(2021-07-31).pdf",".pdf","69159","0.066","2026-07-23T17:24:18","2020-11-23T14:03:53","PDF"
"RUNTIME","D:\halal_web_runtime","D:\halal_web_runtime\certificate_classifier\data\dataset_v1_20260723_172412\raw\HCA\FEBBE41C6053__FEBBE41C6053__sample HCA HALAL certificate.pdf","certificate_classifier\data\dataset_v1_20260723_172412\raw\HCA\FEBBE41C6053__FEBBE41C6053__sample HCA HALAL certificate.pdf","FEBBE41C6053__FEBBE41C6053__sample HCA HALAL certificate.pdf",".pdf","532203","0.5075","2026-07-23T17:24:18","2026-05-25T15:59:33","PDF"
"RUNTIME","D:\halal_web_runtime","D:\halal_web_runtime\certificate_classifier\data\dataset_v1_20260723_172412\raw\HCE\2BBB9FE07D9E__2BBB9FE07D9E__sample HCE hce-halal-certificate-europe.pdf","certificate_classifier\data\dataset_v1_20260723_172412\raw\HCE\2BBB9FE07D9E__2BBB9FE07D9E__sample HCE hce-halal-certificate-europe.pdf","2BBB9FE07D9E__2BBB9FE07D9E__sample HCE hce-halal-certificate-europe.pdf",".pdf","336294","0.3207","2026-07-23T17:24:18","2026-05-25T15:52:05","PDF"
"RUNTIME","D:\halal_web_runtime","D:\halal_web_runtime\certificate_classifier\data\dataset_v1_20260723_172412\raw\HCE\453373A30A76__453373A30A76__sample HCE Halal-Certificate-25-26.pdf","certificate_classifier\data\dataset_v1_20260723_172412\raw\HCE\453373A30A76__453373A30A76__sample HCE Halal-Certificate-25-26.pdf","453373A30A76__453373A30A76__sample HCE Halal-Certificate-25-26.pdf",".pdf","317139","0.3024","2026-07-23T17:24:18","2026-05-25T15:52:18","PDF"
"RUNTIME","D:\halal_web_runtime","D:\halal_web_runtime\certificate_classifier\data\dataset_v1_20260723_172412\raw\HCE\4C9A1E644D9F__4C9A1E644D9F__sample HCE Halal-2022-2023-NTL.pdf","certificate_classifier\data\dataset_v1_20260723_172412\raw\HCE\4C9A1E644D9F__4C9A1E644D9F__sample HCE Halal-2022-2023-NTL.pdf","4C9A1E644D9F__4C9A1E644D9F__sample HCE Halal-2022-2023-NTL.pdf",".pdf","221884","0.2116","2026-07-23T17:24:18","2026-05-25T15:56:15","PDF"
"RUNTIME","D:\halal_web_runtime","D:\halal_web_runtime\certificate_classifier\data\dataset_v1_20260723_172412\raw\HCE\716070CFD830__716070CFD830__sample HCE Kudos-Blends-Limited-HCE-GSO-Halal-Certificate-2024-2025.pdf","certificate_classifier\data\dataset_v1_20260723_172412\raw\HCE\716070CFD830__716070CFD830__sample HCE Kudos-Blends-Limited-HCE-GSO-Halal-Certificate-2024-2025.pdf","716070CFD830__716070CFD830__sample HCE Kudos-Blends-Limited-HCE-GSO-Halal-Certificate-2024-2025.pdf",".pdf","357716","0.3411","2026-07-23T17:24:18","2026-05-25T15:52:55","PDF"
"RUNTIME","D:\halal_web_runtime","D:\halal_web_runtime\certificate_classifier\data\dataset_v1_20260723_172412\raw\HCE\8BC027B91A1D__8BC027B91A1D__sample HCE Halal-Certificate-2025-2026.pdf","certificate_classifier\data\dataset_v1_20260723_172412\raw\HCE\8BC027B91A1D__8BC027B91A1D__sample HCE Halal-Certificate-2025-2026.pdf","8BC027B91A1D__8BC027B91A1D__sample HCE Halal-Certificate-2025-2026.pdf",".pdf","322684","0.3077","2026-07-23T17:24:18","2026-05-25T15:52:35","PDF"
"RUNTIME","D:\halal_web_runtime","D:\halal_web_runtime\certificate_classifier\data\dataset_v1_20260723_172412\raw\HCE\925EA24BF2C9__925EA24BF2C9__90. MAIZE FLOUR(Kalizea)[HCE_2026-01-24]s.pdf","certificate_classifier\data\dataset_v1_20260723_172412\raw\HCE\925EA24BF2C9__925EA24BF2C9__90. MAIZE FLOUR(Kalizea)[HCE_2026-01-24]s.pdf","925EA24BF2C9__925EA24BF2C9__90. MAIZE FLOUR(Kalizea)[HCE_2026-01-24]s.pdf",".pdf","352194","0.3359","2026-07-23T17:24:18","2025-02-04T08:17:11","PDF"
"RUNTIME","D:\halal_web_runtime","D:\halal_web_runtime\certificate_classifier\data\dataset_v1_20260723_172412\raw\HCE\B93FC8B6C1E1__B93FC8B6C1E1__sample HCE 21459-1_william_blythe_ltd_hce_non_gso_halal_certificate.pdf","certificate_classifier\data\dataset_v1_20260723_172412\raw\HCE\B93FC8B6C1E1__B93FC8B6C1E1__sample HCE 21459-1_william_blythe_ltd_hce_non_gso_halal_certificate.pdf","B93FC8B6C1E1__B93FC8B6C1E1__sample HCE 21459-1_william_blythe_ltd_hce_non_gso_halal_certificate.pdf",".pdf","345953","0.3299","2026-07-23T17:24:18","2026-05-25T15:52:26","PDF"
"RUNTIME","D:\halal_web_runtime","D:\halal_web_runtime\certificate_classifier\data\dataset_v1_20260723_172412\raw\HCE\C5DC373A92BD__C5DC373A92BD__sample HCE 66e68df75a9e5e3d496d8b14_Halal-Certificate-2024.pdf","certificate_classifier\data\dataset_v1_20260723_172412\raw\HCE\C5DC373A92BD__C5DC373A92BD__sample HCE 66e68df75a9e5e3d496d8b14_Halal-Certificate-2024.pdf","C5DC373A92BD__C5DC373A92BD__sample HCE 66e68df75a9e5e3d496d8b14_Halal-Certificate-2024.pdf",".pdf","345888","0.3299","2026-07-23T17:24:18","2026-05-25T15:56:04","PDF"
"RUNTIME","D:\halal_web_runtime","D:\halal_web_runtime\certificate_classifier\data\dataset_v1_20260723_172412\raw\HCE\D684D2056063__D684D2056063__Halal-Certificate-2024-2025_extension HCE.pdf","certificate_classifier\data\dataset_v1_20260723_172412\raw\HCE\D684D2056063__D684D2056063__Halal-Certificate-2024-2025_extension HCE.pdf","D684D2056063__D684D2056063__Halal-Certificate-2024-2025_extension HCE.pdf",".pdf","953973","0.9098","2026-07-23T17:24:18","2026-07-23T15:34:54","PDF"
"RUNTIME","D:\halal_web_runtime","D:\halal_web_runtime\certificate_classifier\data\dataset_v1_20260723_172412\raw\HFCE\1BD9F4B138EC__1BD9F4B138EC__76-1.Celluclast,NOVOZYMES AS社-HFCE(2021-06-30).pdf","certificate_classifier\data\dataset_v1_20260723_172412\raw\HFCE\1BD9F4B138EC__1BD9F4B138EC__76-1.Celluclast,NOVOZYMES AS社-HFCE(2021-06-30).pdf","1BD9F4B138EC__1BD9F4B138EC__76-1.Celluclast,NOVOZYMES AS社-HFCE(2021-06-30).pdf",".pdf","275265","0.2625","2026-07-23T17:24:18","2020-07-16T10:29:12","PDF"
"RUNTIME","D:\halal_web_runtime","D:\halal_web_runtime\certificate_classifier\data\dataset_v1_20260723_172412\raw\HFCE\1FB280F1006C__1FB280F1006C__29-1. Non-GMO Crude Soybeen oil-HFCE(2022-09-30).pdf","certificate_classifier\data\dataset_v1_20260723_172412\raw\HFCE\1FB280F1006C__1FB280F1006C__29-1. Non-GMO Crude Soybeen oil-HFCE(2022-09-30).pdf","1FB280F1006C__1FB280F1006C__29-1. Non-GMO Crude Soybeen oil-HFCE(2022-09-30).pdf",".pdf","980537","0.9351","2026-07-23T17:24:18","2022-04-12T10:49:56","PDF"
"RUNTIME","D:\halal_web_runtime","D:\halal_web_runtime\certificate_classifier\data\dataset_v1_20260723_172412\raw\HFCE\22A99AE7BC05__22A99AE7BC05__32_1. Non-GMO Crude Soybeen oil(Bunge)[HFCE_2025-09-30]롯.pdf","certificate_classifier\data\dataset_v1_20260723_172412\raw\HFCE\22A99AE7BC05__22A99AE7BC05__32_1. Non-GMO Crude Soybeen oil(Bunge)[HFCE_2025-09-30]롯.pdf","22A99AE7BC05__22A99AE7BC05__32_1. Non-GMO Crude Soybeen oil(Bunge)[HFCE_2025-09-30]롯.pdf",".pdf","219202","0.209","2026-07-23T17:24:18","2023-10-27T17:30:59","PDF"
"RUNTIME","D:\halal_web_runtime","D:\halal_web_runtime\certificate_classifier\data\dataset_v1_20260723_172412\raw\HFCE\28D97B26AC30__28D97B26AC30__37_4. NuCel 743PW(BIO)[HFCE_2025-12-31]락.pdf","certificate_classifier\data\dataset_v1_20260723_172412\raw\HFCE\28D97B26AC30__28D97B26AC30__37_4. NuCel 743PW(BIO)[HFCE_2025-12-31]락.pdf","28D97B26AC30__28D97B26AC30__37_4. NuCel 743PW(BIO)[HFCE_2025-12-31]락.pdf",".pdf","584131","0.5571","2026-07-23T17:24:18","2025-06-26T09:46:21","PDF"
"RUNTIME","D:\halal_web_runtime","D:\halal_web_runtime\certificate_classifier\data\dataset_v1_20260723_172412\raw\HFCE\2A810D349460__2A810D349460__32_1. Non-GMO Crude Soybean oil(Bunge)[HFCE_2026-09-30]롯.pdf","certificate_classifier\data\dataset_v1_20260723_172412\raw\HFCE\2A810D349460__2A810D349460__32_1. Non-GMO Crude Soybean oil(Bunge)[HFCE_2026-09-30]롯.pdf","2A810D349460__2A810D349460__32_1. Non-GMO Crude Soybean oil(Bunge)[HFCE_2026-09-30]롯.pdf",".pdf","223913","0.2135","2026-07-23T17:24:18","2025-10-20T17:53:49","PDF"
"RUNTIME","D:\halal_web_runtime","D:\halal_web_runtime\certificate_classifier\data\dataset_v1_20260723_172412\raw\HFCE\398B4C609FC9__398B4C609FC9__31-02.SOY PEPTONE A2 SC-HFCE(2022-03-31).pdf","certificate_classifier\data\dataset_v1_20260723_172412\raw\HFCE\398B4C609FC9__398B4C609FC9__31-02.SOY PEPTONE A2 SC-HFCE(2022-03-31).pdf","398B4C609FC9__398B4C609FC9__31-02.SOY PEPTONE A2 SC-HFCE(2022-03-31).pdf",".pdf","321597","0.3067","2026-07-23T17:24:18","2021-06-03T11:11:47","PDF"
"RUNTIME","D:\halal_web_runtime","D:\halal_web_runtime\certificate_classifier\data\dataset_v1_20260723_172412\raw\HFCE\546D36BC5D74__546D36BC5D74__107.Oleoresin Capsicum-HFCE(2021-10-31).pdf","certificate_classifier\data\dataset_v1_20260723_172412\raw\HFCE\546D36BC5D74__546D36BC5D74__107.Oleoresin Capsicum-HFCE(2021-10-31).pdf","546D36BC5D74__546D36BC5D74__107.Oleoresin Capsicum-HFCE(2021-10-31).pdf",".pdf","645064","0.6152","2026-07-23T17:24:18","2021-01-12T08:29:12","PDF"
"RUNTIME","D:\halal_web_runtime","D:\halal_web_runtime\certificate_classifier\data\dataset_v1_20260723_172412\raw\HFCE\625782B18E45__625782B18E45__37_4. SPRINGER 020020-PW-L-HFCE(2024-12-31).pdf","certificate_classifier\data\dataset_v1_20260723_172412\raw\HFCE\625782B18E45__625782B18E45__37_4. SPRINGER 020020-PW-L-HFCE(2024-12-31).pdf","625782B18E45__625782B18E45__37_4. SPRINGER 020020-PW-L-HFCE(2024-12-31).pdf",".pdf","2435759","2.3229","2026-07-23T17:24:18","2024-01-26T14:54:42","PDF"
"RUNTIME","D:\halal_web_runtime","D:\halal_web_runtime\certificate_classifier\data\dataset_v1_20260723_172412\raw\HFCE\6308F6C7015B__6308F6C7015B__38_2. SOY PEPTONE A2 SC-HFCE(2024-03-31).pdf","certificate_classifier\data\dataset_v1_20260723_172412\raw\HFCE\6308F6C7015B__6308F6C7015B__38_2. SOY PEPTONE A2 SC-HFCE(2024-03-31).pdf","6308F6C7015B__6308F6C7015B__38_2. SOY PEPTONE A2 SC-HFCE(2024-03-31).pdf",".pdf","1964318","1.8733","2026-07-23T17:24:18","2023-08-14T07:39:51","PDF"
"RUNTIME","D:\halal_web_runtime","D:\halal_web_runtime\certificate_classifier\data\dataset_v1_20260723_172412\raw\HFCE\7C172A8ACA0A__7C172A8ACA0A__sample HFCE ab-enzymes-finland-oy-plant-registration-halal-2025-2026-id-120094.pdf","certificate_classifier\data\dataset_v1_20260723_172412\raw\HFCE\7C172A8ACA0A__7C172A8ACA0A__sample HFCE ab-enzymes-finland-oy-plant-registration-halal-2025-2026-id-120094.pdf","7C172A8ACA0A__7C172A8ACA0A__sample HFCE ab-enzymes-finland-oy-plant-registration-halal-2025-2026-id-120094.pdf",".pdf","393716","0.3755","2026-07-23T17:24:18","2026-05-25T15:53:33","PDF"
"RUNTIME","D:\halal_web_runtime","D:\halal_web_runtime\certificate_classifier\data\dataset_v1_20260723_172412\raw\HFCE\81BBD368A003__81BBD368A003__89.MAIZE FLOUR F1,Kalizea France-HFCE(HC-19KAEI07,2020-10-31).pdf","certificate_classifier\data\dataset_v1_20260723_172412\raw\HFCE\81BBD368A003__81BBD368A003__89.MAIZE FLOUR F1,Kalizea France-HFCE(HC-19KAEI07,2020-10-31).pdf","81BBD368A003__81BBD368A003__89.MAIZE FLOUR F1,Kalizea France-HFCE(HC-19KAEI07,2020-10-31).pdf",".pdf","222087","0.2118","2026-07-23T17:24:18","2020-03-04T10:20:58","PDF"
"RUNTIME","D:\halal_web_runtime","D:\halal_web_runtime\certificate_classifier\data\dataset_v1_20260723_172412\raw\HFCE\8348ABE532AB__8348ABE532AB__132. Paprika OLEORSIN-HFCE(2024-10-31).pdf","certificate_classifier\data\dataset_v1_20260723_172412\raw\HFCE\8348ABE532AB__8348ABE532AB__132. Paprika OLEORSIN-HFCE(2024-10-31).pdf","8348ABE532AB__8348ABE532AB__132. Paprika OLEORSIN-HFCE(2024-10-31).pdf",".pdf","1092451","1.0418","2026-07-23T17:24:18","2023-12-06T10:21:17","PDF"
"RUNTIME","D:\halal_web_runtime","D:\halal_web_runtime\certificate_classifier\data\dataset_v1_20260723_172412\raw\HFCE\9150B2552253__9150B2552253__120.Protease(Promod 278 MDP)-HFCE(2022-10-31).pdf","certificate_classifier\data\dataset_v1_20260723_172412\raw\HFCE\9150B2552253__9150B2552253__120.Protease(Promod 278 MDP)-HFCE(2022-10-31).pdf","9150B2552253__9150B2552253__120.Protease(Promod 278 MDP)-HFCE(2022-10-31).pdf",".pdf","339697","0.324","2026-07-23T17:24:18","2022-04-18T10:50:32","PDF"
"RUNTIME","D:\halal_web_runtime","D:\halal_web_runtime\certificate_classifier\data\dataset_v1_20260723_172412\raw\HFCE\94DB281F3733__94DB281F3733__32-04.SPRINGER 020020-PW-L,BIOSPRIGER S.A社-HFCE(2021-12-31).pdf","certificate_classifier\data\dataset_v1_20260723_172412\raw\HFCE\94DB281F3733__94DB281F3733__32-04.SPRINGER 020020-PW-L,BIOSPRIGER S.A社-HFCE(2021-12-31).pdf","94DB281F3733__94DB281F3733__32-04.SPRINGER 020020-PW-L,BIOSPRIGER S.A社-HFCE(2021-12-31).pdf",".pdf","144602","0.1379","2026-07-23T17:24:18","2021-02-05T15:02:31","PDF"
"RUNTIME","D:\halal_web_runtime","D:\halal_web_runtime\certificate_classifier\data\dataset_v1_20260723_172412\raw\HFCE\B94786A4FA0D__B94786A4FA0D__85.Thiamine Hydrochloride -HFCE(2021-11-30).pdf","certificate_classifier\data\dataset_v1_20260723_172412\raw\HFCE\B94786A4FA0D__B94786A4FA0D__85.Thiamine Hydrochloride -HFCE(2021-11-30).pdf","B94786A4FA0D__B94786A4FA0D__85.Thiamine Hydrochloride -HFCE(2021-11-30).pdf",".pdf","187860","0.1792","2026-07-23T17:24:18","2021-01-12T14:00:26","PDF"
"RUNTIME","D:\halal_web_runtime","D:\halal_web_runtime\certificate_classifier\data\dataset_v1_20260723_172412\raw\HFCE\BAF62DFE0F17__BAF62DFE0F17__HALAL HFCE - SPRINGER 2020_0 MG L.pdf","certificate_classifier\data\dataset_v1_20260723_172412\raw\HFCE\BAF62DFE0F17__BAF62DFE0F17__HALAL HFCE - SPRINGER 2020_0 MG L.pdf","BAF62DFE0F17__BAF62DFE0F17__HALAL HFCE - SPRINGER 2020_0 MG L.pdf",".pdf","143833","0.1372","2026-07-23T17:24:18","2021-03-16T14:17:33","PDF"
"RUNTIME","D:\halal_web_runtime","D:\halal_web_runtime\certificate_classifier\data\dataset_v1_20260723_172412\raw\HFCE\CEBD5B72B210__CEBD5B72B210__sample HFCE Galaflow_PL_60_Halal.pdf","certificate_classifier\data\dataset_v1_20260723_172412\raw\HFCE\CEBD5B72B210__CEBD5B72B210__sample HFCE Galaflow_PL_60_Halal.pdf","CEBD5B72B210__CEBD5B72B210__sample HFCE Galaflow_PL_60_Halal.pdf",".pdf","1176435","1.1219","2026-07-23T17:24:18","2026-05-25T15:54:29","PDF"
"RUNTIME","D:\halal_web_runtime","D:\halal_web_runtime\certificate_classifier\data\dataset_v1_20260723_172412\raw\HFCE\D0E6D00DFBD5__D0E6D00DFBD5__sample HFCE Halal-ZertifikatNVdilimler2016.pdf","certificate_classifier\data\dataset_v1_20260723_172412\raw\HFCE\D0E6D00DFBD5__D0E6D00DFBD5__sample HFCE Halal-ZertifikatNVdilimler2016.pdf","D0E6D00DFBD5__D0E6D00DFBD5__sample HFCE Halal-ZertifikatNVdilimler2016.pdf",".pdf","116085","0.1107","2026-07-23T17:24:18","2026-05-25T15:53:22","PDF"
"RUNTIME","D:\halal_web_runtime","D:\halal_web_runtime\certificate_classifier\data\dataset_v1_20260723_172412\raw\HFCE\D2E136B29B45__D2E136B29B45__106.Paprika Oleoresin-HFCE(2022-10-31).pdf","certificate_classifier\data\dataset_v1_20260723_172412\raw\HFCE\D2E136B29B45__D2E136B29B45__106.Paprika Oleoresin-HFCE(2022-10-31).pdf","D2E136B29B45__D2E136B29B45__106.Paprika Oleoresin-HFCE(2022-10-31).pdf",".pdf","420409","0.4009","2026-07-23T17:24:18","2021-12-23T16:25:33","PDF"
"RUNTIME","D:\halal_web_runtime","D:\halal_web_runtime\certificate_classifier\data\dataset_v1_20260723_172412\raw\HFCE\D31799B9FEDC__D31799B9FEDC__sample HFCE HALAL.pdf","certificate_classifier\data\dataset_v1_20260723_172412\raw\HFCE\D31799B9FEDC__D31799B9FEDC__sample HFCE HALAL.pdf","D31799B9FEDC__D31799B9FEDC__sample HFCE HALAL.pdf",".pdf","106057","0.1011","2026-07-23T17:24:18","2026-05-25T15:53:52","PDF"
"RUNTIME","D:\halal_web_runtime","D:\halal_web_runtime\certificate_classifier\data\dataset_v1_20260723_172412\raw\HFCE\E904528307C0__E904528307C0__123-6.Vitapherol T-70 Non GMO,Vitae Caps, S.A.(Vitae Naturals)社-HFCE(2021-06-30).pdf","certificate_classifier\data\dataset_v1_20260723_172412\raw\HFCE\E904528307C0__E904528307C0__123-6.Vitapherol T-70 Non GMO,Vitae Caps, S.A.(Vitae Naturals)社-HFCE(2021-06-30).pdf","E904528307C0__E904528307C0__123-6.Vitapherol T-70 Non GMO,Vitae Caps, S.A.(Vitae Naturals)社-HFCE(2021-06-30).pdf",".pdf","238821","0.2278","2026-07-23T17:24:18","2021-01-19T09:06:08","PDF"
"RUNTIME","D:\halal_web_runtime","D:\halal_web_runtime\certificate_classifier\data\dataset_v1_20260723_172412\raw\HFFIA\0BC771C75031__0BC771C75031__GHC-ISA-24001-004-22072024-KM hffia.pdf","certificate_classifier\data\dataset_v1_20260723_172412\raw\HFFIA\0BC771C75031__0BC771C75031__GHC-ISA-24001-004-22072024-KM hffia.pdf","0BC771C75031__0BC771C75031__GHC-ISA-24001-004-22072024-KM hffia.pdf",".pdf","141998","0.1354","2026-07-23T17:24:18","2026-07-23T14:49:00","PDF"
"RUNTIME","D:\halal_web_runtime","D:\halal_web_runtime\certificate_classifier\data\dataset_v1_20260723_172412\raw\HFFIA\314F5B626AE6__314F5B626AE6__93.Yeast extract YB (DSM),DSM FOOD SPECIALTIES CO., LTD-HFFIA(DSM19003H001580191,2019-06-30).pdf","certificate_classifier\data\dataset_v1_20260723_172412\raw\HFFIA\314F5B626AE6__314F5B626AE6__93.Yeast extract YB (DSM),DSM FOOD SPECIALTIES CO., LTD-HFFIA(DSM19003H001580191,2019-06-30).pdf","314F5B626AE6__314F5B626AE6__93.Yeast extract YB (DSM),DSM FOOD SPECIALTIES CO., LTD-HFFIA(DSM19003H001580191,2019-06-30).pdf",".pdf","625720","0.5967","2026-07-23T17:24:18","2018-07-30T08:43:36","PDF"
"RUNTIME","D:\halal_web_runtime","D:\halal_web_runtime\certificate_classifier\data\dataset_v1_20260723_172412\raw\HFFIA\3DCC81957E7F__3DCC81957E7F__halal-rvb-wa-exp-31-05-2026 hffia.pdf","certificate_classifier\data\dataset_v1_20260723_172412\raw\HFFIA\3DCC81957E7F__3DCC81957E7F__halal-rvb-wa-exp-31-05-2026 hffia.pdf","3DCC81957E7F__3DCC81957E7F__halal-rvb-wa-exp-31-05-2026 hffia.pdf",".pdf","141204","0.1347","2026-07-23T17:24:18","2026-07-23T14:49:11","PDF"
"RUNTIME","D:\halal_web_runtime","D:\halal_web_runtime\certificate_classifier\data\dataset_v1_20260723_172412\raw\HFFIA\408568C71DB4__408568C71DB4__Dobla Belgium_Halal_2021 hffia.pdf","certificate_classifier\data\dataset_v1_20260723_172412\raw\HFFIA\408568C71DB4__408568C71DB4__Dobla Belgium_Halal_2021 hffia.pdf","408568C71DB4__408568C71DB4__Dobla Belgium_Halal_2021 hffia.pdf",".pdf","4477134","4.2697","2026-07-23T17:24:18","2026-07-23T14:49:44","PDF"
"RUNTIME","D:\halal_web_runtime","D:\halal_web_runtime\certificate_classifier\data\dataset_v1_20260723_172412\raw\HFFIA\52314D7A90E7__52314D7A90E7__halalcertificate hffia.pdf","certificate_classifier\data\dataset_v1_20260723_172412\raw\HFFIA\52314D7A90E7__52314D7A90E7__halalcertificate hffia.pdf","52314D7A90E7__52314D7A90E7__halalcertificate hffia.pdf",".pdf","1545955","1.4743","2026-07-23T17:24:18","2026-07-23T14:48:17","PDF"
"RUNTIME","D:\halal_web_runtime","D:\halal_web_runtime\certificate_classifier\data\dataset_v1_20260723_172412\raw\HFFIA\5DD65132416E__5DD65132416E__halal+certificaat+mexma hffia.pdf","certificate_classifier\data\dataset_v1_20260723_172412\raw\HFFIA\5DD65132416E__5DD65132416E__halal+certificaat+mexma hffia.pdf","5DD65132416E__5DD65132416E__halal+certificaat+mexma hffia.pdf",".pdf","1110748","1.0593","2026-07-23T17:24:18","2026-07-23T14:49:24","PDF"
"RUNTIME","D:\halal_web_runtime","D:\halal_web_runtime\certificate_classifier\data\dataset_v1_20260723_172412\raw\HFFIA\5E4A178A916D__5E4A178A916D__halal_brno_fibrous_2021-2022 hffia.pdf","certificate_classifier\data\dataset_v1_20260723_172412\raw\HFFIA\5E4A178A916D__5E4A178A916D__halal_brno_fibrous_2021-2022 hffia.pdf","5E4A178A916D__5E4A178A916D__halal_brno_fibrous_2021-2022 hffia.pdf",".pdf","989965","0.9441","2026-07-23T17:24:18","2026-07-23T14:49:50","PDF"
"RUNTIME","D:\halal_web_runtime","D:\halal_web_runtime\certificate_classifier\data\dataset_v1_20260723_172412\raw\HFFIA\6E093D8F797B__6E093D8F797B__56. VITACEL Powdered  Cellulose DV type(J.Retten)[HFFIA_2025-09-30]농.pdf","certificate_classifier\data\dataset_v1_20260723_172412\raw\HFFIA\6E093D8F797B__6E093D8F797B__56. VITACEL Powdered  Cellulose DV type(J.Retten)[HFFIA_2025-09-30]농.pdf","6E093D8F797B__6E093D8F797B__56. VITACEL Powdered  Cellulose DV type(J.Retten)[HFFIA_2025-09-30]농.pdf",".pdf","1185825","1.1309","2026-07-23T17:24:18","2025-07-16T06:14:59","PDF"
"RUNTIME","D:\halal_web_runtime","D:\halal_web_runtime\certificate_classifier\data\dataset_v1_20260723_172412\raw\HFFIA\84271188AF28__84271188AF28__SDGIZR_072025_Halal_Certificaat hffia.pdf","certificate_classifier\data\dataset_v1_20260723_172412\raw\HFFIA\84271188AF28__84271188AF28__SDGIZR_072025_Halal_Certificaat hffia.pdf","84271188AF28__84271188AF28__SDGIZR_072025_Halal_Certificaat hffia.pdf",".pdf","271642","0.2591","2026-07-23T17:24:18","2026-07-23T14:48:31","PDF"
"RUNTIME","D:\halal_web_runtime","D:\halal_web_runtime\certificate_classifier\data\dataset_v1_20260723_172412\raw\HFFIA\875EE7C93BEE__875EE7C93BEE__비타셀L600-HFFIA_2023-09-30.pdf","certificate_classifier\data\dataset_v1_20260723_172412\raw\HFFIA\875EE7C93BEE__875EE7C93BEE__비타셀L600-HFFIA_2023-09-30.pdf","875EE7C93BEE__875EE7C93BEE__비타셀L600-HFFIA_2023-09-30.pdf",".pdf","1152711","1.0993","2026-07-23T17:24:18","2023-09-25T14:11:14","PDF"
"RUNTIME","D:\halal_web_runtime","D:\halal_web_runtime\certificate_classifier\data\dataset_v1_20260723_172412\raw\HFFIA\9837B34970C4__9837B34970C4__Certificaat-halal-exp.-30-06-26-1 hffia.pdf","certificate_classifier\data\dataset_v1_20260723_172412\raw\HFFIA\9837B34970C4__9837B34970C4__Certificaat-halal-exp.-30-06-26-1 hffia.pdf","9837B34970C4__9837B34970C4__Certificaat-halal-exp.-30-06-26-1 hffia.pdf",".pdf","156387","0.1491","2026-07-23T17:24:18","2026-07-23T14:49:38","PDF"
"RUNTIME","D:\halal_web_runtime","D:\halal_web_runtime\certificate_classifier\data\dataset_v1_20260723_172412\raw\HFFIA\9C2CDF88267C__9C2CDF88267C__37. Maxarome Select Powder-HFFIA(2023-06-30).pdf","certificate_classifier\data\dataset_v1_20260723_172412\raw\HFFIA\9C2CDF88267C__9C2CDF88267C__37. Maxarome Select Powder-HFFIA(2023-06-30).pdf","9C2CDF88267C__9C2CDF88267C__37. Maxarome Select Powder-HFFIA(2023-06-30).pdf",".pdf","1114147","1.0625","2026-07-23T17:24:18","2022-07-19T12:57:22","PDF"
"RUNTIME","D:\halal_web_runtime","D:\halal_web_runtime\certificate_classifier\data\dataset_v1_20260723_172412\raw\HFFIA\B1741F7840B2__B1741F7840B2__37.Maxarome Select Powder,DSM FOOD SPECIALTIES CO., LTD社-HFFIA(2021-06-30).pdf","certificate_classifier\data\dataset_v1_20260723_172412\raw\HFFIA\B1741F7840B2__B1741F7840B2__37.Maxarome Select Powder,DSM FOOD SPECIALTIES CO., LTD社-HFFIA(2021-06-30).pdf","B1741F7840B2__B1741F7840B2__37.Maxarome Select Powder,DSM FOOD SPECIALTIES CO., LTD社-HFFIA(2021-06-30).pdf",".pdf","1110044","1.0586","2026-07-23T17:24:18","2021-01-11T13:21:20","PDF"
"RUNTIME","D:\halal_web_runtime","D:\halal_web_runtime\certificate_classifier\data\dataset_v1_20260723_172412\raw\HFFIA\D3BE87D17FBA__D3BE87D17FBA__40. Maxarome Select Powder(DSM)[HFFIA_2025-12-31]네.pdf","certificate_classifier\data\dataset_v1_20260723_172412\raw\HFFIA\D3BE87D17FBA__D3BE87D17FBA__40. Maxarome Select Powder(DSM)[HFFIA_2025-12-31]네.pdf","D3BE87D17FBA__D3BE87D17FBA__40. Maxarome Select Powder(DSM)[HFFIA_2025-12-31]네.pdf",".pdf","165615","0.1579","2026-07-23T17:24:18","2025-06-26T17:13:35","PDF"
"RUNTIME","D:\halal_web_runtime","D:\halal_web_runtime\certificate_classifier\data\dataset_v1_20260723_172412\raw\HFFIA\E822DD695DF3__E822DD695DF3__Halal-Skimmed-Milk-MTW_EN hffia.pdf","certificate_classifier\data\dataset_v1_20260723_172412\raw\HFFIA\E822DD695DF3__E822DD695DF3__Halal-Skimmed-Milk-MTW_EN hffia.pdf","E822DD695DF3__E822DD695DF3__Halal-Skimmed-Milk-MTW_EN hffia.pdf",".pdf","134918","0.1287","2026-07-23T17:24:18","2026-07-23T14:49:31","PDF"
"RUNTIME","D:\halal_web_runtime","D:\halal_web_runtime\certificate_classifier\data\dataset_v1_20260723_172412\raw\HFFIA\F5FA6CDED6D2__F5FA6CDED6D2__halal-certificate-expiration-date-september-30th-2026 hffia.pdf","certificate_classifier\data\dataset_v1_20260723_172412\raw\HFFIA\F5FA6CDED6D2__F5FA6CDED6D2__halal-certificate-expiration-date-september-30th-2026 hffia.pdf","F5FA6CDED6D2__F5FA6CDED6D2__halal-certificate-expiration-date-september-30th-2026 hffia.pdf",".pdf","1246493","1.1887","2026-07-23T17:24:18","2026-07-23T14:47:53","PDF"
"RUNTIME","D:\halal_web_runtime","D:\halal_web_runtime\certificate_classifier\data\dataset_v1_20260723_172412\raw\HFQ\171D34D20F84__171D34D20F84__RSG4-F6-CERTIFICADO-HALAL_INC_Ing HFQ.pdf","certificate_classifier\data\dataset_v1_20260723_172412\raw\HFQ\171D34D20F84__171D34D20F84__RSG4-F6-CERTIFICADO-HALAL_INC_Ing HFQ.pdf","171D34D20F84__171D34D20F84__RSG4-F6-CERTIFICADO-HALAL_INC_Ing HFQ.pdf",".pdf","440888","0.4205","2026-07-23T17:24:18","2026-07-23T14:54:16","PDF"
"RUNTIME","D:\halal_web_runtime","D:\halal_web_runtime\certificate_classifier\data\dataset_v1_20260723_172412\raw\HFQ\3E03F86F1CA1__3E03F86F1CA1__sample HFQ-7.7-F02-CERTIFICADO-HALAL_COSTERTEC_INC_Ing.pdf","certificate_classifier\data\dataset_v1_20260723_172412\raw\HFQ\3E03F86F1CA1__3E03F86F1CA1__sample HFQ-7.7-F02-CERTIFICADO-HALAL_COSTERTEC_INC_Ing.pdf","3E03F86F1CA1__3E03F86F1CA1__sample HFQ-7.7-F02-CERTIFICADO-HALAL_COSTERTEC_INC_Ing.pdf",".pdf","126578","0.1207","2026-07-23T17:24:18","2026-05-25T15:49:39","PDF"
"RUNTIME","D:\halal_web_runtime","D:\halal_web_runtime\certificate_classifier\data\dataset_v1_20260723_172412\raw\HFQ\42E639F62C3C__42E639F62C3C__RSG4-F6-CERTIFICADO-HALAL_INC_Ing1 HFQ.pdf","certificate_classifier\data\dataset_v1_20260723_172412\raw\HFQ\42E639F62C3C__42E639F62C3C__RSG4-F6-CERTIFICADO-HALAL_INC_Ing1 HFQ.pdf","42E639F62C3C__42E639F62C3C__RSG4-F6-CERTIFICADO-HALAL_INC_Ing1 HFQ.pdf",".pdf","359131","0.3425","2026-07-23T17:24:18","2026-07-23T14:54:28","PDF"
"RUNTIME","D:\halal_web_runtime","D:\halal_web_runtime\certificate_classifier\data\dataset_v1_20260723_172412\raw\HFQ\618EBC74EE51__618EBC74EE51__HALAL_IRIMAR_Ing HFQ.pdf","certificate_classifier\data\dataset_v1_20260723_172412\raw\HFQ\618EBC74EE51__618EBC74EE51__HALAL_IRIMAR_Ing HFQ.pdf","618EBC74EE51__618EBC74EE51__HALAL_IRIMAR_Ing HFQ.pdf",".pdf","589209","0.5619","2026-07-23T17:24:18","2026-07-23T14:54:21","PDF"
"RUNTIME","D:\halal_web_runtime","D:\halal_web_runtime\certificate_classifier\data\dataset_v1_20260723_172412\raw\HFQ\777AD40E01F2__777AD40E01F2__sample HFQ HALAL-CC_HFQ-7.7-F02-CERTIFICADO-HALAL_GAP-2025.pdf","certificate_classifier\data\dataset_v1_20260723_172412\raw\HFQ\777AD40E01F2__777AD40E01F2__sample HFQ HALAL-CC_HFQ-7.7-F02-CERTIFICADO-HALAL_GAP-2025.pdf","777AD40E01F2__777AD40E01F2__sample HFQ HALAL-CC_HFQ-7.7-F02-CERTIFICADO-HALAL_GAP-2025.pdf",".pdf","407710","0.3888","2026-07-23T17:24:18","2026-05-25T15:50:37","PDF"
"RUNTIME","D:\halal_web_runtime","D:\halal_web_runtime\certificate_classifier\data\dataset_v1_20260723_172412\raw\HFQ\85EC6DC627DA__85EC6DC627DA__sample HFQ CERTIFICADO-HALAL-SEKISUI-2025_Signed-1.pdf","certificate_classifier\data\dataset_v1_20260723_172412\raw\HFQ\85EC6DC627DA__85EC6DC627DA__sample HFQ CERTIFICADO-HALAL-SEKISUI-2025_Signed-1.pdf","85EC6DC627DA__85EC6DC627DA__sample HFQ CERTIFICADO-HALAL-SEKISUI-2025_Signed-1.pdf",".pdf","395025","0.3767","2026-07-23T17:24:18","2026-05-25T15:50:52","PDF"
"RUNTIME","D:\halal_web_runtime","D:\halal_web_runtime\certificate_classifier\data\dataset_v1_20260723_172412\raw\HFQ\8D7598B26C42__8D7598B26C42__sample HFQ RSG4-F6 CERTIFICADO HALAL_MAT_Ing.pdf","certificate_classifier\data\dataset_v1_20260723_172412\raw\HFQ\8D7598B26C42__8D7598B26C42__sample HFQ RSG4-F6 CERTIFICADO HALAL_MAT_Ing.pdf","8D7598B26C42__8D7598B26C42__sample HFQ RSG4-F6 CERTIFICADO HALAL_MAT_Ing.pdf",".pdf","452819","0.4318","2026-07-23T17:24:18","2026-05-25T15:50:26","PDF"
"RUNTIME","D:\halal_web_runtime","D:\halal_web_runtime\certificate_classifier\data\dataset_v1_20260723_172412\raw\HFQ\946EA5762C1B__946EA5762C1B__CERTIFICADO-HALAL-SCENTIUM-2025-CM HFQ.pdf","certificate_classifier\data\dataset_v1_20260723_172412\raw\HFQ\946EA5762C1B__946EA5762C1B__CERTIFICADO-HALAL-SCENTIUM-2025-CM HFQ.pdf","946EA5762C1B__946EA5762C1B__CERTIFICADO-HALAL-SCENTIUM-2025-CM HFQ.pdf",".pdf","353023","0.3367","2026-07-23T17:24:18","2026-07-23T14:53:38","PDF"
"RUNTIME","D:\halal_web_runtime","D:\halal_web_runtime\certificate_classifier\data\dataset_v1_20260723_172412\raw\HFQ\A6F9AD4B2810__A6F9AD4B2810__sample IRIMAR-2018-ING HFQ.pdf","certificate_classifier\data\dataset_v1_20260723_172412\raw\HFQ\A6F9AD4B2810__A6F9AD4B2810__sample IRIMAR-2018-ING HFQ.pdf","A6F9AD4B2810__A6F9AD4B2810__sample IRIMAR-2018-ING HFQ.pdf",".pdf","304936","0.2908","2026-07-23T17:24:18","2026-05-25T15:50:05","PDF"
"RUNTIME","D:\halal_web_runtime","D:\halal_web_runtime\certificate_classifier\data\dataset_v1_20260723_172412\raw\HFQ\ACB3B95814FD__ACB3B95814FD__sample HFQ 04_2021_ING.pdf","certificate_classifier\data\dataset_v1_20260723_172412\raw\HFQ\ACB3B95814FD__ACB3B95814FD__sample HFQ 04_2021_ING.pdf","ACB3B95814FD__ACB3B95814FD__sample HFQ 04_2021_ING.pdf",".pdf","324522","0.3095","2026-07-23T17:24:18","2026-05-25T15:51:06","PDF"
"RUNTIME","D:\halal_web_runtime","D:\halal_web_runtime\certificate_classifier\data\dataset_v1_20260723_172412\raw\HFQ\AF413935EAA7__AF413935EAA7__120. Paprika OLEORSIN(EVESA)[HFQ_2026-04-10]T.pdf","certificate_classifier\data\dataset_v1_20260723_172412\raw\HFQ\AF413935EAA7__AF413935EAA7__120. Paprika OLEORSIN(EVESA)[HFQ_2026-04-10]T.pdf","AF413935EAA7__AF413935EAA7__120. Paprika OLEORSIN(EVESA)[HFQ_2026-04-10]T.pdf",".pdf","677084","0.6457","2026-07-23T17:24:18","2025-09-08T11:37:08","PDF"
"RUNTIME","D:\halal_web_runtime","D:\halal_web_runtime\certificate_classifier\data\dataset_v1_20260723_172412\raw\HQC\0E8CF427D63A__0E8CF427D63A__108_1. S7468, S2568, S1668, S1568, S4268)(Lanxess)[HQC_2026-10-08]씨.pdf","certificate_classifier\data\dataset_v1_20260723_172412\raw\HQC\0E8CF427D63A__0E8CF427D63A__108_1. S7468, S2568, S1668, S1568, S4268)(Lanxess)[HQC_2026-10-08]씨.pdf","0E8CF427D63A__0E8CF427D63A__108_1. S7468, S2568, S1668, S1568, S4268)(Lanxess)[HQC_2026-10-08]씨.pdf",".pdf","763355","0.728","2026-07-23T17:24:18","2025-09-01T08:32:04","PDF"
"RUNTIME","D:\halal_web_runtime","D:\halal_web_runtime\certificate_classifier\data\dataset_v1_20260723_172412\raw\HQC\1404AEEC8E14__1404AEEC8E14__37_5. Trisodium citrate(Jungbunz)[HQC_2026-07-08]락.pdf","certificate_classifier\data\dataset_v1_20260723_172412\raw\HQC\1404AEEC8E14__1404AEEC8E14__37_5. Trisodium citrate(Jungbunz)[HQC_2026-07-08]락.pdf","1404AEEC8E14__1404AEEC8E14__37_5. Trisodium citrate(Jungbunz)[HQC_2026-07-08]락.pdf",".pdf","2549278","2.4312","2026-07-23T17:24:18","2025-09-09T16:01:15","PDF"
"RUNTIME","D:\halal_web_runtime","D:\halal_web_runtime\certificate_classifier\data\dataset_v1_20260723_172412\raw\HQC\1BD3B35FF393__1BD3B35FF393__Halal_Certificate 2025_HQC_Bitterfeld_new (1).pdf","certificate_classifier\data\dataset_v1_20260723_172412\raw\HQC\1BD3B35FF393__1BD3B35FF393__Halal_Certificate 2025_HQC_Bitterfeld_new (1).pdf","1BD3B35FF393__1BD3B35FF393__Halal_Certificate 2025_HQC_Bitterfeld_new (1).pdf",".pdf","738399","0.7042","2026-07-23T17:24:18","2025-09-01T08:34:10","PDF"
"RUNTIME","D:\halal_web_runtime","D:\halal_web_runtime\certificate_classifier\data\dataset_v1_20260723_172412\raw\HQC\56AE029D0277__56AE029D0277__120. Paprika OLEORSIN(EVESA)[HQC_2025-04-10]T.pdf","certificate_classifier\data\dataset_v1_20260723_172412\raw\HQC\56AE029D0277__56AE029D0277__120. Paprika OLEORSIN(EVESA)[HQC_2025-04-10]T.pdf","56AE029D0277__56AE029D0277__120. Paprika OLEORSIN(EVESA)[HQC_2025-04-10]T.pdf",".pdf","690501","0.6585","2026-07-23T17:24:18","2024-10-21T07:17:03","PDF"
"RUNTIME","D:\halal_web_runtime","D:\halal_web_runtime\certificate_classifier\data\dataset_v1_20260723_172412\raw\HQC\6F6F2B7619DF__6F6F2B7619DF__79_2. Pectinex(Novozyme)[HQC_2028-07-01]Q.pdf","certificate_classifier\data\dataset_v1_20260723_172412\raw\HQC\6F6F2B7619DF__6F6F2B7619DF__79_2. Pectinex(Novozyme)[HQC_2028-07-01]Q.pdf","6F6F2B7619DF__6F6F2B7619DF__79_2. Pectinex(Novozyme)[HQC_2028-07-01]Q.pdf",".pdf","727668","0.694","2026-07-23T17:24:18","2025-06-26T16:52:29","PDF"
"RUNTIME","D:\halal_web_runtime","D:\halal_web_runtime\certificate_classifier\data\dataset_v1_20260723_172412\raw\HQC\7459B0569DDF__7459B0569DDF__DF - Halal HQC certificate (301125).pdf","certificate_classifier\data\dataset_v1_20260723_172412\raw\HQC\7459B0569DDF__7459B0569DDF__DF - Halal HQC certificate (301125).pdf","7459B0569DDF__7459B0569DDF__DF - Halal HQC certificate (301125).pdf",".pdf","1219313","1.1628","2026-07-23T17:24:18","2025-09-11T12:57:58","PDF"
"RUNTIME","D:\halal_web_runtime","D:\halal_web_runtime\certificate_classifier\data\dataset_v1_20260723_172412\raw\HQC\81490DD36BC2__81490DD36BC2__173_1_2. Celluclast(Novozyme)[HQC_2028-07-01]내.pdf","certificate_classifier\data\dataset_v1_20260723_172412\raw\HQC\81490DD36BC2__81490DD36BC2__173_1_2. Celluclast(Novozyme)[HQC_2028-07-01]내.pdf","81490DD36BC2__81490DD36BC2__173_1_2. Celluclast(Novozyme)[HQC_2028-07-01]내.pdf",".pdf","724446","0.6909","2026-07-23T17:24:18","2025-07-17T13:19:32","PDF"
"RUNTIME","D:\halal_web_runtime","D:\halal_web_runtime\certificate_classifier\data\dataset_v1_20260723_172412\raw\HQC\A4D2E90DA6A1__A4D2E90DA6A1__20250703_072436_16_Halal certificate (HQC)_ Food & Beverage products (Novozymes DK)_2021-08077.pdf","certificate_classifier\data\dataset_v1_20260723_172412\raw\HQC\A4D2E90DA6A1__A4D2E90DA6A1__20250703_072436_16_Halal certificate (HQC)_ Food & Beverage products (Novozymes DK)_2021-08077.pdf","A4D2E90DA6A1__A4D2E90DA6A1__20250703_072436_16_Halal certificate (HQC)_ Food & Beverage products (Novozymes DK)_2021-08077.pdf",".pdf","727134","0.6934","2026-07-23T17:24:18","2025-07-03T07:24:00","PDF"
"RUNTIME","D:\halal_web_runtime","D:\halal_web_runtime\certificate_classifier\data\dataset_v1_20260723_172412\raw\HQC\A9A7C595E7AF__A9A7C595E7AF__122. Protease-Promod 278 MDP)(BIOCATAL)[HQC_2026-04-15]B.pdf","certificate_classifier\data\dataset_v1_20260723_172412\raw\HQC\A9A7C595E7AF__A9A7C595E7AF__122. Protease-Promod 278 MDP)(BIOCATAL)[HQC_2026-04-15]B.pdf","A9A7C595E7AF__A9A7C595E7AF__122. Protease-Promod 278 MDP)(BIOCATAL)[HQC_2026-04-15]B.pdf",".pdf","777855","0.7418","2026-07-23T17:24:18","2025-07-18T17:35:57","PDF"
"RUNTIME","D:\halal_web_runtime","D:\halal_web_runtime\certificate_classifier\data\dataset_v1_20260723_172412\raw\HQC\E288E73C752C__E288E73C752C__110_1_4. Dextrozyme(Novozyme)[HQC_2028-07-01]대.pdf","certificate_classifier\data\dataset_v1_20260723_172412\raw\HQC\E288E73C752C__E288E73C752C__110_1_4. Dextrozyme(Novozyme)[HQC_2028-07-01]대.pdf","E288E73C752C__E288E73C752C__110_1_4. Dextrozyme(Novozyme)[HQC_2028-07-01]대.pdf",".pdf","700682","0.6682","2026-07-23T17:24:18","2025-06-26T17:44:40","PDF"
"RUNTIME","D:\halal_web_runtime","D:\halal_web_runtime\certificate_classifier\data\dataset_v1_20260723_172412\raw\HQC\E5F40D4EEC70__E5F40D4EEC70__74. INSTANTGUM BA(NEXIRA)[HQC_2026-01-16]강.pdf","certificate_classifier\data\dataset_v1_20260723_172412\raw\HQC\E5F40D4EEC70__E5F40D4EEC70__74. INSTANTGUM BA(NEXIRA)[HQC_2026-01-16]강.pdf","E5F40D4EEC70__E5F40D4EEC70__74. INSTANTGUM BA(NEXIRA)[HQC_2026-01-16]강.pdf",".pdf","1090604","1.0401","2026-07-23T17:24:18","2025-06-05T06:43:10","PDF"
"RUNTIME","D:\halal_web_runtime","D:\halal_web_runtime\certificate_classifier\data\dataset_v1_20260723_172412\raw\HQC\EB1AE14E8CB1__EB1AE14E8CB1__H1Y22Halal-Certificate HQC.pdf","certificate_classifier\data\dataset_v1_20260723_172412\raw\HQC\EB1AE14E8CB1__EB1AE14E8CB1__H1Y22Halal-Certificate HQC.pdf","EB1AE14E8CB1__EB1AE14E8CB1__H1Y22Halal-Certificate HQC.pdf",".pdf","843542","0.8045","2026-07-23T17:24:18","2026-07-23T14:33:52","PDF"
"RUNTIME","D:\halal_web_runtime","D:\halal_web_runtime\certificate_classifier\data\dataset_v1_20260723_172412\raw\IFANCA\53DBC7DBFD47__53DBC7DBFD47__Halal-certificate-Sacco-exp-31012027 IFANCA.pdf","certificate_classifier\data\dataset_v1_20260723_172412\raw\IFANCA\53DBC7DBFD47__53DBC7DBFD47__Halal-certificate-Sacco-exp-31012027 IFANCA.pdf","53DBC7DBFD47__53DBC7DBFD47__Halal-certificate-Sacco-exp-31012027 IFANCA.pdf",".pdf","636977","0.6075","2026-07-23T17:24:18","2026-07-23T17:01:24","PDF"
"RUNTIME","D:\halal_web_runtime","D:\halal_web_runtime\certificate_classifier\data\dataset_v1_20260723_172412\raw\IFANCA\5AC956AAEED2__5AC956AAEED2__54. Modified starch FIRM-TEX(INGREDIO)[IFANCA_2025-09-30]인.pdf","certificate_classifier\data\dataset_v1_20260723_172412\raw\IFANCA\5AC956AAEED2__5AC956AAEED2__54. Modified starch FIRM-TEX(INGREDIO)[IFANCA_2025-09-30]인.pdf","5AC956AAEED2__5AC956AAEED2__54. Modified starch FIRM-TEX(INGREDIO)[IFANCA_2025-09-30]인.pdf",".pdf","4697022","4.4794","2026-07-23T17:24:18","2023-10-18T17:39:45","PDF"
"RUNTIME","D:\halal_web_runtime","D:\halal_web_runtime\certificate_classifier\data\dataset_v1_20260723_172412\raw\IFANCA\5E516F1EEE29__5E516F1EEE29__54. FIRMTEX®(INGREDIO)[IFANCA_2027-09-30]사.pdf","certificate_classifier\data\dataset_v1_20260723_172412\raw\IFANCA\5E516F1EEE29__5E516F1EEE29__54. FIRMTEX®(INGREDIO)[IFANCA_2027-09-30]사.pdf","5E516F1EEE29__5E516F1EEE29__54. FIRMTEX®(INGREDIO)[IFANCA_2027-09-30]사.pdf",".pdf","5820774","5.5511","2026-07-23T17:24:18","2025-09-10T13:08:41","PDF"
"RUNTIME","D:\halal_web_runtime","D:\halal_web_runtime\certificate_classifier\data\dataset_v1_20260723_172412\raw\IFANCA\5E5D8D9A2C53__5E5D8D9A2C53__130_7. FIRMTEX(INGREDIO)[IFANCA_2025-09-30]G.pdf","certificate_classifier\data\dataset_v1_20260723_172412\raw\IFANCA\5E5D8D9A2C53__5E5D8D9A2C53__130_7. FIRMTEX(INGREDIO)[IFANCA_2025-09-30]G.pdf","5E5D8D9A2C53__5E5D8D9A2C53__130_7. FIRMTEX(INGREDIO)[IFANCA_2025-09-30]G.pdf",".pdf","5820848","5.5512","2026-07-23T17:24:18","2024-12-03T09:35:19","PDF"
"RUNTIME","D:\halal_web_runtime","D:\halal_web_runtime\certificate_classifier\data\dataset_v1_20260723_172412\raw\IFANCA\71F2D40B96FB__71F2D40B96FB__Lewisville Halal ifanca.pdf","certificate_classifier\data\dataset_v1_20260723_172412\raw\IFANCA\71F2D40B96FB__71F2D40B96FB__Lewisville Halal ifanca.pdf","71F2D40B96FB__71F2D40B96FB__Lewisville Halal ifanca.pdf",".pdf","1963330","1.8724","2026-07-23T17:24:18","2026-07-23T15:34:18","PDF"
"RUNTIME","D:\halal_web_runtime","D:\halal_web_runtime\certificate_classifier\data\dataset_v1_20260723_172412\raw\IFANCA\789C25F20DDA__NOHASH_00199__98-3-3-2. Powdered Acid Washed Activated Carbon-IFANCA(2021-12-31).pdf","certificate_classifier\data\dataset_v1_20260723_172412\raw\IFANCA\789C25F20DDA__NOHASH_00199__98-3-3-2. Powdered Acid Washed Activated Carbon-IFANCA(2021-12-31).pdf","789C25F20DDA__NOHASH_00199__98-3-3-2. Powdered Acid Washed Activated Carbon-IFANCA(2021-12-31).pdf",".pdf","457187","0.436","2026-07-23T17:24:18","2022-03-08T11:45:57","PDF"
"RUNTIME","D:\halal_web_runtime","D:\halal_web_runtime\certificate_classifier\data\dataset_v1_20260723_172412\raw\IFANCA\8C9F270FDEC4__8C9F270FDEC4__155. Beef Type Flavor(Givaudan)[IFANCA_2026-05-31]G.pdf","certificate_classifier\data\dataset_v1_20260723_172412\raw\IFANCA\8C9F270FDEC4__8C9F270FDEC4__155. Beef Type Flavor(Givaudan)[IFANCA_2026-05-31]G.pdf","8C9F270FDEC4__8C9F270FDEC4__155. Beef Type Flavor(Givaudan)[IFANCA_2026-05-31]G.pdf",".pdf","141942","0.1354","2026-07-23T17:24:18","2025-06-13T09:31:31","PDF"
"RUNTIME","D:\halal_web_runtime","D:\halal_web_runtime\certificate_classifier\data\dataset_v1_20260723_172412\raw\IFANCA\97F7DCB4BB15__97F7DCB4BB15__109_2. Granular Activated Carbon-IFANCA(2024-12-31).pdf","certificate_classifier\data\dataset_v1_20260723_172412\raw\IFANCA\97F7DCB4BB15__97F7DCB4BB15__109_2. Granular Activated Carbon-IFANCA(2024-12-31).pdf","97F7DCB4BB15__97F7DCB4BB15__109_2. Granular Activated Carbon-IFANCA(2024-12-31).pdf",".pdf","233678","0.2229","2026-07-23T17:24:18","2024-03-08T10:28:24","PDF"
"RUNTIME","D:\halal_web_runtime","D:\halal_web_runtime\certificate_classifier\data\dataset_v1_20260723_172412\raw\IFANCA\B545C93ABC7E__B545C93ABC7E__1729412199__ALO.5187. 5008. 240069.US IFANCA.pdf","certificate_classifier\data\dataset_v1_20260723_172412\raw\IFANCA\B545C93ABC7E__B545C93ABC7E__1729412199__ALO.5187. 5008. 240069.US IFANCA.pdf","B545C93ABC7E__B545C93ABC7E__1729412199__ALO.5187. 5008. 240069.US IFANCA.pdf",".pdf","625531","0.5966","2026-07-23T17:24:18","2026-07-23T17:02:31","PDF"
"RUNTIME","D:\halal_web_runtime","D:\halal_web_runtime\certificate_classifier\data\dataset_v1_20260723_172412\raw\IFANCA\C87BD0DFB24D__C87BD0DFB24D__168. Beef Type Flavor-IFANCA(2024-05-31).pdf","certificate_classifier\data\dataset_v1_20260723_172412\raw\IFANCA\C87BD0DFB24D__C87BD0DFB24D__168. Beef Type Flavor-IFANCA(2024-05-31).pdf","C87BD0DFB24D__C87BD0DFB24D__168. Beef Type Flavor-IFANCA(2024-05-31).pdf",".pdf","233409","0.2226","2026-07-23T17:24:18","2023-12-19T14:40:26","PDF"
"RUNTIME","D:\halal_web_runtime","D:\halal_web_runtime\certificate_classifier\data\dataset_v1_20260723_172412\raw\IFANCA\CF910B302A04__CF910B302A04__117. Non-GMO Soybean Meal(Zeeland)[IFANCA_2026-05-31]타.pdf","certificate_classifier\data\dataset_v1_20260723_172412\raw\IFANCA\CF910B302A04__CF910B302A04__117. Non-GMO Soybean Meal(Zeeland)[IFANCA_2026-05-31]타.pdf","CF910B302A04__CF910B302A04__117. Non-GMO Soybean Meal(Zeeland)[IFANCA_2026-05-31]타.pdf",".pdf","287594","0.2743","2026-07-23T17:24:18","2025-06-09T10:12:44","PDF"
"RUNTIME","D:\halal_web_runtime","D:\halal_web_runtime\certificate_classifier\data\dataset_v1_20260723_172412\raw\IFANCA\DEFF170B0FB6__DEFF170B0FB6__chb_halal_certificate ifanca.pdf","certificate_classifier\data\dataset_v1_20260723_172412\raw\IFANCA\DEFF170B0FB6__DEFF170B0FB6__chb_halal_certificate ifanca.pdf","DEFF170B0FB6__DEFF170B0FB6__chb_halal_certificate ifanca.pdf",".pdf","1963019","1.8721","2026-07-23T17:24:18","2026-07-23T15:31:41","PDF"
"RUNTIME","D:\halal_web_runtime","D:\halal_web_runtime\certificate_classifier\data\dataset_v1_20260723_172412\raw\IFANCA\FA49CCAB89CC__FA49CCAB89CC__G ST Halal LOC_IFANCA.pdf","certificate_classifier\data\dataset_v1_20260723_172412\raw\IFANCA\FA49CCAB89CC__FA49CCAB89CC__G ST Halal LOC_IFANCA.pdf","FA49CCAB89CC__FA49CCAB89CC__G ST Halal LOC_IFANCA.pdf",".pdf","931099","0.888","2026-07-23T17:24:18","2026-07-23T17:02:23","PDF"
"RUNTIME","D:\halal_web_runtime","D:\halal_web_runtime\certificate_classifier\data\dataset_v1_20260723_172412\raw\ISA\0ECB8A6BDDDD__0ECB8A6BDDDD__sample ISA FG-1800-halal-product-certificate.pdf","certificate_classifier\data\dataset_v1_20260723_172412\raw\ISA\0ECB8A6BDDDD__0ECB8A6BDDDD__sample ISA FG-1800-halal-product-certificate.pdf","0ECB8A6BDDDD__0ECB8A6BDDDD__sample ISA FG-1800-halal-product-certificate.pdf",".pdf","203818","0.1944","2026-07-23T17:24:18","2026-05-25T16:02:42","PDF"
"RUNTIME","D:\halal_web_runtime","D:\halal_web_runtime\certificate_classifier\data\dataset_v1_20260723_172412\raw\ISA\14A7187CECC0__14A7187CECC0__HalalCertificate ISA.pdf","certificate_classifier\data\dataset_v1_20260723_172412\raw\ISA\14A7187CECC0__14A7187CECC0__HalalCertificate ISA.pdf","14A7187CECC0__14A7187CECC0__HalalCertificate ISA.pdf",".pdf","515422","0.4915","2026-07-23T17:24:18","2026-07-23T14:55:57","PDF"
"RUNTIME","D:\halal_web_runtime","D:\halal_web_runtime\certificate_classifier\data\dataset_v1_20260723_172412\raw\ISA\14D4D6F20167__14D4D6F20167__98_4_1. NU55-50(Sensient)[LLS-ISA_2025-12-31]비.pdf","certificate_classifier\data\dataset_v1_20260723_172412\raw\ISA\14D4D6F20167__14D4D6F20167__98_4_1. NU55-50(Sensient)[LLS-ISA_2025-12-31]비.pdf","14D4D6F20167__14D4D6F20167__98_4_1. NU55-50(Sensient)[LLS-ISA_2025-12-31]비.pdf",".pdf","307038","0.2928","2026-07-23T17:24:18","2025-02-14T07:28:00","PDF"
"RUNTIME","D:\halal_web_runtime","D:\halal_web_runtime\certificate_classifier\data\dataset_v1_20260723_172412\raw\ISA\1A92BEF6FF46__1A92BEF6FF46__sample ISA 2025-Halal-Certificate.pdf","certificate_classifier\data\dataset_v1_20260723_172412\raw\ISA\1A92BEF6FF46__1A92BEF6FF46__sample ISA 2025-Halal-Certificate.pdf","1A92BEF6FF46__1A92BEF6FF46__sample ISA 2025-Halal-Certificate.pdf",".pdf","317861","0.3031","2026-07-23T17:24:18","2026-05-25T16:02:20","PDF"
"RUNTIME","D:\halal_web_runtime","D:\halal_web_runtime\certificate_classifier\data\dataset_v1_20260723_172412\raw\ISA\59CFAB548BC3__59CFAB548BC3__sample ISA E106980C-E0DF-E0E2-567459C443B70C08-document.pdf","certificate_classifier\data\dataset_v1_20260723_172412\raw\ISA\59CFAB548BC3__59CFAB548BC3__sample ISA E106980C-E0DF-E0E2-567459C443B70C08-document.pdf","59CFAB548BC3__59CFAB548BC3__sample ISA E106980C-E0DF-E0E2-567459C443B70C08-document.pdf",".pdf","742431","0.708","2026-07-23T17:24:18","2026-05-25T16:02:38","PDF"
"RUNTIME","D:\halal_web_runtime","D:\halal_web_runtime\certificate_classifier\data\dataset_v1_20260723_172412\raw\ISA\6BB4C2526841__6BB4C2526841__Halal-Certificate-Exp-2027 ISA.pdf","certificate_classifier\data\dataset_v1_20260723_172412\raw\ISA\6BB4C2526841__6BB4C2526841__Halal-Certificate-Exp-2027 ISA.pdf","6BB4C2526841__6BB4C2526841__Halal-Certificate-Exp-2027 ISA.pdf",".pdf","207981","0.1983","2026-07-23T17:24:18","2026-07-23T14:56:28","PDF"
"RUNTIME","D:\halal_web_runtime","D:\halal_web_runtime\certificate_classifier\data\dataset_v1_20260723_172412\raw\ISA\7FDF5F2B8F04__7FDF5F2B8F04__sample ISA 79sAuM2HdzQk6gMLdKLD4Sh1SrGZGF8B.pdf","certificate_classifier\data\dataset_v1_20260723_172412\raw\ISA\7FDF5F2B8F04__7FDF5F2B8F04__sample ISA 79sAuM2HdzQk6gMLdKLD4Sh1SrGZGF8B.pdf","7FDF5F2B8F04__7FDF5F2B8F04__sample ISA 79sAuM2HdzQk6gMLdKLD4Sh1SrGZGF8B.pdf",".pdf","94818","0.0904","2026-07-23T17:24:18","2026-05-25T16:02:16","PDF"
"RUNTIME","D:\halal_web_runtime","D:\halal_web_runtime\certificate_classifier\data\dataset_v1_20260723_172412\raw\ISA\B1FF96B4D3B9__B1FF96B4D3B9__sample ISA Halal-Annual-Certificate.pdf","certificate_classifier\data\dataset_v1_20260723_172412\raw\ISA\B1FF96B4D3B9__B1FF96B4D3B9__sample ISA Halal-Annual-Certificate.pdf","B1FF96B4D3B9__B1FF96B4D3B9__sample ISA Halal-Annual-Certificate.pdf",".pdf","792475","0.7558","2026-07-23T17:24:18","2026-05-25T16:02:11","PDF"
"RUNTIME","D:\halal_web_runtime","D:\halal_web_runtime\certificate_classifier\data\dataset_v1_20260723_172412\raw\ISA\B3836AA2FAB5__B3836AA2FAB5__1207-25-39555-2026-halal-certificate-monument-chem ISA.pdf","certificate_classifier\data\dataset_v1_20260723_172412\raw\ISA\B3836AA2FAB5__B3836AA2FAB5__1207-25-39555-2026-halal-certificate-monument-chem ISA.pdf","B3836AA2FAB5__B3836AA2FAB5__1207-25-39555-2026-halal-certificate-monument-chem ISA.pdf",".pdf","200687","0.1914","2026-07-23T17:24:18","2026-07-23T14:56:21","PDF"
"RUNTIME","D:\halal_web_runtime","D:\halal_web_runtime\certificate_classifier\data\dataset_v1_20260723_172412\raw\ISA\B9AD07B9F3BD__B9AD07B9F3BD__Halal-Certificate-2026 ISA.pdf","certificate_classifier\data\dataset_v1_20260723_172412\raw\ISA\B9AD07B9F3BD__B9AD07B9F3BD__Halal-Certificate-2026 ISA.pdf","B9AD07B9F3BD__B9AD07B9F3BD__Halal-Certificate-2026 ISA.pdf",".pdf","6977784","6.6545","2026-07-23T17:24:18","2026-07-23T14:56:14","PDF"
"RUNTIME","D:\halal_web_runtime","D:\halal_web_runtime\certificate_classifier\data\dataset_v1_20260723_172412\raw\ISA\D675992F7E67__D675992F7E67__9. Dehydrated Potatoes-Flakes(Oregon)[ISA_2025-12-31]W.pdf","certificate_classifier\data\dataset_v1_20260723_172412\raw\ISA\D675992F7E67__D675992F7E67__9. Dehydrated Potatoes-Flakes(Oregon)[ISA_2025-12-31]W.pdf","D675992F7E67__D675992F7E67__9. Dehydrated Potatoes-Flakes(Oregon)[ISA_2025-12-31]W.pdf",".pdf","77749","0.0741","2026-07-23T17:24:18","2025-02-05T11:11:37","PDF"
"RUNTIME","D:\halal_web_runtime","D:\halal_web_runtime\certificate_classifier\data\dataset_v1_20260723_172412\raw\ISA\DCED2B676994__DCED2B676994__11-3-3.MM100FK,Mafco Worldwide LLC-ISA(19-12-31).pdf","certificate_classifier\data\dataset_v1_20260723_172412\raw\ISA\DCED2B676994__DCED2B676994__11-3-3.MM100FK,Mafco Worldwide LLC-ISA(19-12-31).pdf","DCED2B676994__DCED2B676994__11-3-3.MM100FK,Mafco Worldwide LLC-ISA(19-12-31).pdf",".pdf","537163","0.5123","2026-07-23T17:24:18","2019-12-13T14:55:52","PDF"
"RUNTIME","D:\halal_web_runtime","D:\halal_web_runtime\certificate_classifier\data\dataset_v1_20260723_172412\raw\ISA\F2906911D258__F2906911D258__11-3-3.MM100FK,Mafco Worldwide LLC社-ISA(2021-12-31).pdf","certificate_classifier\data\dataset_v1_20260723_172412\raw\ISA\F2906911D258__F2906911D258__11-3-3.MM100FK,Mafco Worldwide LLC社-ISA(2021-12-31).pdf","F2906911D258__F2906911D258__11-3-3.MM100FK,Mafco Worldwide LLC社-ISA(2021-12-31).pdf",".pdf","766544","0.731","2026-07-23T17:24:18","2021-02-05T16:18:05","PDF"
"RUNTIME","D:\halal_web_runtime","D:\halal_web_runtime\certificate_classifier\data\dataset_v1_20260723_172412\raw\JAKIM\02767C062E6F__02767C062E6F__34. Maltodextrin Glucose syrup solids(SANSOON)[JAKIM_2026-03-15]한.pdf","certificate_classifier\data\dataset_v1_20260723_172412\raw\JAKIM\02767C062E6F__02767C062E6F__34. Maltodextrin Glucose syrup solids(SANSOON)[JAKIM_2026-03-15]한.pdf","02767C062E6F__02767C062E6F__34. Maltodextrin Glucose syrup solids(SANSOON)[JAKIM_2026-03-15]한.pdf",".pdf","629225","0.6001","2026-07-23T17:24:18","2024-03-21T10:55:00","PDF"
"RUNTIME","D:\halal_web_runtime","D:\halal_web_runtime\certificate_classifier\data\dataset_v1_20260723_172412\raw\JAKIM\2067C92F24C5__2067C92F24C5__110369_halal_certificate_for_product_895_7e9292f19c9759a41826237df46ed75e80d9ace1 jakim.pdf","certificate_classifier\data\dataset_v1_20260723_172412\raw\JAKIM\2067C92F24C5__2067C92F24C5__110369_halal_certificate_for_product_895_7e9292f19c9759a41826237df46ed75e80d9ace1 jakim.pdf","2067C92F24C5__2067C92F24C5__110369_halal_certificate_for_product_895_7e9292f19c9759a41826237df46ed75e80d9ace1 jakim.pdf",".pdf","652687","0.6225","2026-07-23T17:24:18","2026-07-23T14:37:08","PDF"
"RUNTIME","D:\halal_web_runtime","D:\halal_web_runtime\certificate_classifier\data\dataset_v1_20260723_172412\raw\JAKIM\3A3070F4ECA7__3A3070F4ECA7__Hai+Leng+Halal+CertificatePDF_240116_213841 jakim.pdf","certificate_classifier\data\dataset_v1_20260723_172412\raw\JAKIM\3A3070F4ECA7__3A3070F4ECA7__Hai+Leng+Halal+CertificatePDF_240116_213841 jakim.pdf","3A3070F4ECA7__3A3070F4ECA7__Hai+Leng+Halal+CertificatePDF_240116_213841 jakim.pdf",".pdf","208088","0.1984","2026-07-23T17:24:18","2026-07-23T14:32:55","PDF"
"RUNTIME","D:\halal_web_runtime","D:\halal_web_runtime\certificate_classifier\data\dataset_v1_20260723_172412\raw\JAKIM\55BD343442BD__55BD343442BD__103_1. RBDPO-REFIND BLEACHED & DEODORISED PALM OIL(SANDAKAN)[JAKIM_2026-06-15]롯.pdf","certificate_classifier\data\dataset_v1_20260723_172412\raw\JAKIM\55BD343442BD__55BD343442BD__103_1. RBDPO-REFIND BLEACHED & DEODORISED PALM OIL(SANDAKAN)[JAKIM_2026-06-15]롯.pdf","55BD343442BD__55BD343442BD__103_1. RBDPO-REFIND BLEACHED & DEODORISED PALM OIL(SANDAKAN)[JAKIM_2026-06-15]롯.pdf",".pdf","4221559","4.026","2026-07-23T17:24:18","2024-11-12T14:38:46","PDF"
"RUNTIME","D:\halal_web_runtime","D:\halal_web_runtime\certificate_classifier\data\dataset_v1_20260723_172412\raw\JAKIM\5C3B7B96C54A__5C3B7B96C54A__201910121018197905 jakim.pdf","certificate_classifier\data\dataset_v1_20260723_172412\raw\JAKIM\5C3B7B96C54A__5C3B7B96C54A__201910121018197905 jakim.pdf","5C3B7B96C54A__5C3B7B96C54A__201910121018197905 jakim.pdf",".pdf","808840","0.7714","2026-07-23T17:24:18","2026-07-23T14:35:59","PDF"
"RUNTIME","D:\halal_web_runtime","D:\halal_web_runtime\certificate_classifier\data\dataset_v1_20260723_172412\raw\JAKIM\5D1555AF0A2A__5D1555AF0A2A__136_1. FATTY ACIDS(lOI)[JAKIM_2029-05-15]비.pdf","certificate_classifier\data\dataset_v1_20260723_172412\raw\JAKIM\5D1555AF0A2A__5D1555AF0A2A__136_1. FATTY ACIDS(lOI)[JAKIM_2029-05-15]비.pdf","5D1555AF0A2A__5D1555AF0A2A__136_1. FATTY ACIDS(lOI)[JAKIM_2029-05-15]비.pdf",".pdf","473911","0.452","2026-07-23T17:24:18","2024-11-08T15:30:05","PDF"
"RUNTIME","D:\halal_web_runtime","D:\halal_web_runtime\certificate_classifier\data\dataset_v1_20260723_172412\raw\JAKIM\6CEEF59C0DDB__6CEEF59C0DDB__CA-Chicken jakim scan bw.pdf","certificate_classifier\data\dataset_v1_20260723_172412\raw\JAKIM\6CEEF59C0DDB__6CEEF59C0DDB__CA-Chicken jakim scan bw.pdf","6CEEF59C0DDB__6CEEF59C0DDB__CA-Chicken jakim scan bw.pdf",".pdf","576914","0.5502","2026-07-23T17:24:19","2026-07-23T14:38:14","SYNTHETIC_SCAN_PDF"
"RUNTIME","D:\halal_web_runtime","D:\halal_web_runtime\certificate_classifier\data\dataset_v1_20260723_172412\raw\JAKIM\74DB10FA60A5__74DB10FA60A5__0tNFMCyIf0ACA0Yo2fiKrYW2s37EfLtiHGC9BIpp jakim.pdf","certificate_classifier\data\dataset_v1_20260723_172412\raw\JAKIM\74DB10FA60A5__74DB10FA60A5__0tNFMCyIf0ACA0Yo2fiKrYW2s37EfLtiHGC9BIpp jakim.pdf","74DB10FA60A5__74DB10FA60A5__0tNFMCyIf0ACA0Yo2fiKrYW2s37EfLtiHGC9BIpp jakim.pdf",".pdf","629063","0.5999","2026-07-23T17:24:19","2026-07-23T14:38:44","PDF"
"RUNTIME","D:\halal_web_runtime","D:\halal_web_runtime\certificate_classifier\data\dataset_v1_20260723_172412\raw\JAKIM\AE1D7C30DF3F__AE1D7C30DF3F__MY_PX_Halal_Certificate_TRME_TrimShake_Chocolate_Vanilla (2025) jakim.pdf","certificate_classifier\data\dataset_v1_20260723_172412\raw\JAKIM\AE1D7C30DF3F__AE1D7C30DF3F__MY_PX_Halal_Certificate_TRME_TrimShake_Chocolate_Vanilla (2025) jakim.pdf","AE1D7C30DF3F__AE1D7C30DF3F__MY_PX_Halal_Certificate_TRME_TrimShake_Chocolate_Vanilla (2025) jakim.pdf",".pdf","1148132","1.0949","2026-07-23T17:24:19","2026-07-23T14:36:39","PDF"
"RUNTIME","D:\halal_web_runtime","D:\halal_web_runtime\certificate_classifier\data\dataset_v1_20260723_172412\raw\JAKIM\B29276FE1777__B29276FE1777__OAM-Halal jakim.pdf","certificate_classifier\data\dataset_v1_20260723_172412\raw\JAKIM\B29276FE1777__B29276FE1777__OAM-Halal jakim.pdf","B29276FE1777__B29276FE1777__OAM-Halal jakim.pdf",".pdf","260958","0.2489","2026-07-23T17:24:19","2026-07-23T14:32:29","PDF"
"RUNTIME","D:\halal_web_runtime","D:\halal_web_runtime\certificate_classifier\data\dataset_v1_20260723_172412\raw\JAKIM\B530444365D6__B530444365D6__HALAL_PCEO jakim.pdf","certificate_classifier\data\dataset_v1_20260723_172412\raw\JAKIM\B530444365D6__B530444365D6__HALAL_PCEO jakim.pdf","B530444365D6__B530444365D6__HALAL_PCEO jakim.pdf",".pdf","258478","0.2465","2026-07-23T17:24:19","2026-07-23T14:38:27","PDF"
"RUNTIME","D:\halal_web_runtime","D:\halal_web_runtime\certificate_classifier\data\dataset_v1_20260723_172412\raw\JAKIM\C8C815E9528F__C8C815E9528F__110829_halal_certificate_for_product_985_ad722a6976a5da3084932ef0a581613b85e301df jakim.pdf","certificate_classifier\data\dataset_v1_20260723_172412\raw\JAKIM\C8C815E9528F__C8C815E9528F__110829_halal_certificate_for_product_985_ad722a6976a5da3084932ef0a581613b85e301df jakim.pdf","C8C815E9528F__C8C815E9528F__110829_halal_certificate_for_product_985_ad722a6976a5da3084932ef0a581613b85e301df jakim.pdf",".pdf","1064674","1.0154","2026-07-23T17:24:19","2026-07-23T14:32:43","PDF"
"RUNTIME","D:\halal_web_runtime","D:\halal_web_runtime\certificate_classifier\data\dataset_v1_20260723_172412\raw\JAKIM\E91981FFACDE__E91981FFACDE__107658_halal_certificate_for_product_1230_bb88711446404cbad50296915b1fa29125b870c4 jakim bw.pdf","certificate_classifier\data\dataset_v1_20260723_172412\raw\JAKIM\E91981FFACDE__E91981FFACDE__107658_halal_certificate_for_product_1230_bb88711446404cbad50296915b1fa29125b870c4 jakim bw.pdf","E91981FFACDE__E91981FFACDE__107658_halal_certificate_for_product_1230_bb88711446404cbad50296915b1fa29125b870c4 jakim bw.pdf",".pdf","386281","0.3684","2026-07-23T17:24:19","2026-07-23T14:38:37","PDF"
"RUNTIME","D:\halal_web_runtime","D:\halal_web_runtime\certificate_classifier\data\dataset_v1_20260723_172412\raw\JAKIM\EFD077B35C06__EFD077B35C06__21-1.MCT OIL,DANIDCO MALAYSIA SDN BHD社-JAKIM(2022-09-30).pdf","certificate_classifier\data\dataset_v1_20260723_172412\raw\JAKIM\EFD077B35C06__EFD077B35C06__21-1.MCT OIL,DANIDCO MALAYSIA SDN BHD社-JAKIM(2022-09-30).pdf","EFD077B35C06__EFD077B35C06__21-1.MCT OIL,DANIDCO MALAYSIA SDN BHD社-JAKIM(2022-09-30).pdf",".pdf","1252703","1.1947","2026-07-23T17:24:19","2021-06-23T11:06:04","PDF"
"RUNTIME","D:\halal_web_runtime","D:\halal_web_runtime\certificate_classifier\data\dataset_v1_20260723_172412\raw\JAKIM\FEDF412A3049__FEDF412A3049__58. Beef Paste Flavour(Kerry)[JAKIM_2027-05-31]K.pdf","certificate_classifier\data\dataset_v1_20260723_172412\raw\JAKIM\FEDF412A3049__FEDF412A3049__58. Beef Paste Flavour(Kerry)[JAKIM_2027-05-31]K.pdf","FEDF412A3049__FEDF412A3049__58. Beef Paste Flavour(Kerry)[JAKIM_2027-05-31]K.pdf",".pdf","545699","0.5204","2026-07-23T17:24:19","2025-06-12T10:49:00","PDF"
"RUNTIME","D:\halal_web_runtime","D:\halal_web_runtime\certificate_classifier\data\dataset_v1_20260723_172412\raw\JMA\12486A6DB6F5__12486A6DB6F5__jma SAMPLE.pdf","certificate_classifier\data\dataset_v1_20260723_172412\raw\JMA\12486A6DB6F5__12486A6DB6F5__jma SAMPLE.pdf","12486A6DB6F5__12486A6DB6F5__jma SAMPLE.pdf",".pdf","149136","0.1422","2026-07-23T17:24:19","2026-07-23T08:21:40","PDF"
"RUNTIME","D:\halal_web_runtime","D:\halal_web_runtime\certificate_classifier\data\dataset_v1_20260723_172412\raw\JMA\194D60046001__194D60046001__halal2018 JMA.pdf","certificate_classifier\data\dataset_v1_20260723_172412\raw\JMA\194D60046001__194D60046001__halal2018 JMA.pdf","194D60046001__194D60046001__halal2018 JMA.pdf",".pdf","1190204","1.1351","2026-07-23T17:24:19","2026-07-23T14:44:05","PDF"
"RUNTIME","D:\halal_web_runtime","D:\halal_web_runtime\certificate_classifier\data\dataset_v1_20260723_172412\raw\JMA\2446BFB98E49__2446BFB98E49__MTAP_HALAL_Certificate_COPY_ACCOFLOC_ACCOPEARL_Jun_30_2026 JMA.pdf","certificate_classifier\data\dataset_v1_20260723_172412\raw\JMA\2446BFB98E49__2446BFB98E49__MTAP_HALAL_Certificate_COPY_ACCOFLOC_ACCOPEARL_Jun_30_2026 JMA.pdf","2446BFB98E49__2446BFB98E49__MTAP_HALAL_Certificate_COPY_ACCOFLOC_ACCOPEARL_Jun_30_2026 JMA.pdf",".pdf","388482","0.3705","2026-07-23T17:24:19","2026-07-23T14:43:49","PDF"
"RUNTIME","D:\halal_web_runtime","D:\halal_web_runtime\certificate_classifier\data\dataset_v1_20260723_172412\raw\JMA\27226CFBED5C__27226CFBED5C__1-1-7. Disodium Succinate-JMA(2022-08-11).pdf","certificate_classifier\data\dataset_v1_20260723_172412\raw\JMA\27226CFBED5C__27226CFBED5C__1-1-7. Disodium Succinate-JMA(2022-08-11).pdf","27226CFBED5C__27226CFBED5C__1-1-7. Disodium Succinate-JMA(2022-08-11).pdf",".pdf","374177","0.3568","2026-07-23T17:24:19","2022-06-17T17:30:28","PDF"
"RUNTIME","D:\halal_web_runtime","D:\halal_web_runtime\certificate_classifier\data\dataset_v1_20260723_172412\raw\JMA\5B7844CFCA6D__5B7844CFCA6D__Halal_Certificate_Malic_Acid_Kashima_Exp.20250901 JMA.pdf","certificate_classifier\data\dataset_v1_20260723_172412\raw\JMA\5B7844CFCA6D__5B7844CFCA6D__Halal_Certificate_Malic_Acid_Kashima_Exp.20250901 JMA.pdf","5B7844CFCA6D__5B7844CFCA6D__Halal_Certificate_Malic_Acid_Kashima_Exp.20250901 JMA.pdf",".pdf","283105","0.27","2026-07-23T17:24:19","2026-07-23T14:45:05","PDF"
"RUNTIME","D:\halal_web_runtime","D:\halal_web_runtime\certificate_classifier\data\dataset_v1_20260723_172412\raw\JMA\9428C43607D0__9428C43607D0__1901291046320000002 JMA.pdf","certificate_classifier\data\dataset_v1_20260723_172412\raw\JMA\9428C43607D0__9428C43607D0__1901291046320000002 JMA.pdf","9428C43607D0__9428C43607D0__1901291046320000002 JMA.pdf",".pdf","530989","0.5064","2026-07-23T17:24:19","2026-07-23T14:45:21","PDF"
"RUNTIME","D:\halal_web_runtime","D:\halal_web_runtime\certificate_classifier\data\dataset_v1_20260723_172412\raw\JMA\A43DB442DF08__A43DB442DF08__167_6. TREHA™(Nagase)[JMA_2026-02-26]한.pdf","certificate_classifier\data\dataset_v1_20260723_172412\raw\JMA\A43DB442DF08__A43DB442DF08__167_6. TREHA™(Nagase)[JMA_2026-02-26]한.pdf","A43DB442DF08__A43DB442DF08__167_6. TREHA™(Nagase)[JMA_2026-02-26]한.pdf",".pdf","233411","0.2226","2026-07-23T17:24:19","2025-04-24T11:30:58","PDF"
"RUNTIME","D:\halal_web_runtime","D:\halal_web_runtime\certificate_classifier\data\dataset_v1_20260723_172412\raw\JMA\D631637E8CC4__D631637E8CC4__jma Halal-Certificateuntil-Nov2020.pdf","certificate_classifier\data\dataset_v1_20260723_172412\raw\JMA\D631637E8CC4__D631637E8CC4__jma Halal-Certificateuntil-Nov2020.pdf","D631637E8CC4__D631637E8CC4__jma Halal-Certificateuntil-Nov2020.pdf",".pdf","681795","0.6502","2026-07-23T17:24:19","2026-07-22T18:13:52","PDF"
"RUNTIME","D:\halal_web_runtime","D:\halal_web_runtime\certificate_classifier\data\dataset_v1_20260723_172412\raw\JMA\F73AF64C58A3__F73AF64C58A3__36_3. TREHA™FOOD GRADE(Nagase)[JMA_2026-02-26]락.pdf","certificate_classifier\data\dataset_v1_20260723_172412\raw\JMA\F73AF64C58A3__F73AF64C58A3__36_3. TREHA™FOOD GRADE(Nagase)[JMA_2026-02-26]락.pdf","F73AF64C58A3__F73AF64C58A3__36_3. TREHA™FOOD GRADE(Nagase)[JMA_2026-02-26]락.pdf",".pdf","1657909","1.5811","2026-07-23T17:24:19","2025-06-26T09:37:02","PDF"
"RUNTIME","D:\halal_web_runtime","D:\halal_web_runtime\certificate_classifier\data\dataset_v1_20260723_172412\raw\JUHF\1DFC9DFCA48F__1DFC9DFCA48F__halal juhf.pdf","certificate_classifier\data\dataset_v1_20260723_172412\raw\JUHF\1DFC9DFCA48F__1DFC9DFCA48F__halal juhf.pdf","1DFC9DFCA48F__1DFC9DFCA48F__halal juhf.pdf",".pdf","872050","0.8317","2026-07-23T17:24:19","2026-07-23T13:26:48","PDF"
"RUNTIME","D:\halal_web_runtime","D:\halal_web_runtime\certificate_classifier\data\dataset_v1_20260723_172412\raw\JUHF\498BC184F064__498BC184F064__JUHF-HALAL-CERTIFICATE-2028-1.pdf","certificate_classifier\data\dataset_v1_20260723_172412\raw\JUHF\498BC184F064__498BC184F064__JUHF-HALAL-CERTIFICATE-2028-1.pdf","498BC184F064__498BC184F064__JUHF-HALAL-CERTIFICATE-2028-1.pdf",".pdf","6722003","6.4106","2026-07-23T17:24:19","2026-07-23T13:25:30","PDF"
"RUNTIME","D:\halal_web_runtime","D:\halal_web_runtime\certificate_classifier\data\dataset_v1_20260723_172412\raw\JUHF\5271715D2DAB__5271715D2DAB__juhf-halal-certificate-valid-upto-02-02-2028.pdf","certificate_classifier\data\dataset_v1_20260723_172412\raw\JUHF\5271715D2DAB__5271715D2DAB__juhf-halal-certificate-valid-upto-02-02-2028.pdf","5271715D2DAB__5271715D2DAB__juhf-halal-certificate-valid-upto-02-02-2028.pdf",".pdf","428275","0.4084","2026-07-23T17:24:19","2026-07-23T13:26:12","PDF"
"RUNTIME","D:\halal_web_runtime","D:\halal_web_runtime\certificate_classifier\data\dataset_v1_20260723_172412\raw\JUHF\52768DA9A487__52768DA9A487__halal_india_certificate_-_unit_1_2026 juhf.pdf","certificate_classifier\data\dataset_v1_20260723_172412\raw\JUHF\52768DA9A487__52768DA9A487__halal_india_certificate_-_unit_1_2026 juhf.pdf","52768DA9A487__52768DA9A487__halal_india_certificate_-_unit_1_2026 juhf.pdf",".pdf","900013","0.8583","2026-07-23T17:24:19","2026-07-23T13:27:04","PDF"
"RUNTIME","D:\halal_web_runtime","D:\halal_web_runtime\certificate_classifier\data\dataset_v1_20260723_172412\raw\JUHF\6CC90A37607D__6CC90A37607D__Halal-certificate-SIL-2025-26 juhf.pdf","certificate_classifier\data\dataset_v1_20260723_172412\raw\JUHF\6CC90A37607D__6CC90A37607D__Halal-certificate-SIL-2025-26 juhf.pdf","6CC90A37607D__6CC90A37607D__Halal-certificate-SIL-2025-26 juhf.pdf",".pdf","809063","0.7716","2026-07-23T17:24:19","2026-07-23T13:28:58","PDF"
"RUNTIME","D:\halal_web_runtime","D:\halal_web_runtime\certificate_classifier\data\dataset_v1_20260723_172412\raw\JUHF\8F8D29FC357F__8F8D29FC357F__117. DEFATTED SOYA FLAKES(SIMRAN)(JUHF_2026-11-12]올.pdf","certificate_classifier\data\dataset_v1_20260723_172412\raw\JUHF\8F8D29FC357F__8F8D29FC357F__117. DEFATTED SOYA FLAKES(SIMRAN)(JUHF_2026-11-12]올.pdf","8F8D29FC357F__8F8D29FC357F__117. DEFATTED SOYA FLAKES(SIMRAN)(JUHF_2026-11-12]올.pdf",".pdf","519719","0.4956","2026-07-23T17:24:19","2026-05-21T13:49:58","PDF"
"RUNTIME","D:\halal_web_runtime","D:\halal_web_runtime\certificate_classifier\data\dataset_v1_20260723_172412\raw\JUHF\95B363D76A62__95B363D76A62__Halal-Cert-Grofresh-Agro-1148-14_03_2026 juhf.pdf","certificate_classifier\data\dataset_v1_20260723_172412\raw\JUHF\95B363D76A62__95B363D76A62__Halal-Cert-Grofresh-Agro-1148-14_03_2026 juhf.pdf","95B363D76A62__95B363D76A62__Halal-Cert-Grofresh-Agro-1148-14_03_2026 juhf.pdf",".pdf","1734700","1.6543","2026-07-23T17:24:19","2026-07-23T13:28:14","PDF"
"RUNTIME","D:\halal_web_runtime","D:\halal_web_runtime\certificate_classifier\data\dataset_v1_20260723_172412\raw\JUHF\96D638DC6E1F__96D638DC6E1F__116. DEFATTED SOYA FLAKES(Maharash)[JUHF_2026-12-12]타.pdf","certificate_classifier\data\dataset_v1_20260723_172412\raw\JUHF\96D638DC6E1F__96D638DC6E1F__116. DEFATTED SOYA FLAKES(Maharash)[JUHF_2026-12-12]타.pdf","96D638DC6E1F__96D638DC6E1F__116. DEFATTED SOYA FLAKES(Maharash)[JUHF_2026-12-12]타.pdf",".pdf","11387424","10.8599","2026-07-23T17:24:19","2025-09-08T16:53:26","PDF"
"RUNTIME","D:\halal_web_runtime","D:\halal_web_runtime\certificate_classifier\data\dataset_v1_20260723_172412\raw\JUHF\A8D07E658DA9__A8D07E658DA9__1744900710 juhf.pdf","certificate_classifier\data\dataset_v1_20260723_172412\raw\JUHF\A8D07E658DA9__A8D07E658DA9__1744900710 juhf.pdf","A8D07E658DA9__A8D07E658DA9__1744900710 juhf.pdf",".pdf","438098","0.4178","2026-07-23T17:24:19","2026-07-23T13:27:40","PDF"
"RUNTIME","D:\halal_web_runtime","D:\halal_web_runtime\certificate_classifier\data\dataset_v1_20260723_172412\raw\JUHF\A902976DD881__A902976DD881__juhf-halal-certificate.pdf","certificate_classifier\data\dataset_v1_20260723_172412\raw\JUHF\A902976DD881__A902976DD881__juhf-halal-certificate.pdf","A902976DD881__A902976DD881__juhf-halal-certificate.pdf",".pdf","408786","0.3898","2026-07-23T17:24:19","2026-07-23T13:26:26","PDF"
"RUNTIME","D:\halal_web_runtime","D:\halal_web_runtime\certificate_classifier\data\dataset_v1_20260723_172412\raw\JUHF\BFED17003339__BFED17003339__114. Defatted Soya Flakes Toasted(DEESAN)[JUHF_2027-09-30]타.pdf","certificate_classifier\data\dataset_v1_20260723_172412\raw\JUHF\BFED17003339__BFED17003339__114. Defatted Soya Flakes Toasted(DEESAN)[JUHF_2027-09-30]타.pdf","BFED17003339__BFED17003339__114. Defatted Soya Flakes Toasted(DEESAN)[JUHF_2027-09-30]타.pdf",".pdf","514737","0.4909","2026-07-23T17:24:19","2025-09-08T15:04:43","PDF"
"RUNTIME","D:\halal_web_runtime","D:\halal_web_runtime\certificate_classifier\data\dataset_v1_20260723_172412\raw\JUHF\C28DD2E5CFFC__C28DD2E5CFFC__Halal-certificate juhf.pdf","certificate_classifier\data\dataset_v1_20260723_172412\raw\JUHF\C28DD2E5CFFC__C28DD2E5CFFC__Halal-certificate juhf.pdf","C28DD2E5CFFC__C28DD2E5CFFC__Halal-certificate juhf.pdf",".pdf","620017","0.5913","2026-07-23T17:24:19","2026-07-23T13:28:39","PDF"
"RUNTIME","D:\halal_web_runtime","D:\halal_web_runtime\certificate_classifier\data\dataset_v1_20260723_172412\raw\JUHF\D82965AB160D__D82965AB160D__Halal-SFJUHF-2028.pdf","certificate_classifier\data\dataset_v1_20260723_172412\raw\JUHF\D82965AB160D__D82965AB160D__Halal-SFJUHF-2028.pdf","D82965AB160D__D82965AB160D__Halal-SFJUHF-2028.pdf",".pdf","435155","0.415","2026-07-23T17:24:19","2026-07-23T13:25:56","PDF"
"RUNTIME","D:\halal_web_runtime","D:\halal_web_runtime\certificate_classifier\data\dataset_v1_20260723_172412\raw\JUHF\F6691EAC53F7__F6691EAC53F7__Harmony-Organics-1317 juhf.pdf","certificate_classifier\data\dataset_v1_20260723_172412\raw\JUHF\F6691EAC53F7__F6691EAC53F7__Harmony-Organics-1317 juhf.pdf","F6691EAC53F7__F6691EAC53F7__Harmony-Organics-1317 juhf.pdf",".pdf","1203735","1.148","2026-07-23T17:24:19","2026-07-23T13:27:22","PDF"
"RUNTIME","D:\halal_web_runtime","D:\halal_web_runtime\certificate_classifier\data\dataset_v1_20260723_172412\raw\JUHF\F98912C51A07__F98912C51A07__halal juhf 2.pdf","certificate_classifier\data\dataset_v1_20260723_172412\raw\JUHF\F98912C51A07__F98912C51A07__halal juhf 2.pdf","F98912C51A07__F98912C51A07__halal juhf 2.pdf",".pdf","475963","0.4539","2026-07-23T17:24:19","2026-07-23T13:27:58","PDF"
"RUNTIME","D:\halal_web_runtime","D:\halal_web_runtime\certificate_classifier\data\dataset_v1_20260723_172412\raw\KMF\00876D136F6E__00876D136F6E__ST-U001.Halal-Certificate.2021 KMF.pdf","certificate_classifier\data\dataset_v1_20260723_172412\raw\KMF\00876D136F6E__00876D136F6E__ST-U001.Halal-Certificate.2021 KMF.pdf","00876D136F6E__00876D136F6E__ST-U001.Halal-Certificate.2021 KMF.pdf",".pdf","725340","0.6917","2026-07-23T17:24:19","2026-07-23T14:11:24","PDF"
"RUNTIME","D:\halal_web_runtime","D:\halal_web_runtime\certificate_classifier\data\dataset_v1_20260723_172412\raw\KMF\15C605932EC6__15C605932EC6__halal-certification  KMF.pdf","certificate_classifier\data\dataset_v1_20260723_172412\raw\KMF\15C605932EC6__15C605932EC6__halal-certification  KMF.pdf","15C605932EC6__15C605932EC6__halal-certification  KMF.pdf",".pdf","733925","0.6999","2026-07-23T17:24:19","2026-07-23T14:13:44","PDF"
"RUNTIME","D:\halal_web_runtime","D:\halal_web_runtime\certificate_classifier\data\dataset_v1_20260723_172412\raw\KMF\3701C4AC3109__3701C4AC3109__08-HALAL-20210129 KMF.pdf","certificate_classifier\data\dataset_v1_20260723_172412\raw\KMF\3701C4AC3109__3701C4AC3109__08-HALAL-20210129 KMF.pdf","3701C4AC3109__3701C4AC3109__08-HALAL-20210129 KMF.pdf",".pdf","712934","0.6799","2026-07-23T17:24:19","2026-07-23T14:12:35","PDF"
"RUNTIME","D:\halal_web_runtime","D:\halal_web_runtime\certificate_classifier\data\dataset_v1_20260723_172412\raw\KMF\3E880E6A4814__3E880E6A4814__2024 LVE HALAL Certificate_EN KMF.pdf","certificate_classifier\data\dataset_v1_20260723_172412\raw\KMF\3E880E6A4814__3E880E6A4814__2024 LVE HALAL Certificate_EN KMF.pdf","3E880E6A4814__3E880E6A4814__2024 LVE HALAL Certificate_EN KMF.pdf",".pdf","79770","0.0761","2026-07-23T17:24:19","2026-07-23T14:11:58","PDF"
"RUNTIME","D:\halal_web_runtime","D:\halal_web_runtime\certificate_classifier\data\dataset_v1_20260723_172412\raw\KMF\6A5748541056__6A5748541056__98_3_3. Refined White Sugar(Samyang)[KMF_2025-12-24]비.pdf","certificate_classifier\data\dataset_v1_20260723_172412\raw\KMF\6A5748541056__6A5748541056__98_3_3. Refined White Sugar(Samyang)[KMF_2025-12-24]비.pdf","6A5748541056__6A5748541056__98_3_3. Refined White Sugar(Samyang)[KMF_2025-12-24]비.pdf",".pdf","539735","0.5147","2026-07-23T17:24:19","2025-09-10T06:18:36","PDF"
"RUNTIME","D:\halal_web_runtime","D:\halal_web_runtime\certificate_classifier\data\dataset_v1_20260723_172412\raw\KMF\8B21DB7D6264__8B21DB7D6264__101. Salt(HANJUSAL)[KMF_2025-07-31]경.pdf","certificate_classifier\data\dataset_v1_20260723_172412\raw\KMF\8B21DB7D6264__8B21DB7D6264__101. Salt(HANJUSAL)[KMF_2025-07-31]경.pdf","8B21DB7D6264__8B21DB7D6264__101. Salt(HANJUSAL)[KMF_2025-07-31]경.pdf",".pdf","74313","0.0709","2026-07-23T17:24:19","2025-06-09T11:16:00","PDF"
"RUNTIME","D:\halal_web_runtime","D:\halal_web_runtime\certificate_classifier\data\dataset_v1_20260723_172412\raw\KMF\8F768B4E8EB9__8F768B4E8EB9__173_5. Refined White suger(Samyang)[KMF_2025-12-24]내.pdf","certificate_classifier\data\dataset_v1_20260723_172412\raw\KMF\8F768B4E8EB9__8F768B4E8EB9__173_5. Refined White suger(Samyang)[KMF_2025-12-24]내.pdf","8F768B4E8EB9__8F768B4E8EB9__173_5. Refined White suger(Samyang)[KMF_2025-12-24]내.pdf",".pdf","539735","0.5147","2026-07-23T17:24:19","2025-09-10T06:09:02","PDF"
"RUNTIME","D:\halal_web_runtime","D:\halal_web_runtime\certificate_classifier\data\dataset_v1_20260723_172412\raw\KMF\9BFBCB1E6699__9BFBCB1E6699__HALAL_certificate KMF.pdf","certificate_classifier\data\dataset_v1_20260723_172412\raw\KMF\9BFBCB1E6699__9BFBCB1E6699__HALAL_certificate KMF.pdf","9BFBCB1E6699__9BFBCB1E6699__HALAL_certificate KMF.pdf",".pdf","90224","0.086","2026-07-23T17:24:19","2026-07-23T14:11:38","PDF"
"RUNTIME","D:\halal_web_runtime","D:\halal_web_runtime\certificate_classifier\data\dataset_v1_20260723_172412\raw\KMF\B24F14D09A1E__B24F14D09A1E__161. Salt(Bonsogeim Plus)(HANJUSAL)[KMF_2028-07-31]경.pdf","certificate_classifier\data\dataset_v1_20260723_172412\raw\KMF\B24F14D09A1E__B24F14D09A1E__161. Salt(Bonsogeim Plus)(HANJUSAL)[KMF_2028-07-31]경.pdf","B24F14D09A1E__B24F14D09A1E__161. Salt(Bonsogeim Plus)(HANJUSAL)[KMF_2028-07-31]경.pdf",".pdf","76234","0.0727","2026-07-23T17:24:19","2025-09-08T11:39:16","PDF"
"RUNTIME","D:\halal_web_runtime","D:\halal_web_runtime\certificate_classifier\data\dataset_v1_20260723_172412\raw\KMF\B7C306383A74__B7C306383A74__할랄 KMF.pdf","certificate_classifier\data\dataset_v1_20260723_172412\raw\KMF\B7C306383A74__B7C306383A74__할랄 KMF.pdf","B7C306383A74__B7C306383A74__할랄 KMF.pdf",".pdf","81642","0.0779","2026-07-23T17:24:19","2026-07-23T14:13:29","PDF"
"RUNTIME","D:\halal_web_runtime","D:\halal_web_runtime\certificate_classifier\data\dataset_v1_20260723_172412\raw\KMF\BD0A920546F6__BD0A920546F6__6.+KMF+할랄+인증서.pdf","certificate_classifier\data\dataset_v1_20260723_172412\raw\KMF\BD0A920546F6__BD0A920546F6__6.+KMF+할랄+인증서.pdf","BD0A920546F6__BD0A920546F6__6.+KMF+할랄+인증서.pdf",".pdf","75379","0.0719","2026-07-23T17:24:19","2026-07-23T14:11:44","PDF"
"RUNTIME","D:\halal_web_runtime","D:\halal_web_runtime\certificate_classifier\data\dataset_v1_20260723_172412\raw\KMF\C32B076D9BC5__C32B076D9BC5__KMFHC25-168 도레이첨단 인증서.pdf","certificate_classifier\data\dataset_v1_20260723_172412\raw\KMF\C32B076D9BC5__C32B076D9BC5__KMFHC25-168 도레이첨단 인증서.pdf","C32B076D9BC5__C32B076D9BC5__KMFHC25-168 도레이첨단 인증서.pdf",".pdf","74963","0.0715","2026-07-23T17:24:19","2026-07-23T14:13:11","PDF"
"RUNTIME","D:\halal_web_runtime","D:\halal_web_runtime\certificate_classifier\data\dataset_v1_20260723_172412\raw\MUI\02FBAC3ABF04__02FBAC3ABF04__87. Squid Base(ROGWON)[MUI_2027-12-27]녹.pdf","certificate_classifier\data\dataset_v1_20260723_172412\raw\MUI\02FBAC3ABF04__02FBAC3ABF04__87. Squid Base(ROGWON)[MUI_2027-12-27]녹.pdf","02FBAC3ABF04__02FBAC3ABF04__87. Squid Base(ROGWON)[MUI_2027-12-27]녹.pdf",".pdf","146760","0.14","2026-07-23T17:24:19","2024-01-18T07:08:17","PDF"
"RUNTIME","D:\halal_web_runtime","D:\halal_web_runtime\certificate_classifier\data\dataset_v1_20260723_172412\raw\MUI\11806B425187__11806B425187__92. Worcester sauce(Naturals)[MUI_2026-01-25]내.pdf","certificate_classifier\data\dataset_v1_20260723_172412\raw\MUI\11806B425187__11806B425187__92. Worcester sauce(Naturals)[MUI_2026-01-25]내.pdf","11806B425187__11806B425187__92. Worcester sauce(Naturals)[MUI_2026-01-25]내.pdf",".pdf","124992","0.1192","2026-07-23T17:24:19","2022-02-03T16:45:49","PDF"
"RUNTIME","D:\halal_web_runtime","D:\halal_web_runtime\certificate_classifier\data\dataset_v1_20260723_172412\raw\MUI\1185768FED32__1185768FED32__23. Glycine(HEBEI)[MUI_2026-01-22]휴.pdf","certificate_classifier\data\dataset_v1_20260723_172412\raw\MUI\1185768FED32__1185768FED32__23. Glycine(HEBEI)[MUI_2026-01-22]휴.pdf","1185768FED32__1185768FED32__23. Glycine(HEBEI)[MUI_2026-01-22]휴.pdf",".pdf","1310757","1.25","2026-07-23T17:24:19","2022-04-06T10:32:17","PDF"
"RUNTIME","D:\halal_web_runtime","D:\halal_web_runtime\certificate_classifier\data\dataset_v1_20260723_172412\raw\MUI\1651C731667A__1651C731667A__94. Yeast Extract YB(ICFOOD)[MUI_2028-04-23]아.pdf","certificate_classifier\data\dataset_v1_20260723_172412\raw\MUI\1651C731667A__1651C731667A__94. Yeast Extract YB(ICFOOD)[MUI_2028-04-23]아.pdf","1651C731667A__1651C731667A__94. Yeast Extract YB(ICFOOD)[MUI_2028-04-23]아.pdf",".pdf","2070502","1.9746","2026-07-23T17:24:19","2025-06-10T16:14:55","PDF"
"RUNTIME","D:\halal_web_runtime","D:\halal_web_runtime\certificate_classifier\data\dataset_v1_20260723_172412\raw\MUI\168F51A0ADF5__168F51A0ADF5__108_3. OPTIMAX4060F(Genencor)[MUI_2026-11-20]씨.pdf","certificate_classifier\data\dataset_v1_20260723_172412\raw\MUI\168F51A0ADF5__168F51A0ADF5__108_3. OPTIMAX4060F(Genencor)[MUI_2026-11-20]씨.pdf","168F51A0ADF5__168F51A0ADF5__108_3. OPTIMAX4060F(Genencor)[MUI_2026-11-20]씨.pdf",".pdf","374317","0.357","2026-07-23T17:24:19","2023-02-09T14:56:00","PDF"
"RUNTIME","D:\halal_web_runtime","D:\halal_web_runtime\certificate_classifier\data\dataset_v1_20260723_172412\raw\MUI\1FE56CFF1F89__1FE56CFF1F89__91. 590991 CB Compound Umami Flavor(PT)[MUI_2026-06-21]F.pdf","certificate_classifier\data\dataset_v1_20260723_172412\raw\MUI\1FE56CFF1F89__1FE56CFF1F89__91. 590991 CB Compound Umami Flavor(PT)[MUI_2026-06-21]F.pdf","1FE56CFF1F89__1FE56CFF1F89__91. 590991 CB Compound Umami Flavor(PT)[MUI_2026-06-21]F.pdf",".pdf","1099418","1.0485","2026-07-23T17:24:19","2023-01-03T12:35:00","PDF"
"RUNTIME","D:\halal_web_runtime","D:\halal_web_runtime\certificate_classifier\data\dataset_v1_20260723_172412\raw\MUI\2026D50F8E63__2026D50F8E63__46_3. Ascorbic Acid(Shandong)[MUI_2026-11-29]신.pdf","certificate_classifier\data\dataset_v1_20260723_172412\raw\MUI\2026D50F8E63__2026D50F8E63__46_3. Ascorbic Acid(Shandong)[MUI_2026-11-29]신.pdf","2026D50F8E63__2026D50F8E63__46_3. Ascorbic Acid(Shandong)[MUI_2026-11-29]신.pdf",".pdf","1203432","1.1477","2026-07-23T17:24:19","2023-01-27T11:49:00","PDF"
"RUNTIME","D:\halal_web_runtime","D:\halal_web_runtime\certificate_classifier\data\dataset_v1_20260723_172412\raw\MUI\285018A4FEAD__285018A4FEAD__4. Natural Vitamin E Mixed Tocopherols(Liquid)(JIANGSU)[MUI_2026-10-11]우.pdf","certificate_classifier\data\dataset_v1_20260723_172412\raw\MUI\285018A4FEAD__285018A4FEAD__4. Natural Vitamin E Mixed Tocopherols(Liquid)(JIANGSU)[MUI_2026-10-11]우.pdf","285018A4FEAD__285018A4FEAD__4. Natural Vitamin E Mixed Tocopherols(Liquid)(JIANGSU)[MUI_2026-10-11]우.pdf",".pdf","1148339","1.0951","2026-07-23T17:24:19","2025-07-14T15:51:07","PDF"
"RUNTIME","D:\halal_web_runtime","D:\halal_web_runtime\certificate_classifier\data\dataset_v1_20260723_172412\raw\MUI\2B490BA0D949__2B490BA0D949__120. Taste Enhancer Powder NE(SODA)[MUI_2026-11-08]코.pdf","certificate_classifier\data\dataset_v1_20260723_172412\raw\MUI\2B490BA0D949__2B490BA0D949__120. Taste Enhancer Powder NE(SODA)[MUI_2026-11-08]코.pdf","2B490BA0D949__2B490BA0D949__120. Taste Enhancer Powder NE(SODA)[MUI_2026-11-08]코.pdf",".pdf","123634","0.1179","2026-07-23T17:24:19","2023-02-16T07:43:00","PDF"
"RUNTIME","D:\halal_web_runtime","D:\halal_web_runtime\certificate_classifier\data\dataset_v1_20260723_172412\raw\MUI\2B84867EA557__2B84867EA557__98_3_2. L-Glutamic Acid(HEBEIHUA)[MUI_2026-02-22]비.pdf","certificate_classifier\data\dataset_v1_20260723_172412\raw\MUI\2B84867EA557__2B84867EA557__98_3_2. L-Glutamic Acid(HEBEIHUA)[MUI_2026-02-22]비.pdf","2B84867EA557__2B84867EA557__98_3_2. L-Glutamic Acid(HEBEIHUA)[MUI_2026-02-22]비.pdf",".pdf","1315552","1.2546","2026-07-23T17:24:19","2022-05-16T17:39:36","PDF"
"RUNTIME","D:\halal_web_runtime","D:\halal_web_runtime\certificate_classifier\data\dataset_v1_20260723_172412\raw\MUI\38EC97A0D9AA__38EC97A0D9AA__156. Monosodium glutamate-MSG(COFCO)[MUI_2027-03-07]보.pdf","certificate_classifier\data\dataset_v1_20260723_172412\raw\MUI\38EC97A0D9AA__38EC97A0D9AA__156. Monosodium glutamate-MSG(COFCO)[MUI_2027-03-07]보.pdf","38EC97A0D9AA__38EC97A0D9AA__156. Monosodium glutamate-MSG(COFCO)[MUI_2027-03-07]보.pdf",".pdf","1122104","1.0701","2026-07-23T17:24:19","2024-02-21T07:59:58","PDF"
"RUNTIME","D:\halal_web_runtime","D:\halal_web_runtime\certificate_classifier\data\dataset_v1_20260723_172412\raw\MUI\39F552E60486__39F552E60486__42. Maltodextrin(INGREDIO)[MUI_2025-12-07]인.pdf","certificate_classifier\data\dataset_v1_20260723_172412\raw\MUI\39F552E60486__39F552E60486__42. Maltodextrin(INGREDIO)[MUI_2025-12-07]인.pdf","39F552E60486__39F552E60486__42. Maltodextrin(INGREDIO)[MUI_2025-12-07]인.pdf",".pdf","381213","0.3636","2026-07-23T17:24:19","2022-02-24T10:23:31","PDF"
"RUNTIME","D:\halal_web_runtime","D:\halal_web_runtime\certificate_classifier\data\dataset_v1_20260723_172412\raw\MUI\4A02A904B1EC__4A02A904B1EC__106. Paprika Oleoresin(Chenguan)[MUI_2027-03-28]농.pdf","certificate_classifier\data\dataset_v1_20260723_172412\raw\MUI\4A02A904B1EC__4A02A904B1EC__106. Paprika Oleoresin(Chenguan)[MUI_2027-03-28]농.pdf","4A02A904B1EC__4A02A904B1EC__106. Paprika Oleoresin(Chenguan)[MUI_2027-03-28]농.pdf",".pdf","279406","0.2665","2026-07-23T17:24:19","2023-09-22T07:26:10","PDF"
"RUNTIME","D:\halal_web_runtime","D:\halal_web_runtime\certificate_classifier\data\dataset_v1_20260723_172412\raw\MUI\4A34EB676603__4A34EB676603__98_3_1. CJ TIDE I+G(Cheil)[MUI_2025-11-23]비.pdf","certificate_classifier\data\dataset_v1_20260723_172412\raw\MUI\4A34EB676603__4A34EB676603__98_3_1. CJ TIDE I+G(Cheil)[MUI_2025-11-23]비.pdf","4A34EB676603__4A34EB676603__98_3_1. CJ TIDE I+G(Cheil)[MUI_2025-11-23]비.pdf",".pdf","1224552","1.1678","2026-07-23T17:24:19","2021-01-08T15:22:45","PDF"
"RUNTIME","D:\halal_web_runtime","D:\halal_web_runtime\certificate_classifier\data\dataset_v1_20260723_172412\raw\MUI\51B9005BA48F__51B9005BA48F__132. YEAST EXTRACT LA600(ANGEL)[MUI_2027-05-16]J.pdf","certificate_classifier\data\dataset_v1_20260723_172412\raw\MUI\51B9005BA48F__51B9005BA48F__132. YEAST EXTRACT LA600(ANGEL)[MUI_2027-05-16]J.pdf","51B9005BA48F__51B9005BA48F__132. YEAST EXTRACT LA600(ANGEL)[MUI_2027-05-16]J.pdf",".pdf","658825","0.6283","2026-07-23T17:24:19","2023-07-03T07:09:24","PDF"
"RUNTIME","D:\halal_web_runtime","D:\halal_web_runtime\certificate_classifier\data\dataset_v1_20260723_172412\raw\MUI\536F646AEAA1__536F646AEAA1__129_6. 5015573 Mixed Tocopherols 70IP(DSM)[MUI_2026-05-17]G.pdf","certificate_classifier\data\dataset_v1_20260723_172412\raw\MUI\536F646AEAA1__536F646AEAA1__129_6. 5015573 Mixed Tocopherols 70IP(DSM)[MUI_2026-05-17]G.pdf","536F646AEAA1__536F646AEAA1__129_6. 5015573 Mixed Tocopherols 70IP(DSM)[MUI_2026-05-17]G.pdf",".pdf","1455692","1.3883","2026-07-23T17:24:19","2023-08-14T09:20:33","PDF"
"RUNTIME","D:\halal_web_runtime","D:\halal_web_runtime\certificate_classifier\data\dataset_v1_20260723_172412\raw\MUI\57225DDB8924__57225DDB8924__71. Vegetable flavor powder-NSMF(Nongshim)[MUI_2028-01-30]농.pdf","certificate_classifier\data\dataset_v1_20260723_172412\raw\MUI\57225DDB8924__57225DDB8924__71. Vegetable flavor powder-NSMF(Nongshim)[MUI_2028-01-30]농.pdf","57225DDB8924__57225DDB8924__71. Vegetable flavor powder-NSMF(Nongshim)[MUI_2028-01-30]농.pdf",".pdf","300879","0.2869","2026-07-23T17:24:19","2024-02-19T16:01:02","PDF"
"RUNTIME","D:\halal_web_runtime","D:\halal_web_runtime\certificate_classifier\data\dataset_v1_20260723_172412\raw\MUI\57756078C915__57756078C915__126. Seafood Seasoning Paste-S(Naturals)[MUI_2025-10-20]내.pdf","certificate_classifier\data\dataset_v1_20260723_172412\raw\MUI\57756078C915__57756078C915__126. Seafood Seasoning Paste-S(Naturals)[MUI_2025-10-20]내.pdf","57756078C915__57756078C915__126. Seafood Seasoning Paste-S(Naturals)[MUI_2025-10-20]내.pdf",".pdf","346574","0.3305","2026-07-23T17:24:19","2021-12-21T16:20:26","PDF"
"RUNTIME","D:\halal_web_runtime","D:\halal_web_runtime\certificate_classifier\data\dataset_v1_20260723_172412\raw\MUI\589C3C666B86__589C3C666B86__170_3. DEXTROSE ANHYDROUS(XIWANG)[MUI_2026-10-25]주.pdf","certificate_classifier\data\dataset_v1_20260723_172412\raw\MUI\589C3C666B86__589C3C666B86__170_3. DEXTROSE ANHYDROUS(XIWANG)[MUI_2026-10-25]주.pdf","589C3C666B86__589C3C666B86__170_3. DEXTROSE ANHYDROUS(XIWANG)[MUI_2026-10-25]주.pdf",".pdf","1135079","1.0825","2026-07-23T17:24:19","2025-07-17T09:34:11","PDF"
"RUNTIME","D:\halal_web_runtime","D:\halal_web_runtime\certificate_classifier\data\dataset_v1_20260723_172412\raw\MUI\5E3B7FA6CD6D__5E3B7FA6CD6D__96-3-1.CJ TIDE I+G,Cheil Jedang Indonesia社-MUI(2020-10-16).pdf","certificate_classifier\data\dataset_v1_20260723_172412\raw\MUI\5E3B7FA6CD6D__5E3B7FA6CD6D__96-3-1.CJ TIDE I+G,Cheil Jedang Indonesia社-MUI(2020-10-16).pdf","5E3B7FA6CD6D__5E3B7FA6CD6D__96-3-1.CJ TIDE I+G,Cheil Jedang Indonesia社-MUI(2020-10-16).pdf",".pdf","1275291","1.2162","2026-07-23T17:24:19","2019-01-24T17:13:52","PDF"
"RUNTIME","D:\halal_web_runtime","D:\halal_web_runtime\certificate_classifier\data\dataset_v1_20260723_172412\raw\MUI\5F67A9ED8C8C__5F67A9ED8C8C__96. YEAST EXTRACT LA05(ANGEL)[MUI_2026-11-29]아.pdf","certificate_classifier\data\dataset_v1_20260723_172412\raw\MUI\5F67A9ED8C8C__5F67A9ED8C8C__96. YEAST EXTRACT LA05(ANGEL)[MUI_2026-11-29]아.pdf","5F67A9ED8C8C__5F67A9ED8C8C__96. YEAST EXTRACT LA05(ANGEL)[MUI_2026-11-29]아.pdf",".pdf","420467","0.401","2026-07-23T17:24:19","2023-06-30T09:50:17","PDF"
"RUNTIME","D:\halal_web_runtime","D:\halal_web_runtime\certificate_classifier\data\dataset_v1_20260723_172412\raw\MUI\6C0BF8E37774__6C0BF8E37774__173_2. Resistant dextrin(SHANDONG)[MUI_2027-02-28]내.pdf","certificate_classifier\data\dataset_v1_20260723_172412\raw\MUI\6C0BF8E37774__6C0BF8E37774__173_2. Resistant dextrin(SHANDONG)[MUI_2027-02-28]내.pdf","6C0BF8E37774__6C0BF8E37774__173_2. Resistant dextrin(SHANDONG)[MUI_2027-02-28]내.pdf",".pdf","135130","0.1289","2026-07-23T17:24:19","2025-07-16T16:47:13","PDF"
"RUNTIME","D:\halal_web_runtime","D:\halal_web_runtime\certificate_classifier\data\dataset_v1_20260723_172412\raw\MUI\727D409F44FC__727D409F44FC__25. Kimchi flavor oil(S)(Naturals)[MUI_2025-10-20]내.pdf","certificate_classifier\data\dataset_v1_20260723_172412\raw\MUI\727D409F44FC__727D409F44FC__25. Kimchi flavor oil(S)(Naturals)[MUI_2025-10-20]내.pdf","727D409F44FC__727D409F44FC__25. Kimchi flavor oil(S)(Naturals)[MUI_2025-10-20]내.pdf",".pdf","137056","0.1307","2026-07-23T17:24:19","2021-12-22T10:49:53","PDF"
"RUNTIME","D:\halal_web_runtime","D:\halal_web_runtime\certificate_classifier\data\dataset_v1_20260723_172412\raw\MUI\74540E79F279__74540E79F279__42. Maltodextrin(SAJO)[MUI_2025-12-07]사.pdf","certificate_classifier\data\dataset_v1_20260723_172412\raw\MUI\74540E79F279__74540E79F279__42. Maltodextrin(SAJO)[MUI_2025-12-07]사.pdf","74540E79F279__74540E79F279__42. Maltodextrin(SAJO)[MUI_2025-12-07]사.pdf",".pdf","129865","0.1238","2026-07-23T17:24:19","2025-08-28T10:23:42","PDF"
"RUNTIME","D:\halal_web_runtime","D:\halal_web_runtime\certificate_classifier\data\dataset_v1_20260723_172412\raw\MUI\78A2F36B770E__78A2F36B770E__160. Chicken Flavor Extract MF(NONGSHIM)[MUI_2028-01-02]농.pdf","certificate_classifier\data\dataset_v1_20260723_172412\raw\MUI\78A2F36B770E__78A2F36B770E__160. Chicken Flavor Extract MF(NONGSHIM)[MUI_2028-01-02]농.pdf","78A2F36B770E__78A2F36B770E__160. Chicken Flavor Extract MF(NONGSHIM)[MUI_2028-01-02]농.pdf",".pdf","133242","0.1271","2026-07-23T17:24:19","2024-03-11T10:42:46","PDF"
"RUNTIME","D:\halal_web_runtime","D:\halal_web_runtime\certificate_classifier\data\dataset_v1_20260723_172412\raw\MUI\7D458CA5574E__7D458CA5574E__46_4. PURAC HS(Purac(Th)[MUI_2026-01-18]신.pdf","certificate_classifier\data\dataset_v1_20260723_172412\raw\MUI\7D458CA5574E__7D458CA5574E__46_4. PURAC HS(Purac(Th)[MUI_2026-01-18]신.pdf","7D458CA5574E__7D458CA5574E__46_4. PURAC HS(Purac(Th)[MUI_2026-01-18]신.pdf",".pdf","1711211","1.6319","2026-07-23T17:24:19","2022-03-08T08:09:00","PDF"
"RUNTIME","D:\halal_web_runtime","D:\halal_web_runtime\certificate_classifier\data\dataset_v1_20260723_172412\raw\MUI\7D792259D00C__7D792259D00C__126. Seafood Seasoning Paste-S(Naturals)[MUI_2028-08-13]내.pdf","certificate_classifier\data\dataset_v1_20260723_172412\raw\MUI\7D792259D00C__7D792259D00C__126. Seafood Seasoning Paste-S(Naturals)[MUI_2028-08-13]내.pdf","7D792259D00C__7D792259D00C__126. Seafood Seasoning Paste-S(Naturals)[MUI_2028-08-13]내.pdf",".pdf","145845","0.1391","2026-07-23T17:24:19","2025-09-11T16:15:55","PDF"
"RUNTIME","D:\halal_web_runtime","D:\halal_web_runtime\certificate_classifier\data\dataset_v1_20260723_172412\raw\MUI\7E454131B505__7E454131B505__11_1. Propylene Glygol USP.EP(The)[MUI_2026-02-02]신.pdf","certificate_classifier\data\dataset_v1_20260723_172412\raw\MUI\7E454131B505__7E454131B505__11_1. Propylene Glygol USP.EP(The)[MUI_2026-02-02]신.pdf","7E454131B505__7E454131B505__11_1. Propylene Glygol USP.EP(The)[MUI_2026-02-02]신.pdf",".pdf","927269","0.8843","2026-07-23T17:24:19","2025-06-09T17:34:03","PDF"
"RUNTIME","D:\halal_web_runtime","D:\halal_web_runtime\certificate_classifier\data\dataset_v1_20260723_172412\raw\MUI\832F908B8BB5__832F908B8BB5__37_1. INDIGESTIBLE  MALTODEXTRINE(SAMYANG)[MUI_2026-06-21]락.pdf","certificate_classifier\data\dataset_v1_20260723_172412\raw\MUI\832F908B8BB5__832F908B8BB5__37_1. INDIGESTIBLE  MALTODEXTRINE(SAMYANG)[MUI_2026-06-21]락.pdf","832F908B8BB5__832F908B8BB5__37_1. INDIGESTIBLE  MALTODEXTRINE(SAMYANG)[MUI_2026-06-21]락.pdf",".pdf","1278178","1.219","2026-07-23T17:24:19","2022-09-05T14:44:44","PDF"
"RUNTIME","D:\halal_web_runtime","D:\halal_web_runtime\certificate_classifier\data\dataset_v1_20260723_172412\raw\MUI\83C4060284C4__83C4060284C4__43. Anchovy Extract NF(Naturals)[MUI_2028-08-13]내.pdf","certificate_classifier\data\dataset_v1_20260723_172412\raw\MUI\83C4060284C4__83C4060284C4__43. Anchovy Extract NF(Naturals)[MUI_2028-08-13]내.pdf","83C4060284C4__83C4060284C4__43. Anchovy Extract NF(Naturals)[MUI_2028-08-13]내.pdf",".pdf","146237","0.1395","2026-07-23T17:24:19","2025-09-11T16:17:34","PDF"
"RUNTIME","D:\halal_web_runtime","D:\halal_web_runtime\certificate_classifier\data\dataset_v1_20260723_172412\raw\MUI\8A753243873B__8A753243873B__167_2. Yeast extract Fa02(ANGEL)[MUI_2027-01-01]한.pdf","certificate_classifier\data\dataset_v1_20260723_172412\raw\MUI\8A753243873B__8A753243873B__167_2. Yeast extract Fa02(ANGEL)[MUI_2027-01-01]한.pdf","8A753243873B__8A753243873B__167_2. Yeast extract Fa02(ANGEL)[MUI_2027-01-01]한.pdf",".pdf","288261","0.2749","2026-07-23T17:24:19","2024-06-17T10:59:10","PDF"
"RUNTIME","D:\halal_web_runtime","D:\halal_web_runtime\certificate_classifier\data\dataset_v1_20260723_172412\raw\MUI\8BDB8C6D2BD2__8BDB8C6D2BD2__49. Dried Sea Mustard concentration liquid(Hwachang)[MUI_2027-07-11]화.pdf","certificate_classifier\data\dataset_v1_20260723_172412\raw\MUI\8BDB8C6D2BD2__8BDB8C6D2BD2__49. Dried Sea Mustard concentration liquid(Hwachang)[MUI_2027-07-11]화.pdf","8BDB8C6D2BD2__8BDB8C6D2BD2__49. Dried Sea Mustard concentration liquid(Hwachang)[MUI_2027-07-11]화.pdf",".pdf","1263951","1.2054","2026-07-23T17:24:19","2023-08-04T17:55:33","PDF"
"RUNTIME","D:\halal_web_runtime","D:\halal_web_runtime\certificate_classifier\data\dataset_v1_20260723_172412\raw\MUI\8C5E6EC43C04__8C5E6EC43C04__129_1. Maltodextrin(INGREDIO)[MUI_2025-12-07]G.pdf","certificate_classifier\data\dataset_v1_20260723_172412\raw\MUI\8C5E6EC43C04__8C5E6EC43C04__129_1. Maltodextrin(INGREDIO)[MUI_2025-12-07]G.pdf","8C5E6EC43C04__8C5E6EC43C04__129_1. Maltodextrin(INGREDIO)[MUI_2025-12-07]G.pdf",".pdf","382435","0.3647","2026-07-23T17:24:19","2022-02-24T11:12:30","PDF"
"RUNTIME","D:\halal_web_runtime","D:\halal_web_runtime\certificate_classifier\data\dataset_v1_20260723_172412\raw\MUI\92FEC7018F4E__92FEC7018F4E__111. Taurine(Qianjian)[MUI_2026-11-15]테.pdf","certificate_classifier\data\dataset_v1_20260723_172412\raw\MUI\92FEC7018F4E__92FEC7018F4E__111. Taurine(Qianjian)[MUI_2026-11-15]테.pdf","92FEC7018F4E__92FEC7018F4E__111. Taurine(Qianjian)[MUI_2026-11-15]테.pdf",".pdf","1887926","1.8005","2026-07-23T17:24:19","2023-01-03T11:55:00","PDF"
"RUNTIME","D:\halal_web_runtime","D:\halal_web_runtime\certificate_classifier\data\dataset_v1_20260723_172412\raw\MUI\977E6CEEDB81__977E6CEEDB81__124. Edible Dextrose(DONGXIAO)[MUI_2026-11-22]제.pdf","certificate_classifier\data\dataset_v1_20260723_172412\raw\MUI\977E6CEEDB81__977E6CEEDB81__124. Edible Dextrose(DONGXIAO)[MUI_2026-11-22]제.pdf","977E6CEEDB81__977E6CEEDB81__124. Edible Dextrose(DONGXIAO)[MUI_2026-11-22]제.pdf",".pdf","1129551","1.0772","2026-07-23T17:24:19","2024-09-26T09:23:00","PDF"
"RUNTIME","D:\halal_web_runtime","D:\halal_web_runtime\certificate_classifier\data\dataset_v1_20260723_172412\raw\MUI\977F59DD3555__977F59DD3555__109_1_3. TRILITE SAR11(KA-11)(Samyang)[MUI_2025-09-07]대.pdf","certificate_classifier\data\dataset_v1_20260723_172412\raw\MUI\977F59DD3555__977F59DD3555__109_1_3. TRILITE SAR11(KA-11)(Samyang)[MUI_2025-09-07]대.pdf","977F59DD3555__977F59DD3555__109_1_3. TRILITE SAR11(KA-11)(Samyang)[MUI_2025-09-07]대.pdf",".pdf","1921317","1.8323","2026-07-23T17:24:19","2024-02-29T16:26:45","PDF"
"RUNTIME","D:\halal_web_runtime","D:\halal_web_runtime\certificate_classifier\data\dataset_v1_20260723_172412\raw\MUI\97B543DC6E90__97B543DC6E90__81. Onion flavor oil(SHIN)[MUI_2025-12-21]신.pdf","certificate_classifier\data\dataset_v1_20260723_172412\raw\MUI\97B543DC6E90__97B543DC6E90__81. Onion flavor oil(SHIN)[MUI_2025-12-21]신.pdf","97B543DC6E90__97B543DC6E90__81. Onion flavor oil(SHIN)[MUI_2025-12-21]신.pdf",".pdf","215013","0.2051","2026-07-23T17:24:19","2022-01-11T13:51:06","PDF"
"RUNTIME","D:\halal_web_runtime","D:\halal_web_runtime\certificate_classifier\data\dataset_v1_20260723_172412\raw\MUI\9918684C821B__9918684C821B__172. BH05(INNER)[MUI_2027-02-28]주.pdf","certificate_classifier\data\dataset_v1_20260723_172412\raw\MUI\9918684C821B__9918684C821B__172. BH05(INNER)[MUI_2027-02-28]주.pdf","9918684C821B__9918684C821B__172. BH05(INNER)[MUI_2027-02-28]주.pdf",".pdf","234016","0.2232","2026-07-23T17:24:19","2025-07-15T17:22:07","PDF"
"RUNTIME","D:\halal_web_runtime","D:\halal_web_runtime\certificate_classifier\data\dataset_v1_20260723_172412\raw\MUI\9A1814E4EEB8__9A1814E4EEB8__169_4. MALTODEXTRIN(YISHUI)[MUI_2026-09-06]주.pdf","certificate_classifier\data\dataset_v1_20260723_172412\raw\MUI\9A1814E4EEB8__9A1814E4EEB8__169_4. MALTODEXTRIN(YISHUI)[MUI_2026-09-06]주.pdf","9A1814E4EEB8__9A1814E4EEB8__169_4. MALTODEXTRIN(YISHUI)[MUI_2026-09-06]주.pdf",".pdf","1172564","1.1182","2026-07-23T17:24:19","2025-07-17T09:38:41","PDF"
"RUNTIME","D:\halal_web_runtime","D:\halal_web_runtime\certificate_classifier\data\dataset_v1_20260723_172412\raw\MUI\9C3ED3788964__9C3ED3788964__129_3. AJITIDE I+G(PT.)[MUI_2025-11-23]G.pdf","certificate_classifier\data\dataset_v1_20260723_172412\raw\MUI\9C3ED3788964__9C3ED3788964__129_3. AJITIDE I+G(PT.)[MUI_2025-11-23]G.pdf","9C3ED3788964__9C3ED3788964__129_3. AJITIDE I+G(PT.)[MUI_2025-11-23]G.pdf",".pdf","1242606","1.185","2026-07-23T17:24:19","2024-03-13T15:41:21","PDF"
"RUNTIME","D:\halal_web_runtime","D:\halal_web_runtime\certificate_classifier\data\dataset_v1_20260723_172412\raw\MUI\9E8007152ED7__9E8007152ED7__86. Thiamine Hydrochloride(HUAZHONG)[MUI_2026-08-17]테.pdf","certificate_classifier\data\dataset_v1_20260723_172412\raw\MUI\9E8007152ED7__9E8007152ED7__86. Thiamine Hydrochloride(HUAZHONG)[MUI_2026-08-17]테.pdf","9E8007152ED7__9E8007152ED7__86. Thiamine Hydrochloride(HUAZHONG)[MUI_2026-08-17]테.pdf",".pdf","1739993","1.6594","2026-07-23T17:24:19","2025-07-11T16:34:48","PDF"
"RUNTIME","D:\halal_web_runtime","D:\halal_web_runtime\certificate_classifier\data\dataset_v1_20260723_172412\raw\MUI\A9E601A32746__A9E601A32746__102_2. TONSIL OPTIMUM 230LM(CLARIANT)[MUI_2025-09-21]롯.pdf","certificate_classifier\data\dataset_v1_20260723_172412\raw\MUI\A9E601A32746__A9E601A32746__102_2. TONSIL OPTIMUM 230LM(CLARIANT)[MUI_2025-09-21]롯.pdf","A9E601A32746__A9E601A32746__102_2. TONSIL OPTIMUM 230LM(CLARIANT)[MUI_2025-09-21]롯.pdf",".pdf","5119526","4.8824","2026-07-23T17:24:19","2022-01-12T15:10:25","PDF"
"RUNTIME","D:\halal_web_runtime","D:\halal_web_runtime\certificate_classifier\data\dataset_v1_20260723_172412\raw\MUI\AA4F5A9E9182__AA4F5A9E9182__171_2. MALTOSE SYRUP(LUZHOU)[MUI_2026-02-15]Q.pdf","certificate_classifier\data\dataset_v1_20260723_172412\raw\MUI\AA4F5A9E9182__AA4F5A9E9182__171_2. MALTOSE SYRUP(LUZHOU)[MUI_2026-02-15]Q.pdf","AA4F5A9E9182__AA4F5A9E9182__171_2. MALTOSE SYRUP(LUZHOU)[MUI_2026-02-15]Q.pdf",".pdf","799193","0.7622","2026-07-23T17:24:19","2025-07-17T14:43:58","PDF"
"RUNTIME","D:\halal_web_runtime","D:\halal_web_runtime\certificate_classifier\data\dataset_v1_20260723_172412\raw\MUI\B03C26F11B39__B03C26F11B39__159. Potassium Sorbate(Ningbo)[MUI_2027-09-05]휴.pdf","certificate_classifier\data\dataset_v1_20260723_172412\raw\MUI\B03C26F11B39__B03C26F11B39__159. Potassium Sorbate(Ningbo)[MUI_2027-09-05]휴.pdf","B03C26F11B39__B03C26F11B39__159. Potassium Sorbate(Ningbo)[MUI_2027-09-05]휴.pdf",".pdf","1131569","1.0791","2026-07-23T17:24:19","2024-03-06T17:36:56","PDF"
"RUNTIME","D:\halal_web_runtime","D:\halal_web_runtime\certificate_classifier\data\dataset_v1_20260723_172412\raw\MUI\B3870101E70B__B3870101E70B__98_3_2. L-Glutamic Acid(HEBEIHUA)[MUI_2026-02-22]비.pdf","certificate_classifier\data\dataset_v1_20260723_172412\raw\MUI\B3870101E70B__B3870101E70B__98_3_2. L-Glutamic Acid(HEBEIHUA)[MUI_2026-02-22]비.pdf","B3870101E70B__B3870101E70B__98_3_2. L-Glutamic Acid(HEBEIHUA)[MUI_2026-02-22]비.pdf",".pdf","644415","0.6146","2026-07-23T17:24:19","2025-09-10T11:47:43","PDF"
"RUNTIME","D:\halal_web_runtime","D:\halal_web_runtime\certificate_classifier\data\dataset_v1_20260723_172412\raw\MUI\B9385044B08F__B9385044B08F__80. Onion Concentrate(Nongshim)[MUI_2028-01-02]농.pdf","certificate_classifier\data\dataset_v1_20260723_172412\raw\MUI\B9385044B08F__B9385044B08F__80. Onion Concentrate(Nongshim)[MUI_2028-01-02]농.pdf","B9385044B08F__B9385044B08F__80. Onion Concentrate(Nongshim)[MUI_2028-01-02]농.pdf",".pdf","197318","0.1882","2026-07-23T17:24:19","2024-03-11T10:42:46","PDF"
"RUNTIME","D:\halal_web_runtime","D:\halal_web_runtime\certificate_classifier\data\dataset_v1_20260723_172412\raw\MUI\C267B0DDAA87__C267B0DDAA87__173_3. maltodextrin(QINHUANG)[MUI_2027-07-19]내.pdf","certificate_classifier\data\dataset_v1_20260723_172412\raw\MUI\C267B0DDAA87__C267B0DDAA87__173_3. maltodextrin(QINHUANG)[MUI_2027-07-19]내.pdf","C267B0DDAA87__C267B0DDAA87__173_3. maltodextrin(QINHUANG)[MUI_2027-07-19]내.pdf",".pdf","156997","0.1497","2026-07-23T17:24:19","2025-07-16T16:47:13","PDF"
"RUNTIME","D:\halal_web_runtime","D:\halal_web_runtime\certificate_classifier\data\dataset_v1_20260723_172412\raw\MUI\C67F7427A49F__C67F7427A49F__97. Yeast Extract(Springer TS003)(GUANGXI)[MUI_2027-02-28]주.pdf","certificate_classifier\data\dataset_v1_20260723_172412\raw\MUI\C67F7427A49F__C67F7427A49F__97. Yeast Extract(Springer TS003)(GUANGXI)[MUI_2027-02-28]주.pdf","C67F7427A49F__C67F7427A49F__97. Yeast Extract(Springer TS003)(GUANGXI)[MUI_2027-02-28]주.pdf",".pdf","1256480","1.1983","2026-07-23T17:24:19","2023-07-12T17:53:38","PDF"
"RUNTIME","D:\halal_web_runtime","D:\halal_web_runtime\certificate_classifier\data\dataset_v1_20260723_172412\raw\MUI\C8753E4E51E0__C8753E4E51E0__43. Anchovy Extract NF(Naturals)[MUI_2025-10-20]내.pdf","certificate_classifier\data\dataset_v1_20260723_172412\raw\MUI\C8753E4E51E0__C8753E4E51E0__43. Anchovy Extract NF(Naturals)[MUI_2025-10-20]내.pdf","C8753E4E51E0__C8753E4E51E0__43. Anchovy Extract NF(Naturals)[MUI_2025-10-20]내.pdf",".pdf","344330","0.3284","2026-07-23T17:24:19","2021-12-21T16:22:16","PDF"
"RUNTIME","D:\halal_web_runtime","D:\halal_web_runtime\certificate_classifier\data\dataset_v1_20260723_172412\raw\MUI\CBF46C055377__CBF46C055377__103. lactic acid(HeNam)[MUI_2027-07-19]에.pdf","certificate_classifier\data\dataset_v1_20260723_172412\raw\MUI\CBF46C055377__CBF46C055377__103. lactic acid(HeNam)[MUI_2027-07-19]에.pdf","CBF46C055377__CBF46C055377__103. lactic acid(HeNam)[MUI_2027-07-19]에.pdf",".pdf","1214891","1.1586","2026-07-23T17:24:19","2023-09-14T08:33:37","PDF"
"RUNTIME","D:\halal_web_runtime","D:\halal_web_runtime\certificate_classifier\data\dataset_v1_20260723_172412\raw\MUI\D9FEAEAAA781__D9FEAEAAA781__139_2. CItric Acid Monohydrate(WEIFANG)[MUI_2026-09-20]S.pdf","certificate_classifier\data\dataset_v1_20260723_172412\raw\MUI\D9FEAEAAA781__D9FEAEAAA781__139_2. CItric Acid Monohydrate(WEIFANG)[MUI_2026-09-20]S.pdf","D9FEAEAAA781__D9FEAEAAA781__139_2. CItric Acid Monohydrate(WEIFANG)[MUI_2026-09-20]S.pdf",".pdf","1429603","1.3634","2026-07-23T17:24:19","2022-10-20T08:50:44","PDF"
"RUNTIME","D:\halal_web_runtime","D:\halal_web_runtime\certificate_classifier\data\dataset_v1_20260723_172412\raw\MUI\DAC7F90BDF38__DAC7F90BDF38__98_1_3. Maltodextrin(ZHUCHENG)[MUI_2026-06-21]비.pdf","certificate_classifier\data\dataset_v1_20260723_172412\raw\MUI\DAC7F90BDF38__DAC7F90BDF38__98_1_3. Maltodextrin(ZHUCHENG)[MUI_2026-06-21]비.pdf","DAC7F90BDF38__DAC7F90BDF38__98_1_3. Maltodextrin(ZHUCHENG)[MUI_2026-06-21]비.pdf",".pdf","1150662","1.0974","2026-07-23T17:24:19","2022-07-19T16:09:14","PDF"
"RUNTIME","D:\halal_web_runtime","D:\halal_web_runtime\certificate_classifier\data\dataset_v1_20260723_172412\raw\MUI\DBE4CAFF1F52__DBE4CAFF1F52__170_2. Xanthan Gum(NEIMENGG)[MUI_2027-02-28]주.pdf","certificate_classifier\data\dataset_v1_20260723_172412\raw\MUI\DBE4CAFF1F52__DBE4CAFF1F52__170_2. Xanthan Gum(NEIMENGG)[MUI_2027-02-28]주.pdf","DBE4CAFF1F52__DBE4CAFF1F52__170_2. Xanthan Gum(NEIMENGG)[MUI_2027-02-28]주.pdf",".pdf","1168412","1.1143","2026-07-23T17:24:19","2025-07-17T09:29:51","PDF"
"RUNTIME","D:\halal_web_runtime","D:\halal_web_runtime\certificate_classifier\data\dataset_v1_20260723_172412\raw\MUI\DDD557E5F320__DDD557E5F320__47. Low DE Corn Syrup(SAJO)[MUI_2026-01-04]사.pdf","certificate_classifier\data\dataset_v1_20260723_172412\raw\MUI\DDD557E5F320__DDD557E5F320__47. Low DE Corn Syrup(SAJO)[MUI_2026-01-04]사.pdf","DDD557E5F320__DDD557E5F320__47. Low DE Corn Syrup(SAJO)[MUI_2026-01-04]사.pdf",".pdf","218518","0.2084","2026-07-23T17:24:19","2025-08-28T10:23:48","PDF"
"RUNTIME","D:\halal_web_runtime","D:\halal_web_runtime\certificate_classifier\data\dataset_v1_20260723_172412\raw\MUI\DE4452DD7931__DE4452DD7931__98_1_1. CJ TIDE I+G(CJ)[MUI_2025-11-23]비.pdf","certificate_classifier\data\dataset_v1_20260723_172412\raw\MUI\DE4452DD7931__DE4452DD7931__98_1_1. CJ TIDE I+G(CJ)[MUI_2025-11-23]비.pdf","DE4452DD7931__DE4452DD7931__98_1_1. CJ TIDE I+G(CJ)[MUI_2025-11-23]비.pdf",".pdf","1288640","1.2289","2026-07-23T17:24:19","2022-10-20T09:28:26","PDF"
"RUNTIME","D:\halal_web_runtime","D:\halal_web_runtime\certificate_classifier\data\dataset_v1_20260723_172412\raw\MUI\DEA9FC1BFDD8__DEA9FC1BFDD8__154. Monosodium Glutamate(TONGLIAO)[MUI_2027-02-21]보.pdf","certificate_classifier\data\dataset_v1_20260723_172412\raw\MUI\DEA9FC1BFDD8__DEA9FC1BFDD8__154. Monosodium Glutamate(TONGLIAO)[MUI_2027-02-21]보.pdf","DEA9FC1BFDD8__DEA9FC1BFDD8__154. Monosodium Glutamate(TONGLIAO)[MUI_2027-02-21]보.pdf",".pdf","1122060","1.0701","2026-07-23T17:24:19","2023-12-19T14:40:26","PDF"
"RUNTIME","D:\halal_web_runtime","D:\halal_web_runtime\certificate_classifier\data\dataset_v1_20260723_172412\raw\MUI\E0061FDB072B__E0061FDB072B__41. 14484 MAXAVOR® BEEF YE(DSM)[MUI_2025-12-07]네.pdf","certificate_classifier\data\dataset_v1_20260723_172412\raw\MUI\E0061FDB072B__E0061FDB072B__41. 14484 MAXAVOR® BEEF YE(DSM)[MUI_2025-12-07]네.pdf","E0061FDB072B__E0061FDB072B__41. 14484 MAXAVOR® BEEF YE(DSM)[MUI_2025-12-07]네.pdf",".pdf","5107112","4.8705","2026-07-23T17:24:19","2022-01-24T16:28:14","PDF"
"RUNTIME","D:\halal_web_runtime","D:\halal_web_runtime\certificate_classifier\data\dataset_v1_20260723_172412\raw\MUI\E68B854A4679__E68B854A4679__25. Kimchi flavor oil(S)(Naturals)[MUI_2028-12-18]내.pdf","certificate_classifier\data\dataset_v1_20260723_172412\raw\MUI\E68B854A4679__E68B854A4679__25. Kimchi flavor oil(S)(Naturals)[MUI_2028-12-18]내.pdf","E68B854A4679__E68B854A4679__25. Kimchi flavor oil(S)(Naturals)[MUI_2028-12-18]내.pdf",".pdf","119405","0.1139","2026-07-23T17:24:19","2025-09-11T15:09:54","PDF"
"RUNTIME","D:\halal_web_runtime","D:\halal_web_runtime\certificate_classifier\data\dataset_v1_20260723_172412\raw\MUI\E880D4AC2D12__E880D4AC2D12__109-1-3.TRILITE SAR11(KA-11)-MUI(2023-03-16).pdf","certificate_classifier\data\dataset_v1_20260723_172412\raw\MUI\E880D4AC2D12__E880D4AC2D12__109-1-3.TRILITE SAR11(KA-11)-MUI(2023-03-16).pdf","E880D4AC2D12__E880D4AC2D12__109-1-3.TRILITE SAR11(KA-11)-MUI(2023-03-16).pdf",".pdf","3315129","3.1616","2026-07-23T17:24:19","2022-01-17T08:57:06","PDF"
"RUNTIME","D:\halal_web_runtime","D:\halal_web_runtime\certificate_classifier\data\dataset_v1_20260723_172412\raw\MUI\EB89EA359A43__EB89EA359A43__38. Jem Soya Lecithin Liquid Standard(SONIC)[MUI_2026-04-26]하.pdf","certificate_classifier\data\dataset_v1_20260723_172412\raw\MUI\EB89EA359A43__EB89EA359A43__38. Jem Soya Lecithin Liquid Standard(SONIC)[MUI_2026-04-26]하.pdf","EB89EA359A43__EB89EA359A43__38. Jem Soya Lecithin Liquid Standard(SONIC)[MUI_2026-04-26]하.pdf",".pdf","1068087","1.0186","2026-07-23T17:24:19","2022-07-19T14:58:42","PDF"
"RUNTIME","D:\halal_web_runtime","D:\halal_web_runtime\certificate_classifier\data\dataset_v1_20260723_172412\raw\MUI\EEFF27613BB6__EEFF27613BB6__109_1_2. Activated Carbon(NANPING)[MUI_2025-11-11]대.pdf","certificate_classifier\data\dataset_v1_20260723_172412\raw\MUI\EEFF27613BB6__EEFF27613BB6__109_1_2. Activated Carbon(NANPING)[MUI_2025-11-11]대.pdf","EEFF27613BB6__EEFF27613BB6__109_1_2. Activated Carbon(NANPING)[MUI_2025-11-11]대.pdf",".pdf","1041806","0.9935","2026-07-23T17:24:19","2022-03-14T15:06:00","PDF"
"RUNTIME","D:\halal_web_runtime","D:\halal_web_runtime\certificate_classifier\data\dataset_v1_20260723_172412\raw\MUI\EF226D67A3AA__EF226D67A3AA__46_6. Low DE Corn Syrup(INGREDIO)[MUI_2026-01-04]신.pdf","certificate_classifier\data\dataset_v1_20260723_172412\raw\MUI\EF226D67A3AA__EF226D67A3AA__46_6. Low DE Corn Syrup(INGREDIO)[MUI_2026-01-04]신.pdf","EF226D67A3AA__EF226D67A3AA__46_6. Low DE Corn Syrup(INGREDIO)[MUI_2026-01-04]신.pdf",".pdf","443143","0.4226","2026-07-23T17:24:19","2022-02-24T10:29:30","PDF"
"RUNTIME","D:\halal_web_runtime","D:\halal_web_runtime\certificate_classifier\data\dataset_v1_20260723_172412\raw\MUI\EFCC218E0F7C__EFCC218E0F7C__75. Iceoligosaccharide(INGREDIO)[MUI_2026-01-04]인.pdf","certificate_classifier\data\dataset_v1_20260723_172412\raw\MUI\EFCC218E0F7C__EFCC218E0F7C__75. Iceoligosaccharide(INGREDIO)[MUI_2026-01-04]인.pdf","EFCC218E0F7C__EFCC218E0F7C__75. Iceoligosaccharide(INGREDIO)[MUI_2026-01-04]인.pdf",".pdf","443141","0.4226","2026-07-23T17:24:19","2022-02-24T10:37:04","PDF"
"RUNTIME","D:\halal_web_runtime","D:\halal_web_runtime\certificate_classifier\data\dataset_v1_20260723_172412\raw\MUIS\05C96512F5FA__05C96512F5FA__57. 158957 vegetable broth flavor(Broth enhancer)(Symrise)[MUIS_2026-05-31]s.pdf","certificate_classifier\data\dataset_v1_20260723_172412\raw\MUIS\05C96512F5FA__05C96512F5FA__57. 158957 vegetable broth flavor(Broth enhancer)(Symrise)[MUIS_2026-05-31]s.pdf","05C96512F5FA__05C96512F5FA__57. 158957 vegetable broth flavor(Broth enhancer)(Symrise)[MUIS_2026-05-31]s.pdf",".pdf","499773","0.4766","2026-07-23T17:24:19","2024-06-21T10:46:28","PDF"
"RUNTIME","D:\halal_web_runtime","D:\halal_web_runtime\certificate_classifier\data\dataset_v1_20260723_172412\raw\MUIS\28AD26C335DF__28AD26C335DF__TRZ halal cert - 30 Sep 2026 MUIS.pdf","certificate_classifier\data\dataset_v1_20260723_172412\raw\MUIS\28AD26C335DF__28AD26C335DF__TRZ halal cert - 30 Sep 2026 MUIS.pdf","28AD26C335DF__28AD26C335DF__TRZ halal cert - 30 Sep 2026 MUIS.pdf",".pdf","331947","0.3166","2026-07-23T17:24:19","2026-07-23T14:52:01","PDF"
"RUNTIME","D:\halal_web_runtime","D:\halal_web_runtime\certificate_classifier\data\dataset_v1_20260723_172412\raw\MUIS\45BB764BB29C__45BB764BB29C__50. Meat Base Flavour HK-2446K 74916-73(Givaudan)[MUIS_2026-09-30]브.pdf","certificate_classifier\data\dataset_v1_20260723_172412\raw\MUIS\45BB764BB29C__45BB764BB29C__50. Meat Base Flavour HK-2446K 74916-73(Givaudan)[MUIS_2026-09-30]브.pdf","45BB764BB29C__45BB764BB29C__50. Meat Base Flavour HK-2446K 74916-73(Givaudan)[MUIS_2026-09-30]브.pdf",".pdf","610696","0.5824","2026-07-23T17:24:19","2025-09-24T08:22:24","PDF"
"RUNTIME","D:\halal_web_runtime","D:\halal_web_runtime\certificate_classifier\data\dataset_v1_20260723_172412\raw\MUIS\4C6437B364CB__4C6437B364CB__premium catering 280226 MUIS.pdf","certificate_classifier\data\dataset_v1_20260723_172412\raw\MUIS\4C6437B364CB__4C6437B364CB__premium catering 280226 MUIS.pdf","4C6437B364CB__4C6437B364CB__premium catering 280226 MUIS.pdf",".pdf","747109","0.7125","2026-07-23T17:24:19","2026-07-23T14:52:11","PDF"
"RUNTIME","D:\halal_web_runtime","D:\halal_web_runtime\certificate_classifier\data\dataset_v1_20260723_172412\raw\MUIS\5C4033894C7C__5C4033894C7C__Kueh Makers 31.3.27 MUIS.pdf","certificate_classifier\data\dataset_v1_20260723_172412\raw\MUIS\5C4033894C7C__5C4033894C7C__Kueh Makers 31.3.27 MUIS.pdf","5C4033894C7C__5C4033894C7C__Kueh Makers 31.3.27 MUIS.pdf",".pdf","316609","0.3019","2026-07-23T17:24:19","2026-07-23T14:51:37","PDF"
"RUNTIME","D:\halal_web_runtime","D:\halal_web_runtime\certificate_classifier\data\dataset_v1_20260723_172412\raw\MUIS\66F170721976__66F170721976__60. NAT SHALLOT FLAVOR(962539)-MUIS(2022-02-28).pdf","certificate_classifier\data\dataset_v1_20260723_172412\raw\MUIS\66F170721976__66F170721976__60. NAT SHALLOT FLAVOR(962539)-MUIS(2022-02-28).pdf","66F170721976__66F170721976__60. NAT SHALLOT FLAVOR(962539)-MUIS(2022-02-28).pdf",".pdf","99549","0.0949","2026-07-23T17:24:19","2022-03-08T08:05:38","PDF"
"RUNTIME","D:\halal_web_runtime","D:\halal_web_runtime\certificate_classifier\data\dataset_v1_20260723_172412\raw\MUIS\927B9DA64D91__927B9DA64D91__Halal Plus 1200 CoO Singapore exp. 31.07.25 MUIS.pdf","certificate_classifier\data\dataset_v1_20260723_172412\raw\MUIS\927B9DA64D91__927B9DA64D91__Halal Plus 1200 CoO Singapore exp. 31.07.25 MUIS.pdf","927B9DA64D91__927B9DA64D91__Halal Plus 1200 CoO Singapore exp. 31.07.25 MUIS.pdf",".pdf","188847","0.1801","2026-07-23T17:24:19","2026-07-23T14:52:18","PDF"
"RUNTIME","D:\halal_web_runtime","D:\halal_web_runtime\certificate_classifier\data\dataset_v1_20260723_172412\raw\MUIS\967CB999BF4B__967CB999BF4B__sample MUIS Halal-OAS-210731.pdf","certificate_classifier\data\dataset_v1_20260723_172412\raw\MUIS\967CB999BF4B__967CB999BF4B__sample MUIS Halal-OAS-210731.pdf","967CB999BF4B__967CB999BF4B__sample MUIS Halal-OAS-210731.pdf",".pdf","603967","0.576","2026-07-23T17:24:19","2026-05-25T16:07:42","PDF"
"RUNTIME","D:\halal_web_runtime","D:\halal_web_runtime\certificate_classifier\data\dataset_v1_20260723_172412\raw\MUIS\99277EC717E6__99277EC717E6__OAS-Halal MUIS.pdf","certificate_classifier\data\dataset_v1_20260723_172412\raw\MUIS\99277EC717E6__99277EC717E6__OAS-Halal MUIS.pdf","99277EC717E6__99277EC717E6__OAS-Halal MUIS.pdf",".pdf","936976","0.8936","2026-07-23T17:24:19","2026-07-23T14:52:24","PDF"
"RUNTIME","D:\halal_web_runtime","D:\halal_web_runtime\certificate_classifier\data\dataset_v1_20260723_172412\raw\MUIS\AD29953BBD0E__AD29953BBD0E__sample MUIS fusion spoon 30.4.27.pdf","certificate_classifier\data\dataset_v1_20260723_172412\raw\MUIS\AD29953BBD0E__AD29953BBD0E__sample MUIS fusion spoon 30.4.27.pdf","AD29953BBD0E__AD29953BBD0E__sample MUIS fusion spoon 30.4.27.pdf",".pdf","335209","0.3197","2026-07-23T17:24:19","2026-05-25T16:07:56","PDF"
"RUNTIME","D:\halal_web_runtime","D:\halal_web_runtime\certificate_classifier\data\dataset_v1_20260723_172412\raw\MUIS\DA80333C0996__DA80333C0996__62. NAT SHALLOT FLAVOR(962539)(Symrise)[MUIS_2026-05-31]주.PDF","certificate_classifier\data\dataset_v1_20260723_172412\raw\MUIS\DA80333C0996__DA80333C0996__62. NAT SHALLOT FLAVOR(962539)(Symrise)[MUIS_2026-05-31]주.PDF","DA80333C0996__DA80333C0996__62. NAT SHALLOT FLAVOR(962539)(Symrise)[MUIS_2026-05-31]주.PDF",".pdf","98172","0.0936","2026-07-23T17:24:19","2025-06-05T06:28:51","PDF"
"RUNTIME","D:\halal_web_runtime","D:\halal_web_runtime\certificate_classifier\data\dataset_v1_20260723_172412\raw\MUIS\DBDBE7D51C96__DBDBE7D51C96__sample MUIS VWR Singapore Avantor_Halal 31 March 2028.pdf","certificate_classifier\data\dataset_v1_20260723_172412\raw\MUIS\DBDBE7D51C96__DBDBE7D51C96__sample MUIS VWR Singapore Avantor_Halal 31 March 2028.pdf","DBDBE7D51C96__DBDBE7D51C96__sample MUIS VWR Singapore Avantor_Halal 31 March 2028.pdf",".pdf","312346","0.2979","2026-07-23T17:24:19","2026-05-25T16:07:21","PDF"
"RUNTIME","D:\halal_web_runtime","D:\halal_web_runtime\certificate_classifier\data\dataset_v1_20260723_172412\raw\TQHCC\026570533D72__026570533D72__94.Yeast Extract(OHLY),OHLY GmbH-TQHCC(HC1280012791-OH2018,2019-10-31).pdf","certificate_classifier\data\dataset_v1_20260723_172412\raw\TQHCC\026570533D72__026570533D72__94.Yeast Extract(OHLY),OHLY GmbH-TQHCC(HC1280012791-OH2018,2019-10-31).pdf","026570533D72__026570533D72__94.Yeast Extract(OHLY),OHLY GmbH-TQHCC(HC1280012791-OH2018,2019-10-31).pdf",".pdf","780543","0.7444","2026-07-23T17:24:19","2019-10-07T10:53:54","PDF"
"RUNTIME","D:\halal_web_runtime","D:\halal_web_runtime\certificate_classifier\data\dataset_v1_20260723_172412\raw\TQHCC\09DB1C67B71B__09DB1C67B71B__95. OHLYⓡSTV Meaty(OHLY)[TQHCC_2025-10-31]등.pdf","certificate_classifier\data\dataset_v1_20260723_172412\raw\TQHCC\09DB1C67B71B__09DB1C67B71B__95. OHLYⓡSTV Meaty(OHLY)[TQHCC_2025-10-31]등.pdf","09DB1C67B71B__09DB1C67B71B__95. OHLYⓡSTV Meaty(OHLY)[TQHCC_2025-10-31]등.pdf",".pdf","1587262","1.5137","2026-07-23T17:24:19","2024-11-08T07:25:59","PDF"
"RUNTIME","D:\halal_web_runtime","D:\halal_web_runtime\certificate_classifier\data\dataset_v1_20260723_172412\raw\TQHCC\1B06D49671C5__1B06D49671C5__91.Yeast Extract(OHLY),OHLY GmbH社-TQHCC(2021-10-31).pdf","certificate_classifier\data\dataset_v1_20260723_172412\raw\TQHCC\1B06D49671C5__1B06D49671C5__91.Yeast Extract(OHLY),OHLY GmbH社-TQHCC(2021-10-31).pdf","1B06D49671C5__1B06D49671C5__91.Yeast Extract(OHLY),OHLY GmbH社-TQHCC(2021-10-31).pdf",".pdf","1079236","1.0292","2026-07-23T17:24:19","2021-01-18T16:17:13","PDF"
"RUNTIME","D:\halal_web_runtime","D:\halal_web_runtime\certificate_classifier\data\dataset_v1_20260723_172412\raw\TQHCC\24460F9C9F05__24460F9C9F05__sample TQHCC Certificateannex-2024.pdf","certificate_classifier\data\dataset_v1_20260723_172412\raw\TQHCC\24460F9C9F05__24460F9C9F05__sample TQHCC Certificateannex-2024.pdf","24460F9C9F05__24460F9C9F05__sample TQHCC Certificateannex-2024.pdf",".pdf","863238","0.8232","2026-07-23T17:24:19","2026-05-25T16:24:48","PDF"
"RUNTIME","D:\halal_web_runtime","D:\halal_web_runtime\certificate_classifier\data\dataset_v1_20260723_172412\raw\TQHCC\9F229E8A1C19__9F229E8A1C19__sample TQHCC Halal-Certificate_EuropaCuisson2021.pdf","certificate_classifier\data\dataset_v1_20260723_172412\raw\TQHCC\9F229E8A1C19__9F229E8A1C19__sample TQHCC Halal-Certificate_EuropaCuisson2021.pdf","9F229E8A1C19__9F229E8A1C19__sample TQHCC Halal-Certificate_EuropaCuisson2021.pdf",".pdf","433111","0.413","2026-07-23T17:24:19","2026-05-25T16:26:10","PDF"
"RUNTIME","D:\halal_web_runtime","D:\halal_web_runtime\certificate_classifier\data\dataset_v1_20260723_172412\raw\TQHCC\ABDE2D844F79__ABDE2D844F79__sample TQHCC.pdf","certificate_classifier\data\dataset_v1_20260723_172412\raw\TQHCC\ABDE2D844F79__ABDE2D844F79__sample TQHCC.pdf","ABDE2D844F79__ABDE2D844F79__sample TQHCC.pdf",".pdf","1147280","1.0941","2026-07-23T17:24:19","2026-05-25T16:25:37","PDF"
"RUNTIME","D:\halal_web_runtime","D:\halal_web_runtime\certificate_classifier\data\dataset_v1_20260723_172412\raw\TQHCC\C62F44A2E455__C62F44A2E455__sample TQHCC halal-certificate-buteressence-company-exp-31-12-2025.pdf","certificate_classifier\data\dataset_v1_20260723_172412\raw\TQHCC\C62F44A2E455__C62F44A2E455__sample TQHCC halal-certificate-buteressence-company-exp-31-12-2025.pdf","C62F44A2E455__C62F44A2E455__sample TQHCC halal-certificate-buteressence-company-exp-31-12-2025.pdf",".pdf","418785","0.3994","2026-07-23T17:24:19","2026-05-25T16:25:56","PDF"
"RUNTIME","D:\halal_web_runtime","D:\halal_web_runtime\certificate_classifier\data\dataset_v1_20260723_172412\raw\TQHCC\D7A363451585__D7A363451585__107. OHLYⓡSTV Meaty-TQHCC(2023-10-31).pdf","certificate_classifier\data\dataset_v1_20260723_172412\raw\TQHCC\D7A363451585__D7A363451585__107. OHLYⓡSTV Meaty-TQHCC(2023-10-31).pdf","D7A363451585__D7A363451585__107. OHLYⓡSTV Meaty-TQHCC(2023-10-31).pdf",".pdf","807320","0.7699","2026-07-23T17:24:19","2023-10-18T17:58:53","PDF"
"RUNTIME","D:\halal_web_runtime","D:\halal_web_runtime\certificate_classifier\data\dataset_v2_label_corrected_20260727_114115\label_corrections.csv","certificate_classifier\data\dataset_v2_label_corrected_20260727_114115\label_corrections.csv","label_corrections.csv",".csv","1437","0.0014","2026-07-27T11:41:16","2026-07-27T11:41:16","OCR_TRAINING_DATA"
"RUNTIME","D:\halal_web_runtime","D:\halal_web_runtime\certificate_classifier\data\dataset_v2_label_corrected_20260727_114115\metadata\01_dataset_manifest.csv","certificate_classifier\data\dataset_v2_label_corrected_20260727_114115\metadata\01_dataset_manifest.csv","01_dataset_manifest.csv",".csv","180385","0.172","2026-07-23T17:24:19","2026-07-23T17:34:54","OCR_TRAINING_DATA"
"RUNTIME","D:\halal_web_runtime","D:\halal_web_runtime\certificate_classifier\data\dataset_v2_label_corrected_20260727_114115\metadata\02_class_summary.csv","certificate_classifier\data\dataset_v2_label_corrected_20260727_114115\metadata\02_class_summary.csv","02_class_summary.csv",".csv","672","0.0006","2026-07-23T17:24:19","2026-07-23T17:34:54","OCR_TRAINING_DATA"
"RUNTIME","D:\halal_web_runtime","D:\halal_web_runtime\certificate_classifier\data\dataset_v2_label_corrected_20260727_114115\metadata\03_cross_label_conflicts.csv","certificate_classifier\data\dataset_v2_label_corrected_20260727_114115\metadata\03_cross_label_conflicts.csv","03_cross_label_conflicts.csv",".csv","5","0","2026-07-23T17:34:54","2026-07-23T17:34:54","OCR_TRAINING_DATA"
"RUNTIME","D:\halal_web_runtime","D:\halal_web_runtime\certificate_classifier\data\dataset_v2_label_corrected_20260727_114115\metadata\04_within_class_duplicates.csv","certificate_classifier\data\dataset_v2_label_corrected_20260727_114115\metadata\04_within_class_duplicates.csv","04_within_class_duplicates.csv",".csv","5","0","2026-07-23T17:34:54","2026-07-23T17:34:54","OCR_TRAINING_DATA"
"RUNTIME","D:\halal_web_runtime","D:\halal_web_runtime\certificate_classifier\data\dataset_v2_label_corrected_20260727_114115\metadata\05_hash_errors.csv","certificate_classifier\data\dataset_v2_label_corrected_20260727_114115\metadata\05_hash_errors.csv","05_hash_errors.csv",".csv","5","0","2026-07-23T17:34:54","2026-07-23T17:34:54","OCR_TRAINING_DATA"
"RUNTIME","D:\halal_web_runtime","D:\halal_web_runtime\certificate_classifier\data\dataset_v2_label_corrected_20260727_114115\raw\BPJPH\0A02218E4B53__0A02218E4B53__129. Mussel Concentrate NM(Hwachang)[BPJPH_2027-01-09]화.pdf","certificate_classifier\data\dataset_v2_label_corrected_20260727_114115\raw\BPJPH\0A02218E4B53__0A02218E4B53__129. Mussel Concentrate NM(Hwachang)[BPJPH_2027-01-09]화.pdf","0A02218E4B53__0A02218E4B53__129. Mussel Concentrate NM(Hwachang)[BPJPH_2027-01-09]화.pdf",".pdf","675817","0.6445","2026-07-23T17:24:17","2026-05-20T08:49:31","PDF"
"RUNTIME","D:\halal_web_runtime","D:\halal_web_runtime\certificate_classifier\data\dataset_v2_label_corrected_20260727_114115\raw\BPJPH\0DFD9D7A2284__0DFD9D7A2284__75. Iceoligosaccharide(SAJO)[BPJPH_2026-01-06]사.pdf","certificate_classifier\data\dataset_v2_label_corrected_20260727_114115\raw\BPJPH\0DFD9D7A2284__0DFD9D7A2284__75. Iceoligosaccharide(SAJO)[BPJPH_2026-01-06]사.pdf","0DFD9D7A2284__0DFD9D7A2284__75. Iceoligosaccharide(SAJO)[BPJPH_2026-01-06]사.pdf",".pdf","710591","0.6777","2026-07-23T17:24:17","2025-09-04T10:09:15","PDF"
"RUNTIME","D:\halal_web_runtime","D:\halal_web_runtime\certificate_classifier\data\dataset_v2_label_corrected_20260727_114115\raw\BPJPH\1888072CE056__1888072CE056__3. DL-Alanine(HUAHENG)[BPJPH_2026-11-03]테.pdf","certificate_classifier\data\dataset_v2_label_corrected_20260727_114115\raw\BPJPH\1888072CE056__1888072CE056__3. DL-Alanine(HUAHENG)[BPJPH_2026-11-03]테.pdf","1888072CE056__1888072CE056__3. DL-Alanine(HUAHENG)[BPJPH_2026-11-03]테.pdf",".pdf","1401540","1.3366","2026-07-23T17:24:17","2025-09-10T13:24:10","PDF"
"RUNTIME","D:\halal_web_runtime","D:\halal_web_runtime\certificate_classifier\data\dataset_v2_label_corrected_20260727_114115\raw\BPJPH\24F4903C6DB5__24F4903C6DB5__167_3. Maltodextrin(Daesang)[BPJPH_2026-11-03]한.pdf","certificate_classifier\data\dataset_v2_label_corrected_20260727_114115\raw\BPJPH\24F4903C6DB5__24F4903C6DB5__167_3. Maltodextrin(Daesang)[BPJPH_2026-11-03]한.pdf","24F4903C6DB5__24F4903C6DB5__167_3. Maltodextrin(Daesang)[BPJPH_2026-11-03]한.pdf",".pdf","453020","0.432","2026-07-23T17:24:17","2024-07-15T11:42:52","PDF"
"RUNTIME","D:\halal_web_runtime","D:\halal_web_runtime\certificate_classifier\data\dataset_v2_label_corrected_20260727_114115\raw\BPJPH\25DBFA5968C3__25DBFA5968C3__96. YEAST EXTRACT LA05(ANGEL)[BPJPH_2026-07-12]아.pdf","certificate_classifier\data\dataset_v2_label_corrected_20260727_114115\raw\BPJPH\25DBFA5968C3__25DBFA5968C3__96. YEAST EXTRACT LA05(ANGEL)[BPJPH_2026-07-12]아.pdf","25DBFA5968C3__25DBFA5968C3__96. YEAST EXTRACT LA05(ANGEL)[BPJPH_2026-07-12]아.pdf",".pdf","3084678","2.9418","2026-07-23T17:24:17","2025-09-10T13:59:25","PDF"
"RUNTIME","D:\halal_web_runtime","D:\halal_web_runtime\certificate_classifier\data\dataset_v2_label_corrected_20260727_114115\raw\BPJPH\2BFE50619DF1__2BFE50619DF1__125. Edible Dextrose(DONGXIAO)[BPJPH_2026-11-24]제.pdf","certificate_classifier\data\dataset_v2_label_corrected_20260727_114115\raw\BPJPH\2BFE50619DF1__2BFE50619DF1__125. Edible Dextrose(DONGXIAO)[BPJPH_2026-11-24]제.pdf","2BFE50619DF1__2BFE50619DF1__125. Edible Dextrose(DONGXIAO)[BPJPH_2026-11-24]제.pdf",".pdf","416908","0.3976","2026-07-23T17:24:17","2025-09-05T08:18:54","PDF"
"RUNTIME","D:\halal_web_runtime","D:\halal_web_runtime\certificate_classifier\data\dataset_v2_label_corrected_20260727_114115\raw\BPJPH\31566204AB52__31566204AB52__157. Monosodium glutamate-MSG(COFCO)[BPJPH_2027-03-09]보.pdf","certificate_classifier\data\dataset_v2_label_corrected_20260727_114115\raw\BPJPH\31566204AB52__31566204AB52__157. Monosodium glutamate-MSG(COFCO)[BPJPH_2027-03-09]보.pdf","31566204AB52__31566204AB52__157. Monosodium glutamate-MSG(COFCO)[BPJPH_2027-03-09]보.pdf",".pdf","416344","0.3971","2026-07-23T17:24:17","2025-09-05T08:22:20","PDF"
"RUNTIME","D:\halal_web_runtime","D:\halal_web_runtime\certificate_classifier\data\dataset_v2_label_corrected_20260727_114115\raw\BPJPH\410F51A9887F__410F51A9887F__155. Monosodium Glutamate(TONGLIAO)[BPJPH_2026-02-23]보.pdf","certificate_classifier\data\dataset_v2_label_corrected_20260727_114115\raw\BPJPH\410F51A9887F__410F51A9887F__155. Monosodium Glutamate(TONGLIAO)[BPJPH_2026-02-23]보.pdf","410F51A9887F__410F51A9887F__155. Monosodium Glutamate(TONGLIAO)[BPJPH_2026-02-23]보.pdf",".pdf","417430","0.3981","2026-07-23T17:24:17","2025-09-05T08:23:17","PDF"
"RUNTIME","D:\halal_web_runtime","D:\halal_web_runtime\certificate_classifier\data\dataset_v2_label_corrected_20260727_114115\raw\BPJPH\47302D8D1574__47302D8D1574__103. lactic acid(HeNan)[BPJPH_2026-07-21]에.pdf","certificate_classifier\data\dataset_v2_label_corrected_20260727_114115\raw\BPJPH\47302D8D1574__47302D8D1574__103. lactic acid(HeNan)[BPJPH_2026-07-21]에.pdf","47302D8D1574__47302D8D1574__103. lactic acid(HeNan)[BPJPH_2026-07-21]에.pdf",".pdf","612895","0.5845","2026-07-23T17:24:17","2025-09-05T09:58:51","PDF"
"RUNTIME","D:\halal_web_runtime","D:\halal_web_runtime\certificate_classifier\data\dataset_v2_label_corrected_20260727_114115\raw\BPJPH\48DC33EA36A8__48DC33EA36A8__108_2. LpHera(Novozyme)[BPJPH_2026-05-25]씨.pdf","certificate_classifier\data\dataset_v2_label_corrected_20260727_114115\raw\BPJPH\48DC33EA36A8__48DC33EA36A8__108_2. LpHera(Novozyme)[BPJPH_2026-05-25]씨.pdf","48DC33EA36A8__48DC33EA36A8__108_2. LpHera(Novozyme)[BPJPH_2026-05-25]씨.pdf",".pdf","1042940","0.9946","2026-07-23T17:24:18","2025-09-22T09:05:06","PDF"
"RUNTIME","D:\halal_web_runtime","D:\halal_web_runtime\certificate_classifier\data\dataset_v2_label_corrected_20260727_114115\raw\BPJPH\5BD2F418BAE7__5BD2F418BAE7__93. CJ TIDE IMP(PT.)[BPJPH_2026-11-25]씨.pdf","certificate_classifier\data\dataset_v2_label_corrected_20260727_114115\raw\BPJPH\5BD2F418BAE7__5BD2F418BAE7__93. CJ TIDE IMP(PT.)[BPJPH_2026-11-25]씨.pdf","5BD2F418BAE7__5BD2F418BAE7__93. CJ TIDE IMP(PT.)[BPJPH_2026-11-25]씨.pdf",".pdf","569975","0.5436","2026-07-23T17:24:18","2025-09-04T10:48:22","PDF"
"RUNTIME","D:\halal_web_runtime","D:\halal_web_runtime\certificate_classifier\data\dataset_v2_label_corrected_20260727_114115\raw\BPJPH\6710DB504761__6710DB504761__220908 Dextrin_BPJPH(YISHIU DADI).pdf","certificate_classifier\data\dataset_v2_label_corrected_20260727_114115\raw\BPJPH\6710DB504761__6710DB504761__220908 Dextrin_BPJPH(YISHIU DADI).pdf","6710DB504761__6710DB504761__220908 Dextrin_BPJPH(YISHIU DADI).pdf",".pdf","415711","0.3965","2026-07-23T17:24:18","2025-09-09T17:14:42","PDF"
"RUNTIME","D:\halal_web_runtime","D:\halal_web_runtime\certificate_classifier\data\dataset_v2_label_corrected_20260727_114115\raw\BPJPH\7BABB4271050__7BABB4271050__140_2. CItric Acid Monohydrate(WEIFANG)[BPJPH_2026-09-22]S.pdf","certificate_classifier\data\dataset_v2_label_corrected_20260727_114115\raw\BPJPH\7BABB4271050__7BABB4271050__140_2. CItric Acid Monohydrate(WEIFANG)[BPJPH_2026-09-22]S.pdf","7BABB4271050__7BABB4271050__140_2. CItric Acid Monohydrate(WEIFANG)[BPJPH_2026-09-22]S.pdf",".pdf","819074","0.7811","2026-07-23T17:24:18","2025-09-10T13:21:58","PDF"
"RUNTIME","D:\halal_web_runtime","D:\halal_web_runtime\certificate_classifier\data\dataset_v2_label_corrected_20260727_114115\raw\BPJPH\8537AE0DD01D__8537AE0DD01D__158. CHICKEN BROTH MEAT FLAVOR S1901751(TAKASAGO)[BPJPH_2026-07-21]타.pdf","certificate_classifier\data\dataset_v2_label_corrected_20260727_114115\raw\BPJPH\8537AE0DD01D__8537AE0DD01D__158. CHICKEN BROTH MEAT FLAVOR S1901751(TAKASAGO)[BPJPH_2026-07-21]타.pdf","8537AE0DD01D__8537AE0DD01D__158. CHICKEN BROTH MEAT FLAVOR S1901751(TAKASAGO)[BPJPH_2026-07-21]타.pdf",".pdf","1766232","1.6844","2026-07-23T17:24:18","2025-07-15T14:20:40","PDF"
"RUNTIME","D:\halal_web_runtime","D:\halal_web_runtime\certificate_classifier\data\dataset_v2_label_corrected_20260727_114115\raw\BPJPH\8D1AA0057011__8D1AA0057011__87. Squid Base(ROGWON)[BPJPH_2026-12-29]녹.pdf","certificate_classifier\data\dataset_v2_label_corrected_20260727_114115\raw\BPJPH\8D1AA0057011__8D1AA0057011__87. Squid Base(ROGWON)[BPJPH_2026-12-29]녹.pdf","8D1AA0057011__8D1AA0057011__87. Squid Base(ROGWON)[BPJPH_2026-12-29]녹.pdf",".pdf","523819","0.4996","2026-07-23T17:24:18","2025-09-04T11:13:23","PDF"
"RUNTIME","D:\halal_web_runtime","D:\halal_web_runtime\certificate_classifier\data\dataset_v2_label_corrected_20260727_114115\raw\BPJPH\981F2243BF68__981F2243BF68__102_2. TONSIL OPTIMUM 230LM(CLARIANT)[BPJPH_2026-09-23]롯.pdf","certificate_classifier\data\dataset_v2_label_corrected_20260727_114115\raw\BPJPH\981F2243BF68__981F2243BF68__102_2. TONSIL OPTIMUM 230LM(CLARIANT)[BPJPH_2026-09-23]롯.pdf","981F2243BF68__981F2243BF68__102_2. TONSIL OPTIMUM 230LM(CLARIANT)[BPJPH_2026-09-23]롯.pdf",".pdf","429995","0.4101","2026-07-23T17:24:18","2025-09-11T09:16:51","PDF"
"RUNTIME","D:\halal_web_runtime","D:\halal_web_runtime\certificate_classifier\data\dataset_v2_label_corrected_20260727_114115\raw\BPJPH\9E7C33FFDBA6__9E7C33FFDBA6__11_1. Propylene Glygol USP.EP(SK)[BPJPH_2022-02-04]신.pdf","certificate_classifier\data\dataset_v2_label_corrected_20260727_114115\raw\BPJPH\9E7C33FFDBA6__9E7C33FFDBA6__11_1. Propylene Glygol USP.EP(SK)[BPJPH_2022-02-04]신.pdf","9E7C33FFDBA6__9E7C33FFDBA6__11_1. Propylene Glygol USP.EP(SK)[BPJPH_2022-02-04]신.pdf",".pdf","505399","0.482","2026-07-23T17:24:18","2026-07-22T13:17:42","PDF"
"RUNTIME","D:\halal_web_runtime","D:\halal_web_runtime\certificate_classifier\data\dataset_v2_label_corrected_20260727_114115\raw\BPJPH\A6C4420FF3FB__A6C4420FF3FB__42. Maltodextrin(SAJO)[BPJPH_2026-12-09]사.pdf","certificate_classifier\data\dataset_v2_label_corrected_20260727_114115\raw\BPJPH\A6C4420FF3FB__A6C4420FF3FB__42. Maltodextrin(SAJO)[BPJPH_2026-12-09]사.pdf","A6C4420FF3FB__A6C4420FF3FB__42. Maltodextrin(SAJO)[BPJPH_2026-12-09]사.pdf",".pdf","492952","0.4701","2026-07-23T17:24:18","2025-09-04T10:43:55","PDF"
"RUNTIME","D:\halal_web_runtime","D:\halal_web_runtime\certificate_classifier\data\dataset_v2_label_corrected_20260727_114115\raw\BPJPH\AAE0661FE8E8__AAE0661FE8E8__230525 BPJPH_NOVOZYMES(CHINA) 카라멜 하이드롤 하부.pdf","certificate_classifier\data\dataset_v2_label_corrected_20260727_114115\raw\BPJPH\AAE0661FE8E8__AAE0661FE8E8__230525 BPJPH_NOVOZYMES(CHINA) 카라멜 하이드롤 하부.pdf","AAE0661FE8E8__AAE0661FE8E8__230525 BPJPH_NOVOZYMES(CHINA) 카라멜 하이드롤 하부.pdf",".pdf","1049784","1.0012","2026-07-23T17:24:18","2025-09-22T11:52:44","PDF"
"RUNTIME","D:\halal_web_runtime","D:\halal_web_runtime\certificate_classifier\data\dataset_v2_label_corrected_20260727_114115\raw\BPJPH\B3870101E70B__B3870101E70B__98_3_2. L-Glutamic Acid(HEBEIHUA)[MUI_2026-02-22]비.pdf","certificate_classifier\data\dataset_v2_label_corrected_20260727_114115\raw\BPJPH\B3870101E70B__B3870101E70B__98_3_2. L-Glutamic Acid(HEBEIHUA)[MUI_2026-02-22]비.pdf","B3870101E70B__B3870101E70B__98_3_2. L-Glutamic Acid(HEBEIHUA)[MUI_2026-02-22]비.pdf",".pdf","644415","0.6146","2026-07-23T17:24:19","2025-09-10T11:47:43","PDF"
"RUNTIME","D:\halal_web_runtime","D:\halal_web_runtime\certificate_classifier\data\dataset_v2_label_corrected_20260727_114115\raw\BPJPH\BA52501360B4__BA52501360B4__41. 14484 MAXAVOR® BEEF YE(DSM)[BPJPH_2026-12-09]네.pdf","certificate_classifier\data\dataset_v2_label_corrected_20260727_114115\raw\BPJPH\BA52501360B4__BA52501360B4__41. 14484 MAXAVOR® BEEF YE(DSM)[BPJPH_2026-12-09]네.pdf","BA52501360B4__BA52501360B4__41. 14484 MAXAVOR® BEEF YE(DSM)[BPJPH_2026-12-09]네.pdf",".pdf","1262771","1.2043","2026-07-23T17:24:18","2025-09-09T08:28:16","PDF"
"RUNTIME","D:\halal_web_runtime","D:\halal_web_runtime\certificate_classifier\data\dataset_v2_label_corrected_20260727_114115\raw\BPJPH\BB9FF20C61B7__BB9FF20C61B7__109_1_3. TRILITE SAR11(KA-11)(Samyang)[BPJPH_2026-06-18]대.pdf","certificate_classifier\data\dataset_v2_label_corrected_20260727_114115\raw\BPJPH\BB9FF20C61B7__BB9FF20C61B7__109_1_3. TRILITE SAR11(KA-11)(Samyang)[BPJPH_2026-06-18]대.pdf","BB9FF20C61B7__BB9FF20C61B7__109_1_3. TRILITE SAR11(KA-11)(Samyang)[BPJPH_2026-06-18]대.pdf",".pdf","1101451","1.0504","2026-07-23T17:24:18","2025-09-09T15:55:59","PDF"
"RUNTIME","D:\halal_web_runtime","D:\halal_web_runtime\certificate_classifier\data\dataset_v2_label_corrected_20260727_114115\raw\BPJPH\BF12614E2513__BF12614E2513__91. 050013 1876 CB UMAMI FLAVOR(PT)[BPJPH_2026-11-04]F.pdf","certificate_classifier\data\dataset_v2_label_corrected_20260727_114115\raw\BPJPH\BF12614E2513__BF12614E2513__91. 050013 1876 CB UMAMI FLAVOR(PT)[BPJPH_2026-11-04]F.pdf","BF12614E2513__BF12614E2513__91. 050013 1876 CB UMAMI FLAVOR(PT)[BPJPH_2026-11-04]F.pdf",".pdf","2261088","2.1563","2026-07-23T17:24:18","2025-09-04T08:59:33","PDF"
"RUNTIME","D:\halal_web_runtime","D:\halal_web_runtime\certificate_classifier\data\dataset_v2_label_corrected_20260727_114115\raw\BPJPH\C01AF0CF0E00__C01AF0CF0E00__131. mussel extract NH(Naturals)[BPJPH_2026-08-12]내.pdf","certificate_classifier\data\dataset_v2_label_corrected_20260727_114115\raw\BPJPH\C01AF0CF0E00__C01AF0CF0E00__131. mussel extract NH(Naturals)[BPJPH_2026-08-12]내.pdf","C01AF0CF0E00__C01AF0CF0E00__131. mussel extract NH(Naturals)[BPJPH_2026-08-12]내.pdf",".pdf","426362","0.4066","2026-07-23T17:24:18","2025-09-11T16:19:01","PDF"
"RUNTIME","D:\halal_web_runtime","D:\halal_web_runtime\certificate_classifier\data\dataset_v2_label_corrected_20260727_114115\raw\BPJPH\D792D7CB759A__D792D7CB759A__23. Glycine(HEBEI)[BPJPH_2026-02-17]휴.pdf","certificate_classifier\data\dataset_v2_label_corrected_20260727_114115\raw\BPJPH\D792D7CB759A__D792D7CB759A__23. Glycine(HEBEI)[BPJPH_2026-02-17]휴.pdf","D792D7CB759A__D792D7CB759A__23. Glycine(HEBEI)[BPJPH_2026-02-17]휴.pdf",".pdf","644413","0.6146","2026-07-23T17:24:18","2025-09-11T08:50:15","PDF"
"RUNTIME","D:\halal_web_runtime","D:\halal_web_runtime\certificate_classifier\data\dataset_v2_label_corrected_20260727_114115\raw\BPJPH\E6F2DC5E17CE__E6F2DC5E17CE__220217 HEBEI HUAYANG BPJPH HALAL 인증서 프롤린 글루타민 메티오닌.pdf","certificate_classifier\data\dataset_v2_label_corrected_20260727_114115\raw\BPJPH\E6F2DC5E17CE__E6F2DC5E17CE__220217 HEBEI HUAYANG BPJPH HALAL 인증서 프롤린 글루타민 메티오닌.pdf","E6F2DC5E17CE__E6F2DC5E17CE__220217 HEBEI HUAYANG BPJPH HALAL 인증서 프롤린 글루타민 메티오닌.pdf",".pdf","638591","0.609","2026-07-23T17:24:18","2025-09-10T11:16:13","PDF"
"RUNTIME","D:\halal_web_runtime","D:\halal_web_runtime\certificate_classifier\data\dataset_v2_label_corrected_20260727_114115\raw\BPJPH\EE91BF39F406__EE91BF39F406__45. SEWOO CO., LTD BPJPH HALAL Certificate_(2025-11-18).pdf","certificate_classifier\data\dataset_v2_label_corrected_20260727_114115\raw\BPJPH\EE91BF39F406__EE91BF39F406__45. SEWOO CO., LTD BPJPH HALAL Certificate_(2025-11-18).pdf","EE91BF39F406__EE91BF39F406__45. SEWOO CO., LTD BPJPH HALAL Certificate_(2025-11-18).pdf",".pdf","2236686","2.1331","2026-07-23T17:24:18","2025-11-20T10:48:09","PDF"
"RUNTIME","D:\halal_web_runtime","D:\halal_web_runtime\certificate_classifier\data\dataset_v2_label_corrected_20260727_114115\raw\BPJPH\F048F14239D0__F048F14239D0__126. CItric Acid Monohydrate(SHANGDON)[BPJPH_2026-09-22]테.pdf","certificate_classifier\data\dataset_v2_label_corrected_20260727_114115\raw\BPJPH\F048F14239D0__F048F14239D0__126. CItric Acid Monohydrate(SHANGDON)[BPJPH_2026-09-22]테.pdf","F048F14239D0__F048F14239D0__126. CItric Acid Monohydrate(SHANGDON)[BPJPH_2026-09-22]테.pdf",".pdf","813548","0.7759","2026-07-23T17:24:18","2025-09-04T16:58:25","PDF"
"RUNTIME","D:\halal_web_runtime","D:\halal_web_runtime\certificate_classifier\data\dataset_v2_label_corrected_20260727_114115\raw\BPJPH\F52B186EAADE__F52B186EAADE__19. Red Pepper Powder T(Wooil)[BPJPH_2026-12-29]우.pdf","certificate_classifier\data\dataset_v2_label_corrected_20260727_114115\raw\BPJPH\F52B186EAADE__F52B186EAADE__19. Red Pepper Powder T(Wooil)[BPJPH_2026-12-29]우.pdf","F52B186EAADE__F52B186EAADE__19. Red Pepper Powder T(Wooil)[BPJPH_2026-12-29]우.pdf",".pdf","524344","0.5001","2026-07-23T17:24:18","2025-09-08T08:05:04","PDF"
"RUNTIME","D:\halal_web_runtime","D:\halal_web_runtime\certificate_classifier\data\dataset_v2_label_corrected_20260727_114115\raw\BPJPH\F7CCEFF9CDEB__F7CCEFF9CDEB__133. YEAST EXTRACT LA600(ANGEL)[BPJPH_2026-07-12]J.pdf","certificate_classifier\data\dataset_v2_label_corrected_20260727_114115\raw\BPJPH\F7CCEFF9CDEB__F7CCEFF9CDEB__133. YEAST EXTRACT LA600(ANGEL)[BPJPH_2026-07-12]J.pdf","F7CCEFF9CDEB__F7CCEFF9CDEB__133. YEAST EXTRACT LA600(ANGEL)[BPJPH_2026-07-12]J.pdf",".pdf","3079101","2.9365","2026-07-23T17:24:18","2025-09-05T09:16:58","PDF"
"RUNTIME","D:\halal_web_runtime","D:\halal_web_runtime\certificate_classifier\data\dataset_v2_label_corrected_20260727_114115\raw\BPJPH\FD881546AB04__FD881546AB04__38. Jem Soya Lecithin Liquid Standard(SONIC)[BPJPH_2026-04-29]하.pdf","certificate_classifier\data\dataset_v2_label_corrected_20260727_114115\raw\BPJPH\FD881546AB04__FD881546AB04__38. Jem Soya Lecithin Liquid Standard(SONIC)[BPJPH_2026-04-29]하.pdf","FD881546AB04__FD881546AB04__38. Jem Soya Lecithin Liquid Standard(SONIC)[BPJPH_2026-04-29]하.pdf",".pdf","451656","0.4307","2026-07-23T17:24:18","2025-09-04T10:46:31","PDF"
"RUNTIME","D:\halal_web_runtime","D:\halal_web_runtime\certificate_classifier\data\dataset_v2_label_corrected_20260727_114115\raw\BPJPH\FF4D55CBDA68__FF4D55CBDA68__111. Taurine(Qianjian)[BPJPH_2026-11-17]테.pdf","certificate_classifier\data\dataset_v2_label_corrected_20260727_114115\raw\BPJPH\FF4D55CBDA68__FF4D55CBDA68__111. Taurine(Qianjian)[BPJPH_2026-11-17]테.pdf","FF4D55CBDA68__FF4D55CBDA68__111. Taurine(Qianjian)[BPJPH_2026-11-17]테.pdf",".pdf","414022","0.3948","2026-07-23T17:24:18","2025-09-04T16:57:31","PDF"
"RUNTIME","D:\halal_web_runtime","D:\halal_web_runtime\certificate_classifier\data\dataset_v2_label_corrected_20260727_114115\raw\CICOT\057EADA01187__057EADA01187__124. Flo-max 8(blend)(INGREDON)[CICOT_2026-09-19]한.pdf","certificate_classifier\data\dataset_v2_label_corrected_20260727_114115\raw\CICOT\057EADA01187__057EADA01187__124. Flo-max 8(blend)(INGREDON)[CICOT_2026-09-19]한.pdf","057EADA01187__057EADA01187__124. Flo-max 8(blend)(INGREDON)[CICOT_2026-09-19]한.pdf",".pdf","340943","0.3251","2026-07-23T17:24:18","2025-09-10T13:11:01","PDF"
"RUNTIME","D:\halal_web_runtime","D:\halal_web_runtime\certificate_classifier\data\dataset_v2_label_corrected_20260727_114115\raw\CICOT\8ABAE90F6636__8ABAE90F6636__124. Flo-max 8(blend)(NATIONAL)[CICOT_2025-09-19].pdf","certificate_classifier\data\dataset_v2_label_corrected_20260727_114115\raw\CICOT\8ABAE90F6636__8ABAE90F6636__124. Flo-max 8(blend)(NATIONAL)[CICOT_2025-09-19].pdf","8ABAE90F6636__8ABAE90F6636__124. Flo-max 8(blend)(NATIONAL)[CICOT_2025-09-19].pdf",".pdf","227887","0.2173","2026-07-23T17:24:18","2024-12-03T09:38:46","PDF"
"RUNTIME","D:\halal_web_runtime","D:\halal_web_runtime\certificate_classifier\data\dataset_v2_label_corrected_20260727_114115\raw\CICOT\9CEA3B1FF050__9CEA3B1FF050__Halal-Certificate-20.05.2021-19.05.2022 CICOT.pdf","certificate_classifier\data\dataset_v2_label_corrected_20260727_114115\raw\CICOT\9CEA3B1FF050__9CEA3B1FF050__Halal-Certificate-20.05.2021-19.05.2022 CICOT.pdf","9CEA3B1FF050__9CEA3B1FF050__Halal-Certificate-20.05.2021-19.05.2022 CICOT.pdf",".pdf","864358","0.8243","2026-07-23T17:24:18","2026-07-23T17:00:46","PDF"
"RUNTIME","D:\halal_web_runtime","D:\halal_web_runtime\certificate_classifier\data\dataset_v2_label_corrected_20260727_114115\raw\CICOT\A3C57C44923C__A3C57C44923C__HALAL CICOT.pdf","certificate_classifier\data\dataset_v2_label_corrected_20260727_114115\raw\CICOT\A3C57C44923C__A3C57C44923C__HALAL CICOT.pdf","A3C57C44923C__A3C57C44923C__HALAL CICOT.pdf",".pdf","1574885","1.5019","2026-07-23T17:24:18","2026-07-23T17:00:54","PDF"
"RUNTIME","D:\halal_web_runtime","D:\halal_web_runtime\certificate_classifier\data\dataset_v2_label_corrected_20260727_114115\raw\CICOT\B64E216F24ED__B64E216F24ED__11-1. Propylene Glygol USPEP-CICOT(2023-05-01).pdf","certificate_classifier\data\dataset_v2_label_corrected_20260727_114115\raw\CICOT\B64E216F24ED__B64E216F24ED__11-1. Propylene Glygol USPEP-CICOT(2023-05-01).pdf","B64E216F24ED__B64E216F24ED__11-1. Propylene Glygol USPEP-CICOT(2023-05-01).pdf",".pdf","519824","0.4957","2026-07-23T17:24:18","2022-07-04T14:07:28","PDF"
"RUNTIME","D:\halal_web_runtime","D:\halal_web_runtime\certificate_classifier\data\dataset_v2_label_corrected_20260727_114115\raw\CICOT\B7361F53B6E7__B7361F53B6E7__135. Flo-max 8(blend)-CICOT(2024-09-19).pdf","certificate_classifier\data\dataset_v2_label_corrected_20260727_114115\raw\CICOT\B7361F53B6E7__B7361F53B6E7__135. Flo-max 8(blend)-CICOT(2024-09-19).pdf","B7361F53B6E7__B7361F53B6E7__135. Flo-max 8(blend)-CICOT(2024-09-19).pdf",".pdf","1677022","1.5993","2026-07-23T17:24:18","2023-09-22T07:04:44","PDF"
"RUNTIME","D:\halal_web_runtime","D:\halal_web_runtime\certificate_classifier\data\dataset_v2_label_corrected_20260727_114115\raw\CICOT\BEA412DC7886__BEA412DC7886__48_1. REFINED RICE brand oil(THAI)[CICOT_2026-04-24]농.pdf","certificate_classifier\data\dataset_v2_label_corrected_20260727_114115\raw\CICOT\BEA412DC7886__BEA412DC7886__48_1. REFINED RICE brand oil(THAI)[CICOT_2026-04-24]농.pdf","BEA412DC7886__BEA412DC7886__48_1. REFINED RICE brand oil(THAI)[CICOT_2026-04-24]농.pdf",".pdf","448683","0.4279","2026-07-23T17:24:18","2024-06-21T13:10:31","PDF"
"RUNTIME","D:\halal_web_runtime","D:\halal_web_runtime\certificate_classifier\data\dataset_v2_label_corrected_20260727_114115\raw\CICOT\C5CD2D41B949__C5CD2D41B949__151. KREATIONⓡKE8-CICOT(2023-10-14).pdf","certificate_classifier\data\dataset_v2_label_corrected_20260727_114115\raw\CICOT\C5CD2D41B949__C5CD2D41B949__151. KREATIONⓡKE8-CICOT(2023-10-14).pdf","C5CD2D41B949__C5CD2D41B949__151. KREATIONⓡKE8-CICOT(2023-10-14).pdf",".pdf","1518587","1.4482","2026-07-23T17:24:18","2022-10-27T16:32:27","PDF"
"RUNTIME","D:\halal_web_runtime","D:\halal_web_runtime\certificate_classifier\data\dataset_v2_label_corrected_20260727_114115\raw\CICOT\C9AB8CFAE5A6__C9AB8CFAE5A6__140_1. Propylene Glycol USP-EP(The)[CICOT_2026-05-01]S.pdf","certificate_classifier\data\dataset_v2_label_corrected_20260727_114115\raw\CICOT\C9AB8CFAE5A6__C9AB8CFAE5A6__140_1. Propylene Glycol USP-EP(The)[CICOT_2026-05-01]S.pdf","C9AB8CFAE5A6__C9AB8CFAE5A6__140_1. Propylene Glycol USP-EP(The)[CICOT_2026-05-01]S.pdf",".pdf","2595136","2.4749","2026-07-23T17:24:18","2025-06-07T07:49:29","PDF"
"RUNTIME","D:\halal_web_runtime","D:\halal_web_runtime\certificate_classifier\data\dataset_v2_label_corrected_20260727_114115\raw\CICOT\CBA90276ADE8__CBA90276ADE8__167. KRATIONⓡKE8(SIAM)[CICOT_2025-10-14]마.pdf","certificate_classifier\data\dataset_v2_label_corrected_20260727_114115\raw\CICOT\CBA90276ADE8__CBA90276ADE8__167. KRATIONⓡKE8(SIAM)[CICOT_2025-10-14]마.pdf","CBA90276ADE8__CBA90276ADE8__167. KRATIONⓡKE8(SIAM)[CICOT_2025-10-14]마.pdf",".pdf","1897092","1.8092","2026-07-23T17:24:18","2025-06-11T13:38:32","PDF"
"RUNTIME","D:\halal_web_runtime","D:\halal_web_runtime\certificate_classifier\data\dataset_v2_label_corrected_20260727_114115\raw\CICOT\EE0E150A3059__EE0E150A3059__3_ CERT - VAVA PACK - HALAL Eng - EXP 26 SEP 2026 CICOT.pdf","certificate_classifier\data\dataset_v2_label_corrected_20260727_114115\raw\CICOT\EE0E150A3059__EE0E150A3059__3_ CERT - VAVA PACK - HALAL Eng - EXP 26 SEP 2026 CICOT.pdf","EE0E150A3059__EE0E150A3059__3_ CERT - VAVA PACK - HALAL Eng - EXP 26 SEP 2026 CICOT.pdf",".pdf","2343549","2.235","2026-07-23T17:24:18","2026-07-23T17:00:21","PDF"
"RUNTIME","D:\halal_web_runtime","D:\halal_web_runtime\certificate_classifier\data\dataset_v2_label_corrected_20260727_114115\raw\HALAL CONTROL\0DD15408BB61__0DD15408BB61__Halal-Cert-1 halal control.pdf","certificate_classifier\data\dataset_v2_label_corrected_20260727_114115\raw\HALAL CONTROL\0DD15408BB61__0DD15408BB61__Halal-Cert-1 halal control.pdf","0DD15408BB61__0DD15408BB61__Halal-Cert-1 halal control.pdf",".pdf","282493","0.2694","2026-07-23T17:24:18","2026-07-23T14:09:53","PDF"
"RUNTIME","D:\halal_web_runtime","D:\halal_web_runtime\certificate_classifier\data\dataset_v2_label_corrected_20260727_114115\raw\HALAL CONTROL\2624F581D8BC__2624F581D8BC__Halal_Zertifikat_Calvatis_bis_14-08-2023 halal control.pdf","certificate_classifier\data\dataset_v2_label_corrected_20260727_114115\raw\HALAL CONTROL\2624F581D8BC__2624F581D8BC__Halal_Zertifikat_Calvatis_bis_14-08-2023 halal control.pdf","2624F581D8BC__2624F581D8BC__Halal_Zertifikat_Calvatis_bis_14-08-2023 halal control.pdf",".pdf","313625","0.2991","2026-07-23T17:24:18","2026-07-23T14:10:27","PDF"
"RUNTIME","D:\halal_web_runtime","D:\halal_web_runtime\certificate_classifier\data\dataset_v2_label_corrected_20260727_114115\raw\HALAL CONTROL\269C404A2149__269C404A2149__Halal-Certificate-Lysi halal control.pdf","certificate_classifier\data\dataset_v2_label_corrected_20260727_114115\raw\HALAL CONTROL\269C404A2149__269C404A2149__Halal-Certificate-Lysi halal control.pdf","269C404A2149__269C404A2149__Halal-Certificate-Lysi halal control.pdf",".pdf","355628","0.3392","2026-07-23T17:24:18","2026-07-23T14:08:57","PDF"
"RUNTIME","D:\halal_web_runtime","D:\halal_web_runtime\certificate_classifier\data\dataset_v2_label_corrected_20260727_114115\raw\HALAL CONTROL\38954BFD243E__38954BFD243E__Halal_certificate_PQAA_greases_2021 halal control.pdf","certificate_classifier\data\dataset_v2_label_corrected_20260727_114115\raw\HALAL CONTROL\38954BFD243E__38954BFD243E__Halal_certificate_PQAA_greases_2021 halal control.pdf","38954BFD243E__38954BFD243E__Halal_certificate_PQAA_greases_2021 halal control.pdf",".pdf","266871","0.2545","2026-07-23T17:24:18","2026-07-23T14:07:52","PDF"
"RUNTIME","D:\halal_web_runtime","D:\halal_web_runtime\certificate_classifier\data\dataset_v2_label_corrected_20260727_114115\raw\HALAL CONTROL\3EBB84DA8B2F__3EBB84DA8B2F__슈가시럽-Halal Control - Halal- Zertifikat - Südzucker - gültig bis 13.12.2018 (1).pdf","certificate_classifier\data\dataset_v2_label_corrected_20260727_114115\raw\HALAL CONTROL\3EBB84DA8B2F__3EBB84DA8B2F__슈가시럽-Halal Control - Halal- Zertifikat - Südzucker - gültig bis 13.12.2018 (1).pdf","3EBB84DA8B2F__3EBB84DA8B2F__슈가시럽-Halal Control - Halal- Zertifikat - Südzucker - gültig bis 13.12.2018 (1).pdf",".pdf","192317","0.1834","2026-07-23T17:24:18","2018-04-06T15:43:58","PDF"
"RUNTIME","D:\halal_web_runtime","D:\halal_web_runtime\certificate_classifier\data\dataset_v2_label_corrected_20260727_114115\raw\HALAL CONTROL\5FAFBCCE6850__5FAFBCCE6850__Halal2026_EN halal control.pdf","certificate_classifier\data\dataset_v2_label_corrected_20260727_114115\raw\HALAL CONTROL\5FAFBCCE6850__5FAFBCCE6850__Halal2026_EN halal control.pdf","5FAFBCCE6850__5FAFBCCE6850__Halal2026_EN halal control.pdf",".pdf","210813","0.201","2026-07-23T17:24:18","2026-07-23T14:09:42","PDF"
"RUNTIME","D:\halal_web_runtime","D:\halal_web_runtime\certificate_classifier\data\dataset_v2_label_corrected_20260727_114115\raw\HALAL CONTROL\69D0F2382308__69D0F2382308__Halal_LHF_LOA halal control.pdf","certificate_classifier\data\dataset_v2_label_corrected_20260727_114115\raw\HALAL CONTROL\69D0F2382308__69D0F2382308__Halal_LHF_LOA halal control.pdf","69D0F2382308__69D0F2382308__Halal_LHF_LOA halal control.pdf",".pdf","352633","0.3363","2026-07-23T17:24:18","2026-07-23T14:09:19","PDF"
"RUNTIME","D:\halal_web_runtime","D:\halal_web_runtime\certificate_classifier\data\dataset_v2_label_corrected_20260727_114115\raw\HALAL CONTROL\747F7EB2A847__747F7EB2A847__Halal_Zertifikat_2025__gültig_bis_17.01.2027 halal control.pdf","certificate_classifier\data\dataset_v2_label_corrected_20260727_114115\raw\HALAL CONTROL\747F7EB2A847__747F7EB2A847__Halal_Zertifikat_2025__gültig_bis_17.01.2027 halal control.pdf","747F7EB2A847__747F7EB2A847__Halal_Zertifikat_2025__gültig_bis_17.01.2027 halal control.pdf",".pdf","167032","0.1593","2026-07-23T17:24:18","2026-07-23T14:10:01","PDF"
"RUNTIME","D:\halal_web_runtime","D:\halal_web_runtime\certificate_classifier\data\dataset_v2_label_corrected_20260727_114115\raw\HALAL CONTROL\7AF2B38BDE1B__7AF2B38BDE1B__165_8. Potassium sulfate(K+S)[HALAL CONTROL_2026-08-15].pdf","certificate_classifier\data\dataset_v2_label_corrected_20260727_114115\raw\HALAL CONTROL\7AF2B38BDE1B__7AF2B38BDE1B__165_8. Potassium sulfate(K+S)[HALAL CONTROL_2026-08-15].pdf","7AF2B38BDE1B__7AF2B38BDE1B__165_8. Potassium sulfate(K+S)[HALAL CONTROL_2026-08-15].pdf",".pdf","313444","0.2989","2026-07-23T17:24:18","2024-06-17T10:59:10","PDF"
"RUNTIME","D:\halal_web_runtime","D:\halal_web_runtime\certificate_classifier\data\dataset_v2_label_corrected_20260727_114115\raw\HALAL CONTROL\84271741DBF3__84271741DBF3__Halal-certificate halal control.pdf","certificate_classifier\data\dataset_v2_label_corrected_20260727_114115\raw\HALAL CONTROL\84271741DBF3__84271741DBF3__Halal-certificate halal control.pdf","84271741DBF3__84271741DBF3__Halal-certificate halal control.pdf",".pdf","222824","0.2125","2026-07-23T17:24:18","2026-07-23T14:10:07","PDF"
"RUNTIME","D:\halal_web_runtime","D:\halal_web_runtime\certificate_classifier\data\dataset_v2_label_corrected_20260727_114115\raw\HALAL CONTROL\845EE4479BE3__845EE4479BE3__101.Lactic Acid,PURAC (THAILAND) LTD社-HALAL CONTROL(2020-05-15).pdf","certificate_classifier\data\dataset_v2_label_corrected_20260727_114115\raw\HALAL CONTROL\845EE4479BE3__845EE4479BE3__101.Lactic Acid,PURAC (THAILAND) LTD社-HALAL CONTROL(2020-05-15).pdf","845EE4479BE3__845EE4479BE3__101.Lactic Acid,PURAC (THAILAND) LTD社-HALAL CONTROL(2020-05-15).pdf",".pdf","79510","0.0758","2026-07-23T17:24:18","2020-03-30T14:24:54","PDF"
"RUNTIME","D:\halal_web_runtime","D:\halal_web_runtime\certificate_classifier\data\dataset_v2_label_corrected_20260727_114115\raw\HALAL CONTROL\8CAE2AD1E9D2__8CAE2AD1E9D2__halal control sample.pdf","certificate_classifier\data\dataset_v2_label_corrected_20260727_114115\raw\HALAL CONTROL\8CAE2AD1E9D2__8CAE2AD1E9D2__halal control sample.pdf","8CAE2AD1E9D2__8CAE2AD1E9D2__halal control sample.pdf",".pdf","269652","0.2572","2026-07-23T17:24:18","2026-07-23T14:08:00","PDF"
"RUNTIME","D:\halal_web_runtime","D:\halal_web_runtime\certificate_classifier\data\dataset_v2_label_corrected_20260727_114115\raw\HALAL CONTROL\98694064CED0__98694064CED0__cesarin-certificato-halal-2024 halal control.pdf","certificate_classifier\data\dataset_v2_label_corrected_20260727_114115\raw\HALAL CONTROL\98694064CED0__98694064CED0__cesarin-certificato-halal-2024 halal control.pdf","98694064CED0__98694064CED0__cesarin-certificato-halal-2024 halal control.pdf",".pdf","322798","0.3078","2026-07-23T17:24:18","2026-07-23T14:07:36","PDF"
"RUNTIME","D:\halal_web_runtime","D:\halal_web_runtime\certificate_classifier\data\dataset_v2_label_corrected_20260727_114115\raw\HALAL CONTROL\BF6999BB87A5__BF6999BB87A5__C-16-60078-01-12 halal control.pdf","certificate_classifier\data\dataset_v2_label_corrected_20260727_114115\raw\HALAL CONTROL\BF6999BB87A5__BF6999BB87A5__C-16-60078-01-12 halal control.pdf","BF6999BB87A5__BF6999BB87A5__C-16-60078-01-12 halal control.pdf",".pdf","269954","0.2574","2026-07-23T17:24:18","2026-07-23T14:08:43","PDF"
"RUNTIME","D:\halal_web_runtime","D:\halal_web_runtime\certificate_classifier\data\dataset_v2_label_corrected_20260727_114115\raw\HALAL CONTROL\FEB19422E0A9__FEB19422E0A9__56. VITACEL Powdered  Cellulose DV type(J.Retten)[HALAL CONTROL_2026-08-12]농.pdf","certificate_classifier\data\dataset_v2_label_corrected_20260727_114115\raw\HALAL CONTROL\FEB19422E0A9__FEB19422E0A9__56. VITACEL Powdered  Cellulose DV type(J.Retten)[HALAL CONTROL_2026-08-12]농.pdf","FEB19422E0A9__FEB19422E0A9__56. VITACEL Powdered  Cellulose DV type(J.Retten)[HALAL CONTROL_2026-08-12]농.pdf",".pdf","318692","0.3039","2026-07-23T17:24:18","2025-09-08T11:29:23","PDF"
"RUNTIME","D:\halal_web_runtime","D:\halal_web_runtime\certificate_classifier\data\dataset_v2_label_corrected_20260727_114115\raw\HCA\31F31DD907D2__31F31DD907D2__veg-halal-certificate-moi- HCA.pdf","certificate_classifier\data\dataset_v2_label_corrected_20260727_114115\raw\HCA\31F31DD907D2__31F31DD907D2__veg-halal-certificate-moi- HCA.pdf","31F31DD907D2__31F31DD907D2__veg-halal-certificate-moi- HCA.pdf",".pdf","1672382","1.5949","2026-07-23T17:24:18","2026-07-23T14:36:09","PDF"
"RUNTIME","D:\halal_web_runtime","D:\halal_web_runtime\certificate_classifier\data\dataset_v2_label_corrected_20260727_114115\raw\HCA\4AEBBC5AD564__4AEBBC5AD564__halal_certificate_hung_phat_fruits_producing_company_limited_2026_-_exp_132027 HCA.pdf","certificate_classifier\data\dataset_v2_label_corrected_20260727_114115\raw\HCA\4AEBBC5AD564__4AEBBC5AD564__halal_certificate_hung_phat_fruits_producing_company_limited_2026_-_exp_132027 HCA.pdf","4AEBBC5AD564__4AEBBC5AD564__halal_certificate_hung_phat_fruits_producing_company_limited_2026_-_exp_132027 HCA.pdf",".pdf","1398726","1.3339","2026-07-23T17:24:18","2026-07-23T14:35:49","PDF"
"RUNTIME","D:\halal_web_runtime","D:\halal_web_runtime\certificate_classifier\data\dataset_v2_label_corrected_20260727_114115\raw\HCA\4D4624D71B9E__4D4624D71B9E__sample HCA HALAL-2025.pdf","certificate_classifier\data\dataset_v2_label_corrected_20260727_114115\raw\HCA\4D4624D71B9E__4D4624D71B9E__sample HCA HALAL-2025.pdf","4D4624D71B9E__4D4624D71B9E__sample HCA HALAL-2025.pdf",".pdf","2539318","2.4217","2026-07-23T17:24:18","2026-05-25T15:59:06","PDF"
"RUNTIME","D:\halal_web_runtime","D:\halal_web_runtime\certificate_classifier\data\dataset_v2_label_corrected_20260727_114115\raw\HCA\82219E51DBD3__82219E51DBD3__sample HCA Halal-certificate.pdf","certificate_classifier\data\dataset_v2_label_corrected_20260727_114115\raw\HCA\82219E51DBD3__82219E51DBD3__sample HCA Halal-certificate.pdf","82219E51DBD3__82219E51DBD3__sample HCA Halal-certificate.pdf",".pdf","2018015","1.9245","2026-07-23T17:24:18","2026-05-25T15:58:58","PDF"
"RUNTIME","D:\halal_web_runtime","D:\halal_web_runtime\certificate_classifier\data\dataset_v2_label_corrected_20260727_114115\raw\HCA\A48BF373F7A8__A48BF373F7A8__sample HCA HALAL-HCA.pdf","certificate_classifier\data\dataset_v2_label_corrected_20260727_114115\raw\HCA\A48BF373F7A8__A48BF373F7A8__sample HCA HALAL-HCA.pdf","A48BF373F7A8__A48BF373F7A8__sample HCA HALAL-HCA.pdf",".pdf","9040377","8.6216","2026-07-23T17:24:18","2026-05-25T15:58:44","PDF"
"RUNTIME","D:\halal_web_runtime","D:\halal_web_runtime\certificate_classifier\data\dataset_v2_label_corrected_20260727_114115\raw\HCA\A79A17693A2B__A79A17693A2B__sample HCA E981BA04-9A5B-E282-69C5D68ACC3CC2C3-document.pdf","certificate_classifier\data\dataset_v2_label_corrected_20260727_114115\raw\HCA\A79A17693A2B__A79A17693A2B__sample HCA E981BA04-9A5B-E282-69C5D68ACC3CC2C3-document.pdf","A79A17693A2B__A79A17693A2B__sample HCA E981BA04-9A5B-E282-69C5D68ACC3CC2C3-document.pdf",".pdf","461478","0.4401","2026-07-23T17:24:18","2026-05-25T15:59:43","PDF"
"RUNTIME","D:\halal_web_runtime","D:\halal_web_runtime\certificate_classifier\data\dataset_v2_label_corrected_20260727_114115\raw\HCA\A7D030E9DF8A__A7D030E9DF8A__sample HCA halal_certificate.pdf","certificate_classifier\data\dataset_v2_label_corrected_20260727_114115\raw\HCA\A7D030E9DF8A__A7D030E9DF8A__sample HCA halal_certificate.pdf","A7D030E9DF8A__A7D030E9DF8A__sample HCA halal_certificate.pdf",".pdf","845813","0.8066","2026-07-23T17:24:18","2026-05-25T15:59:18","PDF"
"RUNTIME","D:\halal_web_runtime","D:\halal_web_runtime\certificate_classifier\data\dataset_v2_label_corrected_20260727_114115\raw\HCA\C715C4EE182D__C715C4EE182D__16. Ground Cassia-Cinnamon(LONG)[HCA_2025-10-09]M.pdf","certificate_classifier\data\dataset_v2_label_corrected_20260727_114115\raw\HCA\C715C4EE182D__C715C4EE182D__16. Ground Cassia-Cinnamon(LONG)[HCA_2025-10-09]M.pdf","C715C4EE182D__C715C4EE182D__16. Ground Cassia-Cinnamon(LONG)[HCA_2025-10-09]M.pdf",".pdf","1042573","0.9943","2026-07-23T17:24:18","2022-10-27T09:57:02","PDF"
"RUNTIME","D:\halal_web_runtime","D:\halal_web_runtime\certificate_classifier\data\dataset_v2_label_corrected_20260727_114115\raw\HCA\DBCE628AD099__DBCE628AD099__sample HCA With Love Gretel 22.1.26.pdf","certificate_classifier\data\dataset_v2_label_corrected_20260727_114115\raw\HCA\DBCE628AD099__DBCE628AD099__sample HCA With Love Gretel 22.1.26.pdf","DBCE628AD099__DBCE628AD099__sample HCA With Love Gretel 22.1.26.pdf",".pdf","952554","0.9084","2026-07-23T17:24:18","2026-05-25T15:59:38","PDF"
"RUNTIME","D:\halal_web_runtime","D:\halal_web_runtime\certificate_classifier\data\dataset_v2_label_corrected_20260727_114115\raw\HCA\E484B7EDE305__E484B7EDE305__sample HCA 20.03.2025 DOBLA ASIA HCA 049.pdf","certificate_classifier\data\dataset_v2_label_corrected_20260727_114115\raw\HCA\E484B7EDE305__E484B7EDE305__sample HCA 20.03.2025 DOBLA ASIA HCA 049.pdf","E484B7EDE305__E484B7EDE305__sample HCA 20.03.2025 DOBLA ASIA HCA 049.pdf",".pdf","16920381","16.1365","2026-07-23T17:24:18","2026-05-25T15:59:22","PDF"
"RUNTIME","D:\halal_web_runtime","D:\halal_web_runtime\certificate_classifier\data\dataset_v2_label_corrected_20260727_114115\raw\HCA\FCE941D304BE__FCE941D304BE__162-1.Crude Rice Bran Oil,WILMAR AGRO VIETNAM COMPANY LIMITED社-Halal Certification Agency (HCA)(2021-07-31).pdf","certificate_classifier\data\dataset_v2_label_corrected_20260727_114115\raw\HCA\FCE941D304BE__FCE941D304BE__162-1.Crude Rice Bran Oil,WILMAR AGRO VIETNAM COMPANY LIMITED社-Halal Certification Agency (HCA)(2021-07-31).pdf","FCE941D304BE__FCE941D304BE__162-1.Crude Rice Bran Oil,WILMAR AGRO VIETNAM COMPANY LIMITED社-Halal Certification Agency (HCA)(2021-07-31).pdf",".pdf","69159","0.066","2026-07-23T17:24:18","2020-11-23T14:03:53","PDF"
"RUNTIME","D:\halal_web_runtime","D:\halal_web_runtime\certificate_classifier\data\dataset_v2_label_corrected_20260727_114115\raw\HCA\FEBBE41C6053__FEBBE41C6053__sample HCA HALAL certificate.pdf","certificate_classifier\data\dataset_v2_label_corrected_20260727_114115\raw\HCA\FEBBE41C6053__FEBBE41C6053__sample HCA HALAL certificate.pdf","FEBBE41C6053__FEBBE41C6053__sample HCA HALAL certificate.pdf",".pdf","532203","0.5075","2026-07-23T17:24:18","2026-05-25T15:59:33","PDF"
"RUNTIME","D:\halal_web_runtime","D:\halal_web_runtime\certificate_classifier\data\dataset_v2_label_corrected_20260727_114115\raw\HCE\2BBB9FE07D9E__2BBB9FE07D9E__sample HCE hce-halal-certificate-europe.pdf","certificate_classifier\data\dataset_v2_label_corrected_20260727_114115\raw\HCE\2BBB9FE07D9E__2BBB9FE07D9E__sample HCE hce-halal-certificate-europe.pdf","2BBB9FE07D9E__2BBB9FE07D9E__sample HCE hce-halal-certificate-europe.pdf",".pdf","336294","0.3207","2026-07-23T17:24:18","2026-05-25T15:52:05","PDF"
"RUNTIME","D:\halal_web_runtime","D:\halal_web_runtime\certificate_classifier\data\dataset_v2_label_corrected_20260727_114115\raw\HCE\453373A30A76__453373A30A76__sample HCE Halal-Certificate-25-26.pdf","certificate_classifier\data\dataset_v2_label_corrected_20260727_114115\raw\HCE\453373A30A76__453373A30A76__sample HCE Halal-Certificate-25-26.pdf","453373A30A76__453373A30A76__sample HCE Halal-Certificate-25-26.pdf",".pdf","317139","0.3024","2026-07-23T17:24:18","2026-05-25T15:52:18","PDF"
"RUNTIME","D:\halal_web_runtime","D:\halal_web_runtime\certificate_classifier\data\dataset_v2_label_corrected_20260727_114115\raw\HCE\4C9A1E644D9F__4C9A1E644D9F__sample HCE Halal-2022-2023-NTL.pdf","certificate_classifier\data\dataset_v2_label_corrected_20260727_114115\raw\HCE\4C9A1E644D9F__4C9A1E644D9F__sample HCE Halal-2022-2023-NTL.pdf","4C9A1E644D9F__4C9A1E644D9F__sample HCE Halal-2022-2023-NTL.pdf",".pdf","221884","0.2116","2026-07-23T17:24:18","2026-05-25T15:56:15","PDF"
"RUNTIME","D:\halal_web_runtime","D:\halal_web_runtime\certificate_classifier\data\dataset_v2_label_corrected_20260727_114115\raw\HCE\716070CFD830__716070CFD830__sample HCE Kudos-Blends-Limited-HCE-GSO-Halal-Certificate-2024-2025.pdf","certificate_classifier\data\dataset_v2_label_corrected_20260727_114115\raw\HCE\716070CFD830__716070CFD830__sample HCE Kudos-Blends-Limited-HCE-GSO-Halal-Certificate-2024-2025.pdf","716070CFD830__716070CFD830__sample HCE Kudos-Blends-Limited-HCE-GSO-Halal-Certificate-2024-2025.pdf",".pdf","357716","0.3411","2026-07-23T17:24:18","2026-05-25T15:52:55","PDF"
"RUNTIME","D:\halal_web_runtime","D:\halal_web_runtime\certificate_classifier\data\dataset_v2_label_corrected_20260727_114115\raw\HCE\8BC027B91A1D__8BC027B91A1D__sample HCE Halal-Certificate-2025-2026.pdf","certificate_classifier\data\dataset_v2_label_corrected_20260727_114115\raw\HCE\8BC027B91A1D__8BC027B91A1D__sample HCE Halal-Certificate-2025-2026.pdf","8BC027B91A1D__8BC027B91A1D__sample HCE Halal-Certificate-2025-2026.pdf",".pdf","322684","0.3077","2026-07-23T17:24:18","2026-05-25T15:52:35","PDF"
"RUNTIME","D:\halal_web_runtime","D:\halal_web_runtime\certificate_classifier\data\dataset_v2_label_corrected_20260727_114115\raw\HCE\925EA24BF2C9__925EA24BF2C9__90. MAIZE FLOUR(Kalizea)[HCE_2026-01-24]s.pdf","certificate_classifier\data\dataset_v2_label_corrected_20260727_114115\raw\HCE\925EA24BF2C9__925EA24BF2C9__90. MAIZE FLOUR(Kalizea)[HCE_2026-01-24]s.pdf","925EA24BF2C9__925EA24BF2C9__90. MAIZE FLOUR(Kalizea)[HCE_2026-01-24]s.pdf",".pdf","352194","0.3359","2026-07-23T17:24:18","2025-02-04T08:17:11","PDF"
"RUNTIME","D:\halal_web_runtime","D:\halal_web_runtime\certificate_classifier\data\dataset_v2_label_corrected_20260727_114115\raw\HCE\B93FC8B6C1E1__B93FC8B6C1E1__sample HCE 21459-1_william_blythe_ltd_hce_non_gso_halal_certificate.pdf","certificate_classifier\data\dataset_v2_label_corrected_20260727_114115\raw\HCE\B93FC8B6C1E1__B93FC8B6C1E1__sample HCE 21459-1_william_blythe_ltd_hce_non_gso_halal_certificate.pdf","B93FC8B6C1E1__B93FC8B6C1E1__sample HCE 21459-1_william_blythe_ltd_hce_non_gso_halal_certificate.pdf",".pdf","345953","0.3299","2026-07-23T17:24:18","2026-05-25T15:52:26","PDF"
"RUNTIME","D:\halal_web_runtime","D:\halal_web_runtime\certificate_classifier\data\dataset_v2_label_corrected_20260727_114115\raw\HCE\C5DC373A92BD__C5DC373A92BD__sample HCE 66e68df75a9e5e3d496d8b14_Halal-Certificate-2024.pdf","certificate_classifier\data\dataset_v2_label_corrected_20260727_114115\raw\HCE\C5DC373A92BD__C5DC373A92BD__sample HCE 66e68df75a9e5e3d496d8b14_Halal-Certificate-2024.pdf","C5DC373A92BD__C5DC373A92BD__sample HCE 66e68df75a9e5e3d496d8b14_Halal-Certificate-2024.pdf",".pdf","345888","0.3299","2026-07-23T17:24:18","2026-05-25T15:56:04","PDF"
"RUNTIME","D:\halal_web_runtime","D:\halal_web_runtime\certificate_classifier\data\dataset_v2_label_corrected_20260727_114115\raw\HCE\D684D2056063__D684D2056063__Halal-Certificate-2024-2025_extension HCE.pdf","certificate_classifier\data\dataset_v2_label_corrected_20260727_114115\raw\HCE\D684D2056063__D684D2056063__Halal-Certificate-2024-2025_extension HCE.pdf","D684D2056063__D684D2056063__Halal-Certificate-2024-2025_extension HCE.pdf",".pdf","953973","0.9098","2026-07-23T17:24:18","2026-07-23T15:34:54","PDF"
"RUNTIME","D:\halal_web_runtime","D:\halal_web_runtime\certificate_classifier\data\dataset_v2_label_corrected_20260727_114115\raw\HFCE\1BD9F4B138EC__1BD9F4B138EC__76-1.Celluclast,NOVOZYMES AS社-HFCE(2021-06-30).pdf","certificate_classifier\data\dataset_v2_label_corrected_20260727_114115\raw\HFCE\1BD9F4B138EC__1BD9F4B138EC__76-1.Celluclast,NOVOZYMES AS社-HFCE(2021-06-30).pdf","1BD9F4B138EC__1BD9F4B138EC__76-1.Celluclast,NOVOZYMES AS社-HFCE(2021-06-30).pdf",".pdf","275265","0.2625","2026-07-23T17:24:18","2020-07-16T10:29:12","PDF"
"RUNTIME","D:\halal_web_runtime","D:\halal_web_runtime\certificate_classifier\data\dataset_v2_label_corrected_20260727_114115\raw\HFCE\1FB280F1006C__1FB280F1006C__29-1. Non-GMO Crude Soybeen oil-HFCE(2022-09-30).pdf","certificate_classifier\data\dataset_v2_label_corrected_20260727_114115\raw\HFCE\1FB280F1006C__1FB280F1006C__29-1. Non-GMO Crude Soybeen oil-HFCE(2022-09-30).pdf","1FB280F1006C__1FB280F1006C__29-1. Non-GMO Crude Soybeen oil-HFCE(2022-09-30).pdf",".pdf","980537","0.9351","2026-07-23T17:24:18","2022-04-12T10:49:56","PDF"
"RUNTIME","D:\halal_web_runtime","D:\halal_web_runtime\certificate_classifier\data\dataset_v2_label_corrected_20260727_114115\raw\HFCE\22A99AE7BC05__22A99AE7BC05__32_1. Non-GMO Crude Soybeen oil(Bunge)[HFCE_2025-09-30]롯.pdf","certificate_classifier\data\dataset_v2_label_corrected_20260727_114115\raw\HFCE\22A99AE7BC05__22A99AE7BC05__32_1. Non-GMO Crude Soybeen oil(Bunge)[HFCE_2025-09-30]롯.pdf","22A99AE7BC05__22A99AE7BC05__32_1. Non-GMO Crude Soybeen oil(Bunge)[HFCE_2025-09-30]롯.pdf",".pdf","219202","0.209","2026-07-23T17:24:18","2023-10-27T17:30:59","PDF"
"RUNTIME","D:\halal_web_runtime","D:\halal_web_runtime\certificate_classifier\data\dataset_v2_label_corrected_20260727_114115\raw\HFCE\28D97B26AC30__28D97B26AC30__37_4. NuCel 743PW(BIO)[HFCE_2025-12-31]락.pdf","certificate_classifier\data\dataset_v2_label_corrected_20260727_114115\raw\HFCE\28D97B26AC30__28D97B26AC30__37_4. NuCel 743PW(BIO)[HFCE_2025-12-31]락.pdf","28D97B26AC30__28D97B26AC30__37_4. NuCel 743PW(BIO)[HFCE_2025-12-31]락.pdf",".pdf","584131","0.5571","2026-07-23T17:24:18","2025-06-26T09:46:21","PDF"
"RUNTIME","D:\halal_web_runtime","D:\halal_web_runtime\certificate_classifier\data\dataset_v2_label_corrected_20260727_114115\raw\HFCE\2A810D349460__2A810D349460__32_1. Non-GMO Crude Soybean oil(Bunge)[HFCE_2026-09-30]롯.pdf","certificate_classifier\data\dataset_v2_label_corrected_20260727_114115\raw\HFCE\2A810D349460__2A810D349460__32_1. Non-GMO Crude Soybean oil(Bunge)[HFCE_2026-09-30]롯.pdf","2A810D349460__2A810D349460__32_1. Non-GMO Crude Soybean oil(Bunge)[HFCE_2026-09-30]롯.pdf",".pdf","223913","0.2135","2026-07-23T17:24:18","2025-10-20T17:53:49","PDF"
"RUNTIME","D:\halal_web_runtime","D:\halal_web_runtime\certificate_classifier\data\dataset_v2_label_corrected_20260727_114115\raw\HFCE\398B4C609FC9__398B4C609FC9__31-02.SOY PEPTONE A2 SC-HFCE(2022-03-31).pdf","certificate_classifier\data\dataset_v2_label_corrected_20260727_114115\raw\HFCE\398B4C609FC9__398B4C609FC9__31-02.SOY PEPTONE A2 SC-HFCE(2022-03-31).pdf","398B4C609FC9__398B4C609FC9__31-02.SOY PEPTONE A2 SC-HFCE(2022-03-31).pdf",".pdf","321597","0.3067","2026-07-23T17:24:18","2021-06-03T11:11:47","PDF"
"RUNTIME","D:\halal_web_runtime","D:\halal_web_runtime\certificate_classifier\data\dataset_v2_label_corrected_20260727_114115\raw\HFCE\546D36BC5D74__546D36BC5D74__107.Oleoresin Capsicum-HFCE(2021-10-31).pdf","certificate_classifier\data\dataset_v2_label_corrected_20260727_114115\raw\HFCE\546D36BC5D74__546D36BC5D74__107.Oleoresin Capsicum-HFCE(2021-10-31).pdf","546D36BC5D74__546D36BC5D74__107.Oleoresin Capsicum-HFCE(2021-10-31).pdf",".pdf","645064","0.6152","2026-07-23T17:24:18","2021-01-12T08:29:12","PDF"
"RUNTIME","D:\halal_web_runtime","D:\halal_web_runtime\certificate_classifier\data\dataset_v2_label_corrected_20260727_114115\raw\HFCE\625782B18E45__625782B18E45__37_4. SPRINGER 020020-PW-L-HFCE(2024-12-31).pdf","certificate_classifier\data\dataset_v2_label_corrected_20260727_114115\raw\HFCE\625782B18E45__625782B18E45__37_4. SPRINGER 020020-PW-L-HFCE(2024-12-31).pdf","625782B18E45__625782B18E45__37_4. SPRINGER 020020-PW-L-HFCE(2024-12-31).pdf",".pdf","2435759","2.3229","2026-07-23T17:24:18","2024-01-26T14:54:42","PDF"
"RUNTIME","D:\halal_web_runtime","D:\halal_web_runtime\certificate_classifier\data\dataset_v2_label_corrected_20260727_114115\raw\HFCE\6308F6C7015B__6308F6C7015B__38_2. SOY PEPTONE A2 SC-HFCE(2024-03-31).pdf","certificate_classifier\data\dataset_v2_label_corrected_20260727_114115\raw\HFCE\6308F6C7015B__6308F6C7015B__38_2. SOY PEPTONE A2 SC-HFCE(2024-03-31).pdf","6308F6C7015B__6308F6C7015B__38_2. SOY PEPTONE A2 SC-HFCE(2024-03-31).pdf",".pdf","1964318","1.8733","2026-07-23T17:24:18","2023-08-14T07:39:51","PDF"
"RUNTIME","D:\halal_web_runtime","D:\halal_web_runtime\certificate_classifier\data\dataset_v2_label_corrected_20260727_114115\raw\HFCE\7C172A8ACA0A__7C172A8ACA0A__sample HFCE ab-enzymes-finland-oy-plant-registration-halal-2025-2026-id-120094.pdf","certificate_classifier\data\dataset_v2_label_corrected_20260727_114115\raw\HFCE\7C172A8ACA0A__7C172A8ACA0A__sample HFCE ab-enzymes-finland-oy-plant-registration-halal-2025-2026-id-120094.pdf","7C172A8ACA0A__7C172A8ACA0A__sample HFCE ab-enzymes-finland-oy-plant-registration-halal-2025-2026-id-120094.pdf",".pdf","393716","0.3755","2026-07-23T17:24:18","2026-05-25T15:53:33","PDF"
"RUNTIME","D:\halal_web_runtime","D:\halal_web_runtime\certificate_classifier\data\dataset_v2_label_corrected_20260727_114115\raw\HFCE\81BBD368A003__81BBD368A003__89.MAIZE FLOUR F1,Kalizea France-HFCE(HC-19KAEI07,2020-10-31).pdf","certificate_classifier\data\dataset_v2_label_corrected_20260727_114115\raw\HFCE\81BBD368A003__81BBD368A003__89.MAIZE FLOUR F1,Kalizea France-HFCE(HC-19KAEI07,2020-10-31).pdf","81BBD368A003__81BBD368A003__89.MAIZE FLOUR F1,Kalizea France-HFCE(HC-19KAEI07,2020-10-31).pdf",".pdf","222087","0.2118","2026-07-23T17:24:18","2020-03-04T10:20:58","PDF"
"RUNTIME","D:\halal_web_runtime","D:\halal_web_runtime\certificate_classifier\data\dataset_v2_label_corrected_20260727_114115\raw\HFCE\8348ABE532AB__8348ABE532AB__132. Paprika OLEORSIN-HFCE(2024-10-31).pdf","certificate_classifier\data\dataset_v2_label_corrected_20260727_114115\raw\HFCE\8348ABE532AB__8348ABE532AB__132. Paprika OLEORSIN-HFCE(2024-10-31).pdf","8348ABE532AB__8348ABE532AB__132. Paprika OLEORSIN-HFCE(2024-10-31).pdf",".pdf","1092451","1.0418","2026-07-23T17:24:18","2023-12-06T10:21:17","PDF"
"RUNTIME","D:\halal_web_runtime","D:\halal_web_runtime\certificate_classifier\data\dataset_v2_label_corrected_20260727_114115\raw\HFCE\9150B2552253__9150B2552253__120.Protease(Promod 278 MDP)-HFCE(2022-10-31).pdf","certificate_classifier\data\dataset_v2_label_corrected_20260727_114115\raw\HFCE\9150B2552253__9150B2552253__120.Protease(Promod 278 MDP)-HFCE(2022-10-31).pdf","9150B2552253__9150B2552253__120.Protease(Promod 278 MDP)-HFCE(2022-10-31).pdf",".pdf","339697","0.324","2026-07-23T17:24:18","2022-04-18T10:50:32","PDF"
"RUNTIME","D:\halal_web_runtime","D:\halal_web_runtime\certificate_classifier\data\dataset_v2_label_corrected_20260727_114115\raw\HFCE\94DB281F3733__94DB281F3733__32-04.SPRINGER 020020-PW-L,BIOSPRIGER S.A社-HFCE(2021-12-31).pdf","certificate_classifier\data\dataset_v2_label_corrected_20260727_114115\raw\HFCE\94DB281F3733__94DB281F3733__32-04.SPRINGER 020020-PW-L,BIOSPRIGER S.A社-HFCE(2021-12-31).pdf","94DB281F3733__94DB281F3733__32-04.SPRINGER 020020-PW-L,BIOSPRIGER S.A社-HFCE(2021-12-31).pdf",".pdf","144602","0.1379","2026-07-23T17:24:18","2021-02-05T15:02:31","PDF"
"RUNTIME","D:\halal_web_runtime","D:\halal_web_runtime\certificate_classifier\data\dataset_v2_label_corrected_20260727_114115\raw\HFCE\B94786A4FA0D__B94786A4FA0D__85.Thiamine Hydrochloride -HFCE(2021-11-30).pdf","certificate_classifier\data\dataset_v2_label_corrected_20260727_114115\raw\HFCE\B94786A4FA0D__B94786A4FA0D__85.Thiamine Hydrochloride -HFCE(2021-11-30).pdf","B94786A4FA0D__B94786A4FA0D__85.Thiamine Hydrochloride -HFCE(2021-11-30).pdf",".pdf","187860","0.1792","2026-07-23T17:24:18","2021-01-12T14:00:26","PDF"
"RUNTIME","D:\halal_web_runtime","D:\halal_web_runtime\certificate_classifier\data\dataset_v2_label_corrected_20260727_114115\raw\HFCE\BAF62DFE0F17__BAF62DFE0F17__HALAL HFCE - SPRINGER 2020_0 MG L.pdf","certificate_classifier\data\dataset_v2_label_corrected_20260727_114115\raw\HFCE\BAF62DFE0F17__BAF62DFE0F17__HALAL HFCE - SPRINGER 2020_0 MG L.pdf","BAF62DFE0F17__BAF62DFE0F17__HALAL HFCE - SPRINGER 2020_0 MG L.pdf",".pdf","143833","0.1372","2026-07-23T17:24:18","2021-03-16T14:17:33","PDF"
"RUNTIME","D:\halal_web_runtime","D:\halal_web_runtime\certificate_classifier\data\dataset_v2_label_corrected_20260727_114115\raw\HFCE\CEBD5B72B210__CEBD5B72B210__sample HFCE Galaflow_PL_60_Halal.pdf","certificate_classifier\data\dataset_v2_label_corrected_20260727_114115\raw\HFCE\CEBD5B72B210__CEBD5B72B210__sample HFCE Galaflow_PL_60_Halal.pdf","CEBD5B72B210__CEBD5B72B210__sample HFCE Galaflow_PL_60_Halal.pdf",".pdf","1176435","1.1219","2026-07-23T17:24:18","2026-05-25T15:54:29","PDF"
"RUNTIME","D:\halal_web_runtime","D:\halal_web_runtime\certificate_classifier\data\dataset_v2_label_corrected_20260727_114115\raw\HFCE\D0E6D00DFBD5__D0E6D00DFBD5__sample HFCE Halal-ZertifikatNVdilimler2016.pdf","certificate_classifier\data\dataset_v2_label_corrected_20260727_114115\raw\HFCE\D0E6D00DFBD5__D0E6D00DFBD5__sample HFCE Halal-ZertifikatNVdilimler2016.pdf","D0E6D00DFBD5__D0E6D00DFBD5__sample HFCE Halal-ZertifikatNVdilimler2016.pdf",".pdf","116085","0.1107","2026-07-23T17:24:18","2026-05-25T15:53:22","PDF"
"RUNTIME","D:\halal_web_runtime","D:\halal_web_runtime\certificate_classifier\data\dataset_v2_label_corrected_20260727_114115\raw\HFCE\D2E136B29B45__D2E136B29B45__106.Paprika Oleoresin-HFCE(2022-10-31).pdf","certificate_classifier\data\dataset_v2_label_corrected_20260727_114115\raw\HFCE\D2E136B29B45__D2E136B29B45__106.Paprika Oleoresin-HFCE(2022-10-31).pdf","D2E136B29B45__D2E136B29B45__106.Paprika Oleoresin-HFCE(2022-10-31).pdf",".pdf","420409","0.4009","2026-07-23T17:24:18","2021-12-23T16:25:33","PDF"
"RUNTIME","D:\halal_web_runtime","D:\halal_web_runtime\certificate_classifier\data\dataset_v2_label_corrected_20260727_114115\raw\HFCE\D31799B9FEDC__D31799B9FEDC__sample HFCE HALAL.pdf","certificate_classifier\data\dataset_v2_label_corrected_20260727_114115\raw\HFCE\D31799B9FEDC__D31799B9FEDC__sample HFCE HALAL.pdf","D31799B9FEDC__D31799B9FEDC__sample HFCE HALAL.pdf",".pdf","106057","0.1011","2026-07-23T17:24:18","2026-05-25T15:53:52","PDF"
"RUNTIME","D:\halal_web_runtime","D:\halal_web_runtime\certificate_classifier\data\dataset_v2_label_corrected_20260727_114115\raw\HFCE\E904528307C0__E904528307C0__123-6.Vitapherol T-70 Non GMO,Vitae Caps, S.A.(Vitae Naturals)社-HFCE(2021-06-30).pdf","certificate_classifier\data\dataset_v2_label_corrected_20260727_114115\raw\HFCE\E904528307C0__E904528307C0__123-6.Vitapherol T-70 Non GMO,Vitae Caps, S.A.(Vitae Naturals)社-HFCE(2021-06-30).pdf","E904528307C0__E904528307C0__123-6.Vitapherol T-70 Non GMO,Vitae Caps, S.A.(Vitae Naturals)社-HFCE(2021-06-30).pdf",".pdf","238821","0.2278","2026-07-23T17:24:18","2021-01-19T09:06:08","PDF"
"RUNTIME","D:\halal_web_runtime","D:\halal_web_runtime\certificate_classifier\data\dataset_v2_label_corrected_20260727_114115\raw\HFFIA\0BC771C75031__0BC771C75031__GHC-ISA-24001-004-22072024-KM hffia.pdf","certificate_classifier\data\dataset_v2_label_corrected_20260727_114115\raw\HFFIA\0BC771C75031__0BC771C75031__GHC-ISA-24001-004-22072024-KM hffia.pdf","0BC771C75031__0BC771C75031__GHC-ISA-24001-004-22072024-KM hffia.pdf",".pdf","141998","0.1354","2026-07-23T17:24:18","2026-07-23T14:49:00","PDF"
"RUNTIME","D:\halal_web_runtime","D:\halal_web_runtime\certificate_classifier\data\dataset_v2_label_corrected_20260727_114115\raw\HFFIA\314F5B626AE6__314F5B626AE6__93.Yeast extract YB (DSM),DSM FOOD SPECIALTIES CO., LTD-HFFIA(DSM19003H001580191,2019-06-30).pdf","certificate_classifier\data\dataset_v2_label_corrected_20260727_114115\raw\HFFIA\314F5B626AE6__314F5B626AE6__93.Yeast extract YB (DSM),DSM FOOD SPECIALTIES CO., LTD-HFFIA(DSM19003H001580191,2019-06-30).pdf","314F5B626AE6__314F5B626AE6__93.Yeast extract YB (DSM),DSM FOOD SPECIALTIES CO., LTD-HFFIA(DSM19003H001580191,2019-06-30).pdf",".pdf","625720","0.5967","2026-07-23T17:24:18","2018-07-30T08:43:36","PDF"
"RUNTIME","D:\halal_web_runtime","D:\halal_web_runtime\certificate_classifier\data\dataset_v2_label_corrected_20260727_114115\raw\HFFIA\3DCC81957E7F__3DCC81957E7F__halal-rvb-wa-exp-31-05-2026 hffia.pdf","certificate_classifier\data\dataset_v2_label_corrected_20260727_114115\raw\HFFIA\3DCC81957E7F__3DCC81957E7F__halal-rvb-wa-exp-31-05-2026 hffia.pdf","3DCC81957E7F__3DCC81957E7F__halal-rvb-wa-exp-31-05-2026 hffia.pdf",".pdf","141204","0.1347","2026-07-23T17:24:18","2026-07-23T14:49:11","PDF"
"RUNTIME","D:\halal_web_runtime","D:\halal_web_runtime\certificate_classifier\data\dataset_v2_label_corrected_20260727_114115\raw\HFFIA\408568C71DB4__408568C71DB4__Dobla Belgium_Halal_2021 hffia.pdf","certificate_classifier\data\dataset_v2_label_corrected_20260727_114115\raw\HFFIA\408568C71DB4__408568C71DB4__Dobla Belgium_Halal_2021 hffia.pdf","408568C71DB4__408568C71DB4__Dobla Belgium_Halal_2021 hffia.pdf",".pdf","4477134","4.2697","2026-07-23T17:24:18","2026-07-23T14:49:44","PDF"
"RUNTIME","D:\halal_web_runtime","D:\halal_web_runtime\certificate_classifier\data\dataset_v2_label_corrected_20260727_114115\raw\HFFIA\52314D7A90E7__52314D7A90E7__halalcertificate hffia.pdf","certificate_classifier\data\dataset_v2_label_corrected_20260727_114115\raw\HFFIA\52314D7A90E7__52314D7A90E7__halalcertificate hffia.pdf","52314D7A90E7__52314D7A90E7__halalcertificate hffia.pdf",".pdf","1545955","1.4743","2026-07-23T17:24:18","2026-07-23T14:48:17","PDF"
"RUNTIME","D:\halal_web_runtime","D:\halal_web_runtime\certificate_classifier\data\dataset_v2_label_corrected_20260727_114115\raw\HFFIA\5DD65132416E__5DD65132416E__halal+certificaat+mexma hffia.pdf","certificate_classifier\data\dataset_v2_label_corrected_20260727_114115\raw\HFFIA\5DD65132416E__5DD65132416E__halal+certificaat+mexma hffia.pdf","5DD65132416E__5DD65132416E__halal+certificaat+mexma hffia.pdf",".pdf","1110748","1.0593","2026-07-23T17:24:18","2026-07-23T14:49:24","PDF"
"RUNTIME","D:\halal_web_runtime","D:\halal_web_runtime\certificate_classifier\data\dataset_v2_label_corrected_20260727_114115\raw\HFFIA\5E4A178A916D__5E4A178A916D__halal_brno_fibrous_2021-2022 hffia.pdf","certificate_classifier\data\dataset_v2_label_corrected_20260727_114115\raw\HFFIA\5E4A178A916D__5E4A178A916D__halal_brno_fibrous_2021-2022 hffia.pdf","5E4A178A916D__5E4A178A916D__halal_brno_fibrous_2021-2022 hffia.pdf",".pdf","989965","0.9441","2026-07-23T17:24:18","2026-07-23T14:49:50","PDF"
"RUNTIME","D:\halal_web_runtime","D:\halal_web_runtime\certificate_classifier\data\dataset_v2_label_corrected_20260727_114115\raw\HFFIA\6E093D8F797B__6E093D8F797B__56. VITACEL Powdered  Cellulose DV type(J.Retten)[HFFIA_2025-09-30]농.pdf","certificate_classifier\data\dataset_v2_label_corrected_20260727_114115\raw\HFFIA\6E093D8F797B__6E093D8F797B__56. VITACEL Powdered  Cellulose DV type(J.Retten)[HFFIA_2025-09-30]농.pdf","6E093D8F797B__6E093D8F797B__56. VITACEL Powdered  Cellulose DV type(J.Retten)[HFFIA_2025-09-30]농.pdf",".pdf","1185825","1.1309","2026-07-23T17:24:18","2025-07-16T06:14:59","PDF"
"RUNTIME","D:\halal_web_runtime","D:\halal_web_runtime\certificate_classifier\data\dataset_v2_label_corrected_20260727_114115\raw\HFFIA\84271188AF28__84271188AF28__SDGIZR_072025_Halal_Certificaat hffia.pdf","certificate_classifier\data\dataset_v2_label_corrected_20260727_114115\raw\HFFIA\84271188AF28__84271188AF28__SDGIZR_072025_Halal_Certificaat hffia.pdf","84271188AF28__84271188AF28__SDGIZR_072025_Halal_Certificaat hffia.pdf",".pdf","271642","0.2591","2026-07-23T17:24:18","2026-07-23T14:48:31","PDF"
"RUNTIME","D:\halal_web_runtime","D:\halal_web_runtime\certificate_classifier\data\dataset_v2_label_corrected_20260727_114115\raw\HFFIA\875EE7C93BEE__875EE7C93BEE__비타셀L600-HFFIA_2023-09-30.pdf","certificate_classifier\data\dataset_v2_label_corrected_20260727_114115\raw\HFFIA\875EE7C93BEE__875EE7C93BEE__비타셀L600-HFFIA_2023-09-30.pdf","875EE7C93BEE__875EE7C93BEE__비타셀L600-HFFIA_2023-09-30.pdf",".pdf","1152711","1.0993","2026-07-23T17:24:18","2023-09-25T14:11:14","PDF"
"RUNTIME","D:\halal_web_runtime","D:\halal_web_runtime\certificate_classifier\data\dataset_v2_label_corrected_20260727_114115\raw\HFFIA\9837B34970C4__9837B34970C4__Certificaat-halal-exp.-30-06-26-1 hffia.pdf","certificate_classifier\data\dataset_v2_label_corrected_20260727_114115\raw\HFFIA\9837B34970C4__9837B34970C4__Certificaat-halal-exp.-30-06-26-1 hffia.pdf","9837B34970C4__9837B34970C4__Certificaat-halal-exp.-30-06-26-1 hffia.pdf",".pdf","156387","0.1491","2026-07-23T17:24:18","2026-07-23T14:49:38","PDF"
"RUNTIME","D:\halal_web_runtime","D:\halal_web_runtime\certificate_classifier\data\dataset_v2_label_corrected_20260727_114115\raw\HFFIA\9C2CDF88267C__9C2CDF88267C__37. Maxarome Select Powder-HFFIA(2023-06-30).pdf","certificate_classifier\data\dataset_v2_label_corrected_20260727_114115\raw\HFFIA\9C2CDF88267C__9C2CDF88267C__37. Maxarome Select Powder-HFFIA(2023-06-30).pdf","9C2CDF88267C__9C2CDF88267C__37. Maxarome Select Powder-HFFIA(2023-06-30).pdf",".pdf","1114147","1.0625","2026-07-23T17:24:18","2022-07-19T12:57:22","PDF"
"RUNTIME","D:\halal_web_runtime","D:\halal_web_runtime\certificate_classifier\data\dataset_v2_label_corrected_20260727_114115\raw\HFFIA\B1741F7840B2__B1741F7840B2__37.Maxarome Select Powder,DSM FOOD SPECIALTIES CO., LTD社-HFFIA(2021-06-30).pdf","certificate_classifier\data\dataset_v2_label_corrected_20260727_114115\raw\HFFIA\B1741F7840B2__B1741F7840B2__37.Maxarome Select Powder,DSM FOOD SPECIALTIES CO., LTD社-HFFIA(2021-06-30).pdf","B1741F7840B2__B1741F7840B2__37.Maxarome Select Powder,DSM FOOD SPECIALTIES CO., LTD社-HFFIA(2021-06-30).pdf",".pdf","1110044","1.0586","2026-07-23T17:24:18","2021-01-11T13:21:20","PDF"
"RUNTIME","D:\halal_web_runtime","D:\halal_web_runtime\certificate_classifier\data\dataset_v2_label_corrected_20260727_114115\raw\HFFIA\D3BE87D17FBA__D3BE87D17FBA__40. Maxarome Select Powder(DSM)[HFFIA_2025-12-31]네.pdf","certificate_classifier\data\dataset_v2_label_corrected_20260727_114115\raw\HFFIA\D3BE87D17FBA__D3BE87D17FBA__40. Maxarome Select Powder(DSM)[HFFIA_2025-12-31]네.pdf","D3BE87D17FBA__D3BE87D17FBA__40. Maxarome Select Powder(DSM)[HFFIA_2025-12-31]네.pdf",".pdf","165615","0.1579","2026-07-23T17:24:18","2025-06-26T17:13:35","PDF"
"RUNTIME","D:\halal_web_runtime","D:\halal_web_runtime\certificate_classifier\data\dataset_v2_label_corrected_20260727_114115\raw\HFFIA\E822DD695DF3__E822DD695DF3__Halal-Skimmed-Milk-MTW_EN hffia.pdf","certificate_classifier\data\dataset_v2_label_corrected_20260727_114115\raw\HFFIA\E822DD695DF3__E822DD695DF3__Halal-Skimmed-Milk-MTW_EN hffia.pdf","E822DD695DF3__E822DD695DF3__Halal-Skimmed-Milk-MTW_EN hffia.pdf",".pdf","134918","0.1287","2026-07-23T17:24:18","2026-07-23T14:49:31","PDF"
"RUNTIME","D:\halal_web_runtime","D:\halal_web_runtime\certificate_classifier\data\dataset_v2_label_corrected_20260727_114115\raw\HFFIA\F5FA6CDED6D2__F5FA6CDED6D2__halal-certificate-expiration-date-september-30th-2026 hffia.pdf","certificate_classifier\data\dataset_v2_label_corrected_20260727_114115\raw\HFFIA\F5FA6CDED6D2__F5FA6CDED6D2__halal-certificate-expiration-date-september-30th-2026 hffia.pdf","F5FA6CDED6D2__F5FA6CDED6D2__halal-certificate-expiration-date-september-30th-2026 hffia.pdf",".pdf","1246493","1.1887","2026-07-23T17:24:18","2026-07-23T14:47:53","PDF"
"RUNTIME","D:\halal_web_runtime","D:\halal_web_runtime\certificate_classifier\data\dataset_v2_label_corrected_20260727_114115\raw\HFQ\171D34D20F84__171D34D20F84__RSG4-F6-CERTIFICADO-HALAL_INC_Ing HFQ.pdf","certificate_classifier\data\dataset_v2_label_corrected_20260727_114115\raw\HFQ\171D34D20F84__171D34D20F84__RSG4-F6-CERTIFICADO-HALAL_INC_Ing HFQ.pdf","171D34D20F84__171D34D20F84__RSG4-F6-CERTIFICADO-HALAL_INC_Ing HFQ.pdf",".pdf","440888","0.4205","2026-07-23T17:24:18","2026-07-23T14:54:16","PDF"
"RUNTIME","D:\halal_web_runtime","D:\halal_web_runtime\certificate_classifier\data\dataset_v2_label_corrected_20260727_114115\raw\HFQ\3E03F86F1CA1__3E03F86F1CA1__sample HFQ-7.7-F02-CERTIFICADO-HALAL_COSTERTEC_INC_Ing.pdf","certificate_classifier\data\dataset_v2_label_corrected_20260727_114115\raw\HFQ\3E03F86F1CA1__3E03F86F1CA1__sample HFQ-7.7-F02-CERTIFICADO-HALAL_COSTERTEC_INC_Ing.pdf","3E03F86F1CA1__3E03F86F1CA1__sample HFQ-7.7-F02-CERTIFICADO-HALAL_COSTERTEC_INC_Ing.pdf",".pdf","126578","0.1207","2026-07-23T17:24:18","2026-05-25T15:49:39","PDF"
"RUNTIME","D:\halal_web_runtime","D:\halal_web_runtime\certificate_classifier\data\dataset_v2_label_corrected_20260727_114115\raw\HFQ\42E639F62C3C__42E639F62C3C__RSG4-F6-CERTIFICADO-HALAL_INC_Ing1 HFQ.pdf","certificate_classifier\data\dataset_v2_label_corrected_20260727_114115\raw\HFQ\42E639F62C3C__42E639F62C3C__RSG4-F6-CERTIFICADO-HALAL_INC_Ing1 HFQ.pdf","42E639F62C3C__42E639F62C3C__RSG4-F6-CERTIFICADO-HALAL_INC_Ing1 HFQ.pdf",".pdf","359131","0.3425","2026-07-23T17:24:18","2026-07-23T14:54:28","PDF"
"RUNTIME","D:\halal_web_runtime","D:\halal_web_runtime\certificate_classifier\data\dataset_v2_label_corrected_20260727_114115\raw\HFQ\618EBC74EE51__618EBC74EE51__HALAL_IRIMAR_Ing HFQ.pdf","certificate_classifier\data\dataset_v2_label_corrected_20260727_114115\raw\HFQ\618EBC74EE51__618EBC74EE51__HALAL_IRIMAR_Ing HFQ.pdf","618EBC74EE51__618EBC74EE51__HALAL_IRIMAR_Ing HFQ.pdf",".pdf","589209","0.5619","2026-07-23T17:24:18","2026-07-23T14:54:21","PDF"
"RUNTIME","D:\halal_web_runtime","D:\halal_web_runtime\certificate_classifier\data\dataset_v2_label_corrected_20260727_114115\raw\HFQ\777AD40E01F2__777AD40E01F2__sample HFQ HALAL-CC_HFQ-7.7-F02-CERTIFICADO-HALAL_GAP-2025.pdf","certificate_classifier\data\dataset_v2_label_corrected_20260727_114115\raw\HFQ\777AD40E01F2__777AD40E01F2__sample HFQ HALAL-CC_HFQ-7.7-F02-CERTIFICADO-HALAL_GAP-2025.pdf","777AD40E01F2__777AD40E01F2__sample HFQ HALAL-CC_HFQ-7.7-F02-CERTIFICADO-HALAL_GAP-2025.pdf",".pdf","407710","0.3888","2026-07-23T17:24:18","2026-05-25T15:50:37","PDF"
"RUNTIME","D:\halal_web_runtime","D:\halal_web_runtime\certificate_classifier\data\dataset_v2_label_corrected_20260727_114115\raw\HFQ\85EC6DC627DA__85EC6DC627DA__sample HFQ CERTIFICADO-HALAL-SEKISUI-2025_Signed-1.pdf","certificate_classifier\data\dataset_v2_label_corrected_20260727_114115\raw\HFQ\85EC6DC627DA__85EC6DC627DA__sample HFQ CERTIFICADO-HALAL-SEKISUI-2025_Signed-1.pdf","85EC6DC627DA__85EC6DC627DA__sample HFQ CERTIFICADO-HALAL-SEKISUI-2025_Signed-1.pdf",".pdf","395025","0.3767","2026-07-23T17:24:18","2026-05-25T15:50:52","PDF"
"RUNTIME","D:\halal_web_runtime","D:\halal_web_runtime\certificate_classifier\data\dataset_v2_label_corrected_20260727_114115\raw\HFQ\8D7598B26C42__8D7598B26C42__sample HFQ RSG4-F6 CERTIFICADO HALAL_MAT_Ing.pdf","certificate_classifier\data\dataset_v2_label_corrected_20260727_114115\raw\HFQ\8D7598B26C42__8D7598B26C42__sample HFQ RSG4-F6 CERTIFICADO HALAL_MAT_Ing.pdf","8D7598B26C42__8D7598B26C42__sample HFQ RSG4-F6 CERTIFICADO HALAL_MAT_Ing.pdf",".pdf","452819","0.4318","2026-07-23T17:24:18","2026-05-25T15:50:26","PDF"
"RUNTIME","D:\halal_web_runtime","D:\halal_web_runtime\certificate_classifier\data\dataset_v2_label_corrected_20260727_114115\raw\HFQ\946EA5762C1B__946EA5762C1B__CERTIFICADO-HALAL-SCENTIUM-2025-CM HFQ.pdf","certificate_classifier\data\dataset_v2_label_corrected_20260727_114115\raw\HFQ\946EA5762C1B__946EA5762C1B__CERTIFICADO-HALAL-SCENTIUM-2025-CM HFQ.pdf","946EA5762C1B__946EA5762C1B__CERTIFICADO-HALAL-SCENTIUM-2025-CM HFQ.pdf",".pdf","353023","0.3367","2026-07-23T17:24:18","2026-07-23T14:53:38","PDF"
"RUNTIME","D:\halal_web_runtime","D:\halal_web_runtime\certificate_classifier\data\dataset_v2_label_corrected_20260727_114115\raw\HFQ\A6F9AD4B2810__A6F9AD4B2810__sample IRIMAR-2018-ING HFQ.pdf","certificate_classifier\data\dataset_v2_label_corrected_20260727_114115\raw\HFQ\A6F9AD4B2810__A6F9AD4B2810__sample IRIMAR-2018-ING HFQ.pdf","A6F9AD4B2810__A6F9AD4B2810__sample IRIMAR-2018-ING HFQ.pdf",".pdf","304936","0.2908","2026-07-23T17:24:18","2026-05-25T15:50:05","PDF"
"RUNTIME","D:\halal_web_runtime","D:\halal_web_runtime\certificate_classifier\data\dataset_v2_label_corrected_20260727_114115\raw\HFQ\ACB3B95814FD__ACB3B95814FD__sample HFQ 04_2021_ING.pdf","certificate_classifier\data\dataset_v2_label_corrected_20260727_114115\raw\HFQ\ACB3B95814FD__ACB3B95814FD__sample HFQ 04_2021_ING.pdf","ACB3B95814FD__ACB3B95814FD__sample HFQ 04_2021_ING.pdf",".pdf","324522","0.3095","2026-07-23T17:24:18","2026-05-25T15:51:06","PDF"
"RUNTIME","D:\halal_web_runtime","D:\halal_web_runtime\certificate_classifier\data\dataset_v2_label_corrected_20260727_114115\raw\HFQ\AF413935EAA7__AF413935EAA7__120. Paprika OLEORSIN(EVESA)[HFQ_2026-04-10]T.pdf","certificate_classifier\data\dataset_v2_label_corrected_20260727_114115\raw\HFQ\AF413935EAA7__AF413935EAA7__120. Paprika OLEORSIN(EVESA)[HFQ_2026-04-10]T.pdf","AF413935EAA7__AF413935EAA7__120. Paprika OLEORSIN(EVESA)[HFQ_2026-04-10]T.pdf",".pdf","677084","0.6457","2026-07-23T17:24:18","2025-09-08T11:37:08","PDF"
"RUNTIME","D:\halal_web_runtime","D:\halal_web_runtime\certificate_classifier\data\dataset_v2_label_corrected_20260727_114115\raw\HQC\0E8CF427D63A__0E8CF427D63A__108_1. S7468, S2568, S1668, S1568, S4268)(Lanxess)[HQC_2026-10-08]씨.pdf","certificate_classifier\data\dataset_v2_label_corrected_20260727_114115\raw\HQC\0E8CF427D63A__0E8CF427D63A__108_1. S7468, S2568, S1668, S1568, S4268)(Lanxess)[HQC_2026-10-08]씨.pdf","0E8CF427D63A__0E8CF427D63A__108_1. S7468, S2568, S1668, S1568, S4268)(Lanxess)[HQC_2026-10-08]씨.pdf",".pdf","763355","0.728","2026-07-23T17:24:18","2025-09-01T08:32:04","PDF"
"RUNTIME","D:\halal_web_runtime","D:\halal_web_runtime\certificate_classifier\data\dataset_v2_label_corrected_20260727_114115\raw\HQC\1404AEEC8E14__1404AEEC8E14__37_5. Trisodium citrate(Jungbunz)[HQC_2026-07-08]락.pdf","certificate_classifier\data\dataset_v2_label_corrected_20260727_114115\raw\HQC\1404AEEC8E14__1404AEEC8E14__37_5. Trisodium citrate(Jungbunz)[HQC_2026-07-08]락.pdf","1404AEEC8E14__1404AEEC8E14__37_5. Trisodium citrate(Jungbunz)[HQC_2026-07-08]락.pdf",".pdf","2549278","2.4312","2026-07-23T17:24:18","2025-09-09T16:01:15","PDF"
"RUNTIME","D:\halal_web_runtime","D:\halal_web_runtime\certificate_classifier\data\dataset_v2_label_corrected_20260727_114115\raw\HQC\1BD3B35FF393__1BD3B35FF393__Halal_Certificate 2025_HQC_Bitterfeld_new (1).pdf","certificate_classifier\data\dataset_v2_label_corrected_20260727_114115\raw\HQC\1BD3B35FF393__1BD3B35FF393__Halal_Certificate 2025_HQC_Bitterfeld_new (1).pdf","1BD3B35FF393__1BD3B35FF393__Halal_Certificate 2025_HQC_Bitterfeld_new (1).pdf",".pdf","738399","0.7042","2026-07-23T17:24:18","2025-09-01T08:34:10","PDF"
"RUNTIME","D:\halal_web_runtime","D:\halal_web_runtime\certificate_classifier\data\dataset_v2_label_corrected_20260727_114115\raw\HQC\56AE029D0277__56AE029D0277__120. Paprika OLEORSIN(EVESA)[HQC_2025-04-10]T.pdf","certificate_classifier\data\dataset_v2_label_corrected_20260727_114115\raw\HQC\56AE029D0277__56AE029D0277__120. Paprika OLEORSIN(EVESA)[HQC_2025-04-10]T.pdf","56AE029D0277__56AE029D0277__120. Paprika OLEORSIN(EVESA)[HQC_2025-04-10]T.pdf",".pdf","690501","0.6585","2026-07-23T17:24:18","2024-10-21T07:17:03","PDF"
"RUNTIME","D:\halal_web_runtime","D:\halal_web_runtime\certificate_classifier\data\dataset_v2_label_corrected_20260727_114115\raw\HQC\6F6F2B7619DF__6F6F2B7619DF__79_2. Pectinex(Novozyme)[HQC_2028-07-01]Q.pdf","certificate_classifier\data\dataset_v2_label_corrected_20260727_114115\raw\HQC\6F6F2B7619DF__6F6F2B7619DF__79_2. Pectinex(Novozyme)[HQC_2028-07-01]Q.pdf","6F6F2B7619DF__6F6F2B7619DF__79_2. Pectinex(Novozyme)[HQC_2028-07-01]Q.pdf",".pdf","727668","0.694","2026-07-23T17:24:18","2025-06-26T16:52:29","PDF"
"RUNTIME","D:\halal_web_runtime","D:\halal_web_runtime\certificate_classifier\data\dataset_v2_label_corrected_20260727_114115\raw\HQC\7459B0569DDF__7459B0569DDF__DF - Halal HQC certificate (301125).pdf","certificate_classifier\data\dataset_v2_label_corrected_20260727_114115\raw\HQC\7459B0569DDF__7459B0569DDF__DF - Halal HQC certificate (301125).pdf","7459B0569DDF__7459B0569DDF__DF - Halal HQC certificate (301125).pdf",".pdf","1219313","1.1628","2026-07-23T17:24:18","2025-09-11T12:57:58","PDF"
"RUNTIME","D:\halal_web_runtime","D:\halal_web_runtime\certificate_classifier\data\dataset_v2_label_corrected_20260727_114115\raw\HQC\81490DD36BC2__81490DD36BC2__173_1_2. Celluclast(Novozyme)[HQC_2028-07-01]내.pdf","certificate_classifier\data\dataset_v2_label_corrected_20260727_114115\raw\HQC\81490DD36BC2__81490DD36BC2__173_1_2. Celluclast(Novozyme)[HQC_2028-07-01]내.pdf","81490DD36BC2__81490DD36BC2__173_1_2. Celluclast(Novozyme)[HQC_2028-07-01]내.pdf",".pdf","724446","0.6909","2026-07-23T17:24:18","2025-07-17T13:19:32","PDF"
"RUNTIME","D:\halal_web_runtime","D:\halal_web_runtime\certificate_classifier\data\dataset_v2_label_corrected_20260727_114115\raw\HQC\88C7CF050E8B__88C7CF050E8B__슈가시럽-Halal Quality Control - Halal Zertifikat - SÜDZUCKER Karasirup - gültig bis 12.12.2022.pdf","certificate_classifier\data\dataset_v2_label_corrected_20260727_114115\raw\HQC\88C7CF050E8B__88C7CF050E8B__슈가시럽-Halal Quality Control - Halal Zertifikat - SÜDZUCKER Karasirup - gültig bis 12.12.2022.pdf","88C7CF050E8B__88C7CF050E8B__슈가시럽-Halal Quality Control - Halal Zertifikat - SÜDZUCKER Karasirup - gültig bis 12.12.2022.pdf",".pdf","1141610","1.0887","2026-07-23T17:24:18","2022-02-25T08:36:26","PDF"
"RUNTIME","D:\halal_web_runtime","D:\halal_web_runtime\certificate_classifier\data\dataset_v2_label_corrected_20260727_114115\raw\HQC\A4D2E90DA6A1__A4D2E90DA6A1__20250703_072436_16_Halal certificate (HQC)_ Food & Beverage products (Novozymes DK)_2021-08077.pdf","certificate_classifier\data\dataset_v2_label_corrected_20260727_114115\raw\HQC\A4D2E90DA6A1__A4D2E90DA6A1__20250703_072436_16_Halal certificate (HQC)_ Food & Beverage products (Novozymes DK)_2021-08077.pdf","A4D2E90DA6A1__A4D2E90DA6A1__20250703_072436_16_Halal certificate (HQC)_ Food & Beverage products (Novozymes DK)_2021-08077.pdf",".pdf","727134","0.6934","2026-07-23T17:24:18","2025-07-03T07:24:00","PDF"
"RUNTIME","D:\halal_web_runtime","D:\halal_web_runtime\certificate_classifier\data\dataset_v2_label_corrected_20260727_114115\raw\HQC\A9A7C595E7AF__A9A7C595E7AF__122. Protease-Promod 278 MDP)(BIOCATAL)[HQC_2026-04-15]B.pdf","certificate_classifier\data\dataset_v2_label_corrected_20260727_114115\raw\HQC\A9A7C595E7AF__A9A7C595E7AF__122. Protease-Promod 278 MDP)(BIOCATAL)[HQC_2026-04-15]B.pdf","A9A7C595E7AF__A9A7C595E7AF__122. Protease-Promod 278 MDP)(BIOCATAL)[HQC_2026-04-15]B.pdf",".pdf","777855","0.7418","2026-07-23T17:24:18","2025-07-18T17:35:57","PDF"
"RUNTIME","D:\halal_web_runtime","D:\halal_web_runtime\certificate_classifier\data\dataset_v2_label_corrected_20260727_114115\raw\HQC\E288E73C752C__E288E73C752C__110_1_4. Dextrozyme(Novozyme)[HQC_2028-07-01]대.pdf","certificate_classifier\data\dataset_v2_label_corrected_20260727_114115\raw\HQC\E288E73C752C__E288E73C752C__110_1_4. Dextrozyme(Novozyme)[HQC_2028-07-01]대.pdf","E288E73C752C__E288E73C752C__110_1_4. Dextrozyme(Novozyme)[HQC_2028-07-01]대.pdf",".pdf","700682","0.6682","2026-07-23T17:24:18","2025-06-26T17:44:40","PDF"
"RUNTIME","D:\halal_web_runtime","D:\halal_web_runtime\certificate_classifier\data\dataset_v2_label_corrected_20260727_114115\raw\HQC\E5F40D4EEC70__E5F40D4EEC70__74. INSTANTGUM BA(NEXIRA)[HQC_2026-01-16]강.pdf","certificate_classifier\data\dataset_v2_label_corrected_20260727_114115\raw\HQC\E5F40D4EEC70__E5F40D4EEC70__74. INSTANTGUM BA(NEXIRA)[HQC_2026-01-16]강.pdf","E5F40D4EEC70__E5F40D4EEC70__74. INSTANTGUM BA(NEXIRA)[HQC_2026-01-16]강.pdf",".pdf","1090604","1.0401","2026-07-23T17:24:18","2025-06-05T06:43:10","PDF"
"RUNTIME","D:\halal_web_runtime","D:\halal_web_runtime\certificate_classifier\data\dataset_v2_label_corrected_20260727_114115\raw\HQC\EB1AE14E8CB1__EB1AE14E8CB1__H1Y22Halal-Certificate HQC.pdf","certificate_classifier\data\dataset_v2_label_corrected_20260727_114115\raw\HQC\EB1AE14E8CB1__EB1AE14E8CB1__H1Y22Halal-Certificate HQC.pdf","EB1AE14E8CB1__EB1AE14E8CB1__H1Y22Halal-Certificate HQC.pdf",".pdf","843542","0.8045","2026-07-23T17:24:18","2026-07-23T14:33:52","PDF"
"RUNTIME","D:\halal_web_runtime","D:\halal_web_runtime\certificate_classifier\data\dataset_v2_label_corrected_20260727_114115\raw\IFANCA\53DBC7DBFD47__53DBC7DBFD47__Halal-certificate-Sacco-exp-31012027 IFANCA.pdf","certificate_classifier\data\dataset_v2_label_corrected_20260727_114115\raw\IFANCA\53DBC7DBFD47__53DBC7DBFD47__Halal-certificate-Sacco-exp-31012027 IFANCA.pdf","53DBC7DBFD47__53DBC7DBFD47__Halal-certificate-Sacco-exp-31012027 IFANCA.pdf",".pdf","636977","0.6075","2026-07-23T17:24:18","2026-07-23T17:01:24","PDF"
"RUNTIME","D:\halal_web_runtime","D:\halal_web_runtime\certificate_classifier\data\dataset_v2_label_corrected_20260727_114115\raw\IFANCA\5AC956AAEED2__5AC956AAEED2__54. Modified starch FIRM-TEX(INGREDIO)[IFANCA_2025-09-30]인.pdf","certificate_classifier\data\dataset_v2_label_corrected_20260727_114115\raw\IFANCA\5AC956AAEED2__5AC956AAEED2__54. Modified starch FIRM-TEX(INGREDIO)[IFANCA_2025-09-30]인.pdf","5AC956AAEED2__5AC956AAEED2__54. Modified starch FIRM-TEX(INGREDIO)[IFANCA_2025-09-30]인.pdf",".pdf","4697022","4.4794","2026-07-23T17:24:18","2023-10-18T17:39:45","PDF"
"RUNTIME","D:\halal_web_runtime","D:\halal_web_runtime\certificate_classifier\data\dataset_v2_label_corrected_20260727_114115\raw\IFANCA\5E516F1EEE29__5E516F1EEE29__54. FIRMTEX®(INGREDIO)[IFANCA_2027-09-30]사.pdf","certificate_classifier\data\dataset_v2_label_corrected_20260727_114115\raw\IFANCA\5E516F1EEE29__5E516F1EEE29__54. FIRMTEX®(INGREDIO)[IFANCA_2027-09-30]사.pdf","5E516F1EEE29__5E516F1EEE29__54. FIRMTEX®(INGREDIO)[IFANCA_2027-09-30]사.pdf",".pdf","5820774","5.5511","2026-07-23T17:24:18","2025-09-10T13:08:41","PDF"
"RUNTIME","D:\halal_web_runtime","D:\halal_web_runtime\certificate_classifier\data\dataset_v2_label_corrected_20260727_114115\raw\IFANCA\5E5D8D9A2C53__5E5D8D9A2C53__130_7. FIRMTEX(INGREDIO)[IFANCA_2025-09-30]G.pdf","certificate_classifier\data\dataset_v2_label_corrected_20260727_114115\raw\IFANCA\5E5D8D9A2C53__5E5D8D9A2C53__130_7. FIRMTEX(INGREDIO)[IFANCA_2025-09-30]G.pdf","5E5D8D9A2C53__5E5D8D9A2C53__130_7. FIRMTEX(INGREDIO)[IFANCA_2025-09-30]G.pdf",".pdf","5820848","5.5512","2026-07-23T17:24:18","2024-12-03T09:35:19","PDF"
"RUNTIME","D:\halal_web_runtime","D:\halal_web_runtime\certificate_classifier\data\dataset_v2_label_corrected_20260727_114115\raw\IFANCA\71F2D40B96FB__71F2D40B96FB__Lewisville Halal ifanca.pdf","certificate_classifier\data\dataset_v2_label_corrected_20260727_114115\raw\IFANCA\71F2D40B96FB__71F2D40B96FB__Lewisville Halal ifanca.pdf","71F2D40B96FB__71F2D40B96FB__Lewisville Halal ifanca.pdf",".pdf","1963330","1.8724","2026-07-23T17:24:18","2026-07-23T15:34:18","PDF"
"RUNTIME","D:\halal_web_runtime","D:\halal_web_runtime\certificate_classifier\data\dataset_v2_label_corrected_20260727_114115\raw\IFANCA\789C25F20DDA__NOHASH_00199__98-3-3-2. Powdered Acid Washed Activated Carbon-IFANCA(2021-12-31).pdf","certificate_classifier\data\dataset_v2_label_corrected_20260727_114115\raw\IFANCA\789C25F20DDA__NOHASH_00199__98-3-3-2. Powdered Acid Washed Activated Carbon-IFANCA(2021-12-31).pdf","789C25F20DDA__NOHASH_00199__98-3-3-2. Powdered Acid Washed Activated Carbon-IFANCA(2021-12-31).pdf",".pdf","457187","0.436","2026-07-23T17:24:18","2022-03-08T11:45:57","PDF"
"RUNTIME","D:\halal_web_runtime","D:\halal_web_runtime\certificate_classifier\data\dataset_v2_label_corrected_20260727_114115\raw\IFANCA\8C9F270FDEC4__8C9F270FDEC4__155. Beef Type Flavor(Givaudan)[IFANCA_2026-05-31]G.pdf","certificate_classifier\data\dataset_v2_label_corrected_20260727_114115\raw\IFANCA\8C9F270FDEC4__8C9F270FDEC4__155. Beef Type Flavor(Givaudan)[IFANCA_2026-05-31]G.pdf","8C9F270FDEC4__8C9F270FDEC4__155. Beef Type Flavor(Givaudan)[IFANCA_2026-05-31]G.pdf",".pdf","141942","0.1354","2026-07-23T17:24:18","2025-06-13T09:31:31","PDF"
"RUNTIME","D:\halal_web_runtime","D:\halal_web_runtime\certificate_classifier\data\dataset_v2_label_corrected_20260727_114115\raw\IFANCA\97F7DCB4BB15__97F7DCB4BB15__109_2. Granular Activated Carbon-IFANCA(2024-12-31).pdf","certificate_classifier\data\dataset_v2_label_corrected_20260727_114115\raw\IFANCA\97F7DCB4BB15__97F7DCB4BB15__109_2. Granular Activated Carbon-IFANCA(2024-12-31).pdf","97F7DCB4BB15__97F7DCB4BB15__109_2. Granular Activated Carbon-IFANCA(2024-12-31).pdf",".pdf","233678","0.2229","2026-07-23T17:24:18","2024-03-08T10:28:24","PDF"
"RUNTIME","D:\halal_web_runtime","D:\halal_web_runtime\certificate_classifier\data\dataset_v2_label_corrected_20260727_114115\raw\IFANCA\B545C93ABC7E__B545C93ABC7E__1729412199__ALO.5187. 5008. 240069.US IFANCA.pdf","certificate_classifier\data\dataset_v2_label_corrected_20260727_114115\raw\IFANCA\B545C93ABC7E__B545C93ABC7E__1729412199__ALO.5187. 5008. 240069.US IFANCA.pdf","B545C93ABC7E__B545C93ABC7E__1729412199__ALO.5187. 5008. 240069.US IFANCA.pdf",".pdf","625531","0.5966","2026-07-23T17:24:18","2026-07-23T17:02:31","PDF"
"RUNTIME","D:\halal_web_runtime","D:\halal_web_runtime\certificate_classifier\data\dataset_v2_label_corrected_20260727_114115\raw\IFANCA\C87BD0DFB24D__C87BD0DFB24D__168. Beef Type Flavor-IFANCA(2024-05-31).pdf","certificate_classifier\data\dataset_v2_label_corrected_20260727_114115\raw\IFANCA\C87BD0DFB24D__C87BD0DFB24D__168. Beef Type Flavor-IFANCA(2024-05-31).pdf","C87BD0DFB24D__C87BD0DFB24D__168. Beef Type Flavor-IFANCA(2024-05-31).pdf",".pdf","233409","0.2226","2026-07-23T17:24:18","2023-12-19T14:40:26","PDF"
"RUNTIME","D:\halal_web_runtime","D:\halal_web_runtime\certificate_classifier\data\dataset_v2_label_corrected_20260727_114115\raw\IFANCA\CF910B302A04__CF910B302A04__117. Non-GMO Soybean Meal(Zeeland)[IFANCA_2026-05-31]타.pdf","certificate_classifier\data\dataset_v2_label_corrected_20260727_114115\raw\IFANCA\CF910B302A04__CF910B302A04__117. Non-GMO Soybean Meal(Zeeland)[IFANCA_2026-05-31]타.pdf","CF910B302A04__CF910B302A04__117. Non-GMO Soybean Meal(Zeeland)[IFANCA_2026-05-31]타.pdf",".pdf","287594","0.2743","2026-07-23T17:24:18","2025-06-09T10:12:44","PDF"
"RUNTIME","D:\halal_web_runtime","D:\halal_web_runtime\certificate_classifier\data\dataset_v2_label_corrected_20260727_114115\raw\IFANCA\DEFF170B0FB6__DEFF170B0FB6__chb_halal_certificate ifanca.pdf","certificate_classifier\data\dataset_v2_label_corrected_20260727_114115\raw\IFANCA\DEFF170B0FB6__DEFF170B0FB6__chb_halal_certificate ifanca.pdf","DEFF170B0FB6__DEFF170B0FB6__chb_halal_certificate ifanca.pdf",".pdf","1963019","1.8721","2026-07-23T17:24:18","2026-07-23T15:31:41","PDF"
"RUNTIME","D:\halal_web_runtime","D:\halal_web_runtime\certificate_classifier\data\dataset_v2_label_corrected_20260727_114115\raw\IFANCA\FA49CCAB89CC__FA49CCAB89CC__G ST Halal LOC_IFANCA.pdf","certificate_classifier\data\dataset_v2_label_corrected_20260727_114115\raw\IFANCA\FA49CCAB89CC__FA49CCAB89CC__G ST Halal LOC_IFANCA.pdf","FA49CCAB89CC__FA49CCAB89CC__G ST Halal LOC_IFANCA.pdf",".pdf","931099","0.888","2026-07-23T17:24:18","2026-07-23T17:02:23","PDF"
"RUNTIME","D:\halal_web_runtime","D:\halal_web_runtime\certificate_classifier\data\dataset_v2_label_corrected_20260727_114115\raw\ISA\0ECB8A6BDDDD__0ECB8A6BDDDD__sample ISA FG-1800-halal-product-certificate.pdf","certificate_classifier\data\dataset_v2_label_corrected_20260727_114115\raw\ISA\0ECB8A6BDDDD__0ECB8A6BDDDD__sample ISA FG-1800-halal-product-certificate.pdf","0ECB8A6BDDDD__0ECB8A6BDDDD__sample ISA FG-1800-halal-product-certificate.pdf",".pdf","203818","0.1944","2026-07-23T17:24:18","2026-05-25T16:02:42","PDF"
"RUNTIME","D:\halal_web_runtime","D:\halal_web_runtime\certificate_classifier\data\dataset_v2_label_corrected_20260727_114115\raw\ISA\14A7187CECC0__14A7187CECC0__HalalCertificate ISA.pdf","certificate_classifier\data\dataset_v2_label_corrected_20260727_114115\raw\ISA\14A7187CECC0__14A7187CECC0__HalalCertificate ISA.pdf","14A7187CECC0__14A7187CECC0__HalalCertificate ISA.pdf",".pdf","515422","0.4915","2026-07-23T17:24:18","2026-07-23T14:55:57","PDF"
"RUNTIME","D:\halal_web_runtime","D:\halal_web_runtime\certificate_classifier\data\dataset_v2_label_corrected_20260727_114115\raw\ISA\14D4D6F20167__14D4D6F20167__98_4_1. NU55-50(Sensient)[LLS-ISA_2025-12-31]비.pdf","certificate_classifier\data\dataset_v2_label_corrected_20260727_114115\raw\ISA\14D4D6F20167__14D4D6F20167__98_4_1. NU55-50(Sensient)[LLS-ISA_2025-12-31]비.pdf","14D4D6F20167__14D4D6F20167__98_4_1. NU55-50(Sensient)[LLS-ISA_2025-12-31]비.pdf",".pdf","307038","0.2928","2026-07-23T17:24:18","2025-02-14T07:28:00","PDF"
"RUNTIME","D:\halal_web_runtime","D:\halal_web_runtime\certificate_classifier\data\dataset_v2_label_corrected_20260727_114115\raw\ISA\1A92BEF6FF46__1A92BEF6FF46__sample ISA 2025-Halal-Certificate.pdf","certificate_classifier\data\dataset_v2_label_corrected_20260727_114115\raw\ISA\1A92BEF6FF46__1A92BEF6FF46__sample ISA 2025-Halal-Certificate.pdf","1A92BEF6FF46__1A92BEF6FF46__sample ISA 2025-Halal-Certificate.pdf",".pdf","317861","0.3031","2026-07-23T17:24:18","2026-05-25T16:02:20","PDF"
"RUNTIME","D:\halal_web_runtime","D:\halal_web_runtime\certificate_classifier\data\dataset_v2_label_corrected_20260727_114115\raw\ISA\59CFAB548BC3__59CFAB548BC3__sample ISA E106980C-E0DF-E0E2-567459C443B70C08-document.pdf","certificate_classifier\data\dataset_v2_label_corrected_20260727_114115\raw\ISA\59CFAB548BC3__59CFAB548BC3__sample ISA E106980C-E0DF-E0E2-567459C443B70C08-document.pdf","59CFAB548BC3__59CFAB548BC3__sample ISA E106980C-E0DF-E0E2-567459C443B70C08-document.pdf",".pdf","742431","0.708","2026-07-23T17:24:18","2026-05-25T16:02:38","PDF"
"RUNTIME","D:\halal_web_runtime","D:\halal_web_runtime\certificate_classifier\data\dataset_v2_label_corrected_20260727_114115\raw\ISA\6BB4C2526841__6BB4C2526841__Halal-Certificate-Exp-2027 ISA.pdf","certificate_classifier\data\dataset_v2_label_corrected_20260727_114115\raw\ISA\6BB4C2526841__6BB4C2526841__Halal-Certificate-Exp-2027 ISA.pdf","6BB4C2526841__6BB4C2526841__Halal-Certificate-Exp-2027 ISA.pdf",".pdf","207981","0.1983","2026-07-23T17:24:18","2026-07-23T14:56:28","PDF"
"RUNTIME","D:\halal_web_runtime","D:\halal_web_runtime\certificate_classifier\data\dataset_v2_label_corrected_20260727_114115\raw\ISA\7FDF5F2B8F04__7FDF5F2B8F04__sample ISA 79sAuM2HdzQk6gMLdKLD4Sh1SrGZGF8B.pdf","certificate_classifier\data\dataset_v2_label_corrected_20260727_114115\raw\ISA\7FDF5F2B8F04__7FDF5F2B8F04__sample ISA 79sAuM2HdzQk6gMLdKLD4Sh1SrGZGF8B.pdf","7FDF5F2B8F04__7FDF5F2B8F04__sample ISA 79sAuM2HdzQk6gMLdKLD4Sh1SrGZGF8B.pdf",".pdf","94818","0.0904","2026-07-23T17:24:18","2026-05-25T16:02:16","PDF"
"RUNTIME","D:\halal_web_runtime","D:\halal_web_runtime\certificate_classifier\data\dataset_v2_label_corrected_20260727_114115\raw\ISA\B1FF96B4D3B9__B1FF96B4D3B9__sample ISA Halal-Annual-Certificate.pdf","certificate_classifier\data\dataset_v2_label_corrected_20260727_114115\raw\ISA\B1FF96B4D3B9__B1FF96B4D3B9__sample ISA Halal-Annual-Certificate.pdf","B1FF96B4D3B9__B1FF96B4D3B9__sample ISA Halal-Annual-Certificate.pdf",".pdf","792475","0.7558","2026-07-23T17:24:18","2026-05-25T16:02:11","PDF"
"RUNTIME","D:\halal_web_runtime","D:\halal_web_runtime\certificate_classifier\data\dataset_v2_label_corrected_20260727_114115\raw\ISA\B3836AA2FAB5__B3836AA2FAB5__1207-25-39555-2026-halal-certificate-monument-chem ISA.pdf","certificate_classifier\data\dataset_v2_label_corrected_20260727_114115\raw\ISA\B3836AA2FAB5__B3836AA2FAB5__1207-25-39555-2026-halal-certificate-monument-chem ISA.pdf","B3836AA2FAB5__B3836AA2FAB5__1207-25-39555-2026-halal-certificate-monument-chem ISA.pdf",".pdf","200687","0.1914","2026-07-23T17:24:18","2026-07-23T14:56:21","PDF"
"RUNTIME","D:\halal_web_runtime","D:\halal_web_runtime\certificate_classifier\data\dataset_v2_label_corrected_20260727_114115\raw\ISA\B9AD07B9F3BD__B9AD07B9F3BD__Halal-Certificate-2026 ISA.pdf","certificate_classifier\data\dataset_v2_label_corrected_20260727_114115\raw\ISA\B9AD07B9F3BD__B9AD07B9F3BD__Halal-Certificate-2026 ISA.pdf","B9AD07B9F3BD__B9AD07B9F3BD__Halal-Certificate-2026 ISA.pdf",".pdf","6977784","6.6545","2026-07-23T17:24:18","2026-07-23T14:56:14","PDF"
"RUNTIME","D:\halal_web_runtime","D:\halal_web_runtime\certificate_classifier\data\dataset_v2_label_corrected_20260727_114115\raw\ISA\D675992F7E67__D675992F7E67__9. Dehydrated Potatoes-Flakes(Oregon)[ISA_2025-12-31]W.pdf","certificate_classifier\data\dataset_v2_label_corrected_20260727_114115\raw\ISA\D675992F7E67__D675992F7E67__9. Dehydrated Potatoes-Flakes(Oregon)[ISA_2025-12-31]W.pdf","D675992F7E67__D675992F7E67__9. Dehydrated Potatoes-Flakes(Oregon)[ISA_2025-12-31]W.pdf",".pdf","77749","0.0741","2026-07-23T17:24:18","2025-02-05T11:11:37","PDF"
"RUNTIME","D:\halal_web_runtime","D:\halal_web_runtime\certificate_classifier\data\dataset_v2_label_corrected_20260727_114115\raw\ISA\DCED2B676994__DCED2B676994__11-3-3.MM100FK,Mafco Worldwide LLC-ISA(19-12-31).pdf","certificate_classifier\data\dataset_v2_label_corrected_20260727_114115\raw\ISA\DCED2B676994__DCED2B676994__11-3-3.MM100FK,Mafco Worldwide LLC-ISA(19-12-31).pdf","DCED2B676994__DCED2B676994__11-3-3.MM100FK,Mafco Worldwide LLC-ISA(19-12-31).pdf",".pdf","537163","0.5123","2026-07-23T17:24:18","2019-12-13T14:55:52","PDF"
"RUNTIME","D:\halal_web_runtime","D:\halal_web_runtime\certificate_classifier\data\dataset_v2_label_corrected_20260727_114115\raw\ISA\F2906911D258__F2906911D258__11-3-3.MM100FK,Mafco Worldwide LLC社-ISA(2021-12-31).pdf","certificate_classifier\data\dataset_v2_label_corrected_20260727_114115\raw\ISA\F2906911D258__F2906911D258__11-3-3.MM100FK,Mafco Worldwide LLC社-ISA(2021-12-31).pdf","F2906911D258__F2906911D258__11-3-3.MM100FK,Mafco Worldwide LLC社-ISA(2021-12-31).pdf",".pdf","766544","0.731","2026-07-23T17:24:18","2021-02-05T16:18:05","PDF"
"RUNTIME","D:\halal_web_runtime","D:\halal_web_runtime\certificate_classifier\data\dataset_v2_label_corrected_20260727_114115\raw\JAKIM\02767C062E6F__02767C062E6F__34. Maltodextrin Glucose syrup solids(SANSOON)[JAKIM_2026-03-15]한.pdf","certificate_classifier\data\dataset_v2_label_corrected_20260727_114115\raw\JAKIM\02767C062E6F__02767C062E6F__34. Maltodextrin Glucose syrup solids(SANSOON)[JAKIM_2026-03-15]한.pdf","02767C062E6F__02767C062E6F__34. Maltodextrin Glucose syrup solids(SANSOON)[JAKIM_2026-03-15]한.pdf",".pdf","629225","0.6001","2026-07-23T17:24:18","2024-03-21T10:55:00","PDF"
"RUNTIME","D:\halal_web_runtime","D:\halal_web_runtime\certificate_classifier\data\dataset_v2_label_corrected_20260727_114115\raw\JAKIM\2067C92F24C5__2067C92F24C5__110369_halal_certificate_for_product_895_7e9292f19c9759a41826237df46ed75e80d9ace1 jakim.pdf","certificate_classifier\data\dataset_v2_label_corrected_20260727_114115\raw\JAKIM\2067C92F24C5__2067C92F24C5__110369_halal_certificate_for_product_895_7e9292f19c9759a41826237df46ed75e80d9ace1 jakim.pdf","2067C92F24C5__2067C92F24C5__110369_halal_certificate_for_product_895_7e9292f19c9759a41826237df46ed75e80d9ace1 jakim.pdf",".pdf","652687","0.6225","2026-07-23T17:24:18","2026-07-23T14:37:08","PDF"
"RUNTIME","D:\halal_web_runtime","D:\halal_web_runtime\certificate_classifier\data\dataset_v2_label_corrected_20260727_114115\raw\JAKIM\3A3070F4ECA7__3A3070F4ECA7__Hai+Leng+Halal+CertificatePDF_240116_213841 jakim.pdf","certificate_classifier\data\dataset_v2_label_corrected_20260727_114115\raw\JAKIM\3A3070F4ECA7__3A3070F4ECA7__Hai+Leng+Halal+CertificatePDF_240116_213841 jakim.pdf","3A3070F4ECA7__3A3070F4ECA7__Hai+Leng+Halal+CertificatePDF_240116_213841 jakim.pdf",".pdf","208088","0.1984","2026-07-23T17:24:18","2026-07-23T14:32:55","PDF"
"RUNTIME","D:\halal_web_runtime","D:\halal_web_runtime\certificate_classifier\data\dataset_v2_label_corrected_20260727_114115\raw\JAKIM\55BD343442BD__55BD343442BD__103_1. RBDPO-REFIND BLEACHED & DEODORISED PALM OIL(SANDAKAN)[JAKIM_2026-06-15]롯.pdf","certificate_classifier\data\dataset_v2_label_corrected_20260727_114115\raw\JAKIM\55BD343442BD__55BD343442BD__103_1. RBDPO-REFIND BLEACHED & DEODORISED PALM OIL(SANDAKAN)[JAKIM_2026-06-15]롯.pdf","55BD343442BD__55BD343442BD__103_1. RBDPO-REFIND BLEACHED & DEODORISED PALM OIL(SANDAKAN)[JAKIM_2026-06-15]롯.pdf",".pdf","4221559","4.026","2026-07-23T17:24:18","2024-11-12T14:38:46","PDF"
"RUNTIME","D:\halal_web_runtime","D:\halal_web_runtime\certificate_classifier\data\dataset_v2_label_corrected_20260727_114115\raw\JAKIM\5C3B7B96C54A__5C3B7B96C54A__201910121018197905 jakim.pdf","certificate_classifier\data\dataset_v2_label_corrected_20260727_114115\raw\JAKIM\5C3B7B96C54A__5C3B7B96C54A__201910121018197905 jakim.pdf","5C3B7B96C54A__5C3B7B96C54A__201910121018197905 jakim.pdf",".pdf","808840","0.7714","2026-07-23T17:24:18","2026-07-23T14:35:59","PDF"
"RUNTIME","D:\halal_web_runtime","D:\halal_web_runtime\certificate_classifier\data\dataset_v2_label_corrected_20260727_114115\raw\JAKIM\5D1555AF0A2A__5D1555AF0A2A__136_1. FATTY ACIDS(lOI)[JAKIM_2029-05-15]비.pdf","certificate_classifier\data\dataset_v2_label_corrected_20260727_114115\raw\JAKIM\5D1555AF0A2A__5D1555AF0A2A__136_1. FATTY ACIDS(lOI)[JAKIM_2029-05-15]비.pdf","5D1555AF0A2A__5D1555AF0A2A__136_1. FATTY ACIDS(lOI)[JAKIM_2029-05-15]비.pdf",".pdf","473911","0.452","2026-07-23T17:24:18","2024-11-08T15:30:05","PDF"
"RUNTIME","D:\halal_web_runtime","D:\halal_web_runtime\certificate_classifier\data\dataset_v2_label_corrected_20260727_114115\raw\JAKIM\6CEEF59C0DDB__6CEEF59C0DDB__CA-Chicken jakim scan bw.pdf","certificate_classifier\data\dataset_v2_label_corrected_20260727_114115\raw\JAKIM\6CEEF59C0DDB__6CEEF59C0DDB__CA-Chicken jakim scan bw.pdf","6CEEF59C0DDB__6CEEF59C0DDB__CA-Chicken jakim scan bw.pdf",".pdf","576914","0.5502","2026-07-23T17:24:19","2026-07-23T14:38:14","SYNTHETIC_SCAN_PDF"
"RUNTIME","D:\halal_web_runtime","D:\halal_web_runtime\certificate_classifier\data\dataset_v2_label_corrected_20260727_114115\raw\JAKIM\74DB10FA60A5__74DB10FA60A5__0tNFMCyIf0ACA0Yo2fiKrYW2s37EfLtiHGC9BIpp jakim.pdf","certificate_classifier\data\dataset_v2_label_corrected_20260727_114115\raw\JAKIM\74DB10FA60A5__74DB10FA60A5__0tNFMCyIf0ACA0Yo2fiKrYW2s37EfLtiHGC9BIpp jakim.pdf","74DB10FA60A5__74DB10FA60A5__0tNFMCyIf0ACA0Yo2fiKrYW2s37EfLtiHGC9BIpp jakim.pdf",".pdf","629063","0.5999","2026-07-23T17:24:19","2026-07-23T14:38:44","PDF"
"RUNTIME","D:\halal_web_runtime","D:\halal_web_runtime\certificate_classifier\data\dataset_v2_label_corrected_20260727_114115\raw\JAKIM\AE1D7C30DF3F__AE1D7C30DF3F__MY_PX_Halal_Certificate_TRME_TrimShake_Chocolate_Vanilla (2025) jakim.pdf","certificate_classifier\data\dataset_v2_label_corrected_20260727_114115\raw\JAKIM\AE1D7C30DF3F__AE1D7C30DF3F__MY_PX_Halal_Certificate_TRME_TrimShake_Chocolate_Vanilla (2025) jakim.pdf","AE1D7C30DF3F__AE1D7C30DF3F__MY_PX_Halal_Certificate_TRME_TrimShake_Chocolate_Vanilla (2025) jakim.pdf",".pdf","1148132","1.0949","2026-07-23T17:24:19","2026-07-23T14:36:39","PDF"
"RUNTIME","D:\halal_web_runtime","D:\halal_web_runtime\certificate_classifier\data\dataset_v2_label_corrected_20260727_114115\raw\JAKIM\B29276FE1777__B29276FE1777__OAM-Halal jakim.pdf","certificate_classifier\data\dataset_v2_label_corrected_20260727_114115\raw\JAKIM\B29276FE1777__B29276FE1777__OAM-Halal jakim.pdf","B29276FE1777__B29276FE1777__OAM-Halal jakim.pdf",".pdf","260958","0.2489","2026-07-23T17:24:19","2026-07-23T14:32:29","PDF"
"RUNTIME","D:\halal_web_runtime","D:\halal_web_runtime\certificate_classifier\data\dataset_v2_label_corrected_20260727_114115\raw\JAKIM\B530444365D6__B530444365D6__HALAL_PCEO jakim.pdf","certificate_classifier\data\dataset_v2_label_corrected_20260727_114115\raw\JAKIM\B530444365D6__B530444365D6__HALAL_PCEO jakim.pdf","B530444365D6__B530444365D6__HALAL_PCEO jakim.pdf",".pdf","258478","0.2465","2026-07-23T17:24:19","2026-07-23T14:38:27","PDF"
"RUNTIME","D:\halal_web_runtime","D:\halal_web_runtime\certificate_classifier\data\dataset_v2_label_corrected_20260727_114115\raw\JAKIM\C8C815E9528F__C8C815E9528F__110829_halal_certificate_for_product_985_ad722a6976a5da3084932ef0a581613b85e301df jakim.pdf","certificate_classifier\data\dataset_v2_label_corrected_20260727_114115\raw\JAKIM\C8C815E9528F__C8C815E9528F__110829_halal_certificate_for_product_985_ad722a6976a5da3084932ef0a581613b85e301df jakim.pdf","C8C815E9528F__C8C815E9528F__110829_halal_certificate_for_product_985_ad722a6976a5da3084932ef0a581613b85e301df jakim.pdf",".pdf","1064674","1.0154","2026-07-23T17:24:19","2026-07-23T14:32:43","PDF"
"RUNTIME","D:\halal_web_runtime","D:\halal_web_runtime\certificate_classifier\data\dataset_v2_label_corrected_20260727_114115\raw\JAKIM\E91981FFACDE__E91981FFACDE__107658_halal_certificate_for_product_1230_bb88711446404cbad50296915b1fa29125b870c4 jakim bw.pdf","certificate_classifier\data\dataset_v2_label_corrected_20260727_114115\raw\JAKIM\E91981FFACDE__E91981FFACDE__107658_halal_certificate_for_product_1230_bb88711446404cbad50296915b1fa29125b870c4 jakim bw.pdf","E91981FFACDE__E91981FFACDE__107658_halal_certificate_for_product_1230_bb88711446404cbad50296915b1fa29125b870c4 jakim bw.pdf",".pdf","386281","0.3684","2026-07-23T17:24:19","2026-07-23T14:38:37","PDF"
"RUNTIME","D:\halal_web_runtime","D:\halal_web_runtime\certificate_classifier\data\dataset_v2_label_corrected_20260727_114115\raw\JAKIM\EFD077B35C06__EFD077B35C06__21-1.MCT OIL,DANIDCO MALAYSIA SDN BHD社-JAKIM(2022-09-30).pdf","certificate_classifier\data\dataset_v2_label_corrected_20260727_114115\raw\JAKIM\EFD077B35C06__EFD077B35C06__21-1.MCT OIL,DANIDCO MALAYSIA SDN BHD社-JAKIM(2022-09-30).pdf","EFD077B35C06__EFD077B35C06__21-1.MCT OIL,DANIDCO MALAYSIA SDN BHD社-JAKIM(2022-09-30).pdf",".pdf","1252703","1.1947","2026-07-23T17:24:19","2021-06-23T11:06:04","PDF"
"RUNTIME","D:\halal_web_runtime","D:\halal_web_runtime\certificate_classifier\data\dataset_v2_label_corrected_20260727_114115\raw\JAKIM\FEDF412A3049__FEDF412A3049__58. Beef Paste Flavour(Kerry)[JAKIM_2027-05-31]K.pdf","certificate_classifier\data\dataset_v2_label_corrected_20260727_114115\raw\JAKIM\FEDF412A3049__FEDF412A3049__58. Beef Paste Flavour(Kerry)[JAKIM_2027-05-31]K.pdf","FEDF412A3049__FEDF412A3049__58. Beef Paste Flavour(Kerry)[JAKIM_2027-05-31]K.pdf",".pdf","545699","0.5204","2026-07-23T17:24:19","2025-06-12T10:49:00","PDF"
"RUNTIME","D:\halal_web_runtime","D:\halal_web_runtime\certificate_classifier\data\dataset_v2_label_corrected_20260727_114115\raw\JMA\12486A6DB6F5__12486A6DB6F5__jma SAMPLE.pdf","certificate_classifier\data\dataset_v2_label_corrected_20260727_114115\raw\JMA\12486A6DB6F5__12486A6DB6F5__jma SAMPLE.pdf","12486A6DB6F5__12486A6DB6F5__jma SAMPLE.pdf",".pdf","149136","0.1422","2026-07-23T17:24:19","2026-07-23T08:21:40","PDF"
"RUNTIME","D:\halal_web_runtime","D:\halal_web_runtime\certificate_classifier\data\dataset_v2_label_corrected_20260727_114115\raw\JMA\194D60046001__194D60046001__halal2018 JMA.pdf","certificate_classifier\data\dataset_v2_label_corrected_20260727_114115\raw\JMA\194D60046001__194D60046001__halal2018 JMA.pdf","194D60046001__194D60046001__halal2018 JMA.pdf",".pdf","1190204","1.1351","2026-07-23T17:24:19","2026-07-23T14:44:05","PDF"
"RUNTIME","D:\halal_web_runtime","D:\halal_web_runtime\certificate_classifier\data\dataset_v2_label_corrected_20260727_114115\raw\JMA\2446BFB98E49__2446BFB98E49__MTAP_HALAL_Certificate_COPY_ACCOFLOC_ACCOPEARL_Jun_30_2026 JMA.pdf","certificate_classifier\data\dataset_v2_label_corrected_20260727_114115\raw\JMA\2446BFB98E49__2446BFB98E49__MTAP_HALAL_Certificate_COPY_ACCOFLOC_ACCOPEARL_Jun_30_2026 JMA.pdf","2446BFB98E49__2446BFB98E49__MTAP_HALAL_Certificate_COPY_ACCOFLOC_ACCOPEARL_Jun_30_2026 JMA.pdf",".pdf","388482","0.3705","2026-07-23T17:24:19","2026-07-23T14:43:49","PDF"
"RUNTIME","D:\halal_web_runtime","D:\halal_web_runtime\certificate_classifier\data\dataset_v2_label_corrected_20260727_114115\raw\JMA\27226CFBED5C__27226CFBED5C__1-1-7. Disodium Succinate-JMA(2022-08-11).pdf","certificate_classifier\data\dataset_v2_label_corrected_20260727_114115\raw\JMA\27226CFBED5C__27226CFBED5C__1-1-7. Disodium Succinate-JMA(2022-08-11).pdf","27226CFBED5C__27226CFBED5C__1-1-7. Disodium Succinate-JMA(2022-08-11).pdf",".pdf","374177","0.3568","2026-07-23T17:24:19","2022-06-17T17:30:28","PDF"
"RUNTIME","D:\halal_web_runtime","D:\halal_web_runtime\certificate_classifier\data\dataset_v2_label_corrected_20260727_114115\raw\JMA\5B7844CFCA6D__5B7844CFCA6D__Halal_Certificate_Malic_Acid_Kashima_Exp.20250901 JMA.pdf","certificate_classifier\data\dataset_v2_label_corrected_20260727_114115\raw\JMA\5B7844CFCA6D__5B7844CFCA6D__Halal_Certificate_Malic_Acid_Kashima_Exp.20250901 JMA.pdf","5B7844CFCA6D__5B7844CFCA6D__Halal_Certificate_Malic_Acid_Kashima_Exp.20250901 JMA.pdf",".pdf","283105","0.27","2026-07-23T17:24:19","2026-07-23T14:45:05","PDF"
"RUNTIME","D:\halal_web_runtime","D:\halal_web_runtime\certificate_classifier\data\dataset_v2_label_corrected_20260727_114115\raw\JMA\9428C43607D0__9428C43607D0__1901291046320000002 JMA.pdf","certificate_classifier\data\dataset_v2_label_corrected_20260727_114115\raw\JMA\9428C43607D0__9428C43607D0__1901291046320000002 JMA.pdf","9428C43607D0__9428C43607D0__1901291046320000002 JMA.pdf",".pdf","530989","0.5064","2026-07-23T17:24:19","2026-07-23T14:45:21","PDF"
"RUNTIME","D:\halal_web_runtime","D:\halal_web_runtime\certificate_classifier\data\dataset_v2_label_corrected_20260727_114115\raw\JMA\A43DB442DF08__A43DB442DF08__167_6. TREHA™(Nagase)[JMA_2026-02-26]한.pdf","certificate_classifier\data\dataset_v2_label_corrected_20260727_114115\raw\JMA\A43DB442DF08__A43DB442DF08__167_6. TREHA™(Nagase)[JMA_2026-02-26]한.pdf","A43DB442DF08__A43DB442DF08__167_6. TREHA™(Nagase)[JMA_2026-02-26]한.pdf",".pdf","233411","0.2226","2026-07-23T17:24:19","2025-04-24T11:30:58","PDF"
"RUNTIME","D:\halal_web_runtime","D:\halal_web_runtime\certificate_classifier\data\dataset_v2_label_corrected_20260727_114115\raw\JMA\D631637E8CC4__D631637E8CC4__jma Halal-Certificateuntil-Nov2020.pdf","certificate_classifier\data\dataset_v2_label_corrected_20260727_114115\raw\JMA\D631637E8CC4__D631637E8CC4__jma Halal-Certificateuntil-Nov2020.pdf","D631637E8CC4__D631637E8CC4__jma Halal-Certificateuntil-Nov2020.pdf",".pdf","681795","0.6502","2026-07-23T17:24:19","2026-07-22T18:13:52","PDF"
"RUNTIME","D:\halal_web_runtime","D:\halal_web_runtime\certificate_classifier\data\dataset_v2_label_corrected_20260727_114115\raw\JMA\F73AF64C58A3__F73AF64C58A3__36_3. TREHA™FOOD GRADE(Nagase)[JMA_2026-02-26]락.pdf","certificate_classifier\data\dataset_v2_label_corrected_20260727_114115\raw\JMA\F73AF64C58A3__F73AF64C58A3__36_3. TREHA™FOOD GRADE(Nagase)[JMA_2026-02-26]락.pdf","F73AF64C58A3__F73AF64C58A3__36_3. TREHA™FOOD GRADE(Nagase)[JMA_2026-02-26]락.pdf",".pdf","1657909","1.5811","2026-07-23T17:24:19","2025-06-26T09:37:02","PDF"
"RUNTIME","D:\halal_web_runtime","D:\halal_web_runtime\certificate_classifier\data\dataset_v2_label_corrected_20260727_114115\raw\JUHF\1DFC9DFCA48F__1DFC9DFCA48F__halal juhf.pdf","certificate_classifier\data\dataset_v2_label_corrected_20260727_114115\raw\JUHF\1DFC9DFCA48F__1DFC9DFCA48F__halal juhf.pdf","1DFC9DFCA48F__1DFC9DFCA48F__halal juhf.pdf",".pdf","872050","0.8317","2026-07-23T17:24:19","2026-07-23T13:26:48","PDF"
"RUNTIME","D:\halal_web_runtime","D:\halal_web_runtime\certificate_classifier\data\dataset_v2_label_corrected_20260727_114115\raw\JUHF\498BC184F064__498BC184F064__JUHF-HALAL-CERTIFICATE-2028-1.pdf","certificate_classifier\data\dataset_v2_label_corrected_20260727_114115\raw\JUHF\498BC184F064__498BC184F064__JUHF-HALAL-CERTIFICATE-2028-1.pdf","498BC184F064__498BC184F064__JUHF-HALAL-CERTIFICATE-2028-1.pdf",".pdf","6722003","6.4106","2026-07-23T17:24:19","2026-07-23T13:25:30","PDF"
"RUNTIME","D:\halal_web_runtime","D:\halal_web_runtime\certificate_classifier\data\dataset_v2_label_corrected_20260727_114115\raw\JUHF\5271715D2DAB__5271715D2DAB__juhf-halal-certificate-valid-upto-02-02-2028.pdf","certificate_classifier\data\dataset_v2_label_corrected_20260727_114115\raw\JUHF\5271715D2DAB__5271715D2DAB__juhf-halal-certificate-valid-upto-02-02-2028.pdf","5271715D2DAB__5271715D2DAB__juhf-halal-certificate-valid-upto-02-02-2028.pdf",".pdf","428275","0.4084","2026-07-23T17:24:19","2026-07-23T13:26:12","PDF"
"RUNTIME","D:\halal_web_runtime","D:\halal_web_runtime\certificate_classifier\data\dataset_v2_label_corrected_20260727_114115\raw\JUHF\52768DA9A487__52768DA9A487__halal_india_certificate_-_unit_1_2026 juhf.pdf","certificate_classifier\data\dataset_v2_label_corrected_20260727_114115\raw\JUHF\52768DA9A487__52768DA9A487__halal_india_certificate_-_unit_1_2026 juhf.pdf","52768DA9A487__52768DA9A487__halal_india_certificate_-_unit_1_2026 juhf.pdf",".pdf","900013","0.8583","2026-07-23T17:24:19","2026-07-23T13:27:04","PDF"
"RUNTIME","D:\halal_web_runtime","D:\halal_web_runtime\certificate_classifier\data\dataset_v2_label_corrected_20260727_114115\raw\JUHF\6CC90A37607D__6CC90A37607D__Halal-certificate-SIL-2025-26 juhf.pdf","certificate_classifier\data\dataset_v2_label_corrected_20260727_114115\raw\JUHF\6CC90A37607D__6CC90A37607D__Halal-certificate-SIL-2025-26 juhf.pdf","6CC90A37607D__6CC90A37607D__Halal-certificate-SIL-2025-26 juhf.pdf",".pdf","809063","0.7716","2026-07-23T17:24:19","2026-07-23T13:28:58","PDF"
"RUNTIME","D:\halal_web_runtime","D:\halal_web_runtime\certificate_classifier\data\dataset_v2_label_corrected_20260727_114115\raw\JUHF\8F8D29FC357F__8F8D29FC357F__117. DEFATTED SOYA FLAKES(SIMRAN)(JUHF_2026-11-12]올.pdf","certificate_classifier\data\dataset_v2_label_corrected_20260727_114115\raw\JUHF\8F8D29FC357F__8F8D29FC357F__117. DEFATTED SOYA FLAKES(SIMRAN)(JUHF_2026-11-12]올.pdf","8F8D29FC357F__8F8D29FC357F__117. DEFATTED SOYA FLAKES(SIMRAN)(JUHF_2026-11-12]올.pdf",".pdf","519719","0.4956","2026-07-23T17:24:19","2026-05-21T13:49:58","PDF"
"RUNTIME","D:\halal_web_runtime","D:\halal_web_runtime\certificate_classifier\data\dataset_v2_label_corrected_20260727_114115\raw\JUHF\95B363D76A62__95B363D76A62__Halal-Cert-Grofresh-Agro-1148-14_03_2026 juhf.pdf","certificate_classifier\data\dataset_v2_label_corrected_20260727_114115\raw\JUHF\95B363D76A62__95B363D76A62__Halal-Cert-Grofresh-Agro-1148-14_03_2026 juhf.pdf","95B363D76A62__95B363D76A62__Halal-Cert-Grofresh-Agro-1148-14_03_2026 juhf.pdf",".pdf","1734700","1.6543","2026-07-23T17:24:19","2026-07-23T13:28:14","PDF"
"RUNTIME","D:\halal_web_runtime","D:\halal_web_runtime\certificate_classifier\data\dataset_v2_label_corrected_20260727_114115\raw\JUHF\96D638DC6E1F__96D638DC6E1F__116. DEFATTED SOYA FLAKES(Maharash)[JUHF_2026-12-12]타.pdf","certificate_classifier\data\dataset_v2_label_corrected_20260727_114115\raw\JUHF\96D638DC6E1F__96D638DC6E1F__116. DEFATTED SOYA FLAKES(Maharash)[JUHF_2026-12-12]타.pdf","96D638DC6E1F__96D638DC6E1F__116. DEFATTED SOYA FLAKES(Maharash)[JUHF_2026-12-12]타.pdf",".pdf","11387424","10.8599","2026-07-23T17:24:19","2025-09-08T16:53:26","PDF"
"RUNTIME","D:\halal_web_runtime","D:\halal_web_runtime\certificate_classifier\data\dataset_v2_label_corrected_20260727_114115\raw\JUHF\A8D07E658DA9__A8D07E658DA9__1744900710 juhf.pdf","certificate_classifier\data\dataset_v2_label_corrected_20260727_114115\raw\JUHF\A8D07E658DA9__A8D07E658DA9__1744900710 juhf.pdf","A8D07E658DA9__A8D07E658DA9__1744900710 juhf.pdf",".pdf","438098","0.4178","2026-07-23T17:24:19","2026-07-23T13:27:40","PDF"
"RUNTIME","D:\halal_web_runtime","D:\halal_web_runtime\certificate_classifier\data\dataset_v2_label_corrected_20260727_114115\raw\JUHF\A902976DD881__A902976DD881__juhf-halal-certificate.pdf","certificate_classifier\data\dataset_v2_label_corrected_20260727_114115\raw\JUHF\A902976DD881__A902976DD881__juhf-halal-certificate.pdf","A902976DD881__A902976DD881__juhf-halal-certificate.pdf",".pdf","408786","0.3898","2026-07-23T17:24:19","2026-07-23T13:26:26","PDF"
"RUNTIME","D:\halal_web_runtime","D:\halal_web_runtime\certificate_classifier\data\dataset_v2_label_corrected_20260727_114115\raw\JUHF\BFED17003339__BFED17003339__114. Defatted Soya Flakes Toasted(DEESAN)[JUHF_2027-09-30]타.pdf","certificate_classifier\data\dataset_v2_label_corrected_20260727_114115\raw\JUHF\BFED17003339__BFED17003339__114. Defatted Soya Flakes Toasted(DEESAN)[JUHF_2027-09-30]타.pdf","BFED17003339__BFED17003339__114. Defatted Soya Flakes Toasted(DEESAN)[JUHF_2027-09-30]타.pdf",".pdf","514737","0.4909","2026-07-23T17:24:19","2025-09-08T15:04:43","PDF"
"RUNTIME","D:\halal_web_runtime","D:\halal_web_runtime\certificate_classifier\data\dataset_v2_label_corrected_20260727_114115\raw\JUHF\C28DD2E5CFFC__C28DD2E5CFFC__Halal-certificate juhf.pdf","certificate_classifier\data\dataset_v2_label_corrected_20260727_114115\raw\JUHF\C28DD2E5CFFC__C28DD2E5CFFC__Halal-certificate juhf.pdf","C28DD2E5CFFC__C28DD2E5CFFC__Halal-certificate juhf.pdf",".pdf","620017","0.5913","2026-07-23T17:24:19","2026-07-23T13:28:39","PDF"
"RUNTIME","D:\halal_web_runtime","D:\halal_web_runtime\certificate_classifier\data\dataset_v2_label_corrected_20260727_114115\raw\JUHF\D82965AB160D__D82965AB160D__Halal-SFJUHF-2028.pdf","certificate_classifier\data\dataset_v2_label_corrected_20260727_114115\raw\JUHF\D82965AB160D__D82965AB160D__Halal-SFJUHF-2028.pdf","D82965AB160D__D82965AB160D__Halal-SFJUHF-2028.pdf",".pdf","435155","0.415","2026-07-23T17:24:19","2026-07-23T13:25:56","PDF"
"RUNTIME","D:\halal_web_runtime","D:\halal_web_runtime\certificate_classifier\data\dataset_v2_label_corrected_20260727_114115\raw\JUHF\F6691EAC53F7__F6691EAC53F7__Harmony-Organics-1317 juhf.pdf","certificate_classifier\data\dataset_v2_label_corrected_20260727_114115\raw\JUHF\F6691EAC53F7__F6691EAC53F7__Harmony-Organics-1317 juhf.pdf","F6691EAC53F7__F6691EAC53F7__Harmony-Organics-1317 juhf.pdf",".pdf","1203735","1.148","2026-07-23T17:24:19","2026-07-23T13:27:22","PDF"
"RUNTIME","D:\halal_web_runtime","D:\halal_web_runtime\certificate_classifier\data\dataset_v2_label_corrected_20260727_114115\raw\JUHF\F98912C51A07__F98912C51A07__halal juhf 2.pdf","certificate_classifier\data\dataset_v2_label_corrected_20260727_114115\raw\JUHF\F98912C51A07__F98912C51A07__halal juhf 2.pdf","F98912C51A07__F98912C51A07__halal juhf 2.pdf",".pdf","475963","0.4539","2026-07-23T17:24:19","2026-07-23T13:27:58","PDF"
"RUNTIME","D:\halal_web_runtime","D:\halal_web_runtime\certificate_classifier\data\dataset_v2_label_corrected_20260727_114115\raw\KMF\00876D136F6E__00876D136F6E__ST-U001.Halal-Certificate.2021 KMF.pdf","certificate_classifier\data\dataset_v2_label_corrected_20260727_114115\raw\KMF\00876D136F6E__00876D136F6E__ST-U001.Halal-Certificate.2021 KMF.pdf","00876D136F6E__00876D136F6E__ST-U001.Halal-Certificate.2021 KMF.pdf",".pdf","725340","0.6917","2026-07-23T17:24:19","2026-07-23T14:11:24","PDF"
"RUNTIME","D:\halal_web_runtime","D:\halal_web_runtime\certificate_classifier\data\dataset_v2_label_corrected_20260727_114115\raw\KMF\15C605932EC6__15C605932EC6__halal-certification  KMF.pdf","certificate_classifier\data\dataset_v2_label_corrected_20260727_114115\raw\KMF\15C605932EC6__15C605932EC6__halal-certification  KMF.pdf","15C605932EC6__15C605932EC6__halal-certification  KMF.pdf",".pdf","733925","0.6999","2026-07-23T17:24:19","2026-07-23T14:13:44","PDF"
"RUNTIME","D:\halal_web_runtime","D:\halal_web_runtime\certificate_classifier\data\dataset_v2_label_corrected_20260727_114115\raw\KMF\3701C4AC3109__3701C4AC3109__08-HALAL-20210129 KMF.pdf","certificate_classifier\data\dataset_v2_label_corrected_20260727_114115\raw\KMF\3701C4AC3109__3701C4AC3109__08-HALAL-20210129 KMF.pdf","3701C4AC3109__3701C4AC3109__08-HALAL-20210129 KMF.pdf",".pdf","712934","0.6799","2026-07-23T17:24:19","2026-07-23T14:12:35","PDF"
"RUNTIME","D:\halal_web_runtime","D:\halal_web_runtime\certificate_classifier\data\dataset_v2_label_corrected_20260727_114115\raw\KMF\3E880E6A4814__3E880E6A4814__2024 LVE HALAL Certificate_EN KMF.pdf","certificate_classifier\data\dataset_v2_label_corrected_20260727_114115\raw\KMF\3E880E6A4814__3E880E6A4814__2024 LVE HALAL Certificate_EN KMF.pdf","3E880E6A4814__3E880E6A4814__2024 LVE HALAL Certificate_EN KMF.pdf",".pdf","79770","0.0761","2026-07-23T17:24:19","2026-07-23T14:11:58","PDF"
"RUNTIME","D:\halal_web_runtime","D:\halal_web_runtime\certificate_classifier\data\dataset_v2_label_corrected_20260727_114115\raw\KMF\6A5748541056__6A5748541056__98_3_3. Refined White Sugar(Samyang)[KMF_2025-12-24]비.pdf","certificate_classifier\data\dataset_v2_label_corrected_20260727_114115\raw\KMF\6A5748541056__6A5748541056__98_3_3. Refined White Sugar(Samyang)[KMF_2025-12-24]비.pdf","6A5748541056__6A5748541056__98_3_3. Refined White Sugar(Samyang)[KMF_2025-12-24]비.pdf",".pdf","539735","0.5147","2026-07-23T17:24:19","2025-09-10T06:18:36","PDF"
"RUNTIME","D:\halal_web_runtime","D:\halal_web_runtime\certificate_classifier\data\dataset_v2_label_corrected_20260727_114115\raw\KMF\8B21DB7D6264__8B21DB7D6264__101. Salt(HANJUSAL)[KMF_2025-07-31]경.pdf","certificate_classifier\data\dataset_v2_label_corrected_20260727_114115\raw\KMF\8B21DB7D6264__8B21DB7D6264__101. Salt(HANJUSAL)[KMF_2025-07-31]경.pdf","8B21DB7D6264__8B21DB7D6264__101. Salt(HANJUSAL)[KMF_2025-07-31]경.pdf",".pdf","74313","0.0709","2026-07-23T17:24:19","2025-06-09T11:16:00","PDF"
"RUNTIME","D:\halal_web_runtime","D:\halal_web_runtime\certificate_classifier\data\dataset_v2_label_corrected_20260727_114115\raw\KMF\8F768B4E8EB9__8F768B4E8EB9__173_5. Refined White suger(Samyang)[KMF_2025-12-24]내.pdf","certificate_classifier\data\dataset_v2_label_corrected_20260727_114115\raw\KMF\8F768B4E8EB9__8F768B4E8EB9__173_5. Refined White suger(Samyang)[KMF_2025-12-24]내.pdf","8F768B4E8EB9__8F768B4E8EB9__173_5. Refined White suger(Samyang)[KMF_2025-12-24]내.pdf",".pdf","539735","0.5147","2026-07-23T17:24:19","2025-09-10T06:09:02","PDF"
"RUNTIME","D:\halal_web_runtime","D:\halal_web_runtime\certificate_classifier\data\dataset_v2_label_corrected_20260727_114115\raw\KMF\9BFBCB1E6699__9BFBCB1E6699__HALAL_certificate KMF.pdf","certificate_classifier\data\dataset_v2_label_corrected_20260727_114115\raw\KMF\9BFBCB1E6699__9BFBCB1E6699__HALAL_certificate KMF.pdf","9BFBCB1E6699__9BFBCB1E6699__HALAL_certificate KMF.pdf",".pdf","90224","0.086","2026-07-23T17:24:19","2026-07-23T14:11:38","PDF"
"RUNTIME","D:\halal_web_runtime","D:\halal_web_runtime\certificate_classifier\data\dataset_v2_label_corrected_20260727_114115\raw\KMF\B24F14D09A1E__B24F14D09A1E__161. Salt(Bonsogeim Plus)(HANJUSAL)[KMF_2028-07-31]경.pdf","certificate_classifier\data\dataset_v2_label_corrected_20260727_114115\raw\KMF\B24F14D09A1E__B24F14D09A1E__161. Salt(Bonsogeim Plus)(HANJUSAL)[KMF_2028-07-31]경.pdf","B24F14D09A1E__B24F14D09A1E__161. Salt(Bonsogeim Plus)(HANJUSAL)[KMF_2028-07-31]경.pdf",".pdf","76234","0.0727","2026-07-23T17:24:19","2025-09-08T11:39:16","PDF"
"RUNTIME","D:\halal_web_runtime","D:\halal_web_runtime\certificate_classifier\data\dataset_v2_label_corrected_20260727_114115\raw\KMF\B7C306383A74__B7C306383A74__할랄 KMF.pdf","certificate_classifier\data\dataset_v2_label_corrected_20260727_114115\raw\KMF\B7C306383A74__B7C306383A74__할랄 KMF.pdf","B7C306383A74__B7C306383A74__할랄 KMF.pdf",".pdf","81642","0.0779","2026-07-23T17:24:19","2026-07-23T14:13:29","PDF"
"RUNTIME","D:\halal_web_runtime","D:\halal_web_runtime\certificate_classifier\data\dataset_v2_label_corrected_20260727_114115\raw\KMF\BD0A920546F6__BD0A920546F6__6.+KMF+할랄+인증서.pdf","certificate_classifier\data\dataset_v2_label_corrected_20260727_114115\raw\KMF\BD0A920546F6__BD0A920546F6__6.+KMF+할랄+인증서.pdf","BD0A920546F6__BD0A920546F6__6.+KMF+할랄+인증서.pdf",".pdf","75379","0.0719","2026-07-23T17:24:19","2026-07-23T14:11:44","PDF"
"RUNTIME","D:\halal_web_runtime","D:\halal_web_runtime\certificate_classifier\data\dataset_v2_label_corrected_20260727_114115\raw\KMF\C32B076D9BC5__C32B076D9BC5__KMFHC25-168 도레이첨단 인증서.pdf","certificate_classifier\data\dataset_v2_label_corrected_20260727_114115\raw\KMF\C32B076D9BC5__C32B076D9BC5__KMFHC25-168 도레이첨단 인증서.pdf","C32B076D9BC5__C32B076D9BC5__KMFHC25-168 도레이첨단 인증서.pdf",".pdf","74963","0.0715","2026-07-23T17:24:19","2026-07-23T14:13:11","PDF"
"RUNTIME","D:\halal_web_runtime","D:\halal_web_runtime\certificate_classifier\data\dataset_v2_label_corrected_20260727_114115\raw\MUI\02FBAC3ABF04__02FBAC3ABF04__87. Squid Base(ROGWON)[MUI_2027-12-27]녹.pdf","certificate_classifier\data\dataset_v2_label_corrected_20260727_114115\raw\MUI\02FBAC3ABF04__02FBAC3ABF04__87. Squid Base(ROGWON)[MUI_2027-12-27]녹.pdf","02FBAC3ABF04__02FBAC3ABF04__87. Squid Base(ROGWON)[MUI_2027-12-27]녹.pdf",".pdf","146760","0.14","2026-07-23T17:24:19","2024-01-18T07:08:17","PDF"
"RUNTIME","D:\halal_web_runtime","D:\halal_web_runtime\certificate_classifier\data\dataset_v2_label_corrected_20260727_114115\raw\MUI\11806B425187__11806B425187__92. Worcester sauce(Naturals)[MUI_2026-01-25]내.pdf","certificate_classifier\data\dataset_v2_label_corrected_20260727_114115\raw\MUI\11806B425187__11806B425187__92. Worcester sauce(Naturals)[MUI_2026-01-25]내.pdf","11806B425187__11806B425187__92. Worcester sauce(Naturals)[MUI_2026-01-25]내.pdf",".pdf","124992","0.1192","2026-07-23T17:24:19","2022-02-03T16:45:49","PDF"
"RUNTIME","D:\halal_web_runtime","D:\halal_web_runtime\certificate_classifier\data\dataset_v2_label_corrected_20260727_114115\raw\MUI\1185768FED32__1185768FED32__23. Glycine(HEBEI)[MUI_2026-01-22]휴.pdf","certificate_classifier\data\dataset_v2_label_corrected_20260727_114115\raw\MUI\1185768FED32__1185768FED32__23. Glycine(HEBEI)[MUI_2026-01-22]휴.pdf","1185768FED32__1185768FED32__23. Glycine(HEBEI)[MUI_2026-01-22]휴.pdf",".pdf","1310757","1.25","2026-07-23T17:24:19","2022-04-06T10:32:17","PDF"
"RUNTIME","D:\halal_web_runtime","D:\halal_web_runtime\certificate_classifier\data\dataset_v2_label_corrected_20260727_114115\raw\MUI\1651C731667A__1651C731667A__94. Yeast Extract YB(ICFOOD)[MUI_2028-04-23]아.pdf","certificate_classifier\data\dataset_v2_label_corrected_20260727_114115\raw\MUI\1651C731667A__1651C731667A__94. Yeast Extract YB(ICFOOD)[MUI_2028-04-23]아.pdf","1651C731667A__1651C731667A__94. Yeast Extract YB(ICFOOD)[MUI_2028-04-23]아.pdf",".pdf","2070502","1.9746","2026-07-23T17:24:19","2025-06-10T16:14:55","PDF"
"RUNTIME","D:\halal_web_runtime","D:\halal_web_runtime\certificate_classifier\data\dataset_v2_label_corrected_20260727_114115\raw\MUI\168F51A0ADF5__168F51A0ADF5__108_3. OPTIMAX4060F(Genencor)[MUI_2026-11-20]씨.pdf","certificate_classifier\data\dataset_v2_label_corrected_20260727_114115\raw\MUI\168F51A0ADF5__168F51A0ADF5__108_3. OPTIMAX4060F(Genencor)[MUI_2026-11-20]씨.pdf","168F51A0ADF5__168F51A0ADF5__108_3. OPTIMAX4060F(Genencor)[MUI_2026-11-20]씨.pdf",".pdf","374317","0.357","2026-07-23T17:24:19","2023-02-09T14:56:00","PDF"
"RUNTIME","D:\halal_web_runtime","D:\halal_web_runtime\certificate_classifier\data\dataset_v2_label_corrected_20260727_114115\raw\MUI\1FE56CFF1F89__1FE56CFF1F89__91. 590991 CB Compound Umami Flavor(PT)[MUI_2026-06-21]F.pdf","certificate_classifier\data\dataset_v2_label_corrected_20260727_114115\raw\MUI\1FE56CFF1F89__1FE56CFF1F89__91. 590991 CB Compound Umami Flavor(PT)[MUI_2026-06-21]F.pdf","1FE56CFF1F89__1FE56CFF1F89__91. 590991 CB Compound Umami Flavor(PT)[MUI_2026-06-21]F.pdf",".pdf","1099418","1.0485","2026-07-23T17:24:19","2023-01-03T12:35:00","PDF"
"RUNTIME","D:\halal_web_runtime","D:\halal_web_runtime\certificate_classifier\data\dataset_v2_label_corrected_20260727_114115\raw\MUI\2026D50F8E63__2026D50F8E63__46_3. Ascorbic Acid(Shandong)[MUI_2026-11-29]신.pdf","certificate_classifier\data\dataset_v2_label_corrected_20260727_114115\raw\MUI\2026D50F8E63__2026D50F8E63__46_3. Ascorbic Acid(Shandong)[MUI_2026-11-29]신.pdf","2026D50F8E63__2026D50F8E63__46_3. Ascorbic Acid(Shandong)[MUI_2026-11-29]신.pdf",".pdf","1203432","1.1477","2026-07-23T17:24:19","2023-01-27T11:49:00","PDF"
"RUNTIME","D:\halal_web_runtime","D:\halal_web_runtime\certificate_classifier\data\dataset_v2_label_corrected_20260727_114115\raw\MUI\285018A4FEAD__285018A4FEAD__4. Natural Vitamin E Mixed Tocopherols(Liquid)(JIANGSU)[MUI_2026-10-11]우.pdf","certificate_classifier\data\dataset_v2_label_corrected_20260727_114115\raw\MUI\285018A4FEAD__285018A4FEAD__4. Natural Vitamin E Mixed Tocopherols(Liquid)(JIANGSU)[MUI_2026-10-11]우.pdf","285018A4FEAD__285018A4FEAD__4. Natural Vitamin E Mixed Tocopherols(Liquid)(JIANGSU)[MUI_2026-10-11]우.pdf",".pdf","1148339","1.0951","2026-07-23T17:24:19","2025-07-14T15:51:07","PDF"
"RUNTIME","D:\halal_web_runtime","D:\halal_web_runtime\certificate_classifier\data\dataset_v2_label_corrected_20260727_114115\raw\MUI\2B490BA0D949__2B490BA0D949__120. Taste Enhancer Powder NE(SODA)[MUI_2026-11-08]코.pdf","certificate_classifier\data\dataset_v2_label_corrected_20260727_114115\raw\MUI\2B490BA0D949__2B490BA0D949__120. Taste Enhancer Powder NE(SODA)[MUI_2026-11-08]코.pdf","2B490BA0D949__2B490BA0D949__120. Taste Enhancer Powder NE(SODA)[MUI_2026-11-08]코.pdf",".pdf","123634","0.1179","2026-07-23T17:24:19","2023-02-16T07:43:00","PDF"
"RUNTIME","D:\halal_web_runtime","D:\halal_web_runtime\certificate_classifier\data\dataset_v2_label_corrected_20260727_114115\raw\MUI\2B84867EA557__2B84867EA557__98_3_2. L-Glutamic Acid(HEBEIHUA)[MUI_2026-02-22]비.pdf","certificate_classifier\data\dataset_v2_label_corrected_20260727_114115\raw\MUI\2B84867EA557__2B84867EA557__98_3_2. L-Glutamic Acid(HEBEIHUA)[MUI_2026-02-22]비.pdf","2B84867EA557__2B84867EA557__98_3_2. L-Glutamic Acid(HEBEIHUA)[MUI_2026-02-22]비.pdf",".pdf","1315552","1.2546","2026-07-23T17:24:19","2022-05-16T17:39:36","PDF"
"RUNTIME","D:\halal_web_runtime","D:\halal_web_runtime\certificate_classifier\data\dataset_v2_label_corrected_20260727_114115\raw\MUI\38EC97A0D9AA__38EC97A0D9AA__156. Monosodium glutamate-MSG(COFCO)[MUI_2027-03-07]보.pdf","certificate_classifier\data\dataset_v2_label_corrected_20260727_114115\raw\MUI\38EC97A0D9AA__38EC97A0D9AA__156. Monosodium glutamate-MSG(COFCO)[MUI_2027-03-07]보.pdf","38EC97A0D9AA__38EC97A0D9AA__156. Monosodium glutamate-MSG(COFCO)[MUI_2027-03-07]보.pdf",".pdf","1122104","1.0701","2026-07-23T17:24:19","2024-02-21T07:59:58","PDF"
"RUNTIME","D:\halal_web_runtime","D:\halal_web_runtime\certificate_classifier\data\dataset_v2_label_corrected_20260727_114115\raw\MUI\39F552E60486__39F552E60486__42. Maltodextrin(INGREDIO)[MUI_2025-12-07]인.pdf","certificate_classifier\data\dataset_v2_label_corrected_20260727_114115\raw\MUI\39F552E60486__39F552E60486__42. Maltodextrin(INGREDIO)[MUI_2025-12-07]인.pdf","39F552E60486__39F552E60486__42. Maltodextrin(INGREDIO)[MUI_2025-12-07]인.pdf",".pdf","381213","0.3636","2026-07-23T17:24:19","2022-02-24T10:23:31","PDF"
"RUNTIME","D:\halal_web_runtime","D:\halal_web_runtime\certificate_classifier\data\dataset_v2_label_corrected_20260727_114115\raw\MUI\4A02A904B1EC__4A02A904B1EC__106. Paprika Oleoresin(Chenguan)[MUI_2027-03-28]농.pdf","certificate_classifier\data\dataset_v2_label_corrected_20260727_114115\raw\MUI\4A02A904B1EC__4A02A904B1EC__106. Paprika Oleoresin(Chenguan)[MUI_2027-03-28]농.pdf","4A02A904B1EC__4A02A904B1EC__106. Paprika Oleoresin(Chenguan)[MUI_2027-03-28]농.pdf",".pdf","279406","0.2665","2026-07-23T17:24:19","2023-09-22T07:26:10","PDF"
"RUNTIME","D:\halal_web_runtime","D:\halal_web_runtime\certificate_classifier\data\dataset_v2_label_corrected_20260727_114115\raw\MUI\4A34EB676603__4A34EB676603__98_3_1. CJ TIDE I+G(Cheil)[MUI_2025-11-23]비.pdf","certificate_classifier\data\dataset_v2_label_corrected_20260727_114115\raw\MUI\4A34EB676603__4A34EB676603__98_3_1. CJ TIDE I+G(Cheil)[MUI_2025-11-23]비.pdf","4A34EB676603__4A34EB676603__98_3_1. CJ TIDE I+G(Cheil)[MUI_2025-11-23]비.pdf",".pdf","1224552","1.1678","2026-07-23T17:24:19","2021-01-08T15:22:45","PDF"
"RUNTIME","D:\halal_web_runtime","D:\halal_web_runtime\certificate_classifier\data\dataset_v2_label_corrected_20260727_114115\raw\MUI\51B9005BA48F__51B9005BA48F__132. YEAST EXTRACT LA600(ANGEL)[MUI_2027-05-16]J.pdf","certificate_classifier\data\dataset_v2_label_corrected_20260727_114115\raw\MUI\51B9005BA48F__51B9005BA48F__132. YEAST EXTRACT LA600(ANGEL)[MUI_2027-05-16]J.pdf","51B9005BA48F__51B9005BA48F__132. YEAST EXTRACT LA600(ANGEL)[MUI_2027-05-16]J.pdf",".pdf","658825","0.6283","2026-07-23T17:24:19","2023-07-03T07:09:24","PDF"
"RUNTIME","D:\halal_web_runtime","D:\halal_web_runtime\certificate_classifier\data\dataset_v2_label_corrected_20260727_114115\raw\MUI\536F646AEAA1__536F646AEAA1__129_6. 5015573 Mixed Tocopherols 70IP(DSM)[MUI_2026-05-17]G.pdf","certificate_classifier\data\dataset_v2_label_corrected_20260727_114115\raw\MUI\536F646AEAA1__536F646AEAA1__129_6. 5015573 Mixed Tocopherols 70IP(DSM)[MUI_2026-05-17]G.pdf","536F646AEAA1__536F646AEAA1__129_6. 5015573 Mixed Tocopherols 70IP(DSM)[MUI_2026-05-17]G.pdf",".pdf","1455692","1.3883","2026-07-23T17:24:19","2023-08-14T09:20:33","PDF"
"RUNTIME","D:\halal_web_runtime","D:\halal_web_runtime\certificate_classifier\data\dataset_v2_label_corrected_20260727_114115\raw\MUI\57225DDB8924__57225DDB8924__71. Vegetable flavor powder-NSMF(Nongshim)[MUI_2028-01-30]농.pdf","certificate_classifier\data\dataset_v2_label_corrected_20260727_114115\raw\MUI\57225DDB8924__57225DDB8924__71. Vegetable flavor powder-NSMF(Nongshim)[MUI_2028-01-30]농.pdf","57225DDB8924__57225DDB8924__71. Vegetable flavor powder-NSMF(Nongshim)[MUI_2028-01-30]농.pdf",".pdf","300879","0.2869","2026-07-23T17:24:19","2024-02-19T16:01:02","PDF"
"RUNTIME","D:\halal_web_runtime","D:\halal_web_runtime\certificate_classifier\data\dataset_v2_label_corrected_20260727_114115\raw\MUI\57756078C915__57756078C915__126. Seafood Seasoning Paste-S(Naturals)[MUI_2025-10-20]내.pdf","certificate_classifier\data\dataset_v2_label_corrected_20260727_114115\raw\MUI\57756078C915__57756078C915__126. Seafood Seasoning Paste-S(Naturals)[MUI_2025-10-20]내.pdf","57756078C915__57756078C915__126. Seafood Seasoning Paste-S(Naturals)[MUI_2025-10-20]내.pdf",".pdf","346574","0.3305","2026-07-23T17:24:19","2021-12-21T16:20:26","PDF"
"RUNTIME","D:\halal_web_runtime","D:\halal_web_runtime\certificate_classifier\data\dataset_v2_label_corrected_20260727_114115\raw\MUI\589C3C666B86__589C3C666B86__170_3. DEXTROSE ANHYDROUS(XIWANG)[MUI_2026-10-25]주.pdf","certificate_classifier\data\dataset_v2_label_corrected_20260727_114115\raw\MUI\589C3C666B86__589C3C666B86__170_3. DEXTROSE ANHYDROUS(XIWANG)[MUI_2026-10-25]주.pdf","589C3C666B86__589C3C666B86__170_3. DEXTROSE ANHYDROUS(XIWANG)[MUI_2026-10-25]주.pdf",".pdf","1135079","1.0825","2026-07-23T17:24:19","2025-07-17T09:34:11","PDF"
"RUNTIME","D:\halal_web_runtime","D:\halal_web_runtime\certificate_classifier\data\dataset_v2_label_corrected_20260727_114115\raw\MUI\5E3B7FA6CD6D__5E3B7FA6CD6D__96-3-1.CJ TIDE I+G,Cheil Jedang Indonesia社-MUI(2020-10-16).pdf","certificate_classifier\data\dataset_v2_label_corrected_20260727_114115\raw\MUI\5E3B7FA6CD6D__5E3B7FA6CD6D__96-3-1.CJ TIDE I+G,Cheil Jedang Indonesia社-MUI(2020-10-16).pdf","5E3B7FA6CD6D__5E3B7FA6CD6D__96-3-1.CJ TIDE I+G,Cheil Jedang Indonesia社-MUI(2020-10-16).pdf",".pdf","1275291","1.2162","2026-07-23T17:24:19","2019-01-24T17:13:52","PDF"
"RUNTIME","D:\halal_web_runtime","D:\halal_web_runtime\certificate_classifier\data\dataset_v2_label_corrected_20260727_114115\raw\MUI\5F67A9ED8C8C__5F67A9ED8C8C__96. YEAST EXTRACT LA05(ANGEL)[MUI_2026-11-29]아.pdf","certificate_classifier\data\dataset_v2_label_corrected_20260727_114115\raw\MUI\5F67A9ED8C8C__5F67A9ED8C8C__96. YEAST EXTRACT LA05(ANGEL)[MUI_2026-11-29]아.pdf","5F67A9ED8C8C__5F67A9ED8C8C__96. YEAST EXTRACT LA05(ANGEL)[MUI_2026-11-29]아.pdf",".pdf","420467","0.401","2026-07-23T17:24:19","2023-06-30T09:50:17","PDF"
"RUNTIME","D:\halal_web_runtime","D:\halal_web_runtime\certificate_classifier\data\dataset_v2_label_corrected_20260727_114115\raw\MUI\6C0BF8E37774__6C0BF8E37774__173_2. Resistant dextrin(SHANDONG)[MUI_2027-02-28]내.pdf","certificate_classifier\data\dataset_v2_label_corrected_20260727_114115\raw\MUI\6C0BF8E37774__6C0BF8E37774__173_2. Resistant dextrin(SHANDONG)[MUI_2027-02-28]내.pdf","6C0BF8E37774__6C0BF8E37774__173_2. Resistant dextrin(SHANDONG)[MUI_2027-02-28]내.pdf",".pdf","135130","0.1289","2026-07-23T17:24:19","2025-07-16T16:47:13","PDF"
"RUNTIME","D:\halal_web_runtime","D:\halal_web_runtime\certificate_classifier\data\dataset_v2_label_corrected_20260727_114115\raw\MUI\727D409F44FC__727D409F44FC__25. Kimchi flavor oil(S)(Naturals)[MUI_2025-10-20]내.pdf","certificate_classifier\data\dataset_v2_label_corrected_20260727_114115\raw\MUI\727D409F44FC__727D409F44FC__25. Kimchi flavor oil(S)(Naturals)[MUI_2025-10-20]내.pdf","727D409F44FC__727D409F44FC__25. Kimchi flavor oil(S)(Naturals)[MUI_2025-10-20]내.pdf",".pdf","137056","0.1307","2026-07-23T17:24:19","2021-12-22T10:49:53","PDF"
"RUNTIME","D:\halal_web_runtime","D:\halal_web_runtime\certificate_classifier\data\dataset_v2_label_corrected_20260727_114115\raw\MUI\74540E79F279__74540E79F279__42. Maltodextrin(SAJO)[MUI_2025-12-07]사.pdf","certificate_classifier\data\dataset_v2_label_corrected_20260727_114115\raw\MUI\74540E79F279__74540E79F279__42. Maltodextrin(SAJO)[MUI_2025-12-07]사.pdf","74540E79F279__74540E79F279__42. Maltodextrin(SAJO)[MUI_2025-12-07]사.pdf",".pdf","129865","0.1238","2026-07-23T17:24:19","2025-08-28T10:23:42","PDF"
"RUNTIME","D:\halal_web_runtime","D:\halal_web_runtime\certificate_classifier\data\dataset_v2_label_corrected_20260727_114115\raw\MUI\78A2F36B770E__78A2F36B770E__160. Chicken Flavor Extract MF(NONGSHIM)[MUI_2028-01-02]농.pdf","certificate_classifier\data\dataset_v2_label_corrected_20260727_114115\raw\MUI\78A2F36B770E__78A2F36B770E__160. Chicken Flavor Extract MF(NONGSHIM)[MUI_2028-01-02]농.pdf","78A2F36B770E__78A2F36B770E__160. Chicken Flavor Extract MF(NONGSHIM)[MUI_2028-01-02]농.pdf",".pdf","133242","0.1271","2026-07-23T17:24:19","2024-03-11T10:42:46","PDF"
"RUNTIME","D:\halal_web_runtime","D:\halal_web_runtime\certificate_classifier\data\dataset_v2_label_corrected_20260727_114115\raw\MUI\7D458CA5574E__7D458CA5574E__46_4. PURAC HS(Purac(Th)[MUI_2026-01-18]신.pdf","certificate_classifier\data\dataset_v2_label_corrected_20260727_114115\raw\MUI\7D458CA5574E__7D458CA5574E__46_4. PURAC HS(Purac(Th)[MUI_2026-01-18]신.pdf","7D458CA5574E__7D458CA5574E__46_4. PURAC HS(Purac(Th)[MUI_2026-01-18]신.pdf",".pdf","1711211","1.6319","2026-07-23T17:24:19","2022-03-08T08:09:00","PDF"
"RUNTIME","D:\halal_web_runtime","D:\halal_web_runtime\certificate_classifier\data\dataset_v2_label_corrected_20260727_114115\raw\MUI\7D792259D00C__7D792259D00C__126. Seafood Seasoning Paste-S(Naturals)[MUI_2028-08-13]내.pdf","certificate_classifier\data\dataset_v2_label_corrected_20260727_114115\raw\MUI\7D792259D00C__7D792259D00C__126. Seafood Seasoning Paste-S(Naturals)[MUI_2028-08-13]내.pdf","7D792259D00C__7D792259D00C__126. Seafood Seasoning Paste-S(Naturals)[MUI_2028-08-13]내.pdf",".pdf","145845","0.1391","2026-07-23T17:24:19","2025-09-11T16:15:55","PDF"
"RUNTIME","D:\halal_web_runtime","D:\halal_web_runtime\certificate_classifier\data\dataset_v2_label_corrected_20260727_114115\raw\MUI\7E454131B505__7E454131B505__11_1. Propylene Glygol USP.EP(The)[MUI_2026-02-02]신.pdf","certificate_classifier\data\dataset_v2_label_corrected_20260727_114115\raw\MUI\7E454131B505__7E454131B505__11_1. Propylene Glygol USP.EP(The)[MUI_2026-02-02]신.pdf","7E454131B505__7E454131B505__11_1. Propylene Glygol USP.EP(The)[MUI_2026-02-02]신.pdf",".pdf","927269","0.8843","2026-07-23T17:24:19","2025-06-09T17:34:03","PDF"
"RUNTIME","D:\halal_web_runtime","D:\halal_web_runtime\certificate_classifier\data\dataset_v2_label_corrected_20260727_114115\raw\MUI\832F908B8BB5__832F908B8BB5__37_1. INDIGESTIBLE  MALTODEXTRINE(SAMYANG)[MUI_2026-06-21]락.pdf","certificate_classifier\data\dataset_v2_label_corrected_20260727_114115\raw\MUI\832F908B8BB5__832F908B8BB5__37_1. INDIGESTIBLE  MALTODEXTRINE(SAMYANG)[MUI_2026-06-21]락.pdf","832F908B8BB5__832F908B8BB5__37_1. INDIGESTIBLE  MALTODEXTRINE(SAMYANG)[MUI_2026-06-21]락.pdf",".pdf","1278178","1.219","2026-07-23T17:24:19","2022-09-05T14:44:44","PDF"
"RUNTIME","D:\halal_web_runtime","D:\halal_web_runtime\certificate_classifier\data\dataset_v2_label_corrected_20260727_114115\raw\MUI\83C4060284C4__83C4060284C4__43. Anchovy Extract NF(Naturals)[MUI_2028-08-13]내.pdf","certificate_classifier\data\dataset_v2_label_corrected_20260727_114115\raw\MUI\83C4060284C4__83C4060284C4__43. Anchovy Extract NF(Naturals)[MUI_2028-08-13]내.pdf","83C4060284C4__83C4060284C4__43. Anchovy Extract NF(Naturals)[MUI_2028-08-13]내.pdf",".pdf","146237","0.1395","2026-07-23T17:24:19","2025-09-11T16:17:34","PDF"
"RUNTIME","D:\halal_web_runtime","D:\halal_web_runtime\certificate_classifier\data\dataset_v2_label_corrected_20260727_114115\raw\MUI\8A753243873B__8A753243873B__167_2. Yeast extract Fa02(ANGEL)[MUI_2027-01-01]한.pdf","certificate_classifier\data\dataset_v2_label_corrected_20260727_114115\raw\MUI\8A753243873B__8A753243873B__167_2. Yeast extract Fa02(ANGEL)[MUI_2027-01-01]한.pdf","8A753243873B__8A753243873B__167_2. Yeast extract Fa02(ANGEL)[MUI_2027-01-01]한.pdf",".pdf","288261","0.2749","2026-07-23T17:24:19","2024-06-17T10:59:10","PDF"
"RUNTIME","D:\halal_web_runtime","D:\halal_web_runtime\certificate_classifier\data\dataset_v2_label_corrected_20260727_114115\raw\MUI\8BDB8C6D2BD2__8BDB8C6D2BD2__49. Dried Sea Mustard concentration liquid(Hwachang)[MUI_2027-07-11]화.pdf","certificate_classifier\data\dataset_v2_label_corrected_20260727_114115\raw\MUI\8BDB8C6D2BD2__8BDB8C6D2BD2__49. Dried Sea Mustard concentration liquid(Hwachang)[MUI_2027-07-11]화.pdf","8BDB8C6D2BD2__8BDB8C6D2BD2__49. Dried Sea Mustard concentration liquid(Hwachang)[MUI_2027-07-11]화.pdf",".pdf","1263951","1.2054","2026-07-23T17:24:19","2023-08-04T17:55:33","PDF"
"RUNTIME","D:\halal_web_runtime","D:\halal_web_runtime\certificate_classifier\data\dataset_v2_label_corrected_20260727_114115\raw\MUI\8C5E6EC43C04__8C5E6EC43C04__129_1. Maltodextrin(INGREDIO)[MUI_2025-12-07]G.pdf","certificate_classifier\data\dataset_v2_label_corrected_20260727_114115\raw\MUI\8C5E6EC43C04__8C5E6EC43C04__129_1. Maltodextrin(INGREDIO)[MUI_2025-12-07]G.pdf","8C5E6EC43C04__8C5E6EC43C04__129_1. Maltodextrin(INGREDIO)[MUI_2025-12-07]G.pdf",".pdf","382435","0.3647","2026-07-23T17:24:19","2022-02-24T11:12:30","PDF"
"RUNTIME","D:\halal_web_runtime","D:\halal_web_runtime\certificate_classifier\data\dataset_v2_label_corrected_20260727_114115\raw\MUI\92FEC7018F4E__92FEC7018F4E__111. Taurine(Qianjian)[MUI_2026-11-15]테.pdf","certificate_classifier\data\dataset_v2_label_corrected_20260727_114115\raw\MUI\92FEC7018F4E__92FEC7018F4E__111. Taurine(Qianjian)[MUI_2026-11-15]테.pdf","92FEC7018F4E__92FEC7018F4E__111. Taurine(Qianjian)[MUI_2026-11-15]테.pdf",".pdf","1887926","1.8005","2026-07-23T17:24:19","2023-01-03T11:55:00","PDF"
"RUNTIME","D:\halal_web_runtime","D:\halal_web_runtime\certificate_classifier\data\dataset_v2_label_corrected_20260727_114115\raw\MUI\977E6CEEDB81__977E6CEEDB81__124. Edible Dextrose(DONGXIAO)[MUI_2026-11-22]제.pdf","certificate_classifier\data\dataset_v2_label_corrected_20260727_114115\raw\MUI\977E6CEEDB81__977E6CEEDB81__124. Edible Dextrose(DONGXIAO)[MUI_2026-11-22]제.pdf","977E6CEEDB81__977E6CEEDB81__124. Edible Dextrose(DONGXIAO)[MUI_2026-11-22]제.pdf",".pdf","1129551","1.0772","2026-07-23T17:24:19","2024-09-26T09:23:00","PDF"
"RUNTIME","D:\halal_web_runtime","D:\halal_web_runtime\certificate_classifier\data\dataset_v2_label_corrected_20260727_114115\raw\MUI\977F59DD3555__977F59DD3555__109_1_3. TRILITE SAR11(KA-11)(Samyang)[MUI_2025-09-07]대.pdf","certificate_classifier\data\dataset_v2_label_corrected_20260727_114115\raw\MUI\977F59DD3555__977F59DD3555__109_1_3. TRILITE SAR11(KA-11)(Samyang)[MUI_2025-09-07]대.pdf","977F59DD3555__977F59DD3555__109_1_3. TRILITE SAR11(KA-11)(Samyang)[MUI_2025-09-07]대.pdf",".pdf","1921317","1.8323","2026-07-23T17:24:19","2024-02-29T16:26:45","PDF"
"RUNTIME","D:\halal_web_runtime","D:\halal_web_runtime\certificate_classifier\data\dataset_v2_label_corrected_20260727_114115\raw\MUI\97B543DC6E90__97B543DC6E90__81. Onion flavor oil(SHIN)[MUI_2025-12-21]신.pdf","certificate_classifier\data\dataset_v2_label_corrected_20260727_114115\raw\MUI\97B543DC6E90__97B543DC6E90__81. Onion flavor oil(SHIN)[MUI_2025-12-21]신.pdf","97B543DC6E90__97B543DC6E90__81. Onion flavor oil(SHIN)[MUI_2025-12-21]신.pdf",".pdf","215013","0.2051","2026-07-23T17:24:19","2022-01-11T13:51:06","PDF"
"RUNTIME","D:\halal_web_runtime","D:\halal_web_runtime\certificate_classifier\data\dataset_v2_label_corrected_20260727_114115\raw\MUI\9918684C821B__9918684C821B__172. BH05(INNER)[MUI_2027-02-28]주.pdf","certificate_classifier\data\dataset_v2_label_corrected_20260727_114115\raw\MUI\9918684C821B__9918684C821B__172. BH05(INNER)[MUI_2027-02-28]주.pdf","9918684C821B__9918684C821B__172. BH05(INNER)[MUI_2027-02-28]주.pdf",".pdf","234016","0.2232","2026-07-23T17:24:19","2025-07-15T17:22:07","PDF"
"RUNTIME","D:\halal_web_runtime","D:\halal_web_runtime\certificate_classifier\data\dataset_v2_label_corrected_20260727_114115\raw\MUI\9A1814E4EEB8__9A1814E4EEB8__169_4. MALTODEXTRIN(YISHUI)[MUI_2026-09-06]주.pdf","certificate_classifier\data\dataset_v2_label_corrected_20260727_114115\raw\MUI\9A1814E4EEB8__9A1814E4EEB8__169_4. MALTODEXTRIN(YISHUI)[MUI_2026-09-06]주.pdf","9A1814E4EEB8__9A1814E4EEB8__169_4. MALTODEXTRIN(YISHUI)[MUI_2026-09-06]주.pdf",".pdf","1172564","1.1182","2026-07-23T17:24:19","2025-07-17T09:38:41","PDF"
"RUNTIME","D:\halal_web_runtime","D:\halal_web_runtime\certificate_classifier\data\dataset_v2_label_corrected_20260727_114115\raw\MUI\9C3ED3788964__9C3ED3788964__129_3. AJITIDE I+G(PT.)[MUI_2025-11-23]G.pdf","certificate_classifier\data\dataset_v2_label_corrected_20260727_114115\raw\MUI\9C3ED3788964__9C3ED3788964__129_3. AJITIDE I+G(PT.)[MUI_2025-11-23]G.pdf","9C3ED3788964__9C3ED3788964__129_3. AJITIDE I+G(PT.)[MUI_2025-11-23]G.pdf",".pdf","1242606","1.185","2026-07-23T17:24:19","2024-03-13T15:41:21","PDF"
"RUNTIME","D:\halal_web_runtime","D:\halal_web_runtime\certificate_classifier\data\dataset_v2_label_corrected_20260727_114115\raw\MUI\9E8007152ED7__9E8007152ED7__86. Thiamine Hydrochloride(HUAZHONG)[MUI_2026-08-17]테.pdf","certificate_classifier\data\dataset_v2_label_corrected_20260727_114115\raw\MUI\9E8007152ED7__9E8007152ED7__86. Thiamine Hydrochloride(HUAZHONG)[MUI_2026-08-17]테.pdf","9E8007152ED7__9E8007152ED7__86. Thiamine Hydrochloride(HUAZHONG)[MUI_2026-08-17]테.pdf",".pdf","1739993","1.6594","2026-07-23T17:24:19","2025-07-11T16:34:48","PDF"
"RUNTIME","D:\halal_web_runtime","D:\halal_web_runtime\certificate_classifier\data\dataset_v2_label_corrected_20260727_114115\raw\MUI\A9E601A32746__A9E601A32746__102_2. TONSIL OPTIMUM 230LM(CLARIANT)[MUI_2025-09-21]롯.pdf","certificate_classifier\data\dataset_v2_label_corrected_20260727_114115\raw\MUI\A9E601A32746__A9E601A32746__102_2. TONSIL OPTIMUM 230LM(CLARIANT)[MUI_2025-09-21]롯.pdf","A9E601A32746__A9E601A32746__102_2. TONSIL OPTIMUM 230LM(CLARIANT)[MUI_2025-09-21]롯.pdf",".pdf","5119526","4.8824","2026-07-23T17:24:19","2022-01-12T15:10:25","PDF"
"RUNTIME","D:\halal_web_runtime","D:\halal_web_runtime\certificate_classifier\data\dataset_v2_label_corrected_20260727_114115\raw\MUI\AA4F5A9E9182__AA4F5A9E9182__171_2. MALTOSE SYRUP(LUZHOU)[MUI_2026-02-15]Q.pdf","certificate_classifier\data\dataset_v2_label_corrected_20260727_114115\raw\MUI\AA4F5A9E9182__AA4F5A9E9182__171_2. MALTOSE SYRUP(LUZHOU)[MUI_2026-02-15]Q.pdf","AA4F5A9E9182__AA4F5A9E9182__171_2. MALTOSE SYRUP(LUZHOU)[MUI_2026-02-15]Q.pdf",".pdf","799193","0.7622","2026-07-23T17:24:19","2025-07-17T14:43:58","PDF"
"RUNTIME","D:\halal_web_runtime","D:\halal_web_runtime\certificate_classifier\data\dataset_v2_label_corrected_20260727_114115\raw\MUI\B03C26F11B39__B03C26F11B39__159. Potassium Sorbate(Ningbo)[MUI_2027-09-05]휴.pdf","certificate_classifier\data\dataset_v2_label_corrected_20260727_114115\raw\MUI\B03C26F11B39__B03C26F11B39__159. Potassium Sorbate(Ningbo)[MUI_2027-09-05]휴.pdf","B03C26F11B39__B03C26F11B39__159. Potassium Sorbate(Ningbo)[MUI_2027-09-05]휴.pdf",".pdf","1131569","1.0791","2026-07-23T17:24:19","2024-03-06T17:36:56","PDF"
"RUNTIME","D:\halal_web_runtime","D:\halal_web_runtime\certificate_classifier\data\dataset_v2_label_corrected_20260727_114115\raw\MUI\B9385044B08F__B9385044B08F__80. Onion Concentrate(Nongshim)[MUI_2028-01-02]농.pdf","certificate_classifier\data\dataset_v2_label_corrected_20260727_114115\raw\MUI\B9385044B08F__B9385044B08F__80. Onion Concentrate(Nongshim)[MUI_2028-01-02]농.pdf","B9385044B08F__B9385044B08F__80. Onion Concentrate(Nongshim)[MUI_2028-01-02]농.pdf",".pdf","197318","0.1882","2026-07-23T17:24:19","2024-03-11T10:42:46","PDF"
"RUNTIME","D:\halal_web_runtime","D:\halal_web_runtime\certificate_classifier\data\dataset_v2_label_corrected_20260727_114115\raw\MUI\C267B0DDAA87__C267B0DDAA87__173_3. maltodextrin(QINHUANG)[MUI_2027-07-19]내.pdf","certificate_classifier\data\dataset_v2_label_corrected_20260727_114115\raw\MUI\C267B0DDAA87__C267B0DDAA87__173_3. maltodextrin(QINHUANG)[MUI_2027-07-19]내.pdf","C267B0DDAA87__C267B0DDAA87__173_3. maltodextrin(QINHUANG)[MUI_2027-07-19]내.pdf",".pdf","156997","0.1497","2026-07-23T17:24:19","2025-07-16T16:47:13","PDF"
"RUNTIME","D:\halal_web_runtime","D:\halal_web_runtime\certificate_classifier\data\dataset_v2_label_corrected_20260727_114115\raw\MUI\C67F7427A49F__C67F7427A49F__97. Yeast Extract(Springer TS003)(GUANGXI)[MUI_2027-02-28]주.pdf","certificate_classifier\data\dataset_v2_label_corrected_20260727_114115\raw\MUI\C67F7427A49F__C67F7427A49F__97. Yeast Extract(Springer TS003)(GUANGXI)[MUI_2027-02-28]주.pdf","C67F7427A49F__C67F7427A49F__97. Yeast Extract(Springer TS003)(GUANGXI)[MUI_2027-02-28]주.pdf",".pdf","1256480","1.1983","2026-07-23T17:24:19","2023-07-12T17:53:38","PDF"
"RUNTIME","D:\halal_web_runtime","D:\halal_web_runtime\certificate_classifier\data\dataset_v2_label_corrected_20260727_114115\raw\MUI\C8753E4E51E0__C8753E4E51E0__43. Anchovy Extract NF(Naturals)[MUI_2025-10-20]내.pdf","certificate_classifier\data\dataset_v2_label_corrected_20260727_114115\raw\MUI\C8753E4E51E0__C8753E4E51E0__43. Anchovy Extract NF(Naturals)[MUI_2025-10-20]내.pdf","C8753E4E51E0__C8753E4E51E0__43. Anchovy Extract NF(Naturals)[MUI_2025-10-20]내.pdf",".pdf","344330","0.3284","2026-07-23T17:24:19","2021-12-21T16:22:16","PDF"
"RUNTIME","D:\halal_web_runtime","D:\halal_web_runtime\certificate_classifier\data\dataset_v2_label_corrected_20260727_114115\raw\MUI\CBF46C055377__CBF46C055377__103. lactic acid(HeNam)[MUI_2027-07-19]에.pdf","certificate_classifier\data\dataset_v2_label_corrected_20260727_114115\raw\MUI\CBF46C055377__CBF46C055377__103. lactic acid(HeNam)[MUI_2027-07-19]에.pdf","CBF46C055377__CBF46C055377__103. lactic acid(HeNam)[MUI_2027-07-19]에.pdf",".pdf","1214891","1.1586","2026-07-23T17:24:19","2023-09-14T08:33:37","PDF"
"RUNTIME","D:\halal_web_runtime","D:\halal_web_runtime\certificate_classifier\data\dataset_v2_label_corrected_20260727_114115\raw\MUI\D9FEAEAAA781__D9FEAEAAA781__139_2. CItric Acid Monohydrate(WEIFANG)[MUI_2026-09-20]S.pdf","certificate_classifier\data\dataset_v2_label_corrected_20260727_114115\raw\MUI\D9FEAEAAA781__D9FEAEAAA781__139_2. CItric Acid Monohydrate(WEIFANG)[MUI_2026-09-20]S.pdf","D9FEAEAAA781__D9FEAEAAA781__139_2. CItric Acid Monohydrate(WEIFANG)[MUI_2026-09-20]S.pdf",".pdf","1429603","1.3634","2026-07-23T17:24:19","2022-10-20T08:50:44","PDF"
"RUNTIME","D:\halal_web_runtime","D:\halal_web_runtime\certificate_classifier\data\dataset_v2_label_corrected_20260727_114115\raw\MUI\DAC7F90BDF38__DAC7F90BDF38__98_1_3. Maltodextrin(ZHUCHENG)[MUI_2026-06-21]비.pdf","certificate_classifier\data\dataset_v2_label_corrected_20260727_114115\raw\MUI\DAC7F90BDF38__DAC7F90BDF38__98_1_3. Maltodextrin(ZHUCHENG)[MUI_2026-06-21]비.pdf","DAC7F90BDF38__DAC7F90BDF38__98_1_3. Maltodextrin(ZHUCHENG)[MUI_2026-06-21]비.pdf",".pdf","1150662","1.0974","2026-07-23T17:24:19","2022-07-19T16:09:14","PDF"
"RUNTIME","D:\halal_web_runtime","D:\halal_web_runtime\certificate_classifier\data\dataset_v2_label_corrected_20260727_114115\raw\MUI\DBE4CAFF1F52__DBE4CAFF1F52__170_2. Xanthan Gum(NEIMENGG)[MUI_2027-02-28]주.pdf","certificate_classifier\data\dataset_v2_label_corrected_20260727_114115\raw\MUI\DBE4CAFF1F52__DBE4CAFF1F52__170_2. Xanthan Gum(NEIMENGG)[MUI_2027-02-28]주.pdf","DBE4CAFF1F52__DBE4CAFF1F52__170_2. Xanthan Gum(NEIMENGG)[MUI_2027-02-28]주.pdf",".pdf","1168412","1.1143","2026-07-23T17:24:19","2025-07-17T09:29:51","PDF"
"RUNTIME","D:\halal_web_runtime","D:\halal_web_runtime\certificate_classifier\data\dataset_v2_label_corrected_20260727_114115\raw\MUI\DDD557E5F320__DDD557E5F320__47. Low DE Corn Syrup(SAJO)[MUI_2026-01-04]사.pdf","certificate_classifier\data\dataset_v2_label_corrected_20260727_114115\raw\MUI\DDD557E5F320__DDD557E5F320__47. Low DE Corn Syrup(SAJO)[MUI_2026-01-04]사.pdf","DDD557E5F320__DDD557E5F320__47. Low DE Corn Syrup(SAJO)[MUI_2026-01-04]사.pdf",".pdf","218518","0.2084","2026-07-23T17:24:19","2025-08-28T10:23:48","PDF"
"RUNTIME","D:\halal_web_runtime","D:\halal_web_runtime\certificate_classifier\data\dataset_v2_label_corrected_20260727_114115\raw\MUI\DE4452DD7931__DE4452DD7931__98_1_1. CJ TIDE I+G(CJ)[MUI_2025-11-23]비.pdf","certificate_classifier\data\dataset_v2_label_corrected_20260727_114115\raw\MUI\DE4452DD7931__DE4452DD7931__98_1_1. CJ TIDE I+G(CJ)[MUI_2025-11-23]비.pdf","DE4452DD7931__DE4452DD7931__98_1_1. CJ TIDE I+G(CJ)[MUI_2025-11-23]비.pdf",".pdf","1288640","1.2289","2026-07-23T17:24:19","2022-10-20T09:28:26","PDF"
"RUNTIME","D:\halal_web_runtime","D:\halal_web_runtime\certificate_classifier\data\dataset_v2_label_corrected_20260727_114115\raw\MUI\DEA9FC1BFDD8__DEA9FC1BFDD8__154. Monosodium Glutamate(TONGLIAO)[MUI_2027-02-21]보.pdf","certificate_classifier\data\dataset_v2_label_corrected_20260727_114115\raw\MUI\DEA9FC1BFDD8__DEA9FC1BFDD8__154. Monosodium Glutamate(TONGLIAO)[MUI_2027-02-21]보.pdf","DEA9FC1BFDD8__DEA9FC1BFDD8__154. Monosodium Glutamate(TONGLIAO)[MUI_2027-02-21]보.pdf",".pdf","1122060","1.0701","2026-07-23T17:24:19","2023-12-19T14:40:26","PDF"
"RUNTIME","D:\halal_web_runtime","D:\halal_web_runtime\certificate_classifier\data\dataset_v2_label_corrected_20260727_114115\raw\MUI\E0061FDB072B__E0061FDB072B__41. 14484 MAXAVOR® BEEF YE(DSM)[MUI_2025-12-07]네.pdf","certificate_classifier\data\dataset_v2_label_corrected_20260727_114115\raw\MUI\E0061FDB072B__E0061FDB072B__41. 14484 MAXAVOR® BEEF YE(DSM)[MUI_2025-12-07]네.pdf","E0061FDB072B__E0061FDB072B__41. 14484 MAXAVOR® BEEF YE(DSM)[MUI_2025-12-07]네.pdf",".pdf","5107112","4.8705","2026-07-23T17:24:19","2022-01-24T16:28:14","PDF"
"RUNTIME","D:\halal_web_runtime","D:\halal_web_runtime\certificate_classifier\data\dataset_v2_label_corrected_20260727_114115\raw\MUI\E68B854A4679__E68B854A4679__25. Kimchi flavor oil(S)(Naturals)[MUI_2028-12-18]내.pdf","certificate_classifier\data\dataset_v2_label_corrected_20260727_114115\raw\MUI\E68B854A4679__E68B854A4679__25. Kimchi flavor oil(S)(Naturals)[MUI_2028-12-18]내.pdf","E68B854A4679__E68B854A4679__25. Kimchi flavor oil(S)(Naturals)[MUI_2028-12-18]내.pdf",".pdf","119405","0.1139","2026-07-23T17:24:19","2025-09-11T15:09:54","PDF"
"RUNTIME","D:\halal_web_runtime","D:\halal_web_runtime\certificate_classifier\data\dataset_v2_label_corrected_20260727_114115\raw\MUI\E880D4AC2D12__E880D4AC2D12__109-1-3.TRILITE SAR11(KA-11)-MUI(2023-03-16).pdf","certificate_classifier\data\dataset_v2_label_corrected_20260727_114115\raw\MUI\E880D4AC2D12__E880D4AC2D12__109-1-3.TRILITE SAR11(KA-11)-MUI(2023-03-16).pdf","E880D4AC2D12__E880D4AC2D12__109-1-3.TRILITE SAR11(KA-11)-MUI(2023-03-16).pdf",".pdf","3315129","3.1616","2026-07-23T17:24:19","2022-01-17T08:57:06","PDF"
"RUNTIME","D:\halal_web_runtime","D:\halal_web_runtime\certificate_classifier\data\dataset_v2_label_corrected_20260727_114115\raw\MUI\EB89EA359A43__EB89EA359A43__38. Jem Soya Lecithin Liquid Standard(SONIC)[MUI_2026-04-26]하.pdf","certificate_classifier\data\dataset_v2_label_corrected_20260727_114115\raw\MUI\EB89EA359A43__EB89EA359A43__38. Jem Soya Lecithin Liquid Standard(SONIC)[MUI_2026-04-26]하.pdf","EB89EA359A43__EB89EA359A43__38. Jem Soya Lecithin Liquid Standard(SONIC)[MUI_2026-04-26]하.pdf",".pdf","1068087","1.0186","2026-07-23T17:24:19","2022-07-19T14:58:42","PDF"
"RUNTIME","D:\halal_web_runtime","D:\halal_web_runtime\certificate_classifier\data\dataset_v2_label_corrected_20260727_114115\raw\MUI\EEFF27613BB6__EEFF27613BB6__109_1_2. Activated Carbon(NANPING)[MUI_2025-11-11]대.pdf","certificate_classifier\data\dataset_v2_label_corrected_20260727_114115\raw\MUI\EEFF27613BB6__EEFF27613BB6__109_1_2. Activated Carbon(NANPING)[MUI_2025-11-11]대.pdf","EEFF27613BB6__EEFF27613BB6__109_1_2. Activated Carbon(NANPING)[MUI_2025-11-11]대.pdf",".pdf","1041806","0.9935","2026-07-23T17:24:19","2022-03-14T15:06:00","PDF"
"RUNTIME","D:\halal_web_runtime","D:\halal_web_runtime\certificate_classifier\data\dataset_v2_label_corrected_20260727_114115\raw\MUI\EF226D67A3AA__EF226D67A3AA__46_6. Low DE Corn Syrup(INGREDIO)[MUI_2026-01-04]신.pdf","certificate_classifier\data\dataset_v2_label_corrected_20260727_114115\raw\MUI\EF226D67A3AA__EF226D67A3AA__46_6. Low DE Corn Syrup(INGREDIO)[MUI_2026-01-04]신.pdf","EF226D67A3AA__EF226D67A3AA__46_6. Low DE Corn Syrup(INGREDIO)[MUI_2026-01-04]신.pdf",".pdf","443143","0.4226","2026-07-23T17:24:19","2022-02-24T10:29:30","PDF"
"RUNTIME","D:\halal_web_runtime","D:\halal_web_runtime\certificate_classifier\data\dataset_v2_label_corrected_20260727_114115\raw\MUI\EFCC218E0F7C__EFCC218E0F7C__75. Iceoligosaccharide(INGREDIO)[MUI_2026-01-04]인.pdf","certificate_classifier\data\dataset_v2_label_corrected_20260727_114115\raw\MUI\EFCC218E0F7C__EFCC218E0F7C__75. Iceoligosaccharide(INGREDIO)[MUI_2026-01-04]인.pdf","EFCC218E0F7C__EFCC218E0F7C__75. Iceoligosaccharide(INGREDIO)[MUI_2026-01-04]인.pdf",".pdf","443141","0.4226","2026-07-23T17:24:19","2022-02-24T10:37:04","PDF"
"RUNTIME","D:\halal_web_runtime","D:\halal_web_runtime\certificate_classifier\data\dataset_v2_label_corrected_20260727_114115\raw\MUIS\05C96512F5FA__05C96512F5FA__57. 158957 vegetable broth flavor(Broth enhancer)(Symrise)[MUIS_2026-05-31]s.pdf","certificate_classifier\data\dataset_v2_label_corrected_20260727_114115\raw\MUIS\05C96512F5FA__05C96512F5FA__57. 158957 vegetable broth flavor(Broth enhancer)(Symrise)[MUIS_2026-05-31]s.pdf","05C96512F5FA__05C96512F5FA__57. 158957 vegetable broth flavor(Broth enhancer)(Symrise)[MUIS_2026-05-31]s.pdf",".pdf","499773","0.4766","2026-07-23T17:24:19","2024-06-21T10:46:28","PDF"
"RUNTIME","D:\halal_web_runtime","D:\halal_web_runtime\certificate_classifier\data\dataset_v2_label_corrected_20260727_114115\raw\MUIS\28AD26C335DF__28AD26C335DF__TRZ halal cert - 30 Sep 2026 MUIS.pdf","certificate_classifier\data\dataset_v2_label_corrected_20260727_114115\raw\MUIS\28AD26C335DF__28AD26C335DF__TRZ halal cert - 30 Sep 2026 MUIS.pdf","28AD26C335DF__28AD26C335DF__TRZ halal cert - 30 Sep 2026 MUIS.pdf",".pdf","331947","0.3166","2026-07-23T17:24:19","2026-07-23T14:52:01","PDF"
"RUNTIME","D:\halal_web_runtime","D:\halal_web_runtime\certificate_classifier\data\dataset_v2_label_corrected_20260727_114115\raw\MUIS\45BB764BB29C__45BB764BB29C__50. Meat Base Flavour HK-2446K 74916-73(Givaudan)[MUIS_2026-09-30]브.pdf","certificate_classifier\data\dataset_v2_label_corrected_20260727_114115\raw\MUIS\45BB764BB29C__45BB764BB29C__50. Meat Base Flavour HK-2446K 74916-73(Givaudan)[MUIS_2026-09-30]브.pdf","45BB764BB29C__45BB764BB29C__50. Meat Base Flavour HK-2446K 74916-73(Givaudan)[MUIS_2026-09-30]브.pdf",".pdf","610696","0.5824","2026-07-23T17:24:19","2025-09-24T08:22:24","PDF"
"RUNTIME","D:\halal_web_runtime","D:\halal_web_runtime\certificate_classifier\data\dataset_v2_label_corrected_20260727_114115\raw\MUIS\4C6437B364CB__4C6437B364CB__premium catering 280226 MUIS.pdf","certificate_classifier\data\dataset_v2_label_corrected_20260727_114115\raw\MUIS\4C6437B364CB__4C6437B364CB__premium catering 280226 MUIS.pdf","4C6437B364CB__4C6437B364CB__premium catering 280226 MUIS.pdf",".pdf","747109","0.7125","2026-07-23T17:24:19","2026-07-23T14:52:11","PDF"
"RUNTIME","D:\halal_web_runtime","D:\halal_web_runtime\certificate_classifier\data\dataset_v2_label_corrected_20260727_114115\raw\MUIS\5C4033894C7C__5C4033894C7C__Kueh Makers 31.3.27 MUIS.pdf","certificate_classifier\data\dataset_v2_label_corrected_20260727_114115\raw\MUIS\5C4033894C7C__5C4033894C7C__Kueh Makers 31.3.27 MUIS.pdf","5C4033894C7C__5C4033894C7C__Kueh Makers 31.3.27 MUIS.pdf",".pdf","316609","0.3019","2026-07-23T17:24:19","2026-07-23T14:51:37","PDF"
"RUNTIME","D:\halal_web_runtime","D:\halal_web_runtime\certificate_classifier\data\dataset_v2_label_corrected_20260727_114115\raw\MUIS\66F170721976__66F170721976__60. NAT SHALLOT FLAVOR(962539)-MUIS(2022-02-28).pdf","certificate_classifier\data\dataset_v2_label_corrected_20260727_114115\raw\MUIS\66F170721976__66F170721976__60. NAT SHALLOT FLAVOR(962539)-MUIS(2022-02-28).pdf","66F170721976__66F170721976__60. NAT SHALLOT FLAVOR(962539)-MUIS(2022-02-28).pdf",".pdf","99549","0.0949","2026-07-23T17:24:19","2022-03-08T08:05:38","PDF"
"RUNTIME","D:\halal_web_runtime","D:\halal_web_runtime\certificate_classifier\data\dataset_v2_label_corrected_20260727_114115\raw\MUIS\927B9DA64D91__927B9DA64D91__Halal Plus 1200 CoO Singapore exp. 31.07.25 MUIS.pdf","certificate_classifier\data\dataset_v2_label_corrected_20260727_114115\raw\MUIS\927B9DA64D91__927B9DA64D91__Halal Plus 1200 CoO Singapore exp. 31.07.25 MUIS.pdf","927B9DA64D91__927B9DA64D91__Halal Plus 1200 CoO Singapore exp. 31.07.25 MUIS.pdf",".pdf","188847","0.1801","2026-07-23T17:24:19","2026-07-23T14:52:18","PDF"
"RUNTIME","D:\halal_web_runtime","D:\halal_web_runtime\certificate_classifier\data\dataset_v2_label_corrected_20260727_114115\raw\MUIS\967CB999BF4B__967CB999BF4B__sample MUIS Halal-OAS-210731.pdf","certificate_classifier\data\dataset_v2_label_corrected_20260727_114115\raw\MUIS\967CB999BF4B__967CB999BF4B__sample MUIS Halal-OAS-210731.pdf","967CB999BF4B__967CB999BF4B__sample MUIS Halal-OAS-210731.pdf",".pdf","603967","0.576","2026-07-23T17:24:19","2026-05-25T16:07:42","PDF"
"RUNTIME","D:\halal_web_runtime","D:\halal_web_runtime\certificate_classifier\data\dataset_v2_label_corrected_20260727_114115\raw\MUIS\99277EC717E6__99277EC717E6__OAS-Halal MUIS.pdf","certificate_classifier\data\dataset_v2_label_corrected_20260727_114115\raw\MUIS\99277EC717E6__99277EC717E6__OAS-Halal MUIS.pdf","99277EC717E6__99277EC717E6__OAS-Halal MUIS.pdf",".pdf","936976","0.8936","2026-07-23T17:24:19","2026-07-23T14:52:24","PDF"
"RUNTIME","D:\halal_web_runtime","D:\halal_web_runtime\certificate_classifier\data\dataset_v2_label_corrected_20260727_114115\raw\MUIS\AD29953BBD0E__AD29953BBD0E__sample MUIS fusion spoon 30.4.27.pdf","certificate_classifier\data\dataset_v2_label_corrected_20260727_114115\raw\MUIS\AD29953BBD0E__AD29953BBD0E__sample MUIS fusion spoon 30.4.27.pdf","AD29953BBD0E__AD29953BBD0E__sample MUIS fusion spoon 30.4.27.pdf",".pdf","335209","0.3197","2026-07-23T17:24:19","2026-05-25T16:07:56","PDF"
"RUNTIME","D:\halal_web_runtime","D:\halal_web_runtime\certificate_classifier\data\dataset_v2_label_corrected_20260727_114115\raw\MUIS\DA80333C0996__DA80333C0996__62. NAT SHALLOT FLAVOR(962539)(Symrise)[MUIS_2026-05-31]주.PDF","certificate_classifier\data\dataset_v2_label_corrected_20260727_114115\raw\MUIS\DA80333C0996__DA80333C0996__62. NAT SHALLOT FLAVOR(962539)(Symrise)[MUIS_2026-05-31]주.PDF","DA80333C0996__DA80333C0996__62. NAT SHALLOT FLAVOR(962539)(Symrise)[MUIS_2026-05-31]주.PDF",".pdf","98172","0.0936","2026-07-23T17:24:19","2025-06-05T06:28:51","PDF"
"RUNTIME","D:\halal_web_runtime","D:\halal_web_runtime\certificate_classifier\data\dataset_v2_label_corrected_20260727_114115\raw\MUIS\DBDBE7D51C96__DBDBE7D51C96__sample MUIS VWR Singapore Avantor_Halal 31 March 2028.pdf","certificate_classifier\data\dataset_v2_label_corrected_20260727_114115\raw\MUIS\DBDBE7D51C96__DBDBE7D51C96__sample MUIS VWR Singapore Avantor_Halal 31 March 2028.pdf","DBDBE7D51C96__DBDBE7D51C96__sample MUIS VWR Singapore Avantor_Halal 31 March 2028.pdf",".pdf","312346","0.2979","2026-07-23T17:24:19","2026-05-25T16:07:21","PDF"
"RUNTIME","D:\halal_web_runtime","D:\halal_web_runtime\certificate_classifier\data\dataset_v2_label_corrected_20260727_114115\raw\TQHCC\026570533D72__026570533D72__94.Yeast Extract(OHLY),OHLY GmbH-TQHCC(HC1280012791-OH2018,2019-10-31).pdf","certificate_classifier\data\dataset_v2_label_corrected_20260727_114115\raw\TQHCC\026570533D72__026570533D72__94.Yeast Extract(OHLY),OHLY GmbH-TQHCC(HC1280012791-OH2018,2019-10-31).pdf","026570533D72__026570533D72__94.Yeast Extract(OHLY),OHLY GmbH-TQHCC(HC1280012791-OH2018,2019-10-31).pdf",".pdf","780543","0.7444","2026-07-23T17:24:19","2019-10-07T10:53:54","PDF"
"RUNTIME","D:\halal_web_runtime","D:\halal_web_runtime\certificate_classifier\data\dataset_v2_label_corrected_20260727_114115\raw\TQHCC\09DB1C67B71B__09DB1C67B71B__95. OHLYⓡSTV Meaty(OHLY)[TQHCC_2025-10-31]등.pdf","certificate_classifier\data\dataset_v2_label_corrected_20260727_114115\raw\TQHCC\09DB1C67B71B__09DB1C67B71B__95. OHLYⓡSTV Meaty(OHLY)[TQHCC_2025-10-31]등.pdf","09DB1C67B71B__09DB1C67B71B__95. OHLYⓡSTV Meaty(OHLY)[TQHCC_2025-10-31]등.pdf",".pdf","1587262","1.5137","2026-07-23T17:24:19","2024-11-08T07:25:59","PDF"
"RUNTIME","D:\halal_web_runtime","D:\halal_web_runtime\certificate_classifier\data\dataset_v2_label_corrected_20260727_114115\raw\TQHCC\1B06D49671C5__1B06D49671C5__91.Yeast Extract(OHLY),OHLY GmbH社-TQHCC(2021-10-31).pdf","certificate_classifier\data\dataset_v2_label_corrected_20260727_114115\raw\TQHCC\1B06D49671C5__1B06D49671C5__91.Yeast Extract(OHLY),OHLY GmbH社-TQHCC(2021-10-31).pdf","1B06D49671C5__1B06D49671C5__91.Yeast Extract(OHLY),OHLY GmbH社-TQHCC(2021-10-31).pdf",".pdf","1079236","1.0292","2026-07-23T17:24:19","2021-01-18T16:17:13","PDF"
"RUNTIME","D:\halal_web_runtime","D:\halal_web_runtime\certificate_classifier\data\dataset_v2_label_corrected_20260727_114115\raw\TQHCC\24460F9C9F05__24460F9C9F05__sample TQHCC Certificateannex-2024.pdf","certificate_classifier\data\dataset_v2_label_corrected_20260727_114115\raw\TQHCC\24460F9C9F05__24460F9C9F05__sample TQHCC Certificateannex-2024.pdf","24460F9C9F05__24460F9C9F05__sample TQHCC Certificateannex-2024.pdf",".pdf","863238","0.8232","2026-07-23T17:24:19","2026-05-25T16:24:48","PDF"
"RUNTIME","D:\halal_web_runtime","D:\halal_web_runtime\certificate_classifier\data\dataset_v2_label_corrected_20260727_114115\raw\TQHCC\9F229E8A1C19__9F229E8A1C19__sample TQHCC Halal-Certificate_EuropaCuisson2021.pdf","certificate_classifier\data\dataset_v2_label_corrected_20260727_114115\raw\TQHCC\9F229E8A1C19__9F229E8A1C19__sample TQHCC Halal-Certificate_EuropaCuisson2021.pdf","9F229E8A1C19__9F229E8A1C19__sample TQHCC Halal-Certificate_EuropaCuisson2021.pdf",".pdf","433111","0.413","2026-07-23T17:24:19","2026-05-25T16:26:10","PDF"
"RUNTIME","D:\halal_web_runtime","D:\halal_web_runtime\certificate_classifier\data\dataset_v2_label_corrected_20260727_114115\raw\TQHCC\ABDE2D844F79__ABDE2D844F79__sample TQHCC.pdf","certificate_classifier\data\dataset_v2_label_corrected_20260727_114115\raw\TQHCC\ABDE2D844F79__ABDE2D844F79__sample TQHCC.pdf","ABDE2D844F79__ABDE2D844F79__sample TQHCC.pdf",".pdf","1147280","1.0941","2026-07-23T17:24:19","2026-05-25T16:25:37","PDF"
"RUNTIME","D:\halal_web_runtime","D:\halal_web_runtime\certificate_classifier\data\dataset_v2_label_corrected_20260727_114115\raw\TQHCC\C62F44A2E455__C62F44A2E455__sample TQHCC halal-certificate-buteressence-company-exp-31-12-2025.pdf","certificate_classifier\data\dataset_v2_label_corrected_20260727_114115\raw\TQHCC\C62F44A2E455__C62F44A2E455__sample TQHCC halal-certificate-buteressence-company-exp-31-12-2025.pdf","C62F44A2E455__C62F44A2E455__sample TQHCC halal-certificate-buteressence-company-exp-31-12-2025.pdf",".pdf","418785","0.3994","2026-07-23T17:24:19","2026-05-25T16:25:56","PDF"
"RUNTIME","D:\halal_web_runtime","D:\halal_web_runtime\certificate_classifier\data\dataset_v2_label_corrected_20260727_114115\raw\TQHCC\D7A363451585__D7A363451585__107. OHLYⓡSTV Meaty-TQHCC(2023-10-31).pdf","certificate_classifier\data\dataset_v2_label_corrected_20260727_114115\raw\TQHCC\D7A363451585__D7A363451585__107. OHLYⓡSTV Meaty-TQHCC(2023-10-31).pdf","D7A363451585__D7A363451585__107. OHLYⓡSTV Meaty-TQHCC(2023-10-31).pdf",".pdf","807320","0.7699","2026-07-23T17:24:19","2023-10-18T17:58:53","PDF"
"RUNTIME","D:\halal_web_runtime","D:\halal_web_runtime\certificate_classifier\data\synthetic_scans_20260728_172920\synthetic_scan_failures.csv","certificate_classifier\data\synthetic_scans_20260728_172920\synthetic_scan_failures.csv","synthetic_scan_failures.csv",".csv","55","0.0001","2026-07-28T17:31:35","2026-07-28T17:31:35","OCR_TRAINING_DATA"
"RUNTIME","D:\halal_web_runtime","D:\halal_web_runtime\certificate_classifier\data\synthetic_scans_20260728_172920\synthetic_scan_manifest.csv","certificate_classifier\data\synthetic_scans_20260728_172920\synthetic_scan_manifest.csv","synthetic_scan_manifest.csv",".csv","55369","0.0528","2026-07-28T17:31:35","2026-07-28T17:31:35","OCR_TRAINING_DATA"
"RUNTIME","D:\halal_web_runtime","D:\halal_web_runtime\certificate_classifier\data\synthetic_scans_20260728_172920\BPJPH\48DC33EA36A8__48DC33EA36A8__108_2. LpHera(Novozyme)[BPJPH_2026-05-25]씨__SYNTH_SCAN_A_CLEAN.pdf","certificate_classifier\data\synthetic_scans_20260728_172920\BPJPH\48DC33EA36A8__48DC33EA36A8__108_2. LpHera(Novozyme)[BPJPH_2026-05-25]씨__SYNTH_SCAN_A_CLEAN.pdf","48DC33EA36A8__48DC33EA36A8__108_2. LpHera(Novozyme)[BPJPH_2026-05-25]씨__SYNTH_SCAN_A_CLEAN.pdf",".pdf","4116295","3.9256","2026-07-28T17:29:37","2026-07-28T17:29:37","SYNTHETIC_SCAN_PDF"
"RUNTIME","D:\halal_web_runtime","D:\halal_web_runtime\certificate_classifier\data\synthetic_scans_20260728_172920\BPJPH\48DC33EA36A8__48DC33EA36A8__108_2. LpHera(Novozyme)[BPJPH_2026-05-25]씨__SYNTH_SCAN_B_OFFICE.pdf","certificate_classifier\data\synthetic_scans_20260728_172920\BPJPH\48DC33EA36A8__48DC33EA36A8__108_2. LpHera(Novozyme)[BPJPH_2026-05-25]씨__SYNTH_SCAN_B_OFFICE.pdf","48DC33EA36A8__48DC33EA36A8__108_2. LpHera(Novozyme)[BPJPH_2026-05-25]씨__SYNTH_SCAN_B_OFFICE.pdf",".pdf","1972502","1.8811","2026-07-28T17:29:41","2026-07-28T17:29:41","SYNTHETIC_SCAN_PDF"
"RUNTIME","D:\halal_web_runtime","D:\halal_web_runtime\certificate_classifier\data\synthetic_scans_20260728_172920\BPJPH\EE91BF39F406__EE91BF39F406__45. SEWOO CO., LTD BPJPH HALAL Certificate_(2025-11-18)__SYNTH_SCAN_A_CLEAN.pdf","certificate_classifier\data\synthetic_scans_20260728_172920\BPJPH\EE91BF39F406__EE91BF39F406__45. SEWOO CO., LTD BPJPH HALAL Certificate_(2025-11-18)__SYNTH_SCAN_A_CLEAN.pdf","EE91BF39F406__EE91BF39F406__45. SEWOO CO., LTD BPJPH HALAL Certificate_(2025-11-18)__SYNTH_SCAN_A_CLEAN.pdf",".pdf","3451017","3.2911","2026-07-28T17:29:48","2026-07-28T17:29:48","SYNTHETIC_SCAN_PDF"
"RUNTIME","D:\halal_web_runtime","D:\halal_web_runtime\certificate_classifier\data\synthetic_scans_20260728_172920\BPJPH\EE91BF39F406__EE91BF39F406__45. SEWOO CO., LTD BPJPH HALAL Certificate_(2025-11-18)__SYNTH_SCAN_B_OFFICE.pdf","certificate_classifier\data\synthetic_scans_20260728_172920\BPJPH\EE91BF39F406__EE91BF39F406__45. SEWOO CO., LTD BPJPH HALAL Certificate_(2025-11-18)__SYNTH_SCAN_B_OFFICE.pdf","EE91BF39F406__EE91BF39F406__45. SEWOO CO., LTD BPJPH HALAL Certificate_(2025-11-18)__SYNTH_SCAN_B_OFFICE.pdf",".pdf","1588905","1.5153","2026-07-28T17:29:52","2026-07-28T17:29:52","SYNTHETIC_SCAN_PDF"
"RUNTIME","D:\halal_web_runtime","D:\halal_web_runtime\certificate_classifier\data\synthetic_scans_20260728_172920\CICOT\BEA412DC7886__BEA412DC7886__48_1. REFINED RICE brand oil(THAI)[CICOT_2026-04-24]농__SYNTH_SCAN_A_CLEAN.pdf","certificate_classifier\data\synthetic_scans_20260728_172920\CICOT\BEA412DC7886__BEA412DC7886__48_1. REFINED RICE brand oil(THAI)[CICOT_2026-04-24]농__SYNTH_SCAN_A_CLEAN.pdf","BEA412DC7886__BEA412DC7886__48_1. REFINED RICE brand oil(THAI)[CICOT_2026-04-24]농__SYNTH_SCAN_A_CLEAN.pdf",".pdf","1917177","1.8284","2026-07-28T17:29:57","2026-07-28T17:29:57","SYNTHETIC_SCAN_PDF"
"RUNTIME","D:\halal_web_runtime","D:\halal_web_runtime\certificate_classifier\data\synthetic_scans_20260728_172920\CICOT\BEA412DC7886__BEA412DC7886__48_1. REFINED RICE brand oil(THAI)[CICOT_2026-04-24]농__SYNTH_SCAN_B_OFFICE.pdf","certificate_classifier\data\synthetic_scans_20260728_172920\CICOT\BEA412DC7886__BEA412DC7886__48_1. REFINED RICE brand oil(THAI)[CICOT_2026-04-24]농__SYNTH_SCAN_B_OFFICE.pdf","BEA412DC7886__BEA412DC7886__48_1. REFINED RICE brand oil(THAI)[CICOT_2026-04-24]농__SYNTH_SCAN_B_OFFICE.pdf",".pdf","741993","0.7076","2026-07-28T17:29:57","2026-07-28T17:29:57","SYNTHETIC_SCAN_PDF"
"RUNTIME","D:\halal_web_runtime","D:\halal_web_runtime\certificate_classifier\data\synthetic_scans_20260728_172920\CICOT\CBA90276ADE8__CBA90276ADE8__167. KRATIONⓡKE8(SIAM)[CICOT_2025-10-14]마__SYNTH_SCAN_A_CLEAN.pdf","certificate_classifier\data\synthetic_scans_20260728_172920\CICOT\CBA90276ADE8__CBA90276ADE8__167. KRATIONⓡKE8(SIAM)[CICOT_2025-10-14]마__SYNTH_SCAN_A_CLEAN.pdf","CBA90276ADE8__CBA90276ADE8__167. KRATIONⓡKE8(SIAM)[CICOT_2025-10-14]마__SYNTH_SCAN_A_CLEAN.pdf",".pdf","2366166","2.2566","2026-07-28T17:29:54","2026-07-28T17:29:54","SYNTHETIC_SCAN_PDF"
"RUNTIME","D:\halal_web_runtime","D:\halal_web_runtime\certificate_classifier\data\synthetic_scans_20260728_172920\CICOT\CBA90276ADE8__CBA90276ADE8__167. KRATIONⓡKE8(SIAM)[CICOT_2025-10-14]마__SYNTH_SCAN_B_OFFICE.pdf","certificate_classifier\data\synthetic_scans_20260728_172920\CICOT\CBA90276ADE8__CBA90276ADE8__167. KRATIONⓡKE8(SIAM)[CICOT_2025-10-14]마__SYNTH_SCAN_B_OFFICE.pdf","CBA90276ADE8__CBA90276ADE8__167. KRATIONⓡKE8(SIAM)[CICOT_2025-10-14]마__SYNTH_SCAN_B_OFFICE.pdf",".pdf","917951","0.8754","2026-07-28T17:29:56","2026-07-28T17:29:56","SYNTHETIC_SCAN_PDF"
"RUNTIME","D:\halal_web_runtime","D:\halal_web_runtime\certificate_classifier\data\synthetic_scans_20260728_172920\HALAL CONTROL\88C7CF050E8B__88C7CF050E8B__슈가시럽-Halal Quality Control - Halal Zertifikat - SÜDZUCKER Karasirup - gültig bis 12.12.2022__SYNTH_SCAN_A_CLEAN.pdf","certificate_classifier\data\synthetic_scans_20260728_172920\HALAL CONTROL\88C7CF050E8B__88C7CF050E8B__슈가시럽-Halal Quality Control - Halal Zertifikat - SÜDZUCKER Karasirup - gültig bis 12.12.2022__SYNTH_SCAN_A_CLEAN.pdf","88C7CF050E8B__88C7CF050E8B__슈가시럽-Halal Quality Control - Halal Zertifikat - SÜDZUCKER Karasirup - gültig bis 12.12.2022__SYNTH_SCAN_A_CLEAN.pdf",".pdf","2454754","2.341","2026-07-28T17:30:03","2026-07-28T17:30:03","SYNTHETIC_SCAN_PDF"
"RUNTIME","D:\halal_web_runtime","D:\halal_web_runtime\certificate_classifier\data\synthetic_scans_20260728_172920\HALAL CONTROL\88C7CF050E8B__88C7CF050E8B__슈가시럽-Halal Quality Control - Halal Zertifikat - SÜDZUCKER Karasirup - gültig bis 12.12.2022__SYNTH_SCAN_B_OFFICE.pdf","certificate_classifier\data\synthetic_scans_20260728_172920\HALAL CONTROL\88C7CF050E8B__88C7CF050E8B__슈가시럽-Halal Quality Control - Halal Zertifikat - SÜDZUCKER Karasirup - gültig bis 12.12.2022__SYNTH_SCAN_B_OFFICE.pdf","88C7CF050E8B__88C7CF050E8B__슈가시럽-Halal Quality Control - Halal Zertifikat - SÜDZUCKER Karasirup - gültig bis 12.12.2022__SYNTH_SCAN_B_OFFICE.pdf",".pdf","1026569","0.979","2026-07-28T17:30:04","2026-07-28T17:30:04","SYNTHETIC_SCAN_PDF"
"RUNTIME","D:\halal_web_runtime","D:\halal_web_runtime\certificate_classifier\data\synthetic_scans_20260728_172920\HALAL CONTROL\98694064CED0__98694064CED0__cesarin-certificato-halal-2024 halal control__SYNTH_SCAN_A_CLEAN.pdf","certificate_classifier\data\synthetic_scans_20260728_172920\HALAL CONTROL\98694064CED0__98694064CED0__cesarin-certificato-halal-2024 halal control__SYNTH_SCAN_A_CLEAN.pdf","98694064CED0__98694064CED0__cesarin-certificato-halal-2024 halal control__SYNTH_SCAN_A_CLEAN.pdf",".pdf","1494964","1.4257","2026-07-28T17:29:59","2026-07-28T17:29:59","SYNTHETIC_SCAN_PDF"
"RUNTIME","D:\halal_web_runtime","D:\halal_web_runtime\certificate_classifier\data\synthetic_scans_20260728_172920\HALAL CONTROL\98694064CED0__98694064CED0__cesarin-certificato-halal-2024 halal control__SYNTH_SCAN_B_OFFICE.pdf","certificate_classifier\data\synthetic_scans_20260728_172920\HALAL CONTROL\98694064CED0__98694064CED0__cesarin-certificato-halal-2024 halal control__SYNTH_SCAN_B_OFFICE.pdf","98694064CED0__98694064CED0__cesarin-certificato-halal-2024 halal control__SYNTH_SCAN_B_OFFICE.pdf",".pdf","680934","0.6494","2026-07-28T17:30:00","2026-07-28T17:30:01","SYNTHETIC_SCAN_PDF"
"RUNTIME","D:\halal_web_runtime","D:\halal_web_runtime\certificate_classifier\data\synthetic_scans_20260728_172920\HCA\C715C4EE182D__C715C4EE182D__16. Ground Cassia-Cinnamon(LONG)[HCA_2025-10-09]M__SYNTH_SCAN_A_CLEAN.pdf","certificate_classifier\data\synthetic_scans_20260728_172920\HCA\C715C4EE182D__C715C4EE182D__16. Ground Cassia-Cinnamon(LONG)[HCA_2025-10-09]M__SYNTH_SCAN_A_CLEAN.pdf","C715C4EE182D__C715C4EE182D__16. Ground Cassia-Cinnamon(LONG)[HCA_2025-10-09]M__SYNTH_SCAN_A_CLEAN.pdf",".pdf","1616713","1.5418","2026-07-28T17:30:05","2026-07-28T17:30:05","SYNTHETIC_SCAN_PDF"
"RUNTIME","D:\halal_web_runtime","D:\halal_web_runtime\certificate_classifier\data\synthetic_scans_20260728_172920\HCA\C715C4EE182D__C715C4EE182D__16. Ground Cassia-Cinnamon(LONG)[HCA_2025-10-09]M__SYNTH_SCAN_B_OFFICE.pdf","certificate_classifier\data\synthetic_scans_20260728_172920\HCA\C715C4EE182D__C715C4EE182D__16. Ground Cassia-Cinnamon(LONG)[HCA_2025-10-09]M__SYNTH_SCAN_B_OFFICE.pdf","C715C4EE182D__C715C4EE182D__16. Ground Cassia-Cinnamon(LONG)[HCA_2025-10-09]M__SYNTH_SCAN_B_OFFICE.pdf",".pdf","545640","0.5204","2026-07-28T17:30:06","2026-07-28T17:30:06","SYNTHETIC_SCAN_PDF"
"RUNTIME","D:\halal_web_runtime","D:\halal_web_runtime\certificate_classifier\data\synthetic_scans_20260728_172920\HCE\B93FC8B6C1E1__B93FC8B6C1E1__sample HCE 21459-1_william_blythe_ltd_hce_non_gso_halal_certificate__SYNTH_SCAN_A_CLEAN.pdf","certificate_classifier\data\synthetic_scans_20260728_172920\HCE\B93FC8B6C1E1__B93FC8B6C1E1__sample HCE 21459-1_william_blythe_ltd_hce_non_gso_halal_certificate__SYNTH_SCAN_A_CLEAN.pdf","B93FC8B6C1E1__B93FC8B6C1E1__sample HCE 21459-1_william_blythe_ltd_hce_non_gso_halal_certificate__SYNTH_SCAN_A_CLEAN.pdf",".pdf","663031","0.6323","2026-07-28T17:30:16","2026-07-28T17:30:16","SYNTHETIC_SCAN_PDF"
"RUNTIME","D:\halal_web_runtime","D:\halal_web_runtime\certificate_classifier\data\synthetic_scans_20260728_172920\HCE\B93FC8B6C1E1__B93FC8B6C1E1__sample HCE 21459-1_william_blythe_ltd_hce_non_gso_halal_certificate__SYNTH_SCAN_B_OFFICE.pdf","certificate_classifier\data\synthetic_scans_20260728_172920\HCE\B93FC8B6C1E1__B93FC8B6C1E1__sample HCE 21459-1_william_blythe_ltd_hce_non_gso_halal_certificate__SYNTH_SCAN_B_OFFICE.pdf","B93FC8B6C1E1__B93FC8B6C1E1__sample HCE 21459-1_william_blythe_ltd_hce_non_gso_halal_certificate__SYNTH_SCAN_B_OFFICE.pdf",".pdf","304323","0.2902","2026-07-28T17:30:17","2026-07-28T17:30:17","SYNTHETIC_SCAN_PDF"
"RUNTIME","D:\halal_web_runtime","D:\halal_web_runtime\certificate_classifier\data\synthetic_scans_20260728_172920\HCE\D684D2056063__D684D2056063__Halal-Certificate-2024-2025_extension HCE__SYNTH_SCAN_A_CLEAN.pdf","certificate_classifier\data\synthetic_scans_20260728_172920\HCE\D684D2056063__D684D2056063__Halal-Certificate-2024-2025_extension HCE__SYNTH_SCAN_A_CLEAN.pdf","D684D2056063__D684D2056063__Halal-Certificate-2024-2025_extension HCE__SYNTH_SCAN_A_CLEAN.pdf",".pdf","4198579","4.0041","2026-07-28T17:30:12","2026-07-28T17:30:12","SYNTHETIC_SCAN_PDF"
"RUNTIME","D:\halal_web_runtime","D:\halal_web_runtime\certificate_classifier\data\synthetic_scans_20260728_172920\HCE\D684D2056063__D684D2056063__Halal-Certificate-2024-2025_extension HCE__SYNTH_SCAN_B_OFFICE.pdf","certificate_classifier\data\synthetic_scans_20260728_172920\HCE\D684D2056063__D684D2056063__Halal-Certificate-2024-2025_extension HCE__SYNTH_SCAN_B_OFFICE.pdf","D684D2056063__D684D2056063__Halal-Certificate-2024-2025_extension HCE__SYNTH_SCAN_B_OFFICE.pdf",".pdf","1918274","1.8294","2026-07-28T17:30:15","2026-07-28T17:30:15","SYNTHETIC_SCAN_PDF"
"RUNTIME","D:\halal_web_runtime","D:\halal_web_runtime\certificate_classifier\data\synthetic_scans_20260728_172920\HFFIA\3DCC81957E7F__3DCC81957E7F__halal-rvb-wa-exp-31-05-2026 hffia__SYNTH_SCAN_A_CLEAN.pdf","certificate_classifier\data\synthetic_scans_20260728_172920\HFFIA\3DCC81957E7F__3DCC81957E7F__halal-rvb-wa-exp-31-05-2026 hffia__SYNTH_SCAN_A_CLEAN.pdf","3DCC81957E7F__3DCC81957E7F__halal-rvb-wa-exp-31-05-2026 hffia__SYNTH_SCAN_A_CLEAN.pdf",".pdf","1074408","1.0246","2026-07-28T17:30:20","2026-07-28T17:30:20","SYNTHETIC_SCAN_PDF"
"RUNTIME","D:\halal_web_runtime","D:\halal_web_runtime\certificate_classifier\data\synthetic_scans_20260728_172920\HFFIA\3DCC81957E7F__3DCC81957E7F__halal-rvb-wa-exp-31-05-2026 hffia__SYNTH_SCAN_B_OFFICE.pdf","certificate_classifier\data\synthetic_scans_20260728_172920\HFFIA\3DCC81957E7F__3DCC81957E7F__halal-rvb-wa-exp-31-05-2026 hffia__SYNTH_SCAN_B_OFFICE.pdf","3DCC81957E7F__3DCC81957E7F__halal-rvb-wa-exp-31-05-2026 hffia__SYNTH_SCAN_B_OFFICE.pdf",".pdf","477006","0.4549","2026-07-28T17:30:20","2026-07-28T17:30:20","SYNTHETIC_SCAN_PDF"
"RUNTIME","D:\halal_web_runtime","D:\halal_web_runtime\certificate_classifier\data\synthetic_scans_20260728_172920\HFFIA\E822DD695DF3__E822DD695DF3__Halal-Skimmed-Milk-MTW_EN hffia__SYNTH_SCAN_A_CLEAN.pdf","certificate_classifier\data\synthetic_scans_20260728_172920\HFFIA\E822DD695DF3__E822DD695DF3__Halal-Skimmed-Milk-MTW_EN hffia__SYNTH_SCAN_A_CLEAN.pdf","E822DD695DF3__E822DD695DF3__Halal-Skimmed-Milk-MTW_EN hffia__SYNTH_SCAN_A_CLEAN.pdf",".pdf","978621","0.9333","2026-07-28T17:30:18","2026-07-28T17:30:18","SYNTHETIC_SCAN_PDF"
"RUNTIME","D:\halal_web_runtime","D:\halal_web_runtime\certificate_classifier\data\synthetic_scans_20260728_172920\HFFIA\E822DD695DF3__E822DD695DF3__Halal-Skimmed-Milk-MTW_EN hffia__SYNTH_SCAN_B_OFFICE.pdf","certificate_classifier\data\synthetic_scans_20260728_172920\HFFIA\E822DD695DF3__E822DD695DF3__Halal-Skimmed-Milk-MTW_EN hffia__SYNTH_SCAN_B_OFFICE.pdf","E822DD695DF3__E822DD695DF3__Halal-Skimmed-Milk-MTW_EN hffia__SYNTH_SCAN_B_OFFICE.pdf",".pdf","413579","0.3944","2026-07-28T17:30:18","2026-07-28T17:30:18","SYNTHETIC_SCAN_PDF"
"RUNTIME","D:\halal_web_runtime","D:\halal_web_runtime\certificate_classifier\data\synthetic_scans_20260728_172920\HFQ\42E639F62C3C__42E639F62C3C__RSG4-F6-CERTIFICADO-HALAL_INC_Ing1 HFQ__SYNTH_SCAN_A_CLEAN.pdf","certificate_classifier\data\synthetic_scans_20260728_172920\HFQ\42E639F62C3C__42E639F62C3C__RSG4-F6-CERTIFICADO-HALAL_INC_Ing1 HFQ__SYNTH_SCAN_A_CLEAN.pdf","42E639F62C3C__42E639F62C3C__RSG4-F6-CERTIFICADO-HALAL_INC_Ing1 HFQ__SYNTH_SCAN_A_CLEAN.pdf",".pdf","821457","0.7834","2026-07-28T17:30:21","2026-07-28T17:30:21","SYNTHETIC_SCAN_PDF"
"RUNTIME","D:\halal_web_runtime","D:\halal_web_runtime\certificate_classifier\data\synthetic_scans_20260728_172920\HFQ\42E639F62C3C__42E639F62C3C__RSG4-F6-CERTIFICADO-HALAL_INC_Ing1 HFQ__SYNTH_SCAN_B_OFFICE.pdf","certificate_classifier\data\synthetic_scans_20260728_172920\HFQ\42E639F62C3C__42E639F62C3C__RSG4-F6-CERTIFICADO-HALAL_INC_Ing1 HFQ__SYNTH_SCAN_B_OFFICE.pdf","42E639F62C3C__42E639F62C3C__RSG4-F6-CERTIFICADO-HALAL_INC_Ing1 HFQ__SYNTH_SCAN_B_OFFICE.pdf",".pdf","385157","0.3673","2026-07-28T17:30:21","2026-07-28T17:30:21","SYNTHETIC_SCAN_PDF"
"RUNTIME","D:\halal_web_runtime","D:\halal_web_runtime\certificate_classifier\data\synthetic_scans_20260728_172920\HFQ\AF413935EAA7__AF413935EAA7__120. Paprika OLEORSIN(EVESA)[HFQ_2026-04-10]T__SYNTH_SCAN_A_CLEAN.pdf","certificate_classifier\data\synthetic_scans_20260728_172920\HFQ\AF413935EAA7__AF413935EAA7__120. Paprika OLEORSIN(EVESA)[HFQ_2026-04-10]T__SYNTH_SCAN_A_CLEAN.pdf","AF413935EAA7__AF413935EAA7__120. Paprika OLEORSIN(EVESA)[HFQ_2026-04-10]T__SYNTH_SCAN_A_CLEAN.pdf",".pdf","4539976","4.3297","2026-07-28T17:30:27","2026-07-28T17:30:27","SYNTHETIC_SCAN_PDF"
"RUNTIME","D:\halal_web_runtime","D:\halal_web_runtime\certificate_classifier\data\synthetic_scans_20260728_172920\HFQ\AF413935EAA7__AF413935EAA7__120. Paprika OLEORSIN(EVESA)[HFQ_2026-04-10]T__SYNTH_SCAN_B_OFFICE.pdf","certificate_classifier\data\synthetic_scans_20260728_172920\HFQ\AF413935EAA7__AF413935EAA7__120. Paprika OLEORSIN(EVESA)[HFQ_2026-04-10]T__SYNTH_SCAN_B_OFFICE.pdf","AF413935EAA7__AF413935EAA7__120. Paprika OLEORSIN(EVESA)[HFQ_2026-04-10]T__SYNTH_SCAN_B_OFFICE.pdf",".pdf","2099734","2.0025","2026-07-28T17:30:30","2026-07-28T17:30:30","SYNTHETIC_SCAN_PDF"
"RUNTIME","D:\halal_web_runtime","D:\halal_web_runtime\certificate_classifier\data\synthetic_scans_20260728_172920\HQC\A4D2E90DA6A1__A4D2E90DA6A1__20250703_072436_16_Halal certificate (HQC)_ Food & Beverage products (Novozymes DK)_2021-08077__SYNTH_SCAN_A_CLEAN.pdf","certificate_classifier\data\synthetic_scans_20260728_172920\HQC\A4D2E90DA6A1__A4D2E90DA6A1__20250703_072436_16_Halal certificate (HQC)_ Food & Beverage products (Novozymes DK)_2021-08077__SYNTH_SCAN_A_CLEAN.pdf","A4D2E90DA6A1__A4D2E90DA6A1__20250703_072436_16_Halal certificate (HQC)_ Food & Beverage products (Novozymes DK)_2021-08077__SYNTH_SCAN_A_CLEAN.pdf",".pdf","3696560","3.5253","2026-07-28T17:31:06","2026-07-28T17:31:06","SYNTHETIC_SCAN_PDF"
"RUNTIME","D:\halal_web_runtime","D:\halal_web_runtime\certificate_classifier\data\synthetic_scans_20260728_172920\HQC\A4D2E90DA6A1__A4D2E90DA6A1__20250703_072436_16_Halal certificate (HQC)_ Food & Beverage products (Novozymes DK)_2021-08077__SYNTH_SCAN_B_OFFICE.pdf","certificate_classifier\data\synthetic_scans_20260728_172920\HQC\A4D2E90DA6A1__A4D2E90DA6A1__20250703_072436_16_Halal certificate (HQC)_ Food & Beverage products (Novozymes DK)_2021-08077__SYNTH_SCAN_B_OFFICE.pdf","A4D2E90DA6A1__A4D2E90DA6A1__20250703_072436_16_Halal certificate (HQC)_ Food & Beverage products (Novozymes DK)_2021-08077__SYNTH_SCAN_B_OFFICE.pdf",".pdf","1628752","1.5533","2026-07-28T17:31:09","2026-07-28T17:31:09","SYNTHETIC_SCAN_PDF"
"RUNTIME","D:\halal_web_runtime","D:\halal_web_runtime\certificate_classifier\data\synthetic_scans_20260728_172920\HQC\EB1AE14E8CB1__EB1AE14E8CB1__H1Y22Halal-Certificate HQC__SYNTH_SCAN_A_CLEAN.pdf","certificate_classifier\data\synthetic_scans_20260728_172920\HQC\EB1AE14E8CB1__EB1AE14E8CB1__H1Y22Halal-Certificate HQC__SYNTH_SCAN_A_CLEAN.pdf","EB1AE14E8CB1__EB1AE14E8CB1__H1Y22Halal-Certificate HQC__SYNTH_SCAN_A_CLEAN.pdf",".pdf","18030850","17.1956","2026-07-28T17:30:51","2026-07-28T17:30:51","SYNTHETIC_SCAN_PDF"
"RUNTIME","D:\halal_web_runtime","D:\halal_web_runtime\certificate_classifier\data\synthetic_scans_20260728_172920\HQC\EB1AE14E8CB1__EB1AE14E8CB1__H1Y22Halal-Certificate HQC__SYNTH_SCAN_B_OFFICE.pdf","certificate_classifier\data\synthetic_scans_20260728_172920\HQC\EB1AE14E8CB1__EB1AE14E8CB1__H1Y22Halal-Certificate HQC__SYNTH_SCAN_B_OFFICE.pdf","EB1AE14E8CB1__EB1AE14E8CB1__H1Y22Halal-Certificate HQC__SYNTH_SCAN_B_OFFICE.pdf",".pdf","8669097","8.2675","2026-07-28T17:31:02","2026-07-28T17:31:02","SYNTHETIC_SCAN_PDF"
"RUNTIME","D:\halal_web_runtime","D:\halal_web_runtime\certificate_classifier\data\synthetic_scans_20260728_172920\ISA\14D4D6F20167__14D4D6F20167__98_4_1. NU55-50(Sensient)[LLS-ISA_2025-12-31]비__SYNTH_SCAN_A_CLEAN.pdf","certificate_classifier\data\synthetic_scans_20260728_172920\ISA\14D4D6F20167__14D4D6F20167__98_4_1. NU55-50(Sensient)[LLS-ISA_2025-12-31]비__SYNTH_SCAN_A_CLEAN.pdf","14D4D6F20167__14D4D6F20167__98_4_1. NU55-50(Sensient)[LLS-ISA_2025-12-31]비__SYNTH_SCAN_A_CLEAN.pdf",".pdf","1372095","1.3085","2026-07-28T17:31:12","2026-07-28T17:31:12","SYNTHETIC_SCAN_PDF"
"RUNTIME","D:\halal_web_runtime","D:\halal_web_runtime\certificate_classifier\data\synthetic_scans_20260728_172920\ISA\14D4D6F20167__14D4D6F20167__98_4_1. NU55-50(Sensient)[LLS-ISA_2025-12-31]비__SYNTH_SCAN_B_OFFICE.pdf","certificate_classifier\data\synthetic_scans_20260728_172920\ISA\14D4D6F20167__14D4D6F20167__98_4_1. NU55-50(Sensient)[LLS-ISA_2025-12-31]비__SYNTH_SCAN_B_OFFICE.pdf","14D4D6F20167__14D4D6F20167__98_4_1. NU55-50(Sensient)[LLS-ISA_2025-12-31]비__SYNTH_SCAN_B_OFFICE.pdf",".pdf","659908","0.6293","2026-07-28T17:31:14","2026-07-28T17:31:14","SYNTHETIC_SCAN_PDF"
"RUNTIME","D:\halal_web_runtime","D:\halal_web_runtime\certificate_classifier\data\synthetic_scans_20260728_172920\ISA\6BB4C2526841__6BB4C2526841__Halal-Certificate-Exp-2027 ISA__SYNTH_SCAN_A_CLEAN.pdf","certificate_classifier\data\synthetic_scans_20260728_172920\ISA\6BB4C2526841__6BB4C2526841__Halal-Certificate-Exp-2027 ISA__SYNTH_SCAN_A_CLEAN.pdf","6BB4C2526841__6BB4C2526841__Halal-Certificate-Exp-2027 ISA__SYNTH_SCAN_A_CLEAN.pdf",".pdf","487922","0.4653","2026-07-28T17:31:15","2026-07-28T17:31:15","SYNTHETIC_SCAN_PDF"
"RUNTIME","D:\halal_web_runtime","D:\halal_web_runtime\certificate_classifier\data\synthetic_scans_20260728_172920\ISA\6BB4C2526841__6BB4C2526841__Halal-Certificate-Exp-2027 ISA__SYNTH_SCAN_B_OFFICE.pdf","certificate_classifier\data\synthetic_scans_20260728_172920\ISA\6BB4C2526841__6BB4C2526841__Halal-Certificate-Exp-2027 ISA__SYNTH_SCAN_B_OFFICE.pdf","6BB4C2526841__6BB4C2526841__Halal-Certificate-Exp-2027 ISA__SYNTH_SCAN_B_OFFICE.pdf",".pdf","224776","0.2144","2026-07-28T17:31:15","2026-07-28T17:31:15","SYNTHETIC_SCAN_PDF"
"RUNTIME","D:\halal_web_runtime","D:\halal_web_runtime\certificate_classifier\data\synthetic_scans_20260728_172920\JAKIM\3A3070F4ECA7__3A3070F4ECA7__Hai+Leng+Halal+CertificatePDF_240116_213841 jakim__SYNTH_SCAN_A_CLEAN.pdf","certificate_classifier\data\synthetic_scans_20260728_172920\JAKIM\3A3070F4ECA7__3A3070F4ECA7__Hai+Leng+Halal+CertificatePDF_240116_213841 jakim__SYNTH_SCAN_A_CLEAN.pdf","3A3070F4ECA7__3A3070F4ECA7__Hai+Leng+Halal+CertificatePDF_240116_213841 jakim__SYNTH_SCAN_A_CLEAN.pdf",".pdf","2030147","1.9361","2026-07-28T17:31:18","2026-07-28T17:31:18","SYNTHETIC_SCAN_PDF"
"RUNTIME","D:\halal_web_runtime","D:\halal_web_runtime\certificate_classifier\data\synthetic_scans_20260728_172920\JAKIM\3A3070F4ECA7__3A3070F4ECA7__Hai+Leng+Halal+CertificatePDF_240116_213841 jakim__SYNTH_SCAN_B_OFFICE.pdf","certificate_classifier\data\synthetic_scans_20260728_172920\JAKIM\3A3070F4ECA7__3A3070F4ECA7__Hai+Leng+Halal+CertificatePDF_240116_213841 jakim__SYNTH_SCAN_B_OFFICE.pdf","3A3070F4ECA7__3A3070F4ECA7__Hai+Leng+Halal+CertificatePDF_240116_213841 jakim__SYNTH_SCAN_B_OFFICE.pdf",".pdf","834763","0.7961","2026-07-28T17:31:19","2026-07-28T17:31:19","SYNTHETIC_SCAN_PDF"
"RUNTIME","D:\halal_web_runtime","D:\halal_web_runtime\certificate_classifier\data\synthetic_scans_20260728_172920\JMA\5B7844CFCA6D__5B7844CFCA6D__Halal_Certificate_Malic_Acid_Kashima_Exp.20250901 JMA__SYNTH_SCAN_A_CLEAN.pdf","certificate_classifier\data\synthetic_scans_20260728_172920\JMA\5B7844CFCA6D__5B7844CFCA6D__Halal_Certificate_Malic_Acid_Kashima_Exp.20250901 JMA__SYNTH_SCAN_A_CLEAN.pdf","5B7844CFCA6D__5B7844CFCA6D__Halal_Certificate_Malic_Acid_Kashima_Exp.20250901 JMA__SYNTH_SCAN_A_CLEAN.pdf",".pdf","958791","0.9144","2026-07-28T17:31:20","2026-07-28T17:31:20","SYNTHETIC_SCAN_PDF"
"RUNTIME","D:\halal_web_runtime","D:\halal_web_runtime\certificate_classifier\data\synthetic_scans_20260728_172920\JMA\5B7844CFCA6D__5B7844CFCA6D__Halal_Certificate_Malic_Acid_Kashima_Exp.20250901 JMA__SYNTH_SCAN_B_OFFICE.pdf","certificate_classifier\data\synthetic_scans_20260728_172920\JMA\5B7844CFCA6D__5B7844CFCA6D__Halal_Certificate_Malic_Acid_Kashima_Exp.20250901 JMA__SYNTH_SCAN_B_OFFICE.pdf","5B7844CFCA6D__5B7844CFCA6D__Halal_Certificate_Malic_Acid_Kashima_Exp.20250901 JMA__SYNTH_SCAN_B_OFFICE.pdf",".pdf","368456","0.3514","2026-07-28T17:31:21","2026-07-28T17:31:21","SYNTHETIC_SCAN_PDF"
"RUNTIME","D:\halal_web_runtime","D:\halal_web_runtime\certificate_classifier\data\synthetic_scans_20260728_172920\JUHF\8F8D29FC357F__8F8D29FC357F__117. DEFATTED SOYA FLAKES(SIMRAN)(JUHF_2026-11-12]올__SYNTH_SCAN_A_CLEAN.pdf","certificate_classifier\data\synthetic_scans_20260728_172920\JUHF\8F8D29FC357F__8F8D29FC357F__117. DEFATTED SOYA FLAKES(SIMRAN)(JUHF_2026-11-12]올__SYNTH_SCAN_A_CLEAN.pdf","8F8D29FC357F__8F8D29FC357F__117. DEFATTED SOYA FLAKES(SIMRAN)(JUHF_2026-11-12]올__SYNTH_SCAN_A_CLEAN.pdf",".pdf","1740267","1.6596","2026-07-28T17:31:22","2026-07-28T17:31:22","SYNTHETIC_SCAN_PDF"
"RUNTIME","D:\halal_web_runtime","D:\halal_web_runtime\certificate_classifier\data\synthetic_scans_20260728_172920\JUHF\8F8D29FC357F__8F8D29FC357F__117. DEFATTED SOYA FLAKES(SIMRAN)(JUHF_2026-11-12]올__SYNTH_SCAN_B_OFFICE.pdf","certificate_classifier\data\synthetic_scans_20260728_172920\JUHF\8F8D29FC357F__8F8D29FC357F__117. DEFATTED SOYA FLAKES(SIMRAN)(JUHF_2026-11-12]올__SYNTH_SCAN_B_OFFICE.pdf","8F8D29FC357F__8F8D29FC357F__117. DEFATTED SOYA FLAKES(SIMRAN)(JUHF_2026-11-12]올__SYNTH_SCAN_B_OFFICE.pdf",".pdf","743190","0.7088","2026-07-28T17:31:23","2026-07-28T17:31:23","SYNTHETIC_SCAN_PDF"
"RUNTIME","D:\halal_web_runtime","D:\halal_web_runtime\certificate_classifier\data\synthetic_scans_20260728_172920\JUHF\BFED17003339__BFED17003339__114. Defatted Soya Flakes Toasted(DEESAN)[JUHF_2027-09-30]타__SYNTH_SCAN_A_CLEAN.pdf","certificate_classifier\data\synthetic_scans_20260728_172920\JUHF\BFED17003339__BFED17003339__114. Defatted Soya Flakes Toasted(DEESAN)[JUHF_2027-09-30]타__SYNTH_SCAN_A_CLEAN.pdf","BFED17003339__BFED17003339__114. Defatted Soya Flakes Toasted(DEESAN)[JUHF_2027-09-30]타__SYNTH_SCAN_A_CLEAN.pdf",".pdf","1708593","1.6294","2026-07-28T17:31:24","2026-07-28T17:31:24","SYNTHETIC_SCAN_PDF"
"RUNTIME","D:\halal_web_runtime","D:\halal_web_runtime\certificate_classifier\data\synthetic_scans_20260728_172920\JUHF\BFED17003339__BFED17003339__114. Defatted Soya Flakes Toasted(DEESAN)[JUHF_2027-09-30]타__SYNTH_SCAN_B_OFFICE.pdf","certificate_classifier\data\synthetic_scans_20260728_172920\JUHF\BFED17003339__BFED17003339__114. Defatted Soya Flakes Toasted(DEESAN)[JUHF_2027-09-30]타__SYNTH_SCAN_B_OFFICE.pdf","BFED17003339__BFED17003339__114. Defatted Soya Flakes Toasted(DEESAN)[JUHF_2027-09-30]타__SYNTH_SCAN_B_OFFICE.pdf",".pdf","702192","0.6697","2026-07-28T17:31:24","2026-07-28T17:31:24","SYNTHETIC_SCAN_PDF"
"RUNTIME","D:\halal_web_runtime","D:\halal_web_runtime\certificate_classifier\data\synthetic_scans_20260728_172920\MUI\B9385044B08F__B9385044B08F__80. Onion Concentrate(Nongshim)[MUI_2028-01-02]농__SYNTH_SCAN_A_CLEAN.pdf","certificate_classifier\data\synthetic_scans_20260728_172920\MUI\B9385044B08F__B9385044B08F__80. Onion Concentrate(Nongshim)[MUI_2028-01-02]농__SYNTH_SCAN_A_CLEAN.pdf","B9385044B08F__B9385044B08F__80. Onion Concentrate(Nongshim)[MUI_2028-01-02]농__SYNTH_SCAN_A_CLEAN.pdf",".pdf","966955","0.9222","2026-07-28T17:31:29","2026-07-28T17:31:29","SYNTHETIC_SCAN_PDF"
"RUNTIME","D:\halal_web_runtime","D:\halal_web_runtime\certificate_classifier\data\synthetic_scans_20260728_172920\MUI\B9385044B08F__B9385044B08F__80. Onion Concentrate(Nongshim)[MUI_2028-01-02]농__SYNTH_SCAN_B_OFFICE.pdf","certificate_classifier\data\synthetic_scans_20260728_172920\MUI\B9385044B08F__B9385044B08F__80. Onion Concentrate(Nongshim)[MUI_2028-01-02]농__SYNTH_SCAN_B_OFFICE.pdf","B9385044B08F__B9385044B08F__80. Onion Concentrate(Nongshim)[MUI_2028-01-02]농__SYNTH_SCAN_B_OFFICE.pdf",".pdf","435821","0.4156","2026-07-28T17:31:30","2026-07-28T17:31:30","SYNTHETIC_SCAN_PDF"
"RUNTIME","D:\halal_web_runtime","D:\halal_web_runtime\certificate_classifier\data\synthetic_scans_20260728_172920\MUI\C267B0DDAA87__C267B0DDAA87__173_3. maltodextrin(QINHUANG)[MUI_2027-07-19]내__SYNTH_SCAN_A_CLEAN.pdf","certificate_classifier\data\synthetic_scans_20260728_172920\MUI\C267B0DDAA87__C267B0DDAA87__173_3. maltodextrin(QINHUANG)[MUI_2027-07-19]내__SYNTH_SCAN_A_CLEAN.pdf","C267B0DDAA87__C267B0DDAA87__173_3. maltodextrin(QINHUANG)[MUI_2027-07-19]내__SYNTH_SCAN_A_CLEAN.pdf",".pdf","493441","0.4706","2026-07-28T17:31:26","2026-07-28T17:31:26","SYNTHETIC_SCAN_PDF"
"RUNTIME","D:\halal_web_runtime","D:\halal_web_runtime\certificate_classifier\data\synthetic_scans_20260728_172920\MUI\C267B0DDAA87__C267B0DDAA87__173_3. maltodextrin(QINHUANG)[MUI_2027-07-19]내__SYNTH_SCAN_B_OFFICE.pdf","certificate_classifier\data\synthetic_scans_20260728_172920\MUI\C267B0DDAA87__C267B0DDAA87__173_3. maltodextrin(QINHUANG)[MUI_2027-07-19]내__SYNTH_SCAN_B_OFFICE.pdf","C267B0DDAA87__C267B0DDAA87__173_3. maltodextrin(QINHUANG)[MUI_2027-07-19]내__SYNTH_SCAN_B_OFFICE.pdf",".pdf","228991","0.2184","2026-07-28T17:31:26","2026-07-28T17:31:26","SYNTHETIC_SCAN_PDF"
"RUNTIME","D:\halal_web_runtime","D:\halal_web_runtime\certificate_classifier\data\synthetic_scans_20260728_172920\MUIS\AD29953BBD0E__AD29953BBD0E__sample MUIS fusion spoon 30.4.27__SYNTH_SCAN_A_CLEAN.pdf","certificate_classifier\data\synthetic_scans_20260728_172920\MUIS\AD29953BBD0E__AD29953BBD0E__sample MUIS fusion spoon 30.4.27__SYNTH_SCAN_A_CLEAN.pdf","AD29953BBD0E__AD29953BBD0E__sample MUIS fusion spoon 30.4.27__SYNTH_SCAN_A_CLEAN.pdf",".pdf","614364","0.5859","2026-07-28T17:31:31","2026-07-28T17:31:31","SYNTHETIC_SCAN_PDF"
"RUNTIME","D:\halal_web_runtime","D:\halal_web_runtime\certificate_classifier\data\synthetic_scans_20260728_172920\MUIS\AD29953BBD0E__AD29953BBD0E__sample MUIS fusion spoon 30.4.27__SYNTH_SCAN_B_OFFICE.pdf","certificate_classifier\data\synthetic_scans_20260728_172920\MUIS\AD29953BBD0E__AD29953BBD0E__sample MUIS fusion spoon 30.4.27__SYNTH_SCAN_B_OFFICE.pdf","AD29953BBD0E__AD29953BBD0E__sample MUIS fusion spoon 30.4.27__SYNTH_SCAN_B_OFFICE.pdf",".pdf","236218","0.2253","2026-07-28T17:31:32","2026-07-28T17:31:32","SYNTHETIC_SCAN_PDF"
"RUNTIME","D:\halal_web_runtime","D:\halal_web_runtime\certificate_classifier\data\synthetic_scans_20260728_172920\MUIS\DBDBE7D51C96__DBDBE7D51C96__sample MUIS VWR Singapore Avantor_Halal 31 March 2028__SYNTH_SCAN_A_CLEAN.pdf","certificate_classifier\data\synthetic_scans_20260728_172920\MUIS\DBDBE7D51C96__DBDBE7D51C96__sample MUIS VWR Singapore Avantor_Halal 31 March 2028__SYNTH_SCAN_A_CLEAN.pdf","DBDBE7D51C96__DBDBE7D51C96__sample MUIS VWR Singapore Avantor_Halal 31 March 2028__SYNTH_SCAN_A_CLEAN.pdf",".pdf","1304257","1.2438","2026-07-28T17:31:34","2026-07-28T17:31:34","SYNTHETIC_SCAN_PDF"
"RUNTIME","D:\halal_web_runtime","D:\halal_web_runtime\certificate_classifier\data\synthetic_scans_20260728_172920\MUIS\DBDBE7D51C96__DBDBE7D51C96__sample MUIS VWR Singapore Avantor_Halal 31 March 2028__SYNTH_SCAN_B_OFFICE.pdf","certificate_classifier\data\synthetic_scans_20260728_172920\MUIS\DBDBE7D51C96__DBDBE7D51C96__sample MUIS VWR Singapore Avantor_Halal 31 March 2028__SYNTH_SCAN_B_OFFICE.pdf","DBDBE7D51C96__DBDBE7D51C96__sample MUIS VWR Singapore Avantor_Halal 31 March 2028__SYNTH_SCAN_B_OFFICE.pdf",".pdf","609193","0.581","2026-07-28T17:31:35","2026-07-28T17:31:35","SYNTHETIC_SCAN_PDF"
"RUNTIME","D:\halal_web_runtime","D:\halal_web_runtime\certificate_classifier\data_preparation\classification_20260723_171042\01_labeled_candidates\BPJPH\0A02218E4B53__129. Mussel Concentrate NM(Hwachang)[BPJPH_2027-01-09]화.pdf","certificate_classifier\data_preparation\classification_20260723_171042\01_labeled_candidates\BPJPH\0A02218E4B53__129. Mussel Concentrate NM(Hwachang)[BPJPH_2027-01-09]화.pdf","0A02218E4B53__129. Mussel Concentrate NM(Hwachang)[BPJPH_2027-01-09]화.pdf",".pdf","675817","0.6445","2026-07-23T17:11:04","2026-05-20T08:49:31","PDF"
"RUNTIME","D:\halal_web_runtime","D:\halal_web_runtime\certificate_classifier\data_preparation\classification_20260723_171042\01_labeled_candidates\BPJPH\0DFD9D7A2284__75. Iceoligosaccharide(SAJO)[BPJPH_2026-01-06]사.pdf","certificate_classifier\data_preparation\classification_20260723_171042\01_labeled_candidates\BPJPH\0DFD9D7A2284__75. Iceoligosaccharide(SAJO)[BPJPH_2026-01-06]사.pdf","0DFD9D7A2284__75. Iceoligosaccharide(SAJO)[BPJPH_2026-01-06]사.pdf",".pdf","710591","0.6777","2026-07-23T17:11:05","2025-09-04T10:09:15","PDF"
"RUNTIME","D:\halal_web_runtime","D:\halal_web_runtime\certificate_classifier\data_preparation\classification_20260723_171042\01_labeled_candidates\BPJPH\1888072CE056__3. DL-Alanine(HUAHENG)[BPJPH_2026-11-03]테.pdf","certificate_classifier\data_preparation\classification_20260723_171042\01_labeled_candidates\BPJPH\1888072CE056__3. DL-Alanine(HUAHENG)[BPJPH_2026-11-03]테.pdf","1888072CE056__3. DL-Alanine(HUAHENG)[BPJPH_2026-11-03]테.pdf",".pdf","1401540","1.3366","2026-07-23T17:11:05","2025-09-10T13:24:10","PDF"
"RUNTIME","D:\halal_web_runtime","D:\halal_web_runtime\certificate_classifier\data_preparation\classification_20260723_171042\01_labeled_candidates\BPJPH\24F4903C6DB5__167_3. Maltodextrin(Daesang)[BPJPH_2026-11-03]한.pdf","certificate_classifier\data_preparation\classification_20260723_171042\01_labeled_candidates\BPJPH\24F4903C6DB5__167_3. Maltodextrin(Daesang)[BPJPH_2026-11-03]한.pdf","24F4903C6DB5__167_3. Maltodextrin(Daesang)[BPJPH_2026-11-03]한.pdf",".pdf","453020","0.432","2026-07-23T17:11:06","2024-07-15T11:42:52","PDF"
"RUNTIME","D:\halal_web_runtime","D:\halal_web_runtime\certificate_classifier\data_preparation\classification_20260723_171042\01_labeled_candidates\BPJPH\25DBFA5968C3__96. YEAST EXTRACT LA05(ANGEL)[BPJPH_2026-07-12]아.pdf","certificate_classifier\data_preparation\classification_20260723_171042\01_labeled_candidates\BPJPH\25DBFA5968C3__96. YEAST EXTRACT LA05(ANGEL)[BPJPH_2026-07-12]아.pdf","25DBFA5968C3__96. YEAST EXTRACT LA05(ANGEL)[BPJPH_2026-07-12]아.pdf",".pdf","3084678","2.9418","2026-07-23T17:11:06","2025-09-10T13:59:25","PDF"
"RUNTIME","D:\halal_web_runtime","D:\halal_web_runtime\certificate_classifier\data_preparation\classification_20260723_171042\01_labeled_candidates\BPJPH\2BFE50619DF1__125. Edible Dextrose(DONGXIAO)[BPJPH_2026-11-24]제.pdf","certificate_classifier\data_preparation\classification_20260723_171042\01_labeled_candidates\BPJPH\2BFE50619DF1__125. Edible Dextrose(DONGXIAO)[BPJPH_2026-11-24]제.pdf","2BFE50619DF1__125. Edible Dextrose(DONGXIAO)[BPJPH_2026-11-24]제.pdf",".pdf","416908","0.3976","2026-07-23T17:11:04","2025-09-05T08:18:54","PDF"
"RUNTIME","D:\halal_web_runtime","D:\halal_web_runtime\certificate_classifier\data_preparation\classification_20260723_171042\01_labeled_candidates\BPJPH\31566204AB52__157. Monosodium glutamate-MSG(COFCO)[BPJPH_2027-03-09]보.pdf","certificate_classifier\data_preparation\classification_20260723_171042\01_labeled_candidates\BPJPH\31566204AB52__157. Monosodium glutamate-MSG(COFCO)[BPJPH_2027-03-09]보.pdf","31566204AB52__157. Monosodium glutamate-MSG(COFCO)[BPJPH_2027-03-09]보.pdf",".pdf","416344","0.3971","2026-07-23T17:11:05","2025-09-05T08:22:20","PDF"
"RUNTIME","D:\halal_web_runtime","D:\halal_web_runtime\certificate_classifier\data_preparation\classification_20260723_171042\01_labeled_candidates\BPJPH\410F51A9887F__155. Monosodium Glutamate(TONGLIAO)[BPJPH_2026-02-23]보.pdf","certificate_classifier\data_preparation\classification_20260723_171042\01_labeled_candidates\BPJPH\410F51A9887F__155. Monosodium Glutamate(TONGLIAO)[BPJPH_2026-02-23]보.pdf","410F51A9887F__155. Monosodium Glutamate(TONGLIAO)[BPJPH_2026-02-23]보.pdf",".pdf","417430","0.3981","2026-07-23T17:11:05","2025-09-05T08:23:17","PDF"
"RUNTIME","D:\halal_web_runtime","D:\halal_web_runtime\certificate_classifier\data_preparation\classification_20260723_171042\01_labeled_candidates\BPJPH\47302D8D1574__103. lactic acid(HeNan)[BPJPH_2026-07-21]에.pdf","certificate_classifier\data_preparation\classification_20260723_171042\01_labeled_candidates\BPJPH\47302D8D1574__103. lactic acid(HeNan)[BPJPH_2026-07-21]에.pdf","47302D8D1574__103. lactic acid(HeNan)[BPJPH_2026-07-21]에.pdf",".pdf","612895","0.5845","2026-07-23T17:11:04","2025-09-05T09:58:51","PDF"
"RUNTIME","D:\halal_web_runtime","D:\halal_web_runtime\certificate_classifier\data_preparation\classification_20260723_171042\01_labeled_candidates\BPJPH\48DC33EA36A8__108_2. LpHera(Novozyme)[BPJPH_2026-05-25]씨.pdf","certificate_classifier\data_preparation\classification_20260723_171042\01_labeled_candidates\BPJPH\48DC33EA36A8__108_2. LpHera(Novozyme)[BPJPH_2026-05-25]씨.pdf","48DC33EA36A8__108_2. LpHera(Novozyme)[BPJPH_2026-05-25]씨.pdf",".pdf","1042940","0.9946","2026-07-23T17:11:06","2025-09-22T09:05:06","PDF"
"RUNTIME","D:\halal_web_runtime","D:\halal_web_runtime\certificate_classifier\data_preparation\classification_20260723_171042\01_labeled_candidates\BPJPH\5BD2F418BAE7__93. CJ TIDE IMP(PT.)[BPJPH_2026-11-25]씨.pdf","certificate_classifier\data_preparation\classification_20260723_171042\01_labeled_candidates\BPJPH\5BD2F418BAE7__93. CJ TIDE IMP(PT.)[BPJPH_2026-11-25]씨.pdf","5BD2F418BAE7__93. CJ TIDE IMP(PT.)[BPJPH_2026-11-25]씨.pdf",".pdf","569975","0.5436","2026-07-23T17:11:04","2025-09-04T10:48:22","PDF"
"RUNTIME","D:\halal_web_runtime","D:\halal_web_runtime\certificate_classifier\data_preparation\classification_20260723_171042\01_labeled_candidates\BPJPH\6710DB504761__220908 Dextrin_BPJPH(YISHIU DADI).pdf","certificate_classifier\data_preparation\classification_20260723_171042\01_labeled_candidates\BPJPH\6710DB504761__220908 Dextrin_BPJPH(YISHIU DADI).pdf","6710DB504761__220908 Dextrin_BPJPH(YISHIU DADI).pdf",".pdf","415711","0.3965","2026-07-23T17:11:05","2025-09-09T17:14:42","PDF"
"RUNTIME","D:\halal_web_runtime","D:\halal_web_runtime\certificate_classifier\data_preparation\classification_20260723_171042\01_labeled_candidates\BPJPH\7BABB4271050__140_2. CItric Acid Monohydrate(WEIFANG)[BPJPH_2026-09-22]S.pdf","certificate_classifier\data_preparation\classification_20260723_171042\01_labeled_candidates\BPJPH\7BABB4271050__140_2. CItric Acid Monohydrate(WEIFANG)[BPJPH_2026-09-22]S.pdf","7BABB4271050__140_2. CItric Acid Monohydrate(WEIFANG)[BPJPH_2026-09-22]S.pdf",".pdf","819074","0.7811","2026-07-23T17:11:06","2025-09-10T13:21:58","PDF"
"RUNTIME","D:\halal_web_runtime","D:\halal_web_runtime\certificate_classifier\data_preparation\classification_20260723_171042\01_labeled_candidates\BPJPH\8537AE0DD01D__158. CHICKEN BROTH MEAT FLAVOR S1901751(TAKASAGO)[BPJPH_2026-07-21]타.pdf","certificate_classifier\data_preparation\classification_20260723_171042\01_labeled_candidates\BPJPH\8537AE0DD01D__158. CHICKEN BROTH MEAT FLAVOR S1901751(TAKASAGO)[BPJPH_2026-07-21]타.pdf","8537AE0DD01D__158. CHICKEN BROTH MEAT FLAVOR S1901751(TAKASAGO)[BPJPH_2026-07-21]타.pdf",".pdf","1766232","1.6844","2026-07-23T17:11:05","2025-07-15T14:20:40","PDF"
"RUNTIME","D:\halal_web_runtime","D:\halal_web_runtime\certificate_classifier\data_preparation\classification_20260723_171042\01_labeled_candidates\BPJPH\8D1AA0057011__87. Squid Base(ROGWON)[BPJPH_2026-12-29]녹.pdf","certificate_classifier\data_preparation\classification_20260723_171042\01_labeled_candidates\BPJPH\8D1AA0057011__87. Squid Base(ROGWON)[BPJPH_2026-12-29]녹.pdf","8D1AA0057011__87. Squid Base(ROGWON)[BPJPH_2026-12-29]녹.pdf",".pdf","523819","0.4996","2026-07-23T17:11:06","2025-09-04T11:13:23","PDF"
"RUNTIME","D:\halal_web_runtime","D:\halal_web_runtime\certificate_classifier\data_preparation\classification_20260723_171042\01_labeled_candidates\BPJPH\981F2243BF68__102_2. TONSIL OPTIMUM 230LM(CLARIANT)[BPJPH_2026-09-23]롯.pdf","certificate_classifier\data_preparation\classification_20260723_171042\01_labeled_candidates\BPJPH\981F2243BF68__102_2. TONSIL OPTIMUM 230LM(CLARIANT)[BPJPH_2026-09-23]롯.pdf","981F2243BF68__102_2. TONSIL OPTIMUM 230LM(CLARIANT)[BPJPH_2026-09-23]롯.pdf",".pdf","429995","0.4101","2026-07-23T17:11:06","2025-09-11T09:16:51","PDF"
"RUNTIME","D:\halal_web_runtime","D:\halal_web_runtime\certificate_classifier\data_preparation\classification_20260723_171042\01_labeled_candidates\BPJPH\9E7C33FFDBA6__11_1. Propylene Glygol USP.EP(SK)[BPJPH_2022-02-04]신.pdf","certificate_classifier\data_preparation\classification_20260723_171042\01_labeled_candidates\BPJPH\9E7C33FFDBA6__11_1. Propylene Glygol USP.EP(SK)[BPJPH_2022-02-04]신.pdf","9E7C33FFDBA6__11_1. Propylene Glygol USP.EP(SK)[BPJPH_2022-02-04]신.pdf",".pdf","505399","0.482","2026-07-23T17:11:06","2026-07-22T13:17:42","PDF"
"RUNTIME","D:\halal_web_runtime","D:\halal_web_runtime\certificate_classifier\data_preparation\classification_20260723_171042\01_labeled_candidates\BPJPH\A6C4420FF3FB__42. Maltodextrin(SAJO)[BPJPH_2026-12-09]사.pdf","certificate_classifier\data_preparation\classification_20260723_171042\01_labeled_candidates\BPJPH\A6C4420FF3FB__42. Maltodextrin(SAJO)[BPJPH_2026-12-09]사.pdf","A6C4420FF3FB__42. Maltodextrin(SAJO)[BPJPH_2026-12-09]사.pdf",".pdf","492952","0.4701","2026-07-23T17:11:04","2025-09-04T10:43:55","PDF"
"RUNTIME","D:\halal_web_runtime","D:\halal_web_runtime\certificate_classifier\data_preparation\classification_20260723_171042\01_labeled_candidates\BPJPH\AAE0661FE8E8__230525 BPJPH_NOVOZYMES(CHINA) 카라멜 하이드롤 하부.pdf","certificate_classifier\data_preparation\classification_20260723_171042\01_labeled_candidates\BPJPH\AAE0661FE8E8__230525 BPJPH_NOVOZYMES(CHINA) 카라멜 하이드롤 하부.pdf","AAE0661FE8E8__230525 BPJPH_NOVOZYMES(CHINA) 카라멜 하이드롤 하부.pdf",".pdf","1049784","1.0012","2026-07-23T17:11:06","2025-09-22T11:52:44","PDF"
"RUNTIME","D:\halal_web_runtime","D:\halal_web_runtime\certificate_classifier\data_preparation\classification_20260723_171042\01_labeled_candidates\BPJPH\BA52501360B4__41. 14484 MAXAVOR® BEEF YE(DSM)[BPJPH_2026-12-09]네.pdf","certificate_classifier\data_preparation\classification_20260723_171042\01_labeled_candidates\BPJPH\BA52501360B4__41. 14484 MAXAVOR® BEEF YE(DSM)[BPJPH_2026-12-09]네.pdf","BA52501360B4__41. 14484 MAXAVOR® BEEF YE(DSM)[BPJPH_2026-12-09]네.pdf",".pdf","1262771","1.2043","2026-07-23T17:11:05","2025-09-09T08:28:16","PDF"
"RUNTIME","D:\halal_web_runtime","D:\halal_web_runtime\certificate_classifier\data_preparation\classification_20260723_171042\01_labeled_candidates\BPJPH\BB9FF20C61B7__109_1_3. TRILITE SAR11(KA-11)(Samyang)[BPJPH_2026-06-18]대.pdf","certificate_classifier\data_preparation\classification_20260723_171042\01_labeled_candidates\BPJPH\BB9FF20C61B7__109_1_3. TRILITE SAR11(KA-11)(Samyang)[BPJPH_2026-06-18]대.pdf","BB9FF20C61B7__109_1_3. TRILITE SAR11(KA-11)(Samyang)[BPJPH_2026-06-18]대.pdf",".pdf","1101451","1.0504","2026-07-23T17:11:06","2025-09-09T15:55:59","PDF"
"RUNTIME","D:\halal_web_runtime","D:\halal_web_runtime\certificate_classifier\data_preparation\classification_20260723_171042\01_labeled_candidates\BPJPH\BF12614E2513__91. 050013 1876 CB UMAMI FLAVOR(PT)[BPJPH_2026-11-04]F.pdf","certificate_classifier\data_preparation\classification_20260723_171042\01_labeled_candidates\BPJPH\BF12614E2513__91. 050013 1876 CB UMAMI FLAVOR(PT)[BPJPH_2026-11-04]F.pdf","BF12614E2513__91. 050013 1876 CB UMAMI FLAVOR(PT)[BPJPH_2026-11-04]F.pdf",".pdf","2261088","2.1563","2026-07-23T17:11:06","2025-09-04T08:59:33","PDF"
"RUNTIME","D:\halal_web_runtime","D:\halal_web_runtime\certificate_classifier\data_preparation\classification_20260723_171042\01_labeled_candidates\BPJPH\C01AF0CF0E00__131. mussel extract NH(Naturals)[BPJPH_2026-08-12]내.pdf","certificate_classifier\data_preparation\classification_20260723_171042\01_labeled_candidates\BPJPH\C01AF0CF0E00__131. mussel extract NH(Naturals)[BPJPH_2026-08-12]내.pdf","C01AF0CF0E00__131. mussel extract NH(Naturals)[BPJPH_2026-08-12]내.pdf",".pdf","426362","0.4066","2026-07-23T17:11:05","2025-09-11T16:19:01","PDF"
"RUNTIME","D:\halal_web_runtime","D:\halal_web_runtime\certificate_classifier\data_preparation\classification_20260723_171042\01_labeled_candidates\BPJPH\D792D7CB759A__23. Glycine(HEBEI)[BPJPH_2026-02-17]휴.pdf","certificate_classifier\data_preparation\classification_20260723_171042\01_labeled_candidates\BPJPH\D792D7CB759A__23. Glycine(HEBEI)[BPJPH_2026-02-17]휴.pdf","D792D7CB759A__23. Glycine(HEBEI)[BPJPH_2026-02-17]휴.pdf",".pdf","644413","0.6146","2026-07-23T17:11:05","2025-09-11T08:50:15","PDF"
"RUNTIME","D:\halal_web_runtime","D:\halal_web_runtime\certificate_classifier\data_preparation\classification_20260723_171042\01_labeled_candidates\BPJPH\E6F2DC5E17CE__220217 HEBEI HUAYANG BPJPH HALAL 인증서 프롤린 글루타민 메티오닌.pdf","certificate_classifier\data_preparation\classification_20260723_171042\01_labeled_candidates\BPJPH\E6F2DC5E17CE__220217 HEBEI HUAYANG BPJPH HALAL 인증서 프롤린 글루타민 메티오닌.pdf","E6F2DC5E17CE__220217 HEBEI HUAYANG BPJPH HALAL 인증서 프롤린 글루타민 메티오닌.pdf",".pdf","638591","0.609","2026-07-23T17:11:05","2025-09-10T11:16:13","PDF"
"RUNTIME","D:\halal_web_runtime","D:\halal_web_runtime\certificate_classifier\data_preparation\classification_20260723_171042\01_labeled_candidates\BPJPH\EE91BF39F406__45. SEWOO CO., LTD BPJPH HALAL Certificate_(2025-11-18).pdf","certificate_classifier\data_preparation\classification_20260723_171042\01_labeled_candidates\BPJPH\EE91BF39F406__45. SEWOO CO., LTD BPJPH HALAL Certificate_(2025-11-18).pdf","EE91BF39F406__45. SEWOO CO., LTD BPJPH HALAL Certificate_(2025-11-18).pdf",".pdf","2236686","2.1331","2026-07-23T17:11:07","2025-11-20T10:48:09","PDF"
"RUNTIME","D:\halal_web_runtime","D:\halal_web_runtime\certificate_classifier\data_preparation\classification_20260723_171042\01_labeled_candidates\BPJPH\F048F14239D0__126. CItric Acid Monohydrate(SHANGDON)[BPJPH_2026-09-22]테.pdf","certificate_classifier\data_preparation\classification_20260723_171042\01_labeled_candidates\BPJPH\F048F14239D0__126. CItric Acid Monohydrate(SHANGDON)[BPJPH_2026-09-22]테.pdf","F048F14239D0__126. CItric Acid Monohydrate(SHANGDON)[BPJPH_2026-09-22]테.pdf",".pdf","813548","0.7759","2026-07-23T17:11:04","2025-09-04T16:58:25","PDF"
"RUNTIME","D:\halal_web_runtime","D:\halal_web_runtime\certificate_classifier\data_preparation\classification_20260723_171042\01_labeled_candidates\BPJPH\F52B186EAADE__19. Red Pepper Powder T(Wooil)[BPJPH_2026-12-29]우.pdf","certificate_classifier\data_preparation\classification_20260723_171042\01_labeled_candidates\BPJPH\F52B186EAADE__19. Red Pepper Powder T(Wooil)[BPJPH_2026-12-29]우.pdf","F52B186EAADE__19. Red Pepper Powder T(Wooil)[BPJPH_2026-12-29]우.pdf",".pdf","524344","0.5001","2026-07-23T17:11:05","2025-09-08T08:05:04","PDF"
"RUNTIME","D:\halal_web_runtime","D:\halal_web_runtime\certificate_classifier\data_preparation\classification_20260723_171042\01_labeled_candidates\BPJPH\F7CCEFF9CDEB__133. YEAST EXTRACT LA600(ANGEL)[BPJPH_2026-07-12]J.pdf","certificate_classifier\data_preparation\classification_20260723_171042\01_labeled_candidates\BPJPH\F7CCEFF9CDEB__133. YEAST EXTRACT LA600(ANGEL)[BPJPH_2026-07-12]J.pdf","F7CCEFF9CDEB__133. YEAST EXTRACT LA600(ANGEL)[BPJPH_2026-07-12]J.pdf",".pdf","3079101","2.9365","2026-07-23T17:11:05","2025-09-05T09:16:58","PDF"
"RUNTIME","D:\halal_web_runtime","D:\halal_web_runtime\certificate_classifier\data_preparation\classification_20260723_171042\01_labeled_candidates\BPJPH\FD881546AB04__38. Jem Soya Lecithin Liquid Standard(SONIC)[BPJPH_2026-04-29]하.pdf","certificate_classifier\data_preparation\classification_20260723_171042\01_labeled_candidates\BPJPH\FD881546AB04__38. Jem Soya Lecithin Liquid Standard(SONIC)[BPJPH_2026-04-29]하.pdf","FD881546AB04__38. Jem Soya Lecithin Liquid Standard(SONIC)[BPJPH_2026-04-29]하.pdf",".pdf","451656","0.4307","2026-07-23T17:11:05","2025-09-04T10:46:31","PDF"
"RUNTIME","D:\halal_web_runtime","D:\halal_web_runtime\certificate_classifier\data_preparation\classification_20260723_171042\01_labeled_candidates\BPJPH\FF4D55CBDA68__111. Taurine(Qianjian)[BPJPH_2026-11-17]테.pdf","certificate_classifier\data_preparation\classification_20260723_171042\01_labeled_candidates\BPJPH\FF4D55CBDA68__111. Taurine(Qianjian)[BPJPH_2026-11-17]테.pdf","FF4D55CBDA68__111. Taurine(Qianjian)[BPJPH_2026-11-17]테.pdf",".pdf","414022","0.3948","2026-07-23T17:11:04","2025-09-04T16:57:31","PDF"
"RUNTIME","D:\halal_web_runtime","D:\halal_web_runtime\certificate_classifier\data_preparation\classification_20260723_171042\01_labeled_candidates\CICOT\057EADA01187__124. Flo-max 8(blend)(INGREDON)[CICOT_2026-09-19]한.pdf","certificate_classifier\data_preparation\classification_20260723_171042\01_labeled_candidates\CICOT\057EADA01187__124. Flo-max 8(blend)(INGREDON)[CICOT_2026-09-19]한.pdf","057EADA01187__124. Flo-max 8(blend)(INGREDON)[CICOT_2026-09-19]한.pdf",".pdf","340943","0.3251","2026-07-23T17:11:04","2025-09-10T13:11:01","PDF"
"RUNTIME","D:\halal_web_runtime","D:\halal_web_runtime\certificate_classifier\data_preparation\classification_20260723_171042\01_labeled_candidates\CICOT\8ABAE90F6636__124. Flo-max 8(blend)(NATIONAL)[CICOT_2025-09-19].pdf","certificate_classifier\data_preparation\classification_20260723_171042\01_labeled_candidates\CICOT\8ABAE90F6636__124. Flo-max 8(blend)(NATIONAL)[CICOT_2025-09-19].pdf","8ABAE90F6636__124. Flo-max 8(blend)(NATIONAL)[CICOT_2025-09-19].pdf",".pdf","227887","0.2173","2026-07-23T17:11:07","2024-12-03T09:38:46","PDF"
"RUNTIME","D:\halal_web_runtime","D:\halal_web_runtime\certificate_classifier\data_preparation\classification_20260723_171042\01_labeled_candidates\CICOT\9CEA3B1FF050__Halal-Certificate-20.05.2021-19.05.2022 CICOT.pdf","certificate_classifier\data_preparation\classification_20260723_171042\01_labeled_candidates\CICOT\9CEA3B1FF050__Halal-Certificate-20.05.2021-19.05.2022 CICOT.pdf","9CEA3B1FF050__Halal-Certificate-20.05.2021-19.05.2022 CICOT.pdf",".pdf","864358","0.8243","2026-07-23T17:11:08","2026-07-23T17:00:46","PDF"
"RUNTIME","D:\halal_web_runtime","D:\halal_web_runtime\certificate_classifier\data_preparation\classification_20260723_171042\01_labeled_candidates\CICOT\A3C57C44923C__HALAL CICOT.pdf","certificate_classifier\data_preparation\classification_20260723_171042\01_labeled_candidates\CICOT\A3C57C44923C__HALAL CICOT.pdf","A3C57C44923C__HALAL CICOT.pdf",".pdf","1574885","1.5019","2026-07-23T17:11:08","2026-07-23T17:00:54","PDF"
"RUNTIME","D:\halal_web_runtime","D:\halal_web_runtime\certificate_classifier\data_preparation\classification_20260723_171042\01_labeled_candidates\CICOT\B64E216F24ED__11-1. Propylene Glygol USPEP-CICOT(2023-05-01).pdf","certificate_classifier\data_preparation\classification_20260723_171042\01_labeled_candidates\CICOT\B64E216F24ED__11-1. Propylene Glygol USPEP-CICOT(2023-05-01).pdf","B64E216F24ED__11-1. Propylene Glygol USPEP-CICOT(2023-05-01).pdf",".pdf","519824","0.4957","2026-07-23T17:11:07","2022-07-04T14:07:28","PDF"
"RUNTIME","D:\halal_web_runtime","D:\halal_web_runtime\certificate_classifier\data_preparation\classification_20260723_171042\01_labeled_candidates\CICOT\B7361F53B6E7__135. Flo-max 8(blend)-CICOT(2024-09-19).pdf","certificate_classifier\data_preparation\classification_20260723_171042\01_labeled_candidates\CICOT\B7361F53B6E7__135. Flo-max 8(blend)-CICOT(2024-09-19).pdf","B7361F53B6E7__135. Flo-max 8(blend)-CICOT(2024-09-19).pdf",".pdf","1677022","1.5993","2026-07-23T17:11:07","2023-09-22T07:04:44","PDF"
"RUNTIME","D:\halal_web_runtime","D:\halal_web_runtime\certificate_classifier\data_preparation\classification_20260723_171042\01_labeled_candidates\CICOT\BEA412DC7886__48_1. REFINED RICE brand oil(THAI)[CICOT_2026-04-24]농.pdf","certificate_classifier\data_preparation\classification_20260723_171042\01_labeled_candidates\CICOT\BEA412DC7886__48_1. REFINED RICE brand oil(THAI)[CICOT_2026-04-24]농.pdf","BEA412DC7886__48_1. REFINED RICE brand oil(THAI)[CICOT_2026-04-24]농.pdf",".pdf","448683","0.4279","2026-07-23T17:11:07","2024-06-21T13:10:31","PDF"
"RUNTIME","D:\halal_web_runtime","D:\halal_web_runtime\certificate_classifier\data_preparation\classification_20260723_171042\01_labeled_candidates\CICOT\C5CD2D41B949__151. KREATIONⓡKE8-CICOT(2023-10-14).pdf","certificate_classifier\data_preparation\classification_20260723_171042\01_labeled_candidates\CICOT\C5CD2D41B949__151. KREATIONⓡKE8-CICOT(2023-10-14).pdf","C5CD2D41B949__151. KREATIONⓡKE8-CICOT(2023-10-14).pdf",".pdf","1518587","1.4482","2026-07-23T17:11:07","2022-10-27T16:32:27","PDF"
"RUNTIME","D:\halal_web_runtime","D:\halal_web_runtime\certificate_classifier\data_preparation\classification_20260723_171042\01_labeled_candidates\CICOT\C9AB8CFAE5A6__140_1. Propylene Glycol USP-EP(The)[CICOT_2026-05-01]S.pdf","certificate_classifier\data_preparation\classification_20260723_171042\01_labeled_candidates\CICOT\C9AB8CFAE5A6__140_1. Propylene Glycol USP-EP(The)[CICOT_2026-05-01]S.pdf","C9AB8CFAE5A6__140_1. Propylene Glycol USP-EP(The)[CICOT_2026-05-01]S.pdf",".pdf","2595136","2.4749","2026-07-23T17:11:06","2025-06-07T07:49:29","PDF"
"RUNTIME","D:\halal_web_runtime","D:\halal_web_runtime\certificate_classifier\data_preparation\classification_20260723_171042\01_labeled_candidates\CICOT\CBA90276ADE8__167. KRATIONⓡKE8(SIAM)[CICOT_2025-10-14]마.pdf","certificate_classifier\data_preparation\classification_20260723_171042\01_labeled_candidates\CICOT\CBA90276ADE8__167. KRATIONⓡKE8(SIAM)[CICOT_2025-10-14]마.pdf","CBA90276ADE8__167. KRATIONⓡKE8(SIAM)[CICOT_2025-10-14]마.pdf",".pdf","1897092","1.8092","2026-07-23T17:11:05","2025-06-11T13:38:32","PDF"
"RUNTIME","D:\halal_web_runtime","D:\halal_web_runtime\certificate_classifier\data_preparation\classification_20260723_171042\01_labeled_candidates\CICOT\EE0E150A3059__3_ CERT - VAVA PACK - HALAL Eng - EXP 26 SEP 2026 CICOT.pdf","certificate_classifier\data_preparation\classification_20260723_171042\01_labeled_candidates\CICOT\EE0E150A3059__3_ CERT - VAVA PACK - HALAL Eng - EXP 26 SEP 2026 CICOT.pdf","EE0E150A3059__3_ CERT - VAVA PACK - HALAL Eng - EXP 26 SEP 2026 CICOT.pdf",".pdf","2343549","2.235","2026-07-23T17:11:08","2026-07-23T17:00:21","PDF"
"RUNTIME","D:\halal_web_runtime","D:\halal_web_runtime\certificate_classifier\data_preparation\classification_20260723_171042\01_labeled_candidates\HALAL CONTROL\0DD15408BB61__Halal-Cert-1 halal control.pdf","certificate_classifier\data_preparation\classification_20260723_171042\01_labeled_candidates\HALAL CONTROL\0DD15408BB61__Halal-Cert-1 halal control.pdf","0DD15408BB61__Halal-Cert-1 halal control.pdf",".pdf","282493","0.2694","2026-07-23T17:11:08","2026-07-23T14:09:53","PDF"
"RUNTIME","D:\halal_web_runtime","D:\halal_web_runtime\certificate_classifier\data_preparation\classification_20260723_171042\01_labeled_candidates\HALAL CONTROL\2624F581D8BC__Halal_Zertifikat_Calvatis_bis_14-08-2023 halal control.pdf","certificate_classifier\data_preparation\classification_20260723_171042\01_labeled_candidates\HALAL CONTROL\2624F581D8BC__Halal_Zertifikat_Calvatis_bis_14-08-2023 halal control.pdf","2624F581D8BC__Halal_Zertifikat_Calvatis_bis_14-08-2023 halal control.pdf",".pdf","313625","0.2991","2026-07-23T17:11:08","2026-07-23T14:10:27","PDF"
"RUNTIME","D:\halal_web_runtime","D:\halal_web_runtime\certificate_classifier\data_preparation\classification_20260723_171042\01_labeled_candidates\HALAL CONTROL\269C404A2149__Halal-Certificate-Lysi halal control.pdf","certificate_classifier\data_preparation\classification_20260723_171042\01_labeled_candidates\HALAL CONTROL\269C404A2149__Halal-Certificate-Lysi halal control.pdf","269C404A2149__Halal-Certificate-Lysi halal control.pdf",".pdf","355628","0.3392","2026-07-23T17:11:08","2026-07-23T14:08:57","PDF"
"RUNTIME","D:\halal_web_runtime","D:\halal_web_runtime\certificate_classifier\data_preparation\classification_20260723_171042\01_labeled_candidates\HALAL CONTROL\38954BFD243E__Halal_certificate_PQAA_greases_2021 halal control.pdf","certificate_classifier\data_preparation\classification_20260723_171042\01_labeled_candidates\HALAL CONTROL\38954BFD243E__Halal_certificate_PQAA_greases_2021 halal control.pdf","38954BFD243E__Halal_certificate_PQAA_greases_2021 halal control.pdf",".pdf","266871","0.2545","2026-07-23T17:11:08","2026-07-23T14:07:52","PDF"
"RUNTIME","D:\halal_web_runtime","D:\halal_web_runtime\certificate_classifier\data_preparation\classification_20260723_171042\01_labeled_candidates\HALAL CONTROL\3EBB84DA8B2F__슈가시럽-Halal Control - Halal- Zertifikat - Südzucker - gültig bis 13.12.2018 (1).pdf","certificate_classifier\data_preparation\classification_20260723_171042\01_labeled_candidates\HALAL CONTROL\3EBB84DA8B2F__슈가시럽-Halal Control - Halal- Zertifikat - Südzucker - gültig bis 13.12.2018 (1).pdf","3EBB84DA8B2F__슈가시럽-Halal Control - Halal- Zertifikat - Südzucker - gültig bis 13.12.2018 (1).pdf",".pdf","192317","0.1834","2026-07-23T17:11:07","2018-04-06T15:43:58","PDF"
"RUNTIME","D:\halal_web_runtime","D:\halal_web_runtime\certificate_classifier\data_preparation\classification_20260723_171042\01_labeled_candidates\HALAL CONTROL\5FAFBCCE6850__Halal2026_EN halal control.pdf","certificate_classifier\data_preparation\classification_20260723_171042\01_labeled_candidates\HALAL CONTROL\5FAFBCCE6850__Halal2026_EN halal control.pdf","5FAFBCCE6850__Halal2026_EN halal control.pdf",".pdf","210813","0.201","2026-07-23T17:11:08","2026-07-23T14:09:42","PDF"
"RUNTIME","D:\halal_web_runtime","D:\halal_web_runtime\certificate_classifier\data_preparation\classification_20260723_171042\01_labeled_candidates\HALAL CONTROL\69D0F2382308__Halal_LHF_LOA halal control.pdf","certificate_classifier\data_preparation\classification_20260723_171042\01_labeled_candidates\HALAL CONTROL\69D0F2382308__Halal_LHF_LOA halal control.pdf","69D0F2382308__Halal_LHF_LOA halal control.pdf",".pdf","352633","0.3363","2026-07-23T17:11:08","2026-07-23T14:09:19","PDF"
"RUNTIME","D:\halal_web_runtime","D:\halal_web_runtime\certificate_classifier\data_preparation\classification_20260723_171042\01_labeled_candidates\HALAL CONTROL\747F7EB2A847__Halal_Zertifikat_2025__gültig_bis_17.01.2027 halal control.pdf","certificate_classifier\data_preparation\classification_20260723_171042\01_labeled_candidates\HALAL CONTROL\747F7EB2A847__Halal_Zertifikat_2025__gültig_bis_17.01.2027 halal control.pdf","747F7EB2A847__Halal_Zertifikat_2025__gültig_bis_17.01.2027 halal control.pdf",".pdf","167032","0.1593","2026-07-23T17:11:08","2026-07-23T14:10:01","PDF"
"RUNTIME","D:\halal_web_runtime","D:\halal_web_runtime\certificate_classifier\data_preparation\classification_20260723_171042\01_labeled_candidates\HALAL CONTROL\7AF2B38BDE1B__165_8. Potassium sulfate(K+S)[HALAL CONTROL_2026-08-15].pdf","certificate_classifier\data_preparation\classification_20260723_171042\01_labeled_candidates\HALAL CONTROL\7AF2B38BDE1B__165_8. Potassium sulfate(K+S)[HALAL CONTROL_2026-08-15].pdf","7AF2B38BDE1B__165_8. Potassium sulfate(K+S)[HALAL CONTROL_2026-08-15].pdf",".pdf","313444","0.2989","2026-07-23T17:11:06","2024-06-17T10:59:10","PDF"
"RUNTIME","D:\halal_web_runtime","D:\halal_web_runtime\certificate_classifier\data_preparation\classification_20260723_171042\01_labeled_candidates\HALAL CONTROL\84271741DBF3__Halal-certificate halal control.pdf","certificate_classifier\data_preparation\classification_20260723_171042\01_labeled_candidates\HALAL CONTROL\84271741DBF3__Halal-certificate halal control.pdf","84271741DBF3__Halal-certificate halal control.pdf",".pdf","222824","0.2125","2026-07-23T17:11:08","2026-07-23T14:10:07","PDF"
"RUNTIME","D:\halal_web_runtime","D:\halal_web_runtime\certificate_classifier\data_preparation\classification_20260723_171042\01_labeled_candidates\HALAL CONTROL\845EE4479BE3__101.Lactic Acid,PURAC (THAILAND) LTD社-HALAL CONTROL(2020-05-15).pdf","certificate_classifier\data_preparation\classification_20260723_171042\01_labeled_candidates\HALAL CONTROL\845EE4479BE3__101.Lactic Acid,PURAC (THAILAND) LTD社-HALAL CONTROL(2020-05-15).pdf","845EE4479BE3__101.Lactic Acid,PURAC (THAILAND) LTD社-HALAL CONTROL(2020-05-15).pdf",".pdf","79510","0.0758","2026-07-23T17:11:07","2020-03-30T14:24:54","PDF"
"RUNTIME","D:\halal_web_runtime","D:\halal_web_runtime\certificate_classifier\data_preparation\classification_20260723_171042\01_labeled_candidates\HALAL CONTROL\88C7CF050E8B__슈가시럽-Halal Quality Control - Halal Zertifikat - SÜDZUCKER Karasirup - gültig bis 12.12.2022.pdf","certificate_classifier\data_preparation\classification_20260723_171042\01_labeled_candidates\HALAL CONTROL\88C7CF050E8B__슈가시럽-Halal Quality Control - Halal Zertifikat - SÜDZUCKER Karasirup - gültig bis 12.12.2022.pdf","88C7CF050E8B__슈가시럽-Halal Quality Control - Halal Zertifikat - SÜDZUCKER Karasirup - gültig bis 12.12.2022.pdf",".pdf","1141610","1.0887","2026-07-23T17:11:07","2022-02-25T08:36:26","PDF"
"RUNTIME","D:\halal_web_runtime","D:\halal_web_runtime\certificate_classifier\data_preparation\classification_20260723_171042\01_labeled_candidates\HALAL CONTROL\8CAE2AD1E9D2__halal control sample.pdf","certificate_classifier\data_preparation\classification_20260723_171042\01_labeled_candidates\HALAL CONTROL\8CAE2AD1E9D2__halal control sample.pdf","8CAE2AD1E9D2__halal control sample.pdf",".pdf","269652","0.2572","2026-07-23T17:11:08","2026-07-23T14:08:00","PDF"
"RUNTIME","D:\halal_web_runtime","D:\halal_web_runtime\certificate_classifier\data_preparation\classification_20260723_171042\01_labeled_candidates\HALAL CONTROL\98694064CED0__cesarin-certificato-halal-2024 halal control.pdf","certificate_classifier\data_preparation\classification_20260723_171042\01_labeled_candidates\HALAL CONTROL\98694064CED0__cesarin-certificato-halal-2024 halal control.pdf","98694064CED0__cesarin-certificato-halal-2024 halal control.pdf",".pdf","322798","0.3078","2026-07-23T17:11:08","2026-07-23T14:07:36","PDF"
"RUNTIME","D:\halal_web_runtime","D:\halal_web_runtime\certificate_classifier\data_preparation\classification_20260723_171042\01_labeled_candidates\HALAL CONTROL\BF6999BB87A5__C-16-60078-01-12 halal control.pdf","certificate_classifier\data_preparation\classification_20260723_171042\01_labeled_candidates\HALAL CONTROL\BF6999BB87A5__C-16-60078-01-12 halal control.pdf","BF6999BB87A5__C-16-60078-01-12 halal control.pdf",".pdf","269954","0.2574","2026-07-23T17:11:08","2026-07-23T14:08:43","PDF"
"RUNTIME","D:\halal_web_runtime","D:\halal_web_runtime\certificate_classifier\data_preparation\classification_20260723_171042\01_labeled_candidates\HALAL CONTROL\FEB19422E0A9__56. VITACEL Powdered  Cellulose DV type(J.Retten)[HALAL CONTROL_2026-08-12]농.pdf","certificate_classifier\data_preparation\classification_20260723_171042\01_labeled_candidates\HALAL CONTROL\FEB19422E0A9__56. VITACEL Powdered  Cellulose DV type(J.Retten)[HALAL CONTROL_2026-08-12]농.pdf","FEB19422E0A9__56. VITACEL Powdered  Cellulose DV type(J.Retten)[HALAL CONTROL_2026-08-12]농.pdf",".pdf","318692","0.3039","2026-07-23T17:11:05","2025-09-08T11:29:23","PDF"
"RUNTIME","D:\halal_web_runtime","D:\halal_web_runtime\certificate_classifier\data_preparation\classification_20260723_171042\01_labeled_candidates\HCA\31F31DD907D2__veg-halal-certificate-moi- HCA.pdf","certificate_classifier\data_preparation\classification_20260723_171042\01_labeled_candidates\HCA\31F31DD907D2__veg-halal-certificate-moi- HCA.pdf","31F31DD907D2__veg-halal-certificate-moi- HCA.pdf",".pdf","1672382","1.5949","2026-07-23T17:11:08","2026-07-23T14:36:09","PDF"
"RUNTIME","D:\halal_web_runtime","D:\halal_web_runtime\certificate_classifier\data_preparation\classification_20260723_171042\01_labeled_candidates\HCA\4AEBBC5AD564__halal_certificate_hung_phat_fruits_producing_company_limited_2026_-_exp_132027 HCA.pdf","certificate_classifier\data_preparation\classification_20260723_171042\01_labeled_candidates\HCA\4AEBBC5AD564__halal_certificate_hung_phat_fruits_producing_company_limited_2026_-_exp_132027 HCA.pdf","4AEBBC5AD564__halal_certificate_hung_phat_fruits_producing_company_limited_2026_-_exp_132027 HCA.pdf",".pdf","1398726","1.3339","2026-07-23T17:11:08","2026-07-23T14:35:49","PDF"
"RUNTIME","D:\halal_web_runtime","D:\halal_web_runtime\certificate_classifier\data_preparation\classification_20260723_171042\01_labeled_candidates\HCA\4D4624D71B9E__sample HCA HALAL-2025.pdf","certificate_classifier\data_preparation\classification_20260723_171042\01_labeled_candidates\HCA\4D4624D71B9E__sample HCA HALAL-2025.pdf","4D4624D71B9E__sample HCA HALAL-2025.pdf",".pdf","2539318","2.4217","2026-07-23T17:11:07","2026-05-25T15:59:06","PDF"
"RUNTIME","D:\halal_web_runtime","D:\halal_web_runtime\certificate_classifier\data_preparation\classification_20260723_171042\01_labeled_candidates\HCA\82219E51DBD3__sample HCA Halal-certificate.pdf","certificate_classifier\data_preparation\classification_20260723_171042\01_labeled_candidates\HCA\82219E51DBD3__sample HCA Halal-certificate.pdf","82219E51DBD3__sample HCA Halal-certificate.pdf",".pdf","2018015","1.9245","2026-07-23T17:11:07","2026-05-25T15:58:58","PDF"
"RUNTIME","D:\halal_web_runtime","D:\halal_web_runtime\certificate_classifier\data_preparation\classification_20260723_171042\01_labeled_candidates\HCA\A48BF373F7A8__sample HCA HALAL-HCA.pdf","certificate_classifier\data_preparation\classification_20260723_171042\01_labeled_candidates\HCA\A48BF373F7A8__sample HCA HALAL-HCA.pdf","A48BF373F7A8__sample HCA HALAL-HCA.pdf",".pdf","9040377","8.6216","2026-07-23T17:11:07","2026-05-25T15:58:44","PDF"
"RUNTIME","D:\halal_web_runtime","D:\halal_web_runtime\certificate_classifier\data_preparation\classification_20260723_171042\01_labeled_candidates\HCA\A79A17693A2B__sample HCA E981BA04-9A5B-E282-69C5D68ACC3CC2C3-document.pdf","certificate_classifier\data_preparation\classification_20260723_171042\01_labeled_candidates\HCA\A79A17693A2B__sample HCA E981BA04-9A5B-E282-69C5D68ACC3CC2C3-document.pdf","A79A17693A2B__sample HCA E981BA04-9A5B-E282-69C5D68ACC3CC2C3-document.pdf",".pdf","461478","0.4401","2026-07-23T17:11:08","2026-05-25T15:59:43","PDF"
"RUNTIME","D:\halal_web_runtime","D:\halal_web_runtime\certificate_classifier\data_preparation\classification_20260723_171042\01_labeled_candidates\HCA\A7D030E9DF8A__sample HCA halal_certificate.pdf","certificate_classifier\data_preparation\classification_20260723_171042\01_labeled_candidates\HCA\A7D030E9DF8A__sample HCA halal_certificate.pdf","A7D030E9DF8A__sample HCA halal_certificate.pdf",".pdf","845813","0.8066","2026-07-23T17:11:07","2026-05-25T15:59:18","PDF"
"RUNTIME","D:\halal_web_runtime","D:\halal_web_runtime\certificate_classifier\data_preparation\classification_20260723_171042\01_labeled_candidates\HCA\C715C4EE182D__16. Ground Cassia-Cinnamon(LONG)[HCA_2025-10-09]M.pdf","certificate_classifier\data_preparation\classification_20260723_171042\01_labeled_candidates\HCA\C715C4EE182D__16. Ground Cassia-Cinnamon(LONG)[HCA_2025-10-09]M.pdf","C715C4EE182D__16. Ground Cassia-Cinnamon(LONG)[HCA_2025-10-09]M.pdf",".pdf","1042573","0.9943","2026-07-23T17:11:05","2022-10-27T09:57:02","PDF"
"RUNTIME","D:\halal_web_runtime","D:\halal_web_runtime\certificate_classifier\data_preparation\classification_20260723_171042\01_labeled_candidates\HCA\DBCE628AD099__sample HCA With Love Gretel 22.1.26.pdf","certificate_classifier\data_preparation\classification_20260723_171042\01_labeled_candidates\HCA\DBCE628AD099__sample HCA With Love Gretel 22.1.26.pdf","DBCE628AD099__sample HCA With Love Gretel 22.1.26.pdf",".pdf","952554","0.9084","2026-07-23T17:11:08","2026-05-25T15:59:38","PDF"
"RUNTIME","D:\halal_web_runtime","D:\halal_web_runtime\certificate_classifier\data_preparation\classification_20260723_171042\01_labeled_candidates\HCA\E484B7EDE305__sample HCA 20.03.2025 DOBLA ASIA HCA 049.pdf","certificate_classifier\data_preparation\classification_20260723_171042\01_labeled_candidates\HCA\E484B7EDE305__sample HCA 20.03.2025 DOBLA ASIA HCA 049.pdf","E484B7EDE305__sample HCA 20.03.2025 DOBLA ASIA HCA 049.pdf",".pdf","16920381","16.1365","2026-07-23T17:11:07","2026-05-25T15:59:22","PDF"
"RUNTIME","D:\halal_web_runtime","D:\halal_web_runtime\certificate_classifier\data_preparation\classification_20260723_171042\01_labeled_candidates\HCA\FCE941D304BE__162-1.Crude Rice Bran Oil,WILMAR AGRO VIETNAM COMPANY LIMITED社-Halal Certification Agency (HCA)(2021-07-31).pdf","certificate_classifier\data_preparation\classification_20260723_171042\01_labeled_candidates\HCA\FCE941D304BE__162-1.Crude Rice Bran Oil,WILMAR AGRO VIETNAM COMPANY LIMITED社-Halal Certification Agency (HCA)(2021-07-31).pdf","FCE941D304BE__162-1.Crude Rice Bran Oil,WILMAR AGRO VIETNAM COMPANY LIMITED社-Halal Certification Agency (HCA)(2021-07-31).pdf",".pdf","69159","0.066","2026-07-23T17:11:07","2020-11-23T14:03:53","PDF"
"RUNTIME","D:\halal_web_runtime","D:\halal_web_runtime\certificate_classifier\data_preparation\classification_20260723_171042\01_labeled_candidates\HCA\FEBBE41C6053__sample HCA HALAL certificate.pdf","certificate_classifier\data_preparation\classification_20260723_171042\01_labeled_candidates\HCA\FEBBE41C6053__sample HCA HALAL certificate.pdf","FEBBE41C6053__sample HCA HALAL certificate.pdf",".pdf","532203","0.5075","2026-07-23T17:11:08","2026-05-25T15:59:33","PDF"
"RUNTIME","D:\halal_web_runtime","D:\halal_web_runtime\certificate_classifier\data_preparation\classification_20260723_171042\01_labeled_candidates\HCE\2BBB9FE07D9E__sample HCE hce-halal-certificate-europe.pdf","certificate_classifier\data_preparation\classification_20260723_171042\01_labeled_candidates\HCE\2BBB9FE07D9E__sample HCE hce-halal-certificate-europe.pdf","2BBB9FE07D9E__sample HCE hce-halal-certificate-europe.pdf",".pdf","336294","0.3207","2026-07-23T17:11:07","2026-05-25T15:52:05","PDF"
"RUNTIME","D:\halal_web_runtime","D:\halal_web_runtime\certificate_classifier\data_preparation\classification_20260723_171042\01_labeled_candidates\HCE\453373A30A76__sample HCE Halal-Certificate-25-26.pdf","certificate_classifier\data_preparation\classification_20260723_171042\01_labeled_candidates\HCE\453373A30A76__sample HCE Halal-Certificate-25-26.pdf","453373A30A76__sample HCE Halal-Certificate-25-26.pdf",".pdf","317139","0.3024","2026-07-23T17:11:07","2026-05-25T15:52:18","PDF"
"RUNTIME","D:\halal_web_runtime","D:\halal_web_runtime\certificate_classifier\data_preparation\classification_20260723_171042\01_labeled_candidates\HCE\4C9A1E644D9F__sample HCE Halal-2022-2023-NTL.pdf","certificate_classifier\data_preparation\classification_20260723_171042\01_labeled_candidates\HCE\4C9A1E644D9F__sample HCE Halal-2022-2023-NTL.pdf","4C9A1E644D9F__sample HCE Halal-2022-2023-NTL.pdf",".pdf","221884","0.2116","2026-07-23T17:11:07","2026-05-25T15:56:15","PDF"
"RUNTIME","D:\halal_web_runtime","D:\halal_web_runtime\certificate_classifier\data_preparation\classification_20260723_171042\01_labeled_candidates\HCE\716070CFD830__sample HCE Kudos-Blends-Limited-HCE-GSO-Halal-Certificate-2024-2025.pdf","certificate_classifier\data_preparation\classification_20260723_171042\01_labeled_candidates\HCE\716070CFD830__sample HCE Kudos-Blends-Limited-HCE-GSO-Halal-Certificate-2024-2025.pdf","716070CFD830__sample HCE Kudos-Blends-Limited-HCE-GSO-Halal-Certificate-2024-2025.pdf",".pdf","357716","0.3411","2026-07-23T17:11:08","2026-05-25T15:52:55","PDF"
"RUNTIME","D:\halal_web_runtime","D:\halal_web_runtime\certificate_classifier\data_preparation\classification_20260723_171042\01_labeled_candidates\HCE\8BC027B91A1D__sample HCE Halal-Certificate-2025-2026.pdf","certificate_classifier\data_preparation\classification_20260723_171042\01_labeled_candidates\HCE\8BC027B91A1D__sample HCE Halal-Certificate-2025-2026.pdf","8BC027B91A1D__sample HCE Halal-Certificate-2025-2026.pdf",".pdf","322684","0.3077","2026-07-23T17:11:08","2026-05-25T15:52:35","PDF"
"RUNTIME","D:\halal_web_runtime","D:\halal_web_runtime\certificate_classifier\data_preparation\classification_20260723_171042\01_labeled_candidates\HCE\925EA24BF2C9__90. MAIZE FLOUR(Kalizea)[HCE_2026-01-24]s.pdf","certificate_classifier\data_preparation\classification_20260723_171042\01_labeled_candidates\HCE\925EA24BF2C9__90. MAIZE FLOUR(Kalizea)[HCE_2026-01-24]s.pdf","925EA24BF2C9__90. MAIZE FLOUR(Kalizea)[HCE_2026-01-24]s.pdf",".pdf","352194","0.3359","2026-07-23T17:11:06","2025-02-04T08:17:11","PDF"
"RUNTIME","D:\halal_web_runtime","D:\halal_web_runtime\certificate_classifier\data_preparation\classification_20260723_171042\01_labeled_candidates\HCE\B93FC8B6C1E1__sample HCE 21459-1_william_blythe_ltd_hce_non_gso_halal_certificate.pdf","certificate_classifier\data_preparation\classification_20260723_171042\01_labeled_candidates\HCE\B93FC8B6C1E1__sample HCE 21459-1_william_blythe_ltd_hce_non_gso_halal_certificate.pdf","B93FC8B6C1E1__sample HCE 21459-1_william_blythe_ltd_hce_non_gso_halal_certificate.pdf",".pdf","345953","0.3299","2026-07-23T17:11:07","2026-05-25T15:52:26","PDF"
"RUNTIME","D:\halal_web_runtime","D:\halal_web_runtime\certificate_classifier\data_preparation\classification_20260723_171042\01_labeled_candidates\HCE\C5DC373A92BD__sample HCE 66e68df75a9e5e3d496d8b14_Halal-Certificate-2024.pdf","certificate_classifier\data_preparation\classification_20260723_171042\01_labeled_candidates\HCE\C5DC373A92BD__sample HCE 66e68df75a9e5e3d496d8b14_Halal-Certificate-2024.pdf","C5DC373A92BD__sample HCE 66e68df75a9e5e3d496d8b14_Halal-Certificate-2024.pdf",".pdf","345888","0.3299","2026-07-23T17:11:07","2026-05-25T15:56:04","PDF"
"RUNTIME","D:\halal_web_runtime","D:\halal_web_runtime\certificate_classifier\data_preparation\classification_20260723_171042\01_labeled_candidates\HCE\D684D2056063__Halal-Certificate-2024-2025_extension HCE.pdf","certificate_classifier\data_preparation\classification_20260723_171042\01_labeled_candidates\HCE\D684D2056063__Halal-Certificate-2024-2025_extension HCE.pdf","D684D2056063__Halal-Certificate-2024-2025_extension HCE.pdf",".pdf","953973","0.9098","2026-07-23T17:11:08","2026-07-23T15:34:54","PDF"
"RUNTIME","D:\halal_web_runtime","D:\halal_web_runtime\certificate_classifier\data_preparation\classification_20260723_171042\01_labeled_candidates\HFCE\1BD9F4B138EC__76-1.Celluclast,NOVOZYMES AS社-HFCE(2021-06-30).pdf","certificate_classifier\data_preparation\classification_20260723_171042\01_labeled_candidates\HFCE\1BD9F4B138EC__76-1.Celluclast,NOVOZYMES AS社-HFCE(2021-06-30).pdf","1BD9F4B138EC__76-1.Celluclast,NOVOZYMES AS社-HFCE(2021-06-30).pdf",".pdf","275265","0.2625","2026-07-23T17:11:07","2020-07-16T10:29:12","PDF"
"RUNTIME","D:\halal_web_runtime","D:\halal_web_runtime\certificate_classifier\data_preparation\classification_20260723_171042\01_labeled_candidates\HFCE\1FB280F1006C__29-1. Non-GMO Crude Soybeen oil-HFCE(2022-09-30).pdf","certificate_classifier\data_preparation\classification_20260723_171042\01_labeled_candidates\HFCE\1FB280F1006C__29-1. Non-GMO Crude Soybeen oil-HFCE(2022-09-30).pdf","1FB280F1006C__29-1. Non-GMO Crude Soybeen oil-HFCE(2022-09-30).pdf",".pdf","980537","0.9351","2026-07-23T17:11:07","2022-04-12T10:49:56","PDF"
"RUNTIME","D:\halal_web_runtime","D:\halal_web_runtime\certificate_classifier\data_preparation\classification_20260723_171042\01_labeled_candidates\HFCE\22A99AE7BC05__32_1. Non-GMO Crude Soybeen oil(Bunge)[HFCE_2025-09-30]롯.pdf","certificate_classifier\data_preparation\classification_20260723_171042\01_labeled_candidates\HFCE\22A99AE7BC05__32_1. Non-GMO Crude Soybeen oil(Bunge)[HFCE_2025-09-30]롯.pdf","22A99AE7BC05__32_1. Non-GMO Crude Soybeen oil(Bunge)[HFCE_2025-09-30]롯.pdf",".pdf","219202","0.209","2026-07-23T17:11:06","2023-10-27T17:30:59","PDF"
"RUNTIME","D:\halal_web_runtime","D:\halal_web_runtime\certificate_classifier\data_preparation\classification_20260723_171042\01_labeled_candidates\HFCE\28D97B26AC30__37_4. NuCel 743PW(BIO)[HFCE_2025-12-31]락.pdf","certificate_classifier\data_preparation\classification_20260723_171042\01_labeled_candidates\HFCE\28D97B26AC30__37_4. NuCel 743PW(BIO)[HFCE_2025-12-31]락.pdf","28D97B26AC30__37_4. NuCel 743PW(BIO)[HFCE_2025-12-31]락.pdf",".pdf","584131","0.5571","2026-07-23T17:11:07","2025-06-26T09:46:21","PDF"
"RUNTIME","D:\halal_web_runtime","D:\halal_web_runtime\certificate_classifier\data_preparation\classification_20260723_171042\01_labeled_candidates\HFCE\2A810D349460__32_1. Non-GMO Crude Soybean oil(Bunge)[HFCE_2026-09-30]롯.pdf","certificate_classifier\data_preparation\classification_20260723_171042\01_labeled_candidates\HFCE\2A810D349460__32_1. Non-GMO Crude Soybean oil(Bunge)[HFCE_2026-09-30]롯.pdf","2A810D349460__32_1. Non-GMO Crude Soybean oil(Bunge)[HFCE_2026-09-30]롯.pdf",".pdf","223913","0.2135","2026-07-23T17:11:06","2025-10-20T17:53:49","PDF"
"RUNTIME","D:\halal_web_runtime","D:\halal_web_runtime\certificate_classifier\data_preparation\classification_20260723_171042\01_labeled_candidates\HFCE\398B4C609FC9__31-02.SOY PEPTONE A2 SC-HFCE(2022-03-31).pdf","certificate_classifier\data_preparation\classification_20260723_171042\01_labeled_candidates\HFCE\398B4C609FC9__31-02.SOY PEPTONE A2 SC-HFCE(2022-03-31).pdf","398B4C609FC9__31-02.SOY PEPTONE A2 SC-HFCE(2022-03-31).pdf",".pdf","321597","0.3067","2026-07-23T17:11:07","2021-06-03T11:11:47","PDF"
"RUNTIME","D:\halal_web_runtime","D:\halal_web_runtime\certificate_classifier\data_preparation\classification_20260723_171042\01_labeled_candidates\HFCE\546D36BC5D74__107.Oleoresin Capsicum-HFCE(2021-10-31).pdf","certificate_classifier\data_preparation\classification_20260723_171042\01_labeled_candidates\HFCE\546D36BC5D74__107.Oleoresin Capsicum-HFCE(2021-10-31).pdf","546D36BC5D74__107.Oleoresin Capsicum-HFCE(2021-10-31).pdf",".pdf","645064","0.6152","2026-07-23T17:11:07","2021-01-12T08:29:12","PDF"
"RUNTIME","D:\halal_web_runtime","D:\halal_web_runtime\certificate_classifier\data_preparation\classification_20260723_171042\01_labeled_candidates\HFCE\625782B18E45__37_4. SPRINGER 020020-PW-L-HFCE(2024-12-31).pdf","certificate_classifier\data_preparation\classification_20260723_171042\01_labeled_candidates\HFCE\625782B18E45__37_4. SPRINGER 020020-PW-L-HFCE(2024-12-31).pdf","625782B18E45__37_4. SPRINGER 020020-PW-L-HFCE(2024-12-31).pdf",".pdf","2435759","2.3229","2026-07-23T17:11:07","2024-01-26T14:54:42","PDF"
"RUNTIME","D:\halal_web_runtime","D:\halal_web_runtime\certificate_classifier\data_preparation\classification_20260723_171042\01_labeled_candidates\HFCE\6308F6C7015B__38_2. SOY PEPTONE A2 SC-HFCE(2024-03-31).pdf","certificate_classifier\data_preparation\classification_20260723_171042\01_labeled_candidates\HFCE\6308F6C7015B__38_2. SOY PEPTONE A2 SC-HFCE(2024-03-31).pdf","6308F6C7015B__38_2. SOY PEPTONE A2 SC-HFCE(2024-03-31).pdf",".pdf","1964318","1.8733","2026-07-23T17:11:06","2023-08-14T07:39:51","PDF"
"RUNTIME","D:\halal_web_runtime","D:\halal_web_runtime\certificate_classifier\data_preparation\classification_20260723_171042\01_labeled_candidates\HFCE\7C172A8ACA0A__sample HFCE ab-enzymes-finland-oy-plant-registration-halal-2025-2026-id-120094.pdf","certificate_classifier\data_preparation\classification_20260723_171042\01_labeled_candidates\HFCE\7C172A8ACA0A__sample HFCE ab-enzymes-finland-oy-plant-registration-halal-2025-2026-id-120094.pdf","7C172A8ACA0A__sample HFCE ab-enzymes-finland-oy-plant-registration-halal-2025-2026-id-120094.pdf",".pdf","393716","0.3755","2026-07-23T17:11:07","2026-05-25T15:53:33","PDF"
"RUNTIME","D:\halal_web_runtime","D:\halal_web_runtime\certificate_classifier\data_preparation\classification_20260723_171042\01_labeled_candidates\HFCE\81BBD368A003__89.MAIZE FLOUR F1,Kalizea France-HFCE(HC-19KAEI07,2020-10-31).pdf","certificate_classifier\data_preparation\classification_20260723_171042\01_labeled_candidates\HFCE\81BBD368A003__89.MAIZE FLOUR F1,Kalizea France-HFCE(HC-19KAEI07,2020-10-31).pdf","81BBD368A003__89.MAIZE FLOUR F1,Kalizea France-HFCE(HC-19KAEI07,2020-10-31).pdf",".pdf","222087","0.2118","2026-07-23T17:11:07","2020-03-04T10:20:58","PDF"
"RUNTIME","D:\halal_web_runtime","D:\halal_web_runtime\certificate_classifier\data_preparation\classification_20260723_171042\01_labeled_candidates\HFCE\8348ABE532AB__132. Paprika OLEORSIN-HFCE(2024-10-31).pdf","certificate_classifier\data_preparation\classification_20260723_171042\01_labeled_candidates\HFCE\8348ABE532AB__132. Paprika OLEORSIN-HFCE(2024-10-31).pdf","8348ABE532AB__132. Paprika OLEORSIN-HFCE(2024-10-31).pdf",".pdf","1092451","1.0418","2026-07-23T17:11:07","2023-12-06T10:21:17","PDF"
"RUNTIME","D:\halal_web_runtime","D:\halal_web_runtime\certificate_classifier\data_preparation\classification_20260723_171042\01_labeled_candidates\HFCE\9150B2552253__120.Protease(Promod 278 MDP)-HFCE(2022-10-31).pdf","certificate_classifier\data_preparation\classification_20260723_171042\01_labeled_candidates\HFCE\9150B2552253__120.Protease(Promod 278 MDP)-HFCE(2022-10-31).pdf","9150B2552253__120.Protease(Promod 278 MDP)-HFCE(2022-10-31).pdf",".pdf","339697","0.324","2026-07-23T17:11:07","2022-04-18T10:50:32","PDF"
"RUNTIME","D:\halal_web_runtime","D:\halal_web_runtime\certificate_classifier\data_preparation\classification_20260723_171042\01_labeled_candidates\HFCE\94DB281F3733__32-04.SPRINGER 020020-PW-L,BIOSPRIGER S.A社-HFCE(2021-12-31).pdf","certificate_classifier\data_preparation\classification_20260723_171042\01_labeled_candidates\HFCE\94DB281F3733__32-04.SPRINGER 020020-PW-L,BIOSPRIGER S.A社-HFCE(2021-12-31).pdf","94DB281F3733__32-04.SPRINGER 020020-PW-L,BIOSPRIGER S.A社-HFCE(2021-12-31).pdf",".pdf","144602","0.1379","2026-07-23T17:11:07","2021-02-05T15:02:31","PDF"
"RUNTIME","D:\halal_web_runtime","D:\halal_web_runtime\certificate_classifier\data_preparation\classification_20260723_171042\01_labeled_candidates\HFCE\B94786A4FA0D__85.Thiamine Hydrochloride -HFCE(2021-11-30).pdf","certificate_classifier\data_preparation\classification_20260723_171042\01_labeled_candidates\HFCE\B94786A4FA0D__85.Thiamine Hydrochloride -HFCE(2021-11-30).pdf","B94786A4FA0D__85.Thiamine Hydrochloride -HFCE(2021-11-30).pdf",".pdf","187860","0.1792","2026-07-23T17:11:07","2021-01-12T14:00:26","PDF"
"RUNTIME","D:\halal_web_runtime","D:\halal_web_runtime\certificate_classifier\data_preparation\classification_20260723_171042\01_labeled_candidates\HFCE\BAF62DFE0F17__HALAL HFCE - SPRINGER 2020_0 MG L.pdf","certificate_classifier\data_preparation\classification_20260723_171042\01_labeled_candidates\HFCE\BAF62DFE0F17__HALAL HFCE - SPRINGER 2020_0 MG L.pdf","BAF62DFE0F17__HALAL HFCE - SPRINGER 2020_0 MG L.pdf",".pdf","143833","0.1372","2026-07-23T17:11:07","2021-03-16T14:17:33","PDF"
"RUNTIME","D:\halal_web_runtime","D:\halal_web_runtime\certificate_classifier\data_preparation\classification_20260723_171042\01_labeled_candidates\HFCE\CEBD5B72B210__sample HFCE Galaflow_PL_60_Halal.pdf","certificate_classifier\data_preparation\classification_20260723_171042\01_labeled_candidates\HFCE\CEBD5B72B210__sample HFCE Galaflow_PL_60_Halal.pdf","CEBD5B72B210__sample HFCE Galaflow_PL_60_Halal.pdf",".pdf","1176435","1.1219","2026-07-23T17:11:07","2026-05-25T15:54:29","PDF"
"RUNTIME","D:\halal_web_runtime","D:\halal_web_runtime\certificate_classifier\data_preparation\classification_20260723_171042\01_labeled_candidates\HFCE\D0E6D00DFBD5__sample HFCE Halal-ZertifikatNVdilimler2016.pdf","certificate_classifier\data_preparation\classification_20260723_171042\01_labeled_candidates\HFCE\D0E6D00DFBD5__sample HFCE Halal-ZertifikatNVdilimler2016.pdf","D0E6D00DFBD5__sample HFCE Halal-ZertifikatNVdilimler2016.pdf",".pdf","116085","0.1107","2026-07-23T17:11:07","2026-05-25T15:53:22","PDF"
"RUNTIME","D:\halal_web_runtime","D:\halal_web_runtime\certificate_classifier\data_preparation\classification_20260723_171042\01_labeled_candidates\HFCE\D2E136B29B45__106.Paprika Oleoresin-HFCE(2022-10-31).pdf","certificate_classifier\data_preparation\classification_20260723_171042\01_labeled_candidates\HFCE\D2E136B29B45__106.Paprika Oleoresin-HFCE(2022-10-31).pdf","D2E136B29B45__106.Paprika Oleoresin-HFCE(2022-10-31).pdf",".pdf","420409","0.4009","2026-07-23T17:11:07","2021-12-23T16:25:33","PDF"
"RUNTIME","D:\halal_web_runtime","D:\halal_web_runtime\certificate_classifier\data_preparation\classification_20260723_171042\01_labeled_candidates\HFCE\D31799B9FEDC__sample HFCE HALAL.pdf","certificate_classifier\data_preparation\classification_20260723_171042\01_labeled_candidates\HFCE\D31799B9FEDC__sample HFCE HALAL.pdf","D31799B9FEDC__sample HFCE HALAL.pdf",".pdf","106057","0.1011","2026-07-23T17:11:08","2026-05-25T15:53:52","PDF"
"RUNTIME","D:\halal_web_runtime","D:\halal_web_runtime\certificate_classifier\data_preparation\classification_20260723_171042\01_labeled_candidates\HFCE\E904528307C0__123-6.Vitapherol T-70 Non GMO,Vitae Caps, S.A.(Vitae Naturals)社-HFCE(2021-06-30).pdf","certificate_classifier\data_preparation\classification_20260723_171042\01_labeled_candidates\HFCE\E904528307C0__123-6.Vitapherol T-70 Non GMO,Vitae Caps, S.A.(Vitae Naturals)社-HFCE(2021-06-30).pdf","E904528307C0__123-6.Vitapherol T-70 Non GMO,Vitae Caps, S.A.(Vitae Naturals)社-HFCE(2021-06-30).pdf",".pdf","238821","0.2278","2026-07-23T17:11:07","2021-01-19T09:06:08","PDF"
"RUNTIME","D:\halal_web_runtime","D:\halal_web_runtime\certificate_classifier\data_preparation\classification_20260723_171042\01_labeled_candidates\HFFIA\0BC771C75031__GHC-ISA-24001-004-22072024-KM hffia.pdf","certificate_classifier\data_preparation\classification_20260723_171042\01_labeled_candidates\HFFIA\0BC771C75031__GHC-ISA-24001-004-22072024-KM hffia.pdf","0BC771C75031__GHC-ISA-24001-004-22072024-KM hffia.pdf",".pdf","141998","0.1354","2026-07-23T17:11:08","2026-07-23T14:49:00","PDF"
"RUNTIME","D:\halal_web_runtime","D:\halal_web_runtime\certificate_classifier\data_preparation\classification_20260723_171042\01_labeled_candidates\HFFIA\314F5B626AE6__93.Yeast extract YB (DSM),DSM FOOD SPECIALTIES CO., LTD-HFFIA(DSM19003H001580191,2019-06-30).pdf","certificate_classifier\data_preparation\classification_20260723_171042\01_labeled_candidates\HFFIA\314F5B626AE6__93.Yeast extract YB (DSM),DSM FOOD SPECIALTIES CO., LTD-HFFIA(DSM19003H001580191,2019-06-30).pdf","314F5B626AE6__93.Yeast extract YB (DSM),DSM FOOD SPECIALTIES CO., LTD-HFFIA(DSM19003H001580191,2019-06-30).pdf",".pdf","625720","0.5967","2026-07-23T17:11:07","2018-07-30T08:43:36","PDF"
"RUNTIME","D:\halal_web_runtime","D:\halal_web_runtime\certificate_classifier\data_preparation\classification_20260723_171042\01_labeled_candidates\HFFIA\3DCC81957E7F__halal-rvb-wa-exp-31-05-2026 hffia.pdf","certificate_classifier\data_preparation\classification_20260723_171042\01_labeled_candidates\HFFIA\3DCC81957E7F__halal-rvb-wa-exp-31-05-2026 hffia.pdf","3DCC81957E7F__halal-rvb-wa-exp-31-05-2026 hffia.pdf",".pdf","141204","0.1347","2026-07-23T17:11:08","2026-07-23T14:49:11","PDF"
"RUNTIME","D:\halal_web_runtime","D:\halal_web_runtime\certificate_classifier\data_preparation\classification_20260723_171042\01_labeled_candidates\HFFIA\408568C71DB4__Dobla Belgium_Halal_2021 hffia.pdf","certificate_classifier\data_preparation\classification_20260723_171042\01_labeled_candidates\HFFIA\408568C71DB4__Dobla Belgium_Halal_2021 hffia.pdf","408568C71DB4__Dobla Belgium_Halal_2021 hffia.pdf",".pdf","4477134","4.2697","2026-07-23T17:11:08","2026-07-23T14:49:44","PDF"
"RUNTIME","D:\halal_web_runtime","D:\halal_web_runtime\certificate_classifier\data_preparation\classification_20260723_171042\01_labeled_candidates\HFFIA\52314D7A90E7__halalcertificate hffia.pdf","certificate_classifier\data_preparation\classification_20260723_171042\01_labeled_candidates\HFFIA\52314D7A90E7__halalcertificate hffia.pdf","52314D7A90E7__halalcertificate hffia.pdf",".pdf","1545955","1.4743","2026-07-23T17:11:08","2026-07-23T14:48:17","PDF"
"RUNTIME","D:\halal_web_runtime","D:\halal_web_runtime\certificate_classifier\data_preparation\classification_20260723_171042\01_labeled_candidates\HFFIA\5DD65132416E__halal+certificaat+mexma hffia.pdf","certificate_classifier\data_preparation\classification_20260723_171042\01_labeled_candidates\HFFIA\5DD65132416E__halal+certificaat+mexma hffia.pdf","5DD65132416E__halal+certificaat+mexma hffia.pdf",".pdf","1110748","1.0593","2026-07-23T17:11:08","2026-07-23T14:49:24","PDF"
"RUNTIME","D:\halal_web_runtime","D:\halal_web_runtime\certificate_classifier\data_preparation\classification_20260723_171042\01_labeled_candidates\HFFIA\5E4A178A916D__halal_brno_fibrous_2021-2022 hffia.pdf","certificate_classifier\data_preparation\classification_20260723_171042\01_labeled_candidates\HFFIA\5E4A178A916D__halal_brno_fibrous_2021-2022 hffia.pdf","5E4A178A916D__halal_brno_fibrous_2021-2022 hffia.pdf",".pdf","989965","0.9441","2026-07-23T17:11:08","2026-07-23T14:49:50","PDF"
"RUNTIME","D:\halal_web_runtime","D:\halal_web_runtime\certificate_classifier\data_preparation\classification_20260723_171042\01_labeled_candidates\HFFIA\6E093D8F797B__56. VITACEL Powdered  Cellulose DV type(J.Retten)[HFFIA_2025-09-30]농.pdf","certificate_classifier\data_preparation\classification_20260723_171042\01_labeled_candidates\HFFIA\6E093D8F797B__56. VITACEL Powdered  Cellulose DV type(J.Retten)[HFFIA_2025-09-30]농.pdf","6E093D8F797B__56. VITACEL Powdered  Cellulose DV type(J.Retten)[HFFIA_2025-09-30]농.pdf",".pdf","1185825","1.1309","2026-07-23T17:11:06","2025-07-16T06:14:59","PDF"
"RUNTIME","D:\halal_web_runtime","D:\halal_web_runtime\certificate_classifier\data_preparation\classification_20260723_171042\01_labeled_candidates\HFFIA\84271188AF28__SDGIZR_072025_Halal_Certificaat hffia.pdf","certificate_classifier\data_preparation\classification_20260723_171042\01_labeled_candidates\HFFIA\84271188AF28__SDGIZR_072025_Halal_Certificaat hffia.pdf","84271188AF28__SDGIZR_072025_Halal_Certificaat hffia.pdf",".pdf","271642","0.2591","2026-07-23T17:11:08","2026-07-23T14:48:31","PDF"
"RUNTIME","D:\halal_web_runtime","D:\halal_web_runtime\certificate_classifier\data_preparation\classification_20260723_171042\01_labeled_candidates\HFFIA\875EE7C93BEE__비타셀L600-HFFIA_2023-09-30.pdf","certificate_classifier\data_preparation\classification_20260723_171042\01_labeled_candidates\HFFIA\875EE7C93BEE__비타셀L600-HFFIA_2023-09-30.pdf","875EE7C93BEE__비타셀L600-HFFIA_2023-09-30.pdf",".pdf","1152711","1.0993","2026-07-23T17:11:07","2023-09-25T14:11:14","PDF"
"RUNTIME","D:\halal_web_runtime","D:\halal_web_runtime\certificate_classifier\data_preparation\classification_20260723_171042\01_labeled_candidates\HFFIA\9837B34970C4__Certificaat-halal-exp.-30-06-26-1 hffia.pdf","certificate_classifier\data_preparation\classification_20260723_171042\01_labeled_candidates\HFFIA\9837B34970C4__Certificaat-halal-exp.-30-06-26-1 hffia.pdf","9837B34970C4__Certificaat-halal-exp.-30-06-26-1 hffia.pdf",".pdf","156387","0.1491","2026-07-23T17:11:08","2026-07-23T14:49:38","PDF"
"RUNTIME","D:\halal_web_runtime","D:\halal_web_runtime\certificate_classifier\data_preparation\classification_20260723_171042\01_labeled_candidates\HFFIA\9C2CDF88267C__37. Maxarome Select Powder-HFFIA(2023-06-30).pdf","certificate_classifier\data_preparation\classification_20260723_171042\01_labeled_candidates\HFFIA\9C2CDF88267C__37. Maxarome Select Powder-HFFIA(2023-06-30).pdf","9C2CDF88267C__37. Maxarome Select Powder-HFFIA(2023-06-30).pdf",".pdf","1114147","1.0625","2026-07-23T17:11:07","2022-07-19T12:57:22","PDF"
"RUNTIME","D:\halal_web_runtime","D:\halal_web_runtime\certificate_classifier\data_preparation\classification_20260723_171042\01_labeled_candidates\HFFIA\B1741F7840B2__37.Maxarome Select Powder,DSM FOOD SPECIALTIES CO., LTD社-HFFIA(2021-06-30).pdf","certificate_classifier\data_preparation\classification_20260723_171042\01_labeled_candidates\HFFIA\B1741F7840B2__37.Maxarome Select Powder,DSM FOOD SPECIALTIES CO., LTD社-HFFIA(2021-06-30).pdf","B1741F7840B2__37.Maxarome Select Powder,DSM FOOD SPECIALTIES CO., LTD社-HFFIA(2021-06-30).pdf",".pdf","1110044","1.0586","2026-07-23T17:11:07","2021-01-11T13:21:20","PDF"
"RUNTIME","D:\halal_web_runtime","D:\halal_web_runtime\certificate_classifier\data_preparation\classification_20260723_171042\01_labeled_candidates\HFFIA\D3BE87D17FBA__40. Maxarome Select Powder(DSM)[HFFIA_2025-12-31]네.pdf","certificate_classifier\data_preparation\classification_20260723_171042\01_labeled_candidates\HFFIA\D3BE87D17FBA__40. Maxarome Select Powder(DSM)[HFFIA_2025-12-31]네.pdf","D3BE87D17FBA__40. Maxarome Select Powder(DSM)[HFFIA_2025-12-31]네.pdf",".pdf","165615","0.1579","2026-07-23T17:11:05","2025-06-26T17:13:35","PDF"
"RUNTIME","D:\halal_web_runtime","D:\halal_web_runtime\certificate_classifier\data_preparation\classification_20260723_171042\01_labeled_candidates\HFFIA\E822DD695DF3__Halal-Skimmed-Milk-MTW_EN hffia.pdf","certificate_classifier\data_preparation\classification_20260723_171042\01_labeled_candidates\HFFIA\E822DD695DF3__Halal-Skimmed-Milk-MTW_EN hffia.pdf","E822DD695DF3__Halal-Skimmed-Milk-MTW_EN hffia.pdf",".pdf","134918","0.1287","2026-07-23T17:11:08","2026-07-23T14:49:31","PDF"
"RUNTIME","D:\halal_web_runtime","D:\halal_web_runtime\certificate_classifier\data_preparation\classification_20260723_171042\01_labeled_candidates\HFFIA\F5FA6CDED6D2__halal-certificate-expiration-date-september-30th-2026 hffia.pdf","certificate_classifier\data_preparation\classification_20260723_171042\01_labeled_candidates\HFFIA\F5FA6CDED6D2__halal-certificate-expiration-date-september-30th-2026 hffia.pdf","F5FA6CDED6D2__halal-certificate-expiration-date-september-30th-2026 hffia.pdf",".pdf","1246493","1.1887","2026-07-23T17:11:08","2026-07-23T14:47:53","PDF"
"RUNTIME","D:\halal_web_runtime","D:\halal_web_runtime\certificate_classifier\data_preparation\classification_20260723_171042\01_labeled_candidates\HFQ\171D34D20F84__RSG4-F6-CERTIFICADO-HALAL_INC_Ing HFQ.pdf","certificate_classifier\data_preparation\classification_20260723_171042\01_labeled_candidates\HFQ\171D34D20F84__RSG4-F6-CERTIFICADO-HALAL_INC_Ing HFQ.pdf","171D34D20F84__RSG4-F6-CERTIFICADO-HALAL_INC_Ing HFQ.pdf",".pdf","440888","0.4205","2026-07-23T17:11:08","2026-07-23T14:54:16","PDF"
"RUNTIME","D:\halal_web_runtime","D:\halal_web_runtime\certificate_classifier\data_preparation\classification_20260723_171042\01_labeled_candidates\HFQ\3E03F86F1CA1__sample HFQ-7.7-F02-CERTIFICADO-HALAL_COSTERTEC_INC_Ing.pdf","certificate_classifier\data_preparation\classification_20260723_171042\01_labeled_candidates\HFQ\3E03F86F1CA1__sample HFQ-7.7-F02-CERTIFICADO-HALAL_COSTERTEC_INC_Ing.pdf","3E03F86F1CA1__sample HFQ-7.7-F02-CERTIFICADO-HALAL_COSTERTEC_INC_Ing.pdf",".pdf","126578","0.1207","2026-07-23T17:11:07","2026-05-25T15:49:39","PDF"
"RUNTIME","D:\halal_web_runtime","D:\halal_web_runtime\certificate_classifier\data_preparation\classification_20260723_171042\01_labeled_candidates\HFQ\42E639F62C3C__RSG4-F6-CERTIFICADO-HALAL_INC_Ing1 HFQ.pdf","certificate_classifier\data_preparation\classification_20260723_171042\01_labeled_candidates\HFQ\42E639F62C3C__RSG4-F6-CERTIFICADO-HALAL_INC_Ing1 HFQ.pdf","42E639F62C3C__RSG4-F6-CERTIFICADO-HALAL_INC_Ing1 HFQ.pdf",".pdf","359131","0.3425","2026-07-23T17:11:08","2026-07-23T14:54:28","PDF"
"RUNTIME","D:\halal_web_runtime","D:\halal_web_runtime\certificate_classifier\data_preparation\classification_20260723_171042\01_labeled_candidates\HFQ\618EBC74EE51__HALAL_IRIMAR_Ing HFQ.pdf","certificate_classifier\data_preparation\classification_20260723_171042\01_labeled_candidates\HFQ\618EBC74EE51__HALAL_IRIMAR_Ing HFQ.pdf","618EBC74EE51__HALAL_IRIMAR_Ing HFQ.pdf",".pdf","589209","0.5619","2026-07-23T17:11:08","2026-07-23T14:54:21","PDF"
"RUNTIME","D:\halal_web_runtime","D:\halal_web_runtime\certificate_classifier\data_preparation\classification_20260723_171042\01_labeled_candidates\HFQ\777AD40E01F2__sample HFQ HALAL-CC_HFQ-7.7-F02-CERTIFICADO-HALAL_GAP-2025.pdf","certificate_classifier\data_preparation\classification_20260723_171042\01_labeled_candidates\HFQ\777AD40E01F2__sample HFQ HALAL-CC_HFQ-7.7-F02-CERTIFICADO-HALAL_GAP-2025.pdf","777AD40E01F2__sample HFQ HALAL-CC_HFQ-7.7-F02-CERTIFICADO-HALAL_GAP-2025.pdf",".pdf","407710","0.3888","2026-07-23T17:11:07","2026-05-25T15:50:37","PDF"
"RUNTIME","D:\halal_web_runtime","D:\halal_web_runtime\certificate_classifier\data_preparation\classification_20260723_171042\01_labeled_candidates\HFQ\85EC6DC627DA__sample HFQ CERTIFICADO-HALAL-SEKISUI-2025_Signed-1.pdf","certificate_classifier\data_preparation\classification_20260723_171042\01_labeled_candidates\HFQ\85EC6DC627DA__sample HFQ CERTIFICADO-HALAL-SEKISUI-2025_Signed-1.pdf","85EC6DC627DA__sample HFQ CERTIFICADO-HALAL-SEKISUI-2025_Signed-1.pdf",".pdf","395025","0.3767","2026-07-23T17:11:08","2026-05-25T15:50:52","PDF"
"RUNTIME","D:\halal_web_runtime","D:\halal_web_runtime\certificate_classifier\data_preparation\classification_20260723_171042\01_labeled_candidates\HFQ\8D7598B26C42__sample HFQ RSG4-F6 CERTIFICADO HALAL_MAT_Ing.pdf","certificate_classifier\data_preparation\classification_20260723_171042\01_labeled_candidates\HFQ\8D7598B26C42__sample HFQ RSG4-F6 CERTIFICADO HALAL_MAT_Ing.pdf","8D7598B26C42__sample HFQ RSG4-F6 CERTIFICADO HALAL_MAT_Ing.pdf",".pdf","452819","0.4318","2026-07-23T17:11:07","2026-05-25T15:50:26","PDF"
"RUNTIME","D:\halal_web_runtime","D:\halal_web_runtime\certificate_classifier\data_preparation\classification_20260723_171042\01_labeled_candidates\HFQ\946EA5762C1B__CERTIFICADO-HALAL-SCENTIUM-2025-CM HFQ.pdf","certificate_classifier\data_preparation\classification_20260723_171042\01_labeled_candidates\HFQ\946EA5762C1B__CERTIFICADO-HALAL-SCENTIUM-2025-CM HFQ.pdf","946EA5762C1B__CERTIFICADO-HALAL-SCENTIUM-2025-CM HFQ.pdf",".pdf","353023","0.3367","2026-07-23T17:11:08","2026-07-23T14:53:38","PDF"
"RUNTIME","D:\halal_web_runtime","D:\halal_web_runtime\certificate_classifier\data_preparation\classification_20260723_171042\01_labeled_candidates\HFQ\A6F9AD4B2810__sample IRIMAR-2018-ING HFQ.pdf","certificate_classifier\data_preparation\classification_20260723_171042\01_labeled_candidates\HFQ\A6F9AD4B2810__sample IRIMAR-2018-ING HFQ.pdf","A6F9AD4B2810__sample IRIMAR-2018-ING HFQ.pdf",".pdf","304936","0.2908","2026-07-23T17:11:07","2026-05-25T15:50:05","PDF"
"RUNTIME","D:\halal_web_runtime","D:\halal_web_runtime\certificate_classifier\data_preparation\classification_20260723_171042\01_labeled_candidates\HFQ\ACB3B95814FD__sample HFQ 04_2021_ING.pdf","certificate_classifier\data_preparation\classification_20260723_171042\01_labeled_candidates\HFQ\ACB3B95814FD__sample HFQ 04_2021_ING.pdf","ACB3B95814FD__sample HFQ 04_2021_ING.pdf",".pdf","324522","0.3095","2026-07-23T17:11:08","2026-05-25T15:51:06","PDF"
"RUNTIME","D:\halal_web_runtime","D:\halal_web_runtime\certificate_classifier\data_preparation\classification_20260723_171042\01_labeled_candidates\HFQ\AF413935EAA7__120. Paprika OLEORSIN(EVESA)[HFQ_2026-04-10]T.pdf","certificate_classifier\data_preparation\classification_20260723_171042\01_labeled_candidates\HFQ\AF413935EAA7__120. Paprika OLEORSIN(EVESA)[HFQ_2026-04-10]T.pdf","AF413935EAA7__120. Paprika OLEORSIN(EVESA)[HFQ_2026-04-10]T.pdf",".pdf","677084","0.6457","2026-07-23T17:11:04","2025-09-08T11:37:08","PDF"
"RUNTIME","D:\halal_web_runtime","D:\halal_web_runtime\certificate_classifier\data_preparation\classification_20260723_171042\01_labeled_candidates\HQC\0E8CF427D63A__108_1. S7468, S2568, S1668, S1568, S4268)(Lanxess)[HQC_2026-10-08]씨.pdf","certificate_classifier\data_preparation\classification_20260723_171042\01_labeled_candidates\HQC\0E8CF427D63A__108_1. S7468, S2568, S1668, S1568, S4268)(Lanxess)[HQC_2026-10-08]씨.pdf","0E8CF427D63A__108_1. S7468, S2568, S1668, S1568, S4268)(Lanxess)[HQC_2026-10-08]씨.pdf",".pdf","763355","0.728","2026-07-23T17:11:06","2025-09-01T08:32:04","PDF"
"RUNTIME","D:\halal_web_runtime","D:\halal_web_runtime\certificate_classifier\data_preparation\classification_20260723_171042\01_labeled_candidates\HQC\1404AEEC8E14__37_5. Trisodium citrate(Jungbunz)[HQC_2026-07-08]락.pdf","certificate_classifier\data_preparation\classification_20260723_171042\01_labeled_candidates\HQC\1404AEEC8E14__37_5. Trisodium citrate(Jungbunz)[HQC_2026-07-08]락.pdf","1404AEEC8E14__37_5. Trisodium citrate(Jungbunz)[HQC_2026-07-08]락.pdf",".pdf","2549278","2.4312","2026-07-23T17:11:07","2025-09-09T16:01:15","PDF"
"RUNTIME","D:\halal_web_runtime","D:\halal_web_runtime\certificate_classifier\data_preparation\classification_20260723_171042\01_labeled_candidates\HQC\1BD3B35FF393__Halal_Certificate 2025_HQC_Bitterfeld_new (1).pdf","certificate_classifier\data_preparation\classification_20260723_171042\01_labeled_candidates\HQC\1BD3B35FF393__Halal_Certificate 2025_HQC_Bitterfeld_new (1).pdf","1BD3B35FF393__Halal_Certificate 2025_HQC_Bitterfeld_new (1).pdf",".pdf","738399","0.7042","2026-07-23T17:11:06","2025-09-01T08:34:10","PDF"
"RUNTIME","D:\halal_web_runtime","D:\halal_web_runtime\certificate_classifier\data_preparation\classification_20260723_171042\01_labeled_candidates\HQC\56AE029D0277__120. Paprika OLEORSIN(EVESA)[HQC_2025-04-10]T.pdf","certificate_classifier\data_preparation\classification_20260723_171042\01_labeled_candidates\HQC\56AE029D0277__120. Paprika OLEORSIN(EVESA)[HQC_2025-04-10]T.pdf","56AE029D0277__120. Paprika OLEORSIN(EVESA)[HQC_2025-04-10]T.pdf",".pdf","690501","0.6585","2026-07-23T17:11:04","2024-10-21T07:17:03","PDF"
"RUNTIME","D:\halal_web_runtime","D:\halal_web_runtime\certificate_classifier\data_preparation\classification_20260723_171042\01_labeled_candidates\HQC\6F6F2B7619DF__79_2. Pectinex(Novozyme)[HQC_2028-07-01]Q.pdf","certificate_classifier\data_preparation\classification_20260723_171042\01_labeled_candidates\HQC\6F6F2B7619DF__79_2. Pectinex(Novozyme)[HQC_2028-07-01]Q.pdf","6F6F2B7619DF__79_2. Pectinex(Novozyme)[HQC_2028-07-01]Q.pdf",".pdf","727668","0.694","2026-07-23T17:11:05","2025-06-26T16:52:29","PDF"
"RUNTIME","D:\halal_web_runtime","D:\halal_web_runtime\certificate_classifier\data_preparation\classification_20260723_171042\01_labeled_candidates\HQC\7459B0569DDF__DF - Halal HQC certificate (301125).pdf","certificate_classifier\data_preparation\classification_20260723_171042\01_labeled_candidates\HQC\7459B0569DDF__DF - Halal HQC certificate (301125).pdf","7459B0569DDF__DF - Halal HQC certificate (301125).pdf",".pdf","1219313","1.1628","2026-07-23T17:11:08","2025-09-11T12:57:58","PDF"
"RUNTIME","D:\halal_web_runtime","D:\halal_web_runtime\certificate_classifier\data_preparation\classification_20260723_171042\01_labeled_candidates\HQC\81490DD36BC2__173_1_2. Celluclast(Novozyme)[HQC_2028-07-01]내.pdf","certificate_classifier\data_preparation\classification_20260723_171042\01_labeled_candidates\HQC\81490DD36BC2__173_1_2. Celluclast(Novozyme)[HQC_2028-07-01]내.pdf","81490DD36BC2__173_1_2. Celluclast(Novozyme)[HQC_2028-07-01]내.pdf",".pdf","724446","0.6909","2026-07-23T17:11:06","2025-07-17T13:19:32","PDF"
"RUNTIME","D:\halal_web_runtime","D:\halal_web_runtime\certificate_classifier\data_preparation\classification_20260723_171042\01_labeled_candidates\HQC\A4D2E90DA6A1__20250703_072436_16_Halal certificate (HQC)_ Food & Beverage products (Novozymes DK)_2021-08077.pdf","certificate_classifier\data_preparation\classification_20260723_171042\01_labeled_candidates\HQC\A4D2E90DA6A1__20250703_072436_16_Halal certificate (HQC)_ Food & Beverage products (Novozymes DK)_2021-08077.pdf","A4D2E90DA6A1__20250703_072436_16_Halal certificate (HQC)_ Food & Beverage products (Novozymes DK)_2021-08077.pdf",".pdf","727134","0.6934","2026-07-23T17:11:04","2025-07-03T07:24:00","PDF"
"RUNTIME","D:\halal_web_runtime","D:\halal_web_runtime\certificate_classifier\data_preparation\classification_20260723_171042\01_labeled_candidates\HQC\A9A7C595E7AF__122. Protease-Promod 278 MDP)(BIOCATAL)[HQC_2026-04-15]B.pdf","certificate_classifier\data_preparation\classification_20260723_171042\01_labeled_candidates\HQC\A9A7C595E7AF__122. Protease-Promod 278 MDP)(BIOCATAL)[HQC_2026-04-15]B.pdf","A9A7C595E7AF__122. Protease-Promod 278 MDP)(BIOCATAL)[HQC_2026-04-15]B.pdf",".pdf","777855","0.7418","2026-07-23T17:11:08","2025-07-18T17:35:57","PDF"
"RUNTIME","D:\halal_web_runtime","D:\halal_web_runtime\certificate_classifier\data_preparation\classification_20260723_171042\01_labeled_candidates\HQC\E288E73C752C__110_1_4. Dextrozyme(Novozyme)[HQC_2028-07-01]대.pdf","certificate_classifier\data_preparation\classification_20260723_171042\01_labeled_candidates\HQC\E288E73C752C__110_1_4. Dextrozyme(Novozyme)[HQC_2028-07-01]대.pdf","E288E73C752C__110_1_4. Dextrozyme(Novozyme)[HQC_2028-07-01]대.pdf",".pdf","700682","0.6682","2026-07-23T17:11:06","2025-06-26T17:44:40","PDF"
"RUNTIME","D:\halal_web_runtime","D:\halal_web_runtime\certificate_classifier\data_preparation\classification_20260723_171042\01_labeled_candidates\HQC\E5F40D4EEC70__74. INSTANTGUM BA(NEXIRA)[HQC_2026-01-16]강.pdf","certificate_classifier\data_preparation\classification_20260723_171042\01_labeled_candidates\HQC\E5F40D4EEC70__74. INSTANTGUM BA(NEXIRA)[HQC_2026-01-16]강.pdf","E5F40D4EEC70__74. INSTANTGUM BA(NEXIRA)[HQC_2026-01-16]강.pdf",".pdf","1090604","1.0401","2026-07-23T17:11:06","2025-06-05T06:43:10","PDF"
"RUNTIME","D:\halal_web_runtime","D:\halal_web_runtime\certificate_classifier\data_preparation\classification_20260723_171042\01_labeled_candidates\HQC\EB1AE14E8CB1__H1Y22Halal-Certificate HQC.pdf","certificate_classifier\data_preparation\classification_20260723_171042\01_labeled_candidates\HQC\EB1AE14E8CB1__H1Y22Halal-Certificate HQC.pdf","EB1AE14E8CB1__H1Y22Halal-Certificate HQC.pdf",".pdf","843542","0.8045","2026-07-23T17:11:08","2026-07-23T14:33:52","PDF"
"RUNTIME","D:\halal_web_runtime","D:\halal_web_runtime\certificate_classifier\data_preparation\classification_20260723_171042\01_labeled_candidates\IFANCA\53DBC7DBFD47__Halal-certificate-Sacco-exp-31012027 IFANCA.pdf","certificate_classifier\data_preparation\classification_20260723_171042\01_labeled_candidates\IFANCA\53DBC7DBFD47__Halal-certificate-Sacco-exp-31012027 IFANCA.pdf","53DBC7DBFD47__Halal-certificate-Sacco-exp-31012027 IFANCA.pdf",".pdf","636977","0.6075","2026-07-23T17:11:08","2026-07-23T17:01:24","PDF"
"RUNTIME","D:\halal_web_runtime","D:\halal_web_runtime\certificate_classifier\data_preparation\classification_20260723_171042\01_labeled_candidates\IFANCA\5AC956AAEED2__54. Modified starch FIRM-TEX(INGREDIO)[IFANCA_2025-09-30]인.pdf","certificate_classifier\data_preparation\classification_20260723_171042\01_labeled_candidates\IFANCA\5AC956AAEED2__54. Modified starch FIRM-TEX(INGREDIO)[IFANCA_2025-09-30]인.pdf","5AC956AAEED2__54. Modified starch FIRM-TEX(INGREDIO)[IFANCA_2025-09-30]인.pdf",".pdf","4697022","4.4794","2026-07-23T17:11:05","2023-10-18T17:39:45","PDF"
"RUNTIME","D:\halal_web_runtime","D:\halal_web_runtime\certificate_classifier\data_preparation\classification_20260723_171042\01_labeled_candidates\IFANCA\5E516F1EEE29__54. FIRMTEX®(INGREDIO)[IFANCA_2027-09-30]사.pdf","certificate_classifier\data_preparation\classification_20260723_171042\01_labeled_candidates\IFANCA\5E516F1EEE29__54. FIRMTEX®(INGREDIO)[IFANCA_2027-09-30]사.pdf","5E516F1EEE29__54. FIRMTEX®(INGREDIO)[IFANCA_2027-09-30]사.pdf",".pdf","5820774","5.5511","2026-07-23T17:11:05","2025-09-10T13:08:41","PDF"
"RUNTIME","D:\halal_web_runtime","D:\halal_web_runtime\certificate_classifier\data_preparation\classification_20260723_171042\01_labeled_candidates\IFANCA\5E5D8D9A2C53__130_7. FIRMTEX(INGREDIO)[IFANCA_2025-09-30]G.pdf","certificate_classifier\data_preparation\classification_20260723_171042\01_labeled_candidates\IFANCA\5E5D8D9A2C53__130_7. FIRMTEX(INGREDIO)[IFANCA_2025-09-30]G.pdf","5E5D8D9A2C53__130_7. FIRMTEX(INGREDIO)[IFANCA_2025-09-30]G.pdf",".pdf","5820848","5.5512","2026-07-23T17:11:05","2024-12-03T09:35:19","PDF"
"RUNTIME","D:\halal_web_runtime","D:\halal_web_runtime\certificate_classifier\data_preparation\classification_20260723_171042\01_labeled_candidates\IFANCA\71F2D40B96FB__Lewisville Halal ifanca.pdf","certificate_classifier\data_preparation\classification_20260723_171042\01_labeled_candidates\IFANCA\71F2D40B96FB__Lewisville Halal ifanca.pdf","71F2D40B96FB__Lewisville Halal ifanca.pdf",".pdf","1963330","1.8724","2026-07-23T17:11:08","2026-07-23T15:34:18","PDF"
"RUNTIME","D:\halal_web_runtime","D:\halal_web_runtime\certificate_classifier\data_preparation\classification_20260723_171042\01_labeled_candidates\IFANCA\8C9F270FDEC4__155. Beef Type Flavor(Givaudan)[IFANCA_2026-05-31]G.pdf","certificate_classifier\data_preparation\classification_20260723_171042\01_labeled_candidates\IFANCA\8C9F270FDEC4__155. Beef Type Flavor(Givaudan)[IFANCA_2026-05-31]G.pdf","8C9F270FDEC4__155. Beef Type Flavor(Givaudan)[IFANCA_2026-05-31]G.pdf",".pdf","141942","0.1354","2026-07-23T17:11:05","2025-06-13T09:31:31","PDF"
"RUNTIME","D:\halal_web_runtime","D:\halal_web_runtime\certificate_classifier\data_preparation\classification_20260723_171042\01_labeled_candidates\IFANCA\97F7DCB4BB15__109_2. Granular Activated Carbon-IFANCA(2024-12-31).pdf","certificate_classifier\data_preparation\classification_20260723_171042\01_labeled_candidates\IFANCA\97F7DCB4BB15__109_2. Granular Activated Carbon-IFANCA(2024-12-31).pdf","97F7DCB4BB15__109_2. Granular Activated Carbon-IFANCA(2024-12-31).pdf",".pdf","233678","0.2229","2026-07-23T17:11:07","2024-03-08T10:28:24","PDF"
"RUNTIME","D:\halal_web_runtime","D:\halal_web_runtime\certificate_classifier\data_preparation\classification_20260723_171042\01_labeled_candidates\IFANCA\B545C93ABC7E__1729412199__ALO.5187. 5008. 240069.US IFANCA.pdf","certificate_classifier\data_preparation\classification_20260723_171042\01_labeled_candidates\IFANCA\B545C93ABC7E__1729412199__ALO.5187. 5008. 240069.US IFANCA.pdf","B545C93ABC7E__1729412199__ALO.5187. 5008. 240069.US IFANCA.pdf",".pdf","625531","0.5966","2026-07-23T17:11:08","2026-07-23T17:02:31","PDF"
"RUNTIME","D:\halal_web_runtime","D:\halal_web_runtime\certificate_classifier\data_preparation\classification_20260723_171042\01_labeled_candidates\IFANCA\C87BD0DFB24D__168. Beef Type Flavor-IFANCA(2024-05-31).pdf","certificate_classifier\data_preparation\classification_20260723_171042\01_labeled_candidates\IFANCA\C87BD0DFB24D__168. Beef Type Flavor-IFANCA(2024-05-31).pdf","C87BD0DFB24D__168. Beef Type Flavor-IFANCA(2024-05-31).pdf",".pdf","233409","0.2226","2026-07-23T17:11:08","2023-12-19T14:40:26","PDF"
"RUNTIME","D:\halal_web_runtime","D:\halal_web_runtime\certificate_classifier\data_preparation\classification_20260723_171042\01_labeled_candidates\IFANCA\CF910B302A04__117. Non-GMO Soybean Meal(Zeeland)[IFANCA_2026-05-31]타.pdf","certificate_classifier\data_preparation\classification_20260723_171042\01_labeled_candidates\IFANCA\CF910B302A04__117. Non-GMO Soybean Meal(Zeeland)[IFANCA_2026-05-31]타.pdf","CF910B302A04__117. Non-GMO Soybean Meal(Zeeland)[IFANCA_2026-05-31]타.pdf",".pdf","287594","0.2743","2026-07-23T17:11:04","2025-06-09T10:12:44","PDF"
"RUNTIME","D:\halal_web_runtime","D:\halal_web_runtime\certificate_classifier\data_preparation\classification_20260723_171042\01_labeled_candidates\IFANCA\DEFF170B0FB6__chb_halal_certificate ifanca.pdf","certificate_classifier\data_preparation\classification_20260723_171042\01_labeled_candidates\IFANCA\DEFF170B0FB6__chb_halal_certificate ifanca.pdf","DEFF170B0FB6__chb_halal_certificate ifanca.pdf",".pdf","1963019","1.8721","2026-07-23T17:11:08","2026-07-23T15:31:41","PDF"
"RUNTIME","D:\halal_web_runtime","D:\halal_web_runtime\certificate_classifier\data_preparation\classification_20260723_171042\01_labeled_candidates\IFANCA\FA49CCAB89CC__G ST Halal LOC_IFANCA.pdf","certificate_classifier\data_preparation\classification_20260723_171042\01_labeled_candidates\IFANCA\FA49CCAB89CC__G ST Halal LOC_IFANCA.pdf","FA49CCAB89CC__G ST Halal LOC_IFANCA.pdf",".pdf","931099","0.888","2026-07-23T17:11:08","2026-07-23T17:02:23","PDF"
"RUNTIME","D:\halal_web_runtime","D:\halal_web_runtime\certificate_classifier\data_preparation\classification_20260723_171042\01_labeled_candidates\IFANCA\NOHASH_00199__98-3-3-2. Powdered Acid Washed Activated Carbon-IFANCA(2021-12-31).pdf","certificate_classifier\data_preparation\classification_20260723_171042\01_labeled_candidates\IFANCA\NOHASH_00199__98-3-3-2. Powdered Acid Washed Activated Carbon-IFANCA(2021-12-31).pdf","NOHASH_00199__98-3-3-2. Powdered Acid Washed Activated Carbon-IFANCA(2021-12-31).pdf",".pdf","457187","0.436","2026-07-23T17:11:07","2022-03-08T11:45:57","PDF"
"RUNTIME","D:\halal_web_runtime","D:\halal_web_runtime\certificate_classifier\data_preparation\classification_20260723_171042\01_labeled_candidates\ISA\0ECB8A6BDDDD__sample ISA FG-1800-halal-product-certificate.pdf","certificate_classifier\data_preparation\classification_20260723_171042\01_labeled_candidates\ISA\0ECB8A6BDDDD__sample ISA FG-1800-halal-product-certificate.pdf","0ECB8A6BDDDD__sample ISA FG-1800-halal-product-certificate.pdf",".pdf","203818","0.1944","2026-07-23T17:11:08","2026-05-25T16:02:42","PDF"
"RUNTIME","D:\halal_web_runtime","D:\halal_web_runtime\certificate_classifier\data_preparation\classification_20260723_171042\01_labeled_candidates\ISA\14A7187CECC0__HalalCertificate ISA.pdf","certificate_classifier\data_preparation\classification_20260723_171042\01_labeled_candidates\ISA\14A7187CECC0__HalalCertificate ISA.pdf","14A7187CECC0__HalalCertificate ISA.pdf",".pdf","515422","0.4915","2026-07-23T17:11:08","2026-07-23T14:55:57","PDF"
"RUNTIME","D:\halal_web_runtime","D:\halal_web_runtime\certificate_classifier\data_preparation\classification_20260723_171042\01_labeled_candidates\ISA\14D4D6F20167__98_4_1. NU55-50(Sensient)[LLS-ISA_2025-12-31]비.pdf","certificate_classifier\data_preparation\classification_20260723_171042\01_labeled_candidates\ISA\14D4D6F20167__98_4_1. NU55-50(Sensient)[LLS-ISA_2025-12-31]비.pdf","14D4D6F20167__98_4_1. NU55-50(Sensient)[LLS-ISA_2025-12-31]비.pdf",".pdf","307038","0.2928","2026-07-23T17:11:07","2025-02-14T07:28:00","PDF"
"RUNTIME","D:\halal_web_runtime","D:\halal_web_runtime\certificate_classifier\data_preparation\classification_20260723_171042\01_labeled_candidates\ISA\1A92BEF6FF46__sample ISA 2025-Halal-Certificate.pdf","certificate_classifier\data_preparation\classification_20260723_171042\01_labeled_candidates\ISA\1A92BEF6FF46__sample ISA 2025-Halal-Certificate.pdf","1A92BEF6FF46__sample ISA 2025-Halal-Certificate.pdf",".pdf","317861","0.3031","2026-07-23T17:11:08","2026-05-25T16:02:20","PDF"
"RUNTIME","D:\halal_web_runtime","D:\halal_web_runtime\certificate_classifier\data_preparation\classification_20260723_171042\01_labeled_candidates\ISA\59CFAB548BC3__sample ISA E106980C-E0DF-E0E2-567459C443B70C08-document.pdf","certificate_classifier\data_preparation\classification_20260723_171042\01_labeled_candidates\ISA\59CFAB548BC3__sample ISA E106980C-E0DF-E0E2-567459C443B70C08-document.pdf","59CFAB548BC3__sample ISA E106980C-E0DF-E0E2-567459C443B70C08-document.pdf",".pdf","742431","0.708","2026-07-23T17:11:08","2026-05-25T16:02:38","PDF"
"RUNTIME","D:\halal_web_runtime","D:\halal_web_runtime\certificate_classifier\data_preparation\classification_20260723_171042\01_labeled_candidates\ISA\6BB4C2526841__Halal-Certificate-Exp-2027 ISA.pdf","certificate_classifier\data_preparation\classification_20260723_171042\01_labeled_candidates\ISA\6BB4C2526841__Halal-Certificate-Exp-2027 ISA.pdf","6BB4C2526841__Halal-Certificate-Exp-2027 ISA.pdf",".pdf","207981","0.1983","2026-07-23T17:11:08","2026-07-23T14:56:28","PDF"
"RUNTIME","D:\halal_web_runtime","D:\halal_web_runtime\certificate_classifier\data_preparation\classification_20260723_171042\01_labeled_candidates\ISA\7FDF5F2B8F04__sample ISA 79sAuM2HdzQk6gMLdKLD4Sh1SrGZGF8B.pdf","certificate_classifier\data_preparation\classification_20260723_171042\01_labeled_candidates\ISA\7FDF5F2B8F04__sample ISA 79sAuM2HdzQk6gMLdKLD4Sh1SrGZGF8B.pdf","7FDF5F2B8F04__sample ISA 79sAuM2HdzQk6gMLdKLD4Sh1SrGZGF8B.pdf",".pdf","94818","0.0904","2026-07-23T17:11:08","2026-05-25T16:02:16","PDF"
"RUNTIME","D:\halal_web_runtime","D:\halal_web_runtime\certificate_classifier\data_preparation\classification_20260723_171042\01_labeled_candidates\ISA\B1FF96B4D3B9__sample ISA Halal-Annual-Certificate.pdf","certificate_classifier\data_preparation\classification_20260723_171042\01_labeled_candidates\ISA\B1FF96B4D3B9__sample ISA Halal-Annual-Certificate.pdf","B1FF96B4D3B9__sample ISA Halal-Annual-Certificate.pdf",".pdf","792475","0.7558","2026-07-23T17:11:08","2026-05-25T16:02:11","PDF"
"RUNTIME","D:\halal_web_runtime","D:\halal_web_runtime\certificate_classifier\data_preparation\classification_20260723_171042\01_labeled_candidates\ISA\B3836AA2FAB5__1207-25-39555-2026-halal-certificate-monument-chem ISA.pdf","certificate_classifier\data_preparation\classification_20260723_171042\01_labeled_candidates\ISA\B3836AA2FAB5__1207-25-39555-2026-halal-certificate-monument-chem ISA.pdf","B3836AA2FAB5__1207-25-39555-2026-halal-certificate-monument-chem ISA.pdf",".pdf","200687","0.1914","2026-07-23T17:11:08","2026-07-23T14:56:21","PDF"
"RUNTIME","D:\halal_web_runtime","D:\halal_web_runtime\certificate_classifier\data_preparation\classification_20260723_171042\01_labeled_candidates\ISA\B9AD07B9F3BD__Halal-Certificate-2026 ISA.pdf","certificate_classifier\data_preparation\classification_20260723_171042\01_labeled_candidates\ISA\B9AD07B9F3BD__Halal-Certificate-2026 ISA.pdf","B9AD07B9F3BD__Halal-Certificate-2026 ISA.pdf",".pdf","6977784","6.6545","2026-07-23T17:11:08","2026-07-23T14:56:14","PDF"
"RUNTIME","D:\halal_web_runtime","D:\halal_web_runtime\certificate_classifier\data_preparation\classification_20260723_171042\01_labeled_candidates\ISA\D675992F7E67__9. Dehydrated Potatoes-Flakes(Oregon)[ISA_2025-12-31]W.pdf","certificate_classifier\data_preparation\classification_20260723_171042\01_labeled_candidates\ISA\D675992F7E67__9. Dehydrated Potatoes-Flakes(Oregon)[ISA_2025-12-31]W.pdf","D675992F7E67__9. Dehydrated Potatoes-Flakes(Oregon)[ISA_2025-12-31]W.pdf",".pdf","77749","0.0741","2026-07-23T17:11:06","2025-02-05T11:11:37","PDF"
"RUNTIME","D:\halal_web_runtime","D:\halal_web_runtime\certificate_classifier\data_preparation\classification_20260723_171042\01_labeled_candidates\ISA\DCED2B676994__11-3-3.MM100FK,Mafco Worldwide LLC-ISA(19-12-31).pdf","certificate_classifier\data_preparation\classification_20260723_171042\01_labeled_candidates\ISA\DCED2B676994__11-3-3.MM100FK,Mafco Worldwide LLC-ISA(19-12-31).pdf","DCED2B676994__11-3-3.MM100FK,Mafco Worldwide LLC-ISA(19-12-31).pdf",".pdf","537163","0.5123","2026-07-23T17:11:08","2019-12-13T14:55:52","PDF"
"RUNTIME","D:\halal_web_runtime","D:\halal_web_runtime\certificate_classifier\data_preparation\classification_20260723_171042\01_labeled_candidates\ISA\F2906911D258__11-3-3.MM100FK,Mafco Worldwide LLC社-ISA(2021-12-31).pdf","certificate_classifier\data_preparation\classification_20260723_171042\01_labeled_candidates\ISA\F2906911D258__11-3-3.MM100FK,Mafco Worldwide LLC社-ISA(2021-12-31).pdf","F2906911D258__11-3-3.MM100FK,Mafco Worldwide LLC社-ISA(2021-12-31).pdf",".pdf","766544","0.731","2026-07-23T17:11:08","2021-02-05T16:18:05","PDF"
"RUNTIME","D:\halal_web_runtime","D:\halal_web_runtime\certificate_classifier\data_preparation\classification_20260723_171042\01_labeled_candidates\JAKIM\02767C062E6F__34. Maltodextrin Glucose syrup solids(SANSOON)[JAKIM_2026-03-15]한.pdf","certificate_classifier\data_preparation\classification_20260723_171042\01_labeled_candidates\JAKIM\02767C062E6F__34. Maltodextrin Glucose syrup solids(SANSOON)[JAKIM_2026-03-15]한.pdf","02767C062E6F__34. Maltodextrin Glucose syrup solids(SANSOON)[JAKIM_2026-03-15]한.pdf",".pdf","629225","0.6001","2026-07-23T17:11:05","2024-03-21T10:55:00","PDF"
"RUNTIME","D:\halal_web_runtime","D:\halal_web_runtime\certificate_classifier\data_preparation\classification_20260723_171042\01_labeled_candidates\JAKIM\2067C92F24C5__110369_halal_certificate_for_product_895_7e9292f19c9759a41826237df46ed75e80d9ace1 jakim.pdf","certificate_classifier\data_preparation\classification_20260723_171042\01_labeled_candidates\JAKIM\2067C92F24C5__110369_halal_certificate_for_product_895_7e9292f19c9759a41826237df46ed75e80d9ace1 jakim.pdf","2067C92F24C5__110369_halal_certificate_for_product_895_7e9292f19c9759a41826237df46ed75e80d9ace1 jakim.pdf",".pdf","652687","0.6225","2026-07-23T17:11:08","2026-07-23T14:37:08","PDF"
"RUNTIME","D:\halal_web_runtime","D:\halal_web_runtime\certificate_classifier\data_preparation\classification_20260723_171042\01_labeled_candidates\JAKIM\3A3070F4ECA7__Hai+Leng+Halal+CertificatePDF_240116_213841 jakim.pdf","certificate_classifier\data_preparation\classification_20260723_171042\01_labeled_candidates\JAKIM\3A3070F4ECA7__Hai+Leng+Halal+CertificatePDF_240116_213841 jakim.pdf","3A3070F4ECA7__Hai+Leng+Halal+CertificatePDF_240116_213841 jakim.pdf",".pdf","208088","0.1984","2026-07-23T17:11:08","2026-07-23T14:32:55","PDF"
"RUNTIME","D:\halal_web_runtime","D:\halal_web_runtime\certificate_classifier\data_preparation\classification_20260723_171042\01_labeled_candidates\JAKIM\55BD343442BD__103_1. RBDPO-REFIND BLEACHED & DEODORISED PALM OIL(SANDAKAN)[JAKIM_2026-06-15]롯.pdf","certificate_classifier\data_preparation\classification_20260723_171042\01_labeled_candidates\JAKIM\55BD343442BD__103_1. RBDPO-REFIND BLEACHED & DEODORISED PALM OIL(SANDAKAN)[JAKIM_2026-06-15]롯.pdf","55BD343442BD__103_1. RBDPO-REFIND BLEACHED & DEODORISED PALM OIL(SANDAKAN)[JAKIM_2026-06-15]롯.pdf",".pdf","4221559","4.026","2026-07-23T17:11:06","2024-11-12T14:38:46","PDF"
"RUNTIME","D:\halal_web_runtime","D:\halal_web_runtime\certificate_classifier\data_preparation\classification_20260723_171042\01_labeled_candidates\JAKIM\5C3B7B96C54A__201910121018197905 jakim.pdf","certificate_classifier\data_preparation\classification_20260723_171042\01_labeled_candidates\JAKIM\5C3B7B96C54A__201910121018197905 jakim.pdf","5C3B7B96C54A__201910121018197905 jakim.pdf",".pdf","808840","0.7714","2026-07-23T17:11:08","2026-07-23T14:35:59","PDF"
"RUNTIME","D:\halal_web_runtime","D:\halal_web_runtime\certificate_classifier\data_preparation\classification_20260723_171042\01_labeled_candidates\JAKIM\5D1555AF0A2A__136_1. FATTY ACIDS(lOI)[JAKIM_2029-05-15]비.pdf","certificate_classifier\data_preparation\classification_20260723_171042\01_labeled_candidates\JAKIM\5D1555AF0A2A__136_1. FATTY ACIDS(lOI)[JAKIM_2029-05-15]비.pdf","5D1555AF0A2A__136_1. FATTY ACIDS(lOI)[JAKIM_2029-05-15]비.pdf",".pdf","473911","0.452","2026-07-23T17:11:06","2024-11-08T15:30:05","PDF"
"RUNTIME","D:\halal_web_runtime","D:\halal_web_runtime\certificate_classifier\data_preparation\classification_20260723_171042\01_labeled_candidates\JAKIM\6CEEF59C0DDB__CA-Chicken jakim scan bw.pdf","certificate_classifier\data_preparation\classification_20260723_171042\01_labeled_candidates\JAKIM\6CEEF59C0DDB__CA-Chicken jakim scan bw.pdf","6CEEF59C0DDB__CA-Chicken jakim scan bw.pdf",".pdf","576914","0.5502","2026-07-23T17:11:08","2026-07-23T14:38:14","SYNTHETIC_SCAN_PDF"
"RUNTIME","D:\halal_web_runtime","D:\halal_web_runtime\certificate_classifier\data_preparation\classification_20260723_171042\01_labeled_candidates\JAKIM\74DB10FA60A5__0tNFMCyIf0ACA0Yo2fiKrYW2s37EfLtiHGC9BIpp jakim.pdf","certificate_classifier\data_preparation\classification_20260723_171042\01_labeled_candidates\JAKIM\74DB10FA60A5__0tNFMCyIf0ACA0Yo2fiKrYW2s37EfLtiHGC9BIpp jakim.pdf","74DB10FA60A5__0tNFMCyIf0ACA0Yo2fiKrYW2s37EfLtiHGC9BIpp jakim.pdf",".pdf","629063","0.5999","2026-07-23T17:11:08","2026-07-23T14:38:44","PDF"
"RUNTIME","D:\halal_web_runtime","D:\halal_web_runtime\certificate_classifier\data_preparation\classification_20260723_171042\01_labeled_candidates\JAKIM\AE1D7C30DF3F__MY_PX_Halal_Certificate_TRME_TrimShake_Chocolate_Vanilla (2025) jakim.pdf","certificate_classifier\data_preparation\classification_20260723_171042\01_labeled_candidates\JAKIM\AE1D7C30DF3F__MY_PX_Halal_Certificate_TRME_TrimShake_Chocolate_Vanilla (2025) jakim.pdf","AE1D7C30DF3F__MY_PX_Halal_Certificate_TRME_TrimShake_Chocolate_Vanilla (2025) jakim.pdf",".pdf","1148132","1.0949","2026-07-23T17:11:08","2026-07-23T14:36:39","PDF"
"RUNTIME","D:\halal_web_runtime","D:\halal_web_runtime\certificate_classifier\data_preparation\classification_20260723_171042\01_labeled_candidates\JAKIM\B29276FE1777__OAM-Halal jakim.pdf","certificate_classifier\data_preparation\classification_20260723_171042\01_labeled_candidates\JAKIM\B29276FE1777__OAM-Halal jakim.pdf","B29276FE1777__OAM-Halal jakim.pdf",".pdf","260958","0.2489","2026-07-23T17:11:08","2026-07-23T14:32:29","PDF"
"RUNTIME","D:\halal_web_runtime","D:\halal_web_runtime\certificate_classifier\data_preparation\classification_20260723_171042\01_labeled_candidates\JAKIM\B530444365D6__HALAL_PCEO jakim.pdf","certificate_classifier\data_preparation\classification_20260723_171042\01_labeled_candidates\JAKIM\B530444365D6__HALAL_PCEO jakim.pdf","B530444365D6__HALAL_PCEO jakim.pdf",".pdf","258478","0.2465","2026-07-23T17:11:08","2026-07-23T14:38:27","PDF"
"RUNTIME","D:\halal_web_runtime","D:\halal_web_runtime\certificate_classifier\data_preparation\classification_20260723_171042\01_labeled_candidates\JAKIM\C8C815E9528F__110829_halal_certificate_for_product_985_ad722a6976a5da3084932ef0a581613b85e301df jakim.pdf","certificate_classifier\data_preparation\classification_20260723_171042\01_labeled_candidates\JAKIM\C8C815E9528F__110829_halal_certificate_for_product_985_ad722a6976a5da3084932ef0a581613b85e301df jakim.pdf","C8C815E9528F__110829_halal_certificate_for_product_985_ad722a6976a5da3084932ef0a581613b85e301df jakim.pdf",".pdf","1064674","1.0154","2026-07-23T17:11:08","2026-07-23T14:32:43","PDF"
"RUNTIME","D:\halal_web_runtime","D:\halal_web_runtime\certificate_classifier\data_preparation\classification_20260723_171042\01_labeled_candidates\JAKIM\E91981FFACDE__107658_halal_certificate_for_product_1230_bb88711446404cbad50296915b1fa29125b870c4 jakim bw.pdf","certificate_classifier\data_preparation\classification_20260723_171042\01_labeled_candidates\JAKIM\E91981FFACDE__107658_halal_certificate_for_product_1230_bb88711446404cbad50296915b1fa29125b870c4 jakim bw.pdf","E91981FFACDE__107658_halal_certificate_for_product_1230_bb88711446404cbad50296915b1fa29125b870c4 jakim bw.pdf",".pdf","386281","0.3684","2026-07-23T17:11:08","2026-07-23T14:38:37","PDF"
"RUNTIME","D:\halal_web_runtime","D:\halal_web_runtime\certificate_classifier\data_preparation\classification_20260723_171042\01_labeled_candidates\JAKIM\EFD077B35C06__21-1.MCT OIL,DANIDCO MALAYSIA SDN BHD社-JAKIM(2022-09-30).pdf","certificate_classifier\data_preparation\classification_20260723_171042\01_labeled_candidates\JAKIM\EFD077B35C06__21-1.MCT OIL,DANIDCO MALAYSIA SDN BHD社-JAKIM(2022-09-30).pdf","EFD077B35C06__21-1.MCT OIL,DANIDCO MALAYSIA SDN BHD社-JAKIM(2022-09-30).pdf",".pdf","1252703","1.1947","2026-07-23T17:11:08","2021-06-23T11:06:04","PDF"
"RUNTIME","D:\halal_web_runtime","D:\halal_web_runtime\certificate_classifier\data_preparation\classification_20260723_171042\01_labeled_candidates\JAKIM\FEDF412A3049__58. Beef Paste Flavour(Kerry)[JAKIM_2027-05-31]K.pdf","certificate_classifier\data_preparation\classification_20260723_171042\01_labeled_candidates\JAKIM\FEDF412A3049__58. Beef Paste Flavour(Kerry)[JAKIM_2027-05-31]K.pdf","FEDF412A3049__58. Beef Paste Flavour(Kerry)[JAKIM_2027-05-31]K.pdf",".pdf","545699","0.5204","2026-07-23T17:11:06","2025-06-12T10:49:00","PDF"
"RUNTIME","D:\halal_web_runtime","D:\halal_web_runtime\certificate_classifier\data_preparation\classification_20260723_171042\01_labeled_candidates\JMA\12486A6DB6F5__jma SAMPLE.pdf","certificate_classifier\data_preparation\classification_20260723_171042\01_labeled_candidates\JMA\12486A6DB6F5__jma SAMPLE.pdf","12486A6DB6F5__jma SAMPLE.pdf",".pdf","149136","0.1422","2026-07-23T17:11:08","2026-07-23T08:21:40","PDF"
"RUNTIME","D:\halal_web_runtime","D:\halal_web_runtime\certificate_classifier\data_preparation\classification_20260723_171042\01_labeled_candidates\JMA\194D60046001__halal2018 JMA.pdf","certificate_classifier\data_preparation\classification_20260723_171042\01_labeled_candidates\JMA\194D60046001__halal2018 JMA.pdf","194D60046001__halal2018 JMA.pdf",".pdf","1190204","1.1351","2026-07-23T17:11:08","2026-07-23T14:44:05","PDF"
"RUNTIME","D:\halal_web_runtime","D:\halal_web_runtime\certificate_classifier\data_preparation\classification_20260723_171042\01_labeled_candidates\JMA\2446BFB98E49__MTAP_HALAL_Certificate_COPY_ACCOFLOC_ACCOPEARL_Jun_30_2026 JMA.pdf","certificate_classifier\data_preparation\classification_20260723_171042\01_labeled_candidates\JMA\2446BFB98E49__MTAP_HALAL_Certificate_COPY_ACCOFLOC_ACCOPEARL_Jun_30_2026 JMA.pdf","2446BFB98E49__MTAP_HALAL_Certificate_COPY_ACCOFLOC_ACCOPEARL_Jun_30_2026 JMA.pdf",".pdf","388482","0.3705","2026-07-23T17:11:08","2026-07-23T14:43:49","PDF"
"RUNTIME","D:\halal_web_runtime","D:\halal_web_runtime\certificate_classifier\data_preparation\classification_20260723_171042\01_labeled_candidates\JMA\27226CFBED5C__1-1-7. Disodium Succinate-JMA(2022-08-11).pdf","certificate_classifier\data_preparation\classification_20260723_171042\01_labeled_candidates\JMA\27226CFBED5C__1-1-7. Disodium Succinate-JMA(2022-08-11).pdf","27226CFBED5C__1-1-7. Disodium Succinate-JMA(2022-08-11).pdf",".pdf","374177","0.3568","2026-07-23T17:11:08","2022-06-17T17:30:28","PDF"
"RUNTIME","D:\halal_web_runtime","D:\halal_web_runtime\certificate_classifier\data_preparation\classification_20260723_171042\01_labeled_candidates\JMA\5B7844CFCA6D__Halal_Certificate_Malic_Acid_Kashima_Exp.20250901 JMA.pdf","certificate_classifier\data_preparation\classification_20260723_171042\01_labeled_candidates\JMA\5B7844CFCA6D__Halal_Certificate_Malic_Acid_Kashima_Exp.20250901 JMA.pdf","5B7844CFCA6D__Halal_Certificate_Malic_Acid_Kashima_Exp.20250901 JMA.pdf",".pdf","283105","0.27","2026-07-23T17:11:08","2026-07-23T14:45:05","PDF"
"RUNTIME","D:\halal_web_runtime","D:\halal_web_runtime\certificate_classifier\data_preparation\classification_20260723_171042\01_labeled_candidates\JMA\9428C43607D0__1901291046320000002 JMA.pdf","certificate_classifier\data_preparation\classification_20260723_171042\01_labeled_candidates\JMA\9428C43607D0__1901291046320000002 JMA.pdf","9428C43607D0__1901291046320000002 JMA.pdf",".pdf","530989","0.5064","2026-07-23T17:11:08","2026-07-23T14:45:21","PDF"
"RUNTIME","D:\halal_web_runtime","D:\halal_web_runtime\certificate_classifier\data_preparation\classification_20260723_171042\01_labeled_candidates\JMA\A43DB442DF08__167_6. TREHA™(Nagase)[JMA_2026-02-26]한.pdf","certificate_classifier\data_preparation\classification_20260723_171042\01_labeled_candidates\JMA\A43DB442DF08__167_6. TREHA™(Nagase)[JMA_2026-02-26]한.pdf","A43DB442DF08__167_6. TREHA™(Nagase)[JMA_2026-02-26]한.pdf",".pdf","233411","0.2226","2026-07-23T17:11:06","2025-04-24T11:30:58","PDF"
"RUNTIME","D:\halal_web_runtime","D:\halal_web_runtime\certificate_classifier\data_preparation\classification_20260723_171042\01_labeled_candidates\JMA\D631637E8CC4__jma Halal-Certificateuntil-Nov2020.pdf","certificate_classifier\data_preparation\classification_20260723_171042\01_labeled_candidates\JMA\D631637E8CC4__jma Halal-Certificateuntil-Nov2020.pdf","D631637E8CC4__jma Halal-Certificateuntil-Nov2020.pdf",".pdf","681795","0.6502","2026-07-23T17:11:08","2026-07-22T18:13:52","PDF"
"RUNTIME","D:\halal_web_runtime","D:\halal_web_runtime\certificate_classifier\data_preparation\classification_20260723_171042\01_labeled_candidates\JMA\F73AF64C58A3__36_3. TREHA™FOOD GRADE(Nagase)[JMA_2026-02-26]락.pdf","certificate_classifier\data_preparation\classification_20260723_171042\01_labeled_candidates\JMA\F73AF64C58A3__36_3. TREHA™FOOD GRADE(Nagase)[JMA_2026-02-26]락.pdf","F73AF64C58A3__36_3. TREHA™FOOD GRADE(Nagase)[JMA_2026-02-26]락.pdf",".pdf","1657909","1.5811","2026-07-23T17:11:07","2025-06-26T09:37:02","PDF"
"RUNTIME","D:\halal_web_runtime","D:\halal_web_runtime\certificate_classifier\data_preparation\classification_20260723_171042\01_labeled_candidates\JUHF\1DFC9DFCA48F__halal juhf.pdf","certificate_classifier\data_preparation\classification_20260723_171042\01_labeled_candidates\JUHF\1DFC9DFCA48F__halal juhf.pdf","1DFC9DFCA48F__halal juhf.pdf",".pdf","872050","0.8317","2026-07-23T17:11:08","2026-07-23T13:26:48","PDF"
"RUNTIME","D:\halal_web_runtime","D:\halal_web_runtime\certificate_classifier\data_preparation\classification_20260723_171042\01_labeled_candidates\JUHF\498BC184F064__JUHF-HALAL-CERTIFICATE-2028-1.pdf","certificate_classifier\data_preparation\classification_20260723_171042\01_labeled_candidates\JUHF\498BC184F064__JUHF-HALAL-CERTIFICATE-2028-1.pdf","498BC184F064__JUHF-HALAL-CERTIFICATE-2028-1.pdf",".pdf","6722003","6.4106","2026-07-23T17:11:08","2026-07-23T13:25:30","PDF"
"RUNTIME","D:\halal_web_runtime","D:\halal_web_runtime\certificate_classifier\data_preparation\classification_20260723_171042\01_labeled_candidates\JUHF\5271715D2DAB__juhf-halal-certificate-valid-upto-02-02-2028.pdf","certificate_classifier\data_preparation\classification_20260723_171042\01_labeled_candidates\JUHF\5271715D2DAB__juhf-halal-certificate-valid-upto-02-02-2028.pdf","5271715D2DAB__juhf-halal-certificate-valid-upto-02-02-2028.pdf",".pdf","428275","0.4084","2026-07-23T17:11:08","2026-07-23T13:26:12","PDF"
"RUNTIME","D:\halal_web_runtime","D:\halal_web_runtime\certificate_classifier\data_preparation\classification_20260723_171042\01_labeled_candidates\JUHF\52768DA9A487__halal_india_certificate_-_unit_1_2026 juhf.pdf","certificate_classifier\data_preparation\classification_20260723_171042\01_labeled_candidates\JUHF\52768DA9A487__halal_india_certificate_-_unit_1_2026 juhf.pdf","52768DA9A487__halal_india_certificate_-_unit_1_2026 juhf.pdf",".pdf","900013","0.8583","2026-07-23T17:11:08","2026-07-23T13:27:04","PDF"
"RUNTIME","D:\halal_web_runtime","D:\halal_web_runtime\certificate_classifier\data_preparation\classification_20260723_171042\01_labeled_candidates\JUHF\6CC90A37607D__Halal-certificate-SIL-2025-26 juhf.pdf","certificate_classifier\data_preparation\classification_20260723_171042\01_labeled_candidates\JUHF\6CC90A37607D__Halal-certificate-SIL-2025-26 juhf.pdf","6CC90A37607D__Halal-certificate-SIL-2025-26 juhf.pdf",".pdf","809063","0.7716","2026-07-23T17:11:08","2026-07-23T13:28:58","PDF"
"RUNTIME","D:\halal_web_runtime","D:\halal_web_runtime\certificate_classifier\data_preparation\classification_20260723_171042\01_labeled_candidates\JUHF\8F8D29FC357F__117. DEFATTED SOYA FLAKES(SIMRAN)(JUHF_2026-11-12]올.pdf","certificate_classifier\data_preparation\classification_20260723_171042\01_labeled_candidates\JUHF\8F8D29FC357F__117. DEFATTED SOYA FLAKES(SIMRAN)(JUHF_2026-11-12]올.pdf","8F8D29FC357F__117. DEFATTED SOYA FLAKES(SIMRAN)(JUHF_2026-11-12]올.pdf",".pdf","519719","0.4956","2026-07-23T17:11:04","2026-05-21T13:49:58","PDF"
"RUNTIME","D:\halal_web_runtime","D:\halal_web_runtime\certificate_classifier\data_preparation\classification_20260723_171042\01_labeled_candidates\JUHF\95B363D76A62__Halal-Cert-Grofresh-Agro-1148-14_03_2026 juhf.pdf","certificate_classifier\data_preparation\classification_20260723_171042\01_labeled_candidates\JUHF\95B363D76A62__Halal-Cert-Grofresh-Agro-1148-14_03_2026 juhf.pdf","95B363D76A62__Halal-Cert-Grofresh-Agro-1148-14_03_2026 juhf.pdf",".pdf","1734700","1.6543","2026-07-23T17:11:08","2026-07-23T13:28:14","PDF"
"RUNTIME","D:\halal_web_runtime","D:\halal_web_runtime\certificate_classifier\data_preparation\classification_20260723_171042\01_labeled_candidates\JUHF\96D638DC6E1F__116. DEFATTED SOYA FLAKES(Maharash)[JUHF_2026-12-12]타.pdf","certificate_classifier\data_preparation\classification_20260723_171042\01_labeled_candidates\JUHF\96D638DC6E1F__116. DEFATTED SOYA FLAKES(Maharash)[JUHF_2026-12-12]타.pdf","96D638DC6E1F__116. DEFATTED SOYA FLAKES(Maharash)[JUHF_2026-12-12]타.pdf",".pdf","11387424","10.8599","2026-07-23T17:11:04","2025-09-08T16:53:26","PDF"
"RUNTIME","D:\halal_web_runtime","D:\halal_web_runtime\certificate_classifier\data_preparation\classification_20260723_171042\01_labeled_candidates\JUHF\A8D07E658DA9__1744900710 juhf.pdf","certificate_classifier\data_preparation\classification_20260723_171042\01_labeled_candidates\JUHF\A8D07E658DA9__1744900710 juhf.pdf","A8D07E658DA9__1744900710 juhf.pdf",".pdf","438098","0.4178","2026-07-23T17:11:08","2026-07-23T13:27:40","PDF"
"RUNTIME","D:\halal_web_runtime","D:\halal_web_runtime\certificate_classifier\data_preparation\classification_20260723_171042\01_labeled_candidates\JUHF\A902976DD881__juhf-halal-certificate.pdf","certificate_classifier\data_preparation\classification_20260723_171042\01_labeled_candidates\JUHF\A902976DD881__juhf-halal-certificate.pdf","A902976DD881__juhf-halal-certificate.pdf",".pdf","408786","0.3898","2026-07-23T17:11:08","2026-07-23T13:26:26","PDF"
"RUNTIME","D:\halal_web_runtime","D:\halal_web_runtime\certificate_classifier\data_preparation\classification_20260723_171042\01_labeled_candidates\JUHF\BFED17003339__114. Defatted Soya Flakes Toasted(DEESAN)[JUHF_2027-09-30]타.pdf","certificate_classifier\data_preparation\classification_20260723_171042\01_labeled_candidates\JUHF\BFED17003339__114. Defatted Soya Flakes Toasted(DEESAN)[JUHF_2027-09-30]타.pdf","BFED17003339__114. Defatted Soya Flakes Toasted(DEESAN)[JUHF_2027-09-30]타.pdf",".pdf","514737","0.4909","2026-07-23T17:11:04","2025-09-08T15:04:43","PDF"
"RUNTIME","D:\halal_web_runtime","D:\halal_web_runtime\certificate_classifier\data_preparation\classification_20260723_171042\01_labeled_candidates\JUHF\C28DD2E5CFFC__Halal-certificate juhf.pdf","certificate_classifier\data_preparation\classification_20260723_171042\01_labeled_candidates\JUHF\C28DD2E5CFFC__Halal-certificate juhf.pdf","C28DD2E5CFFC__Halal-certificate juhf.pdf",".pdf","620017","0.5913","2026-07-23T17:11:08","2026-07-23T13:28:39","PDF"
"RUNTIME","D:\halal_web_runtime","D:\halal_web_runtime\certificate_classifier\data_preparation\classification_20260723_171042\01_labeled_candidates\JUHF\D82965AB160D__Halal-SFJUHF-2028.pdf","certificate_classifier\data_preparation\classification_20260723_171042\01_labeled_candidates\JUHF\D82965AB160D__Halal-SFJUHF-2028.pdf","D82965AB160D__Halal-SFJUHF-2028.pdf",".pdf","435155","0.415","2026-07-23T17:11:08","2026-07-23T13:25:56","PDF"
"RUNTIME","D:\halal_web_runtime","D:\halal_web_runtime\certificate_classifier\data_preparation\classification_20260723_171042\01_labeled_candidates\JUHF\F6691EAC53F7__Harmony-Organics-1317 juhf.pdf","certificate_classifier\data_preparation\classification_20260723_171042\01_labeled_candidates\JUHF\F6691EAC53F7__Harmony-Organics-1317 juhf.pdf","F6691EAC53F7__Harmony-Organics-1317 juhf.pdf",".pdf","1203735","1.148","2026-07-23T17:11:08","2026-07-23T13:27:22","PDF"
"RUNTIME","D:\halal_web_runtime","D:\halal_web_runtime\certificate_classifier\data_preparation\classification_20260723_171042\01_labeled_candidates\JUHF\F98912C51A07__halal juhf 2.pdf","certificate_classifier\data_preparation\classification_20260723_171042\01_labeled_candidates\JUHF\F98912C51A07__halal juhf 2.pdf","F98912C51A07__halal juhf 2.pdf",".pdf","475963","0.4539","2026-07-23T17:11:08","2026-07-23T13:27:58","PDF"
"RUNTIME","D:\halal_web_runtime","D:\halal_web_runtime\certificate_classifier\data_preparation\classification_20260723_171042\01_labeled_candidates\KMF\00876D136F6E__ST-U001.Halal-Certificate.2021 KMF.pdf","certificate_classifier\data_preparation\classification_20260723_171042\01_labeled_candidates\KMF\00876D136F6E__ST-U001.Halal-Certificate.2021 KMF.pdf","00876D136F6E__ST-U001.Halal-Certificate.2021 KMF.pdf",".pdf","725340","0.6917","2026-07-23T17:11:08","2026-07-23T14:11:24","PDF"
"RUNTIME","D:\halal_web_runtime","D:\halal_web_runtime\certificate_classifier\data_preparation\classification_20260723_171042\01_labeled_candidates\KMF\15C605932EC6__halal-certification  KMF.pdf","certificate_classifier\data_preparation\classification_20260723_171042\01_labeled_candidates\KMF\15C605932EC6__halal-certification  KMF.pdf","15C605932EC6__halal-certification  KMF.pdf",".pdf","733925","0.6999","2026-07-23T17:11:08","2026-07-23T14:13:44","PDF"
"RUNTIME","D:\halal_web_runtime","D:\halal_web_runtime\certificate_classifier\data_preparation\classification_20260723_171042\01_labeled_candidates\KMF\3701C4AC3109__08-HALAL-20210129 KMF.pdf","certificate_classifier\data_preparation\classification_20260723_171042\01_labeled_candidates\KMF\3701C4AC3109__08-HALAL-20210129 KMF.pdf","3701C4AC3109__08-HALAL-20210129 KMF.pdf",".pdf","712934","0.6799","2026-07-23T17:11:08","2026-07-23T14:12:35","PDF"
"RUNTIME","D:\halal_web_runtime","D:\halal_web_runtime\certificate_classifier\data_preparation\classification_20260723_171042\01_labeled_candidates\KMF\3E880E6A4814__2024 LVE HALAL Certificate_EN KMF.pdf","certificate_classifier\data_preparation\classification_20260723_171042\01_labeled_candidates\KMF\3E880E6A4814__2024 LVE HALAL Certificate_EN KMF.pdf","3E880E6A4814__2024 LVE HALAL Certificate_EN KMF.pdf",".pdf","79770","0.0761","2026-07-23T17:11:08","2026-07-23T14:11:58","PDF"
"RUNTIME","D:\halal_web_runtime","D:\halal_web_runtime\certificate_classifier\data_preparation\classification_20260723_171042\01_labeled_candidates\KMF\6A5748541056__98_3_3. Refined White Sugar(Samyang)[KMF_2025-12-24]비.pdf","certificate_classifier\data_preparation\classification_20260723_171042\01_labeled_candidates\KMF\6A5748541056__98_3_3. Refined White Sugar(Samyang)[KMF_2025-12-24]비.pdf","6A5748541056__98_3_3. Refined White Sugar(Samyang)[KMF_2025-12-24]비.pdf",".pdf","539735","0.5147","2026-07-23T17:11:07","2025-09-10T06:18:36","PDF"
"RUNTIME","D:\halal_web_runtime","D:\halal_web_runtime\certificate_classifier\data_preparation\classification_20260723_171042\01_labeled_candidates\KMF\8B21DB7D6264__101. Salt(HANJUSAL)[KMF_2025-07-31]경.pdf","certificate_classifier\data_preparation\classification_20260723_171042\01_labeled_candidates\KMF\8B21DB7D6264__101. Salt(HANJUSAL)[KMF_2025-07-31]경.pdf","8B21DB7D6264__101. Salt(HANJUSAL)[KMF_2025-07-31]경.pdf",".pdf","74313","0.0709","2026-07-23T17:11:04","2025-06-09T11:16:00","PDF"
"RUNTIME","D:\halal_web_runtime","D:\halal_web_runtime\certificate_classifier\data_preparation\classification_20260723_171042\01_labeled_candidates\KMF\8F768B4E8EB9__173_5. Refined White suger(Samyang)[KMF_2025-12-24]내.pdf","certificate_classifier\data_preparation\classification_20260723_171042\01_labeled_candidates\KMF\8F768B4E8EB9__173_5. Refined White suger(Samyang)[KMF_2025-12-24]내.pdf","8F768B4E8EB9__173_5. Refined White suger(Samyang)[KMF_2025-12-24]내.pdf",".pdf","539735","0.5147","2026-07-23T17:11:06","2025-09-10T06:09:02","PDF"
"RUNTIME","D:\halal_web_runtime","D:\halal_web_runtime\certificate_classifier\data_preparation\classification_20260723_171042\01_labeled_candidates\KMF\9BFBCB1E6699__HALAL_certificate KMF.pdf","certificate_classifier\data_preparation\classification_20260723_171042\01_labeled_candidates\KMF\9BFBCB1E6699__HALAL_certificate KMF.pdf","9BFBCB1E6699__HALAL_certificate KMF.pdf",".pdf","90224","0.086","2026-07-23T17:11:08","2026-07-23T14:11:38","PDF"
"RUNTIME","D:\halal_web_runtime","D:\halal_web_runtime\certificate_classifier\data_preparation\classification_20260723_171042\01_labeled_candidates\KMF\B24F14D09A1E__161. Salt(Bonsogeim Plus)(HANJUSAL)[KMF_2028-07-31]경.pdf","certificate_classifier\data_preparation\classification_20260723_171042\01_labeled_candidates\KMF\B24F14D09A1E__161. Salt(Bonsogeim Plus)(HANJUSAL)[KMF_2028-07-31]경.pdf","B24F14D09A1E__161. Salt(Bonsogeim Plus)(HANJUSAL)[KMF_2028-07-31]경.pdf",".pdf","76234","0.0727","2026-07-23T17:11:04","2025-09-08T11:39:16","PDF"
"RUNTIME","D:\halal_web_runtime","D:\halal_web_runtime\certificate_classifier\data_preparation\classification_20260723_171042\01_labeled_candidates\KMF\B7C306383A74__할랄 KMF.pdf","certificate_classifier\data_preparation\classification_20260723_171042\01_labeled_candidates\KMF\B7C306383A74__할랄 KMF.pdf","B7C306383A74__할랄 KMF.pdf",".pdf","81642","0.0779","2026-07-23T17:11:08","2026-07-23T14:13:29","PDF"
"RUNTIME","D:\halal_web_runtime","D:\halal_web_runtime\certificate_classifier\data_preparation\classification_20260723_171042\01_labeled_candidates\KMF\BD0A920546F6__6.+KMF+할랄+인증서.pdf","certificate_classifier\data_preparation\classification_20260723_171042\01_labeled_candidates\KMF\BD0A920546F6__6.+KMF+할랄+인증서.pdf","BD0A920546F6__6.+KMF+할랄+인증서.pdf",".pdf","75379","0.0719","2026-07-23T17:11:08","2026-07-23T14:11:44","PDF"
"RUNTIME","D:\halal_web_runtime","D:\halal_web_runtime\certificate_classifier\data_preparation\classification_20260723_171042\01_labeled_candidates\KMF\C32B076D9BC5__KMFHC25-168 도레이첨단 인증서.pdf","certificate_classifier\data_preparation\classification_20260723_171042\01_labeled_candidates\KMF\C32B076D9BC5__KMFHC25-168 도레이첨단 인증서.pdf","C32B076D9BC5__KMFHC25-168 도레이첨단 인증서.pdf",".pdf","74963","0.0715","2026-07-23T17:11:08","2026-07-23T14:13:11","PDF"
"RUNTIME","D:\halal_web_runtime","D:\halal_web_runtime\certificate_classifier\data_preparation\classification_20260723_171042\01_labeled_candidates\MUI\02FBAC3ABF04__87. Squid Base(ROGWON)[MUI_2027-12-27]녹.pdf","certificate_classifier\data_preparation\classification_20260723_171042\01_labeled_candidates\MUI\02FBAC3ABF04__87. Squid Base(ROGWON)[MUI_2027-12-27]녹.pdf","02FBAC3ABF04__87. Squid Base(ROGWON)[MUI_2027-12-27]녹.pdf",".pdf","146760","0.14","2026-07-23T17:11:06","2024-01-18T07:08:17","PDF"
"RUNTIME","D:\halal_web_runtime","D:\halal_web_runtime\certificate_classifier\data_preparation\classification_20260723_171042\01_labeled_candidates\MUI\11806B425187__92. Worcester sauce(Naturals)[MUI_2026-01-25]내.pdf","certificate_classifier\data_preparation\classification_20260723_171042\01_labeled_candidates\MUI\11806B425187__92. Worcester sauce(Naturals)[MUI_2026-01-25]내.pdf","11806B425187__92. Worcester sauce(Naturals)[MUI_2026-01-25]내.pdf",".pdf","124992","0.1192","2026-07-23T17:11:04","2022-02-03T16:45:49","PDF"
"RUNTIME","D:\halal_web_runtime","D:\halal_web_runtime\certificate_classifier\data_preparation\classification_20260723_171042\01_labeled_candidates\MUI\1185768FED32__23. Glycine(HEBEI)[MUI_2026-01-22]휴.pdf","certificate_classifier\data_preparation\classification_20260723_171042\01_labeled_candidates\MUI\1185768FED32__23. Glycine(HEBEI)[MUI_2026-01-22]휴.pdf","1185768FED32__23. Glycine(HEBEI)[MUI_2026-01-22]휴.pdf",".pdf","1310757","1.25","2026-07-23T17:11:05","2022-04-06T10:32:17","PDF"
"RUNTIME","D:\halal_web_runtime","D:\halal_web_runtime\certificate_classifier\data_preparation\classification_20260723_171042\01_labeled_candidates\MUI\1651C731667A__94. Yeast Extract YB(ICFOOD)[MUI_2028-04-23]아.pdf","certificate_classifier\data_preparation\classification_20260723_171042\01_labeled_candidates\MUI\1651C731667A__94. Yeast Extract YB(ICFOOD)[MUI_2028-04-23]아.pdf","1651C731667A__94. Yeast Extract YB(ICFOOD)[MUI_2028-04-23]아.pdf",".pdf","2070502","1.9746","2026-07-23T17:11:06","2025-06-10T16:14:55","PDF"
"RUNTIME","D:\halal_web_runtime","D:\halal_web_runtime\certificate_classifier\data_preparation\classification_20260723_171042\01_labeled_candidates\MUI\168F51A0ADF5__108_3. OPTIMAX4060F(Genencor)[MUI_2026-11-20]씨.pdf","certificate_classifier\data_preparation\classification_20260723_171042\01_labeled_candidates\MUI\168F51A0ADF5__108_3. OPTIMAX4060F(Genencor)[MUI_2026-11-20]씨.pdf","168F51A0ADF5__108_3. OPTIMAX4060F(Genencor)[MUI_2026-11-20]씨.pdf",".pdf","374317","0.357","2026-07-23T17:11:06","2023-02-09T14:56:00","PDF"
"RUNTIME","D:\halal_web_runtime","D:\halal_web_runtime\certificate_classifier\data_preparation\classification_20260723_171042\01_labeled_candidates\MUI\1FE56CFF1F89__91. 590991 CB Compound Umami Flavor(PT)[MUI_2026-06-21]F.pdf","certificate_classifier\data_preparation\classification_20260723_171042\01_labeled_candidates\MUI\1FE56CFF1F89__91. 590991 CB Compound Umami Flavor(PT)[MUI_2026-06-21]F.pdf","1FE56CFF1F89__91. 590991 CB Compound Umami Flavor(PT)[MUI_2026-06-21]F.pdf",".pdf","1099418","1.0485","2026-07-23T17:11:06","2023-01-03T12:35:00","PDF"
"RUNTIME","D:\halal_web_runtime","D:\halal_web_runtime\certificate_classifier\data_preparation\classification_20260723_171042\01_labeled_candidates\MUI\2026D50F8E63__46_3. Ascorbic Acid(Shandong)[MUI_2026-11-29]신.pdf","certificate_classifier\data_preparation\classification_20260723_171042\01_labeled_candidates\MUI\2026D50F8E63__46_3. Ascorbic Acid(Shandong)[MUI_2026-11-29]신.pdf","2026D50F8E63__46_3. Ascorbic Acid(Shandong)[MUI_2026-11-29]신.pdf",".pdf","1203432","1.1477","2026-07-23T17:11:07","2023-01-27T11:49:00","PDF"
"RUNTIME","D:\halal_web_runtime","D:\halal_web_runtime\certificate_classifier\data_preparation\classification_20260723_171042\01_labeled_candidates\MUI\285018A4FEAD__4. Natural Vitamin E Mixed Tocopherols(Liquid)(JIANGSU)[MUI_2026-10-11]우.pdf","certificate_classifier\data_preparation\classification_20260723_171042\01_labeled_candidates\MUI\285018A4FEAD__4. Natural Vitamin E Mixed Tocopherols(Liquid)(JIANGSU)[MUI_2026-10-11]우.pdf","285018A4FEAD__4. Natural Vitamin E Mixed Tocopherols(Liquid)(JIANGSU)[MUI_2026-10-11]우.pdf",".pdf","1148339","1.0951","2026-07-23T17:11:05","2025-07-14T15:51:07","PDF"
"RUNTIME","D:\halal_web_runtime","D:\halal_web_runtime\certificate_classifier\data_preparation\classification_20260723_171042\01_labeled_candidates\MUI\2B490BA0D949__120. Taste Enhancer Powder NE(SODA)[MUI_2026-11-08]코.pdf","certificate_classifier\data_preparation\classification_20260723_171042\01_labeled_candidates\MUI\2B490BA0D949__120. Taste Enhancer Powder NE(SODA)[MUI_2026-11-08]코.pdf","2B490BA0D949__120. Taste Enhancer Powder NE(SODA)[MUI_2026-11-08]코.pdf",".pdf","123634","0.1179","2026-07-23T17:11:04","2023-02-16T07:43:00","PDF"
"RUNTIME","D:\halal_web_runtime","D:\halal_web_runtime\certificate_classifier\data_preparation\classification_20260723_171042\01_labeled_candidates\MUI\2B84867EA557__98_3_2. L-Glutamic Acid(HEBEIHUA)[MUI_2026-02-22]비.pdf","certificate_classifier\data_preparation\classification_20260723_171042\01_labeled_candidates\MUI\2B84867EA557__98_3_2. L-Glutamic Acid(HEBEIHUA)[MUI_2026-02-22]비.pdf","2B84867EA557__98_3_2. L-Glutamic Acid(HEBEIHUA)[MUI_2026-02-22]비.pdf",".pdf","1315552","1.2546","2026-07-23T17:11:07","2022-05-16T17:39:36","PDF"
"RUNTIME","D:\halal_web_runtime","D:\halal_web_runtime\certificate_classifier\data_preparation\classification_20260723_171042\01_labeled_candidates\MUI\38EC97A0D9AA__156. Monosodium glutamate-MSG(COFCO)[MUI_2027-03-07]보.pdf","certificate_classifier\data_preparation\classification_20260723_171042\01_labeled_candidates\MUI\38EC97A0D9AA__156. Monosodium glutamate-MSG(COFCO)[MUI_2027-03-07]보.pdf","38EC97A0D9AA__156. Monosodium glutamate-MSG(COFCO)[MUI_2027-03-07]보.pdf",".pdf","1122104","1.0701","2026-07-23T17:11:05","2024-02-21T07:59:58","PDF"
"RUNTIME","D:\halal_web_runtime","D:\halal_web_runtime\certificate_classifier\data_preparation\classification_20260723_171042\01_labeled_candidates\MUI\39F552E60486__42. Maltodextrin(INGREDIO)[MUI_2025-12-07]인.pdf","certificate_classifier\data_preparation\classification_20260723_171042\01_labeled_candidates\MUI\39F552E60486__42. Maltodextrin(INGREDIO)[MUI_2025-12-07]인.pdf","39F552E60486__42. Maltodextrin(INGREDIO)[MUI_2025-12-07]인.pdf",".pdf","381213","0.3636","2026-07-23T17:11:05","2022-02-24T10:23:31","PDF"
"RUNTIME","D:\halal_web_runtime","D:\halal_web_runtime\certificate_classifier\data_preparation\classification_20260723_171042\01_labeled_candidates\MUI\4A02A904B1EC__106. Paprika Oleoresin(Chenguan)[MUI_2027-03-28]농.pdf","certificate_classifier\data_preparation\classification_20260723_171042\01_labeled_candidates\MUI\4A02A904B1EC__106. Paprika Oleoresin(Chenguan)[MUI_2027-03-28]농.pdf","4A02A904B1EC__106. Paprika Oleoresin(Chenguan)[MUI_2027-03-28]농.pdf",".pdf","279406","0.2665","2026-07-23T17:11:04","2023-09-22T07:26:10","PDF"
"RUNTIME","D:\halal_web_runtime","D:\halal_web_runtime\certificate_classifier\data_preparation\classification_20260723_171042\01_labeled_candidates\MUI\4A34EB676603__98_3_1. CJ TIDE I+G(Cheil)[MUI_2025-11-23]비.pdf","certificate_classifier\data_preparation\classification_20260723_171042\01_labeled_candidates\MUI\4A34EB676603__98_3_1. CJ TIDE I+G(Cheil)[MUI_2025-11-23]비.pdf","4A34EB676603__98_3_1. CJ TIDE I+G(Cheil)[MUI_2025-11-23]비.pdf",".pdf","1224552","1.1678","2026-07-23T17:11:07","2021-01-08T15:22:45","PDF"
"RUNTIME","D:\halal_web_runtime","D:\halal_web_runtime\certificate_classifier\data_preparation\classification_20260723_171042\01_labeled_candidates\MUI\51B9005BA48F__132. YEAST EXTRACT LA600(ANGEL)[MUI_2027-05-16]J.pdf","certificate_classifier\data_preparation\classification_20260723_171042\01_labeled_candidates\MUI\51B9005BA48F__132. YEAST EXTRACT LA600(ANGEL)[MUI_2027-05-16]J.pdf","51B9005BA48F__132. YEAST EXTRACT LA600(ANGEL)[MUI_2027-05-16]J.pdf",".pdf","658825","0.6283","2026-07-23T17:11:05","2023-07-03T07:09:24","PDF"
"RUNTIME","D:\halal_web_runtime","D:\halal_web_runtime\certificate_classifier\data_preparation\classification_20260723_171042\01_labeled_candidates\MUI\536F646AEAA1__129_6. 5015573 Mixed Tocopherols 70IP(DSM)[MUI_2026-05-17]G.pdf","certificate_classifier\data_preparation\classification_20260723_171042\01_labeled_candidates\MUI\536F646AEAA1__129_6. 5015573 Mixed Tocopherols 70IP(DSM)[MUI_2026-05-17]G.pdf","536F646AEAA1__129_6. 5015573 Mixed Tocopherols 70IP(DSM)[MUI_2026-05-17]G.pdf",".pdf","1455692","1.3883","2026-07-23T17:11:04","2023-08-14T09:20:33","PDF"
"RUNTIME","D:\halal_web_runtime","D:\halal_web_runtime\certificate_classifier\data_preparation\classification_20260723_171042\01_labeled_candidates\MUI\57225DDB8924__71. Vegetable flavor powder-NSMF(Nongshim)[MUI_2028-01-30]농.pdf","certificate_classifier\data_preparation\classification_20260723_171042\01_labeled_candidates\MUI\57225DDB8924__71. Vegetable flavor powder-NSMF(Nongshim)[MUI_2028-01-30]농.pdf","57225DDB8924__71. Vegetable flavor powder-NSMF(Nongshim)[MUI_2028-01-30]농.pdf",".pdf","300879","0.2869","2026-07-23T17:11:05","2024-02-19T16:01:02","PDF"
"RUNTIME","D:\halal_web_runtime","D:\halal_web_runtime\certificate_classifier\data_preparation\classification_20260723_171042\01_labeled_candidates\MUI\57756078C915__126. Seafood Seasoning Paste-S(Naturals)[MUI_2025-10-20]내.pdf","certificate_classifier\data_preparation\classification_20260723_171042\01_labeled_candidates\MUI\57756078C915__126. Seafood Seasoning Paste-S(Naturals)[MUI_2025-10-20]내.pdf","57756078C915__126. Seafood Seasoning Paste-S(Naturals)[MUI_2025-10-20]내.pdf",".pdf","346574","0.3305","2026-07-23T17:11:04","2021-12-21T16:20:26","PDF"
"RUNTIME","D:\halal_web_runtime","D:\halal_web_runtime\certificate_classifier\data_preparation\classification_20260723_171042\01_labeled_candidates\MUI\589C3C666B86__170_3. DEXTROSE ANHYDROUS(XIWANG)[MUI_2026-10-25]주.pdf","certificate_classifier\data_preparation\classification_20260723_171042\01_labeled_candidates\MUI\589C3C666B86__170_3. DEXTROSE ANHYDROUS(XIWANG)[MUI_2026-10-25]주.pdf","589C3C666B86__170_3. DEXTROSE ANHYDROUS(XIWANG)[MUI_2026-10-25]주.pdf",".pdf","1135079","1.0825","2026-07-23T17:11:06","2025-07-17T09:34:11","PDF"
"RUNTIME","D:\halal_web_runtime","D:\halal_web_runtime\certificate_classifier\data_preparation\classification_20260723_171042\01_labeled_candidates\MUI\5E3B7FA6CD6D__96-3-1.CJ TIDE I+G,Cheil Jedang Indonesia社-MUI(2020-10-16).pdf","certificate_classifier\data_preparation\classification_20260723_171042\01_labeled_candidates\MUI\5E3B7FA6CD6D__96-3-1.CJ TIDE I+G,Cheil Jedang Indonesia社-MUI(2020-10-16).pdf","5E3B7FA6CD6D__96-3-1.CJ TIDE I+G,Cheil Jedang Indonesia社-MUI(2020-10-16).pdf",".pdf","1275291","1.2162","2026-07-23T17:11:07","2019-01-24T17:13:52","PDF"
"RUNTIME","D:\halal_web_runtime","D:\halal_web_runtime\certificate_classifier\data_preparation\classification_20260723_171042\01_labeled_candidates\MUI\5F67A9ED8C8C__96. YEAST EXTRACT LA05(ANGEL)[MUI_2026-11-29]아.pdf","certificate_classifier\data_preparation\classification_20260723_171042\01_labeled_candidates\MUI\5F67A9ED8C8C__96. YEAST EXTRACT LA05(ANGEL)[MUI_2026-11-29]아.pdf","5F67A9ED8C8C__96. YEAST EXTRACT LA05(ANGEL)[MUI_2026-11-29]아.pdf",".pdf","420467","0.401","2026-07-23T17:11:06","2023-06-30T09:50:17","PDF"
"RUNTIME","D:\halal_web_runtime","D:\halal_web_runtime\certificate_classifier\data_preparation\classification_20260723_171042\01_labeled_candidates\MUI\6C0BF8E37774__173_2. Resistant dextrin(SHANDONG)[MUI_2027-02-28]내.pdf","certificate_classifier\data_preparation\classification_20260723_171042\01_labeled_candidates\MUI\6C0BF8E37774__173_2. Resistant dextrin(SHANDONG)[MUI_2027-02-28]내.pdf","6C0BF8E37774__173_2. Resistant dextrin(SHANDONG)[MUI_2027-02-28]내.pdf",".pdf","135130","0.1289","2026-07-23T17:11:06","2025-07-16T16:47:13","PDF"
"RUNTIME","D:\halal_web_runtime","D:\halal_web_runtime\certificate_classifier\data_preparation\classification_20260723_171042\01_labeled_candidates\MUI\727D409F44FC__25. Kimchi flavor oil(S)(Naturals)[MUI_2025-10-20]내.pdf","certificate_classifier\data_preparation\classification_20260723_171042\01_labeled_candidates\MUI\727D409F44FC__25. Kimchi flavor oil(S)(Naturals)[MUI_2025-10-20]내.pdf","727D409F44FC__25. Kimchi flavor oil(S)(Naturals)[MUI_2025-10-20]내.pdf",".pdf","137056","0.1307","2026-07-23T17:11:05","2021-12-22T10:49:53","PDF"
"RUNTIME","D:\halal_web_runtime","D:\halal_web_runtime\certificate_classifier\data_preparation\classification_20260723_171042\01_labeled_candidates\MUI\74540E79F279__42. Maltodextrin(SAJO)[MUI_2025-12-07]사.pdf","certificate_classifier\data_preparation\classification_20260723_171042\01_labeled_candidates\MUI\74540E79F279__42. Maltodextrin(SAJO)[MUI_2025-12-07]사.pdf","74540E79F279__42. Maltodextrin(SAJO)[MUI_2025-12-07]사.pdf",".pdf","129865","0.1238","2026-07-23T17:11:05","2025-08-28T10:23:42","PDF"
"RUNTIME","D:\halal_web_runtime","D:\halal_web_runtime\certificate_classifier\data_preparation\classification_20260723_171042\01_labeled_candidates\MUI\78A2F36B770E__160. Chicken Flavor Extract MF(NONGSHIM)[MUI_2028-01-02]농.pdf","certificate_classifier\data_preparation\classification_20260723_171042\01_labeled_candidates\MUI\78A2F36B770E__160. Chicken Flavor Extract MF(NONGSHIM)[MUI_2028-01-02]농.pdf","78A2F36B770E__160. Chicken Flavor Extract MF(NONGSHIM)[MUI_2028-01-02]농.pdf",".pdf","133242","0.1271","2026-07-23T17:11:05","2024-03-11T10:42:46","PDF"
"RUNTIME","D:\halal_web_runtime","D:\halal_web_runtime\certificate_classifier\data_preparation\classification_20260723_171042\01_labeled_candidates\MUI\7D458CA5574E__46_4. PURAC HS(Purac(Th)[MUI_2026-01-18]신.pdf","certificate_classifier\data_preparation\classification_20260723_171042\01_labeled_candidates\MUI\7D458CA5574E__46_4. PURAC HS(Purac(Th)[MUI_2026-01-18]신.pdf","7D458CA5574E__46_4. PURAC HS(Purac(Th)[MUI_2026-01-18]신.pdf",".pdf","1711211","1.6319","2026-07-23T17:11:07","2022-03-08T08:09:00","PDF"
"RUNTIME","D:\halal_web_runtime","D:\halal_web_runtime\certificate_classifier\data_preparation\classification_20260723_171042\01_labeled_candidates\MUI\7D792259D00C__126. Seafood Seasoning Paste-S(Naturals)[MUI_2028-08-13]내.pdf","certificate_classifier\data_preparation\classification_20260723_171042\01_labeled_candidates\MUI\7D792259D00C__126. Seafood Seasoning Paste-S(Naturals)[MUI_2028-08-13]내.pdf","7D792259D00C__126. Seafood Seasoning Paste-S(Naturals)[MUI_2028-08-13]내.pdf",".pdf","145845","0.1391","2026-07-23T17:11:04","2025-09-11T16:15:55","PDF"
"RUNTIME","D:\halal_web_runtime","D:\halal_web_runtime\certificate_classifier\data_preparation\classification_20260723_171042\01_labeled_candidates\MUI\7E454131B505__11_1. Propylene Glygol USP.EP(The)[MUI_2026-02-02]신.pdf","certificate_classifier\data_preparation\classification_20260723_171042\01_labeled_candidates\MUI\7E454131B505__11_1. Propylene Glygol USP.EP(The)[MUI_2026-02-02]신.pdf","7E454131B505__11_1. Propylene Glygol USP.EP(The)[MUI_2026-02-02]신.pdf",".pdf","927269","0.8843","2026-07-23T17:11:06","2025-06-09T17:34:03","PDF"
"RUNTIME","D:\halal_web_runtime","D:\halal_web_runtime\certificate_classifier\data_preparation\classification_20260723_171042\01_labeled_candidates\MUI\832F908B8BB5__37_1. INDIGESTIBLE  MALTODEXTRINE(SAMYANG)[MUI_2026-06-21]락.pdf","certificate_classifier\data_preparation\classification_20260723_171042\01_labeled_candidates\MUI\832F908B8BB5__37_1. INDIGESTIBLE  MALTODEXTRINE(SAMYANG)[MUI_2026-06-21]락.pdf","832F908B8BB5__37_1. INDIGESTIBLE  MALTODEXTRINE(SAMYANG)[MUI_2026-06-21]락.pdf",".pdf","1278178","1.219","2026-07-23T17:11:06","2022-09-05T14:44:44","PDF"
"RUNTIME","D:\halal_web_runtime","D:\halal_web_runtime\certificate_classifier\data_preparation\classification_20260723_171042\01_labeled_candidates\MUI\83C4060284C4__43. Anchovy Extract NF(Naturals)[MUI_2028-08-13]내.pdf","certificate_classifier\data_preparation\classification_20260723_171042\01_labeled_candidates\MUI\83C4060284C4__43. Anchovy Extract NF(Naturals)[MUI_2028-08-13]내.pdf","83C4060284C4__43. Anchovy Extract NF(Naturals)[MUI_2028-08-13]내.pdf",".pdf","146237","0.1395","2026-07-23T17:11:05","2025-09-11T16:17:34","PDF"
"RUNTIME","D:\halal_web_runtime","D:\halal_web_runtime\certificate_classifier\data_preparation\classification_20260723_171042\01_labeled_candidates\MUI\8A753243873B__167_2. Yeast extract Fa02(ANGEL)[MUI_2027-01-01]한.pdf","certificate_classifier\data_preparation\classification_20260723_171042\01_labeled_candidates\MUI\8A753243873B__167_2. Yeast extract Fa02(ANGEL)[MUI_2027-01-01]한.pdf","8A753243873B__167_2. Yeast extract Fa02(ANGEL)[MUI_2027-01-01]한.pdf",".pdf","288261","0.2749","2026-07-23T17:11:05","2024-06-17T10:59:10","PDF"
"RUNTIME","D:\halal_web_runtime","D:\halal_web_runtime\certificate_classifier\data_preparation\classification_20260723_171042\01_labeled_candidates\MUI\8BDB8C6D2BD2__49. Dried Sea Mustard concentration liquid(Hwachang)[MUI_2027-07-11]화.pdf","certificate_classifier\data_preparation\classification_20260723_171042\01_labeled_candidates\MUI\8BDB8C6D2BD2__49. Dried Sea Mustard concentration liquid(Hwachang)[MUI_2027-07-11]화.pdf","8BDB8C6D2BD2__49. Dried Sea Mustard concentration liquid(Hwachang)[MUI_2027-07-11]화.pdf",".pdf","1263951","1.2054","2026-07-23T17:11:05","2023-08-04T17:55:33","PDF"
"RUNTIME","D:\halal_web_runtime","D:\halal_web_runtime\certificate_classifier\data_preparation\classification_20260723_171042\01_labeled_candidates\MUI\8C5E6EC43C04__129_1. Maltodextrin(INGREDIO)[MUI_2025-12-07]G.pdf","certificate_classifier\data_preparation\classification_20260723_171042\01_labeled_candidates\MUI\8C5E6EC43C04__129_1. Maltodextrin(INGREDIO)[MUI_2025-12-07]G.pdf","8C5E6EC43C04__129_1. Maltodextrin(INGREDIO)[MUI_2025-12-07]G.pdf",".pdf","382435","0.3647","2026-07-23T17:11:04","2022-02-24T11:12:30","PDF"
"RUNTIME","D:\halal_web_runtime","D:\halal_web_runtime\certificate_classifier\data_preparation\classification_20260723_171042\01_labeled_candidates\MUI\92FEC7018F4E__111. Taurine(Qianjian)[MUI_2026-11-15]테.pdf","certificate_classifier\data_preparation\classification_20260723_171042\01_labeled_candidates\MUI\92FEC7018F4E__111. Taurine(Qianjian)[MUI_2026-11-15]테.pdf","92FEC7018F4E__111. Taurine(Qianjian)[MUI_2026-11-15]테.pdf",".pdf","1887926","1.8005","2026-07-23T17:11:04","2023-01-03T11:55:00","PDF"
"RUNTIME","D:\halal_web_runtime","D:\halal_web_runtime\certificate_classifier\data_preparation\classification_20260723_171042\01_labeled_candidates\MUI\977E6CEEDB81__124. Edible Dextrose(DONGXIAO)[MUI_2026-11-22]제.pdf","certificate_classifier\data_preparation\classification_20260723_171042\01_labeled_candidates\MUI\977E6CEEDB81__124. Edible Dextrose(DONGXIAO)[MUI_2026-11-22]제.pdf","977E6CEEDB81__124. Edible Dextrose(DONGXIAO)[MUI_2026-11-22]제.pdf",".pdf","1129551","1.0772","2026-07-23T17:11:04","2024-09-26T09:23:00","PDF"
"RUNTIME","D:\halal_web_runtime","D:\halal_web_runtime\certificate_classifier\data_preparation\classification_20260723_171042\01_labeled_candidates\MUI\977F59DD3555__109_1_3. TRILITE SAR11(KA-11)(Samyang)[MUI_2025-09-07]대.pdf","certificate_classifier\data_preparation\classification_20260723_171042\01_labeled_candidates\MUI\977F59DD3555__109_1_3. TRILITE SAR11(KA-11)(Samyang)[MUI_2025-09-07]대.pdf","977F59DD3555__109_1_3. TRILITE SAR11(KA-11)(Samyang)[MUI_2025-09-07]대.pdf",".pdf","1921317","1.8323","2026-07-23T17:11:06","2024-02-29T16:26:45","PDF"
"RUNTIME","D:\halal_web_runtime","D:\halal_web_runtime\certificate_classifier\data_preparation\classification_20260723_171042\01_labeled_candidates\MUI\97B543DC6E90__81. Onion flavor oil(SHIN)[MUI_2025-12-21]신.pdf","certificate_classifier\data_preparation\classification_20260723_171042\01_labeled_candidates\MUI\97B543DC6E90__81. Onion flavor oil(SHIN)[MUI_2025-12-21]신.pdf","97B543DC6E90__81. Onion flavor oil(SHIN)[MUI_2025-12-21]신.pdf",".pdf","215013","0.2051","2026-07-23T17:11:06","2022-01-11T13:51:06","PDF"
"RUNTIME","D:\halal_web_runtime","D:\halal_web_runtime\certificate_classifier\data_preparation\classification_20260723_171042\01_labeled_candidates\MUI\9918684C821B__172. BH05(INNER)[MUI_2027-02-28]주.pdf","certificate_classifier\data_preparation\classification_20260723_171042\01_labeled_candidates\MUI\9918684C821B__172. BH05(INNER)[MUI_2027-02-28]주.pdf","9918684C821B__172. BH05(INNER)[MUI_2027-02-28]주.pdf",".pdf","234016","0.2232","2026-07-23T17:11:05","2025-07-15T17:22:07","PDF"
"RUNTIME","D:\halal_web_runtime","D:\halal_web_runtime\certificate_classifier\data_preparation\classification_20260723_171042\01_labeled_candidates\MUI\9A1814E4EEB8__169_4. MALTODEXTRIN(YISHUI)[MUI_2026-09-06]주.pdf","certificate_classifier\data_preparation\classification_20260723_171042\01_labeled_candidates\MUI\9A1814E4EEB8__169_4. MALTODEXTRIN(YISHUI)[MUI_2026-09-06]주.pdf","9A1814E4EEB8__169_4. MALTODEXTRIN(YISHUI)[MUI_2026-09-06]주.pdf",".pdf","1172564","1.1182","2026-07-23T17:11:06","2025-07-17T09:38:41","PDF"
"RUNTIME","D:\halal_web_runtime","D:\halal_web_runtime\certificate_classifier\data_preparation\classification_20260723_171042\01_labeled_candidates\MUI\9C3ED3788964__129_3. AJITIDE I+G(PT.)[MUI_2025-11-23]G.pdf","certificate_classifier\data_preparation\classification_20260723_171042\01_labeled_candidates\MUI\9C3ED3788964__129_3. AJITIDE I+G(PT.)[MUI_2025-11-23]G.pdf","9C3ED3788964__129_3. AJITIDE I+G(PT.)[MUI_2025-11-23]G.pdf",".pdf","1242606","1.185","2026-07-23T17:11:04","2024-03-13T15:41:21","PDF"
"RUNTIME","D:\halal_web_runtime","D:\halal_web_runtime\certificate_classifier\data_preparation\classification_20260723_171042\01_labeled_candidates\MUI\9E8007152ED7__86. Thiamine Hydrochloride(HUAZHONG)[MUI_2026-08-17]테.pdf","certificate_classifier\data_preparation\classification_20260723_171042\01_labeled_candidates\MUI\9E8007152ED7__86. Thiamine Hydrochloride(HUAZHONG)[MUI_2026-08-17]테.pdf","9E8007152ED7__86. Thiamine Hydrochloride(HUAZHONG)[MUI_2026-08-17]테.pdf",".pdf","1739993","1.6594","2026-07-23T17:11:06","2025-07-11T16:34:48","PDF"
"RUNTIME","D:\halal_web_runtime","D:\halal_web_runtime\certificate_classifier\data_preparation\classification_20260723_171042\01_labeled_candidates\MUI\A9E601A32746__102_2. TONSIL OPTIMUM 230LM(CLARIANT)[MUI_2025-09-21]롯.pdf","certificate_classifier\data_preparation\classification_20260723_171042\01_labeled_candidates\MUI\A9E601A32746__102_2. TONSIL OPTIMUM 230LM(CLARIANT)[MUI_2025-09-21]롯.pdf","A9E601A32746__102_2. TONSIL OPTIMUM 230LM(CLARIANT)[MUI_2025-09-21]롯.pdf",".pdf","5119526","4.8824","2026-07-23T17:11:06","2022-01-12T15:10:25","PDF"
"RUNTIME","D:\halal_web_runtime","D:\halal_web_runtime\certificate_classifier\data_preparation\classification_20260723_171042\01_labeled_candidates\MUI\AA4F5A9E9182__171_2. MALTOSE SYRUP(LUZHOU)[MUI_2026-02-15]Q.pdf","certificate_classifier\data_preparation\classification_20260723_171042\01_labeled_candidates\MUI\AA4F5A9E9182__171_2. MALTOSE SYRUP(LUZHOU)[MUI_2026-02-15]Q.pdf","AA4F5A9E9182__171_2. MALTOSE SYRUP(LUZHOU)[MUI_2026-02-15]Q.pdf",".pdf","799193","0.7622","2026-07-23T17:11:06","2025-07-17T14:43:58","PDF"
"RUNTIME","D:\halal_web_runtime","D:\halal_web_runtime\certificate_classifier\data_preparation\classification_20260723_171042\01_labeled_candidates\MUI\B03C26F11B39__159. Potassium Sorbate(Ningbo)[MUI_2027-09-05]휴.pdf","certificate_classifier\data_preparation\classification_20260723_171042\01_labeled_candidates\MUI\B03C26F11B39__159. Potassium Sorbate(Ningbo)[MUI_2027-09-05]휴.pdf","B03C26F11B39__159. Potassium Sorbate(Ningbo)[MUI_2027-09-05]휴.pdf",".pdf","1131569","1.0791","2026-07-23T17:11:05","2024-03-06T17:36:56","PDF"
"RUNTIME","D:\halal_web_runtime","D:\halal_web_runtime\certificate_classifier\data_preparation\classification_20260723_171042\01_labeled_candidates\MUI\B3870101E70B__98_3_2. L-Glutamic Acid(HEBEIHUA)[MUI_2026-02-22]비.pdf","certificate_classifier\data_preparation\classification_20260723_171042\01_labeled_candidates\MUI\B3870101E70B__98_3_2. L-Glutamic Acid(HEBEIHUA)[MUI_2026-02-22]비.pdf","B3870101E70B__98_3_2. L-Glutamic Acid(HEBEIHUA)[MUI_2026-02-22]비.pdf",".pdf","644415","0.6146","2026-07-23T17:11:07","2025-09-10T11:47:43","PDF"
"RUNTIME","D:\halal_web_runtime","D:\halal_web_runtime\certificate_classifier\data_preparation\classification_20260723_171042\01_labeled_candidates\MUI\B9385044B08F__80. Onion Concentrate(Nongshim)[MUI_2028-01-02]농.pdf","certificate_classifier\data_preparation\classification_20260723_171042\01_labeled_candidates\MUI\B9385044B08F__80. Onion Concentrate(Nongshim)[MUI_2028-01-02]농.pdf","B9385044B08F__80. Onion Concentrate(Nongshim)[MUI_2028-01-02]농.pdf",".pdf","197318","0.1882","2026-07-23T17:11:05","2024-03-11T10:42:46","PDF"
"RUNTIME","D:\halal_web_runtime","D:\halal_web_runtime\certificate_classifier\data_preparation\classification_20260723_171042\01_labeled_candidates\MUI\C267B0DDAA87__173_3. maltodextrin(QINHUANG)[MUI_2027-07-19]내.pdf","certificate_classifier\data_preparation\classification_20260723_171042\01_labeled_candidates\MUI\C267B0DDAA87__173_3. maltodextrin(QINHUANG)[MUI_2027-07-19]내.pdf","C267B0DDAA87__173_3. maltodextrin(QINHUANG)[MUI_2027-07-19]내.pdf",".pdf","156997","0.1497","2026-07-23T17:11:05","2025-07-16T16:47:13","PDF"
"RUNTIME","D:\halal_web_runtime","D:\halal_web_runtime\certificate_classifier\data_preparation\classification_20260723_171042\01_labeled_candidates\MUI\C67F7427A49F__97. Yeast Extract(Springer TS003)(GUANGXI)[MUI_2027-02-28]주.pdf","certificate_classifier\data_preparation\classification_20260723_171042\01_labeled_candidates\MUI\C67F7427A49F__97. Yeast Extract(Springer TS003)(GUANGXI)[MUI_2027-02-28]주.pdf","C67F7427A49F__97. Yeast Extract(Springer TS003)(GUANGXI)[MUI_2027-02-28]주.pdf",".pdf","1256480","1.1983","2026-07-23T17:11:06","2023-07-12T17:53:38","PDF"
"RUNTIME","D:\halal_web_runtime","D:\halal_web_runtime\certificate_classifier\data_preparation\classification_20260723_171042\01_labeled_candidates\MUI\C8753E4E51E0__43. Anchovy Extract NF(Naturals)[MUI_2025-10-20]내.pdf","certificate_classifier\data_preparation\classification_20260723_171042\01_labeled_candidates\MUI\C8753E4E51E0__43. Anchovy Extract NF(Naturals)[MUI_2025-10-20]내.pdf","C8753E4E51E0__43. Anchovy Extract NF(Naturals)[MUI_2025-10-20]내.pdf",".pdf","344330","0.3284","2026-07-23T17:11:05","2021-12-21T16:22:16","PDF"
"RUNTIME","D:\halal_web_runtime","D:\halal_web_runtime\certificate_classifier\data_preparation\classification_20260723_171042\01_labeled_candidates\MUI\CBF46C055377__103. lactic acid(HeNam)[MUI_2027-07-19]에.pdf","certificate_classifier\data_preparation\classification_20260723_171042\01_labeled_candidates\MUI\CBF46C055377__103. lactic acid(HeNam)[MUI_2027-07-19]에.pdf","CBF46C055377__103. lactic acid(HeNam)[MUI_2027-07-19]에.pdf",".pdf","1214891","1.1586","2026-07-23T17:11:04","2023-09-14T08:33:37","PDF"
"RUNTIME","D:\halal_web_runtime","D:\halal_web_runtime\certificate_classifier\data_preparation\classification_20260723_171042\01_labeled_candidates\MUI\D9FEAEAAA781__139_2. CItric Acid Monohydrate(WEIFANG)[MUI_2026-09-20]S.pdf","certificate_classifier\data_preparation\classification_20260723_171042\01_labeled_candidates\MUI\D9FEAEAAA781__139_2. CItric Acid Monohydrate(WEIFANG)[MUI_2026-09-20]S.pdf","D9FEAEAAA781__139_2. CItric Acid Monohydrate(WEIFANG)[MUI_2026-09-20]S.pdf",".pdf","1429603","1.3634","2026-07-23T17:11:04","2022-10-20T08:50:44","PDF"
"RUNTIME","D:\halal_web_runtime","D:\halal_web_runtime\certificate_classifier\data_preparation\classification_20260723_171042\01_labeled_candidates\MUI\DAC7F90BDF38__98_1_3. Maltodextrin(ZHUCHENG)[MUI_2026-06-21]비.pdf","certificate_classifier\data_preparation\classification_20260723_171042\01_labeled_candidates\MUI\DAC7F90BDF38__98_1_3. Maltodextrin(ZHUCHENG)[MUI_2026-06-21]비.pdf","DAC7F90BDF38__98_1_3. Maltodextrin(ZHUCHENG)[MUI_2026-06-21]비.pdf",".pdf","1150662","1.0974","2026-07-23T17:11:05","2022-07-19T16:09:14","PDF"
"RUNTIME","D:\halal_web_runtime","D:\halal_web_runtime\certificate_classifier\data_preparation\classification_20260723_171042\01_labeled_candidates\MUI\DBE4CAFF1F52__170_2. Xanthan Gum(NEIMENGG)[MUI_2027-02-28]주.pdf","certificate_classifier\data_preparation\classification_20260723_171042\01_labeled_candidates\MUI\DBE4CAFF1F52__170_2. Xanthan Gum(NEIMENGG)[MUI_2027-02-28]주.pdf","DBE4CAFF1F52__170_2. Xanthan Gum(NEIMENGG)[MUI_2027-02-28]주.pdf",".pdf","1168412","1.1143","2026-07-23T17:11:06","2025-07-17T09:29:51","PDF"
"RUNTIME","D:\halal_web_runtime","D:\halal_web_runtime\certificate_classifier\data_preparation\classification_20260723_171042\01_labeled_candidates\MUI\DDD557E5F320__47. Low DE Corn Syrup(SAJO)[MUI_2026-01-04]사.pdf","certificate_classifier\data_preparation\classification_20260723_171042\01_labeled_candidates\MUI\DDD557E5F320__47. Low DE Corn Syrup(SAJO)[MUI_2026-01-04]사.pdf","DDD557E5F320__47. Low DE Corn Syrup(SAJO)[MUI_2026-01-04]사.pdf",".pdf","218518","0.2084","2026-07-23T17:11:05","2025-08-28T10:23:48","PDF"
"RUNTIME","D:\halal_web_runtime","D:\halal_web_runtime\certificate_classifier\data_preparation\classification_20260723_171042\01_labeled_candidates\MUI\DE4452DD7931__98_1_1. CJ TIDE I+G(CJ)[MUI_2025-11-23]비.pdf","certificate_classifier\data_preparation\classification_20260723_171042\01_labeled_candidates\MUI\DE4452DD7931__98_1_1. CJ TIDE I+G(CJ)[MUI_2025-11-23]비.pdf","DE4452DD7931__98_1_1. CJ TIDE I+G(CJ)[MUI_2025-11-23]비.pdf",".pdf","1288640","1.2289","2026-07-23T17:11:05","2022-10-20T09:28:26","PDF"
"RUNTIME","D:\halal_web_runtime","D:\halal_web_runtime\certificate_classifier\data_preparation\classification_20260723_171042\01_labeled_candidates\MUI\DEA9FC1BFDD8__154. Monosodium Glutamate(TONGLIAO)[MUI_2027-02-21]보.pdf","certificate_classifier\data_preparation\classification_20260723_171042\01_labeled_candidates\MUI\DEA9FC1BFDD8__154. Monosodium Glutamate(TONGLIAO)[MUI_2027-02-21]보.pdf","DEA9FC1BFDD8__154. Monosodium Glutamate(TONGLIAO)[MUI_2027-02-21]보.pdf",".pdf","1122060","1.0701","2026-07-23T17:11:05","2023-12-19T14:40:26","PDF"
"RUNTIME","D:\halal_web_runtime","D:\halal_web_runtime\certificate_classifier\data_preparation\classification_20260723_171042\01_labeled_candidates\MUI\E0061FDB072B__41. 14484 MAXAVOR® BEEF YE(DSM)[MUI_2025-12-07]네.pdf","certificate_classifier\data_preparation\classification_20260723_171042\01_labeled_candidates\MUI\E0061FDB072B__41. 14484 MAXAVOR® BEEF YE(DSM)[MUI_2025-12-07]네.pdf","E0061FDB072B__41. 14484 MAXAVOR® BEEF YE(DSM)[MUI_2025-12-07]네.pdf",".pdf","5107112","4.8705","2026-07-23T17:11:05","2022-01-24T16:28:14","PDF"
"RUNTIME","D:\halal_web_runtime","D:\halal_web_runtime\certificate_classifier\data_preparation\classification_20260723_171042\01_labeled_candidates\MUI\E68B854A4679__25. Kimchi flavor oil(S)(Naturals)[MUI_2028-12-18]내.pdf","certificate_classifier\data_preparation\classification_20260723_171042\01_labeled_candidates\MUI\E68B854A4679__25. Kimchi flavor oil(S)(Naturals)[MUI_2028-12-18]내.pdf","E68B854A4679__25. Kimchi flavor oil(S)(Naturals)[MUI_2028-12-18]내.pdf",".pdf","119405","0.1139","2026-07-23T17:11:05","2025-09-11T15:09:54","PDF"
"RUNTIME","D:\halal_web_runtime","D:\halal_web_runtime\certificate_classifier\data_preparation\classification_20260723_171042\01_labeled_candidates\MUI\E880D4AC2D12__109-1-3.TRILITE SAR11(KA-11)-MUI(2023-03-16).pdf","certificate_classifier\data_preparation\classification_20260723_171042\01_labeled_candidates\MUI\E880D4AC2D12__109-1-3.TRILITE SAR11(KA-11)-MUI(2023-03-16).pdf","E880D4AC2D12__109-1-3.TRILITE SAR11(KA-11)-MUI(2023-03-16).pdf",".pdf","3315129","3.1616","2026-07-23T17:11:06","2022-01-17T08:57:06","PDF"
"RUNTIME","D:\halal_web_runtime","D:\halal_web_runtime\certificate_classifier\data_preparation\classification_20260723_171042\01_labeled_candidates\MUI\EB89EA359A43__38. Jem Soya Lecithin Liquid Standard(SONIC)[MUI_2026-04-26]하.pdf","certificate_classifier\data_preparation\classification_20260723_171042\01_labeled_candidates\MUI\EB89EA359A43__38. Jem Soya Lecithin Liquid Standard(SONIC)[MUI_2026-04-26]하.pdf","EB89EA359A43__38. Jem Soya Lecithin Liquid Standard(SONIC)[MUI_2026-04-26]하.pdf",".pdf","1068087","1.0186","2026-07-23T17:11:05","2022-07-19T14:58:42","PDF"
"RUNTIME","D:\halal_web_runtime","D:\halal_web_runtime\certificate_classifier\data_preparation\classification_20260723_171042\01_labeled_candidates\MUI\EEFF27613BB6__109_1_2. Activated Carbon(NANPING)[MUI_2025-11-11]대.pdf","certificate_classifier\data_preparation\classification_20260723_171042\01_labeled_candidates\MUI\EEFF27613BB6__109_1_2. Activated Carbon(NANPING)[MUI_2025-11-11]대.pdf","EEFF27613BB6__109_1_2. Activated Carbon(NANPING)[MUI_2025-11-11]대.pdf",".pdf","1041806","0.9935","2026-07-23T17:11:06","2022-03-14T15:06:00","PDF"
"RUNTIME","D:\halal_web_runtime","D:\halal_web_runtime\certificate_classifier\data_preparation\classification_20260723_171042\01_labeled_candidates\MUI\EF226D67A3AA__46_6. Low DE Corn Syrup(INGREDIO)[MUI_2026-01-04]신.pdf","certificate_classifier\data_preparation\classification_20260723_171042\01_labeled_candidates\MUI\EF226D67A3AA__46_6. Low DE Corn Syrup(INGREDIO)[MUI_2026-01-04]신.pdf","EF226D67A3AA__46_6. Low DE Corn Syrup(INGREDIO)[MUI_2026-01-04]신.pdf",".pdf","443143","0.4226","2026-07-23T17:11:05","2022-02-24T10:29:30","PDF"
"RUNTIME","D:\halal_web_runtime","D:\halal_web_runtime\certificate_classifier\data_preparation\classification_20260723_171042\01_labeled_candidates\MUI\EFCC218E0F7C__75. Iceoligosaccharide(INGREDIO)[MUI_2026-01-04]인.pdf","certificate_classifier\data_preparation\classification_20260723_171042\01_labeled_candidates\MUI\EFCC218E0F7C__75. Iceoligosaccharide(INGREDIO)[MUI_2026-01-04]인.pdf","EFCC218E0F7C__75. Iceoligosaccharide(INGREDIO)[MUI_2026-01-04]인.pdf",".pdf","443141","0.4226","2026-07-23T17:11:06","2022-02-24T10:37:04","PDF"
"RUNTIME","D:\halal_web_runtime","D:\halal_web_runtime\certificate_classifier\data_preparation\classification_20260723_171042\01_labeled_candidates\MUIS\05C96512F5FA__57. 158957 vegetable broth flavor(Broth enhancer)(Symrise)[MUIS_2026-05-31]s.pdf","certificate_classifier\data_preparation\classification_20260723_171042\01_labeled_candidates\MUIS\05C96512F5FA__57. 158957 vegetable broth flavor(Broth enhancer)(Symrise)[MUIS_2026-05-31]s.pdf","05C96512F5FA__57. 158957 vegetable broth flavor(Broth enhancer)(Symrise)[MUIS_2026-05-31]s.pdf",".pdf","499773","0.4766","2026-07-23T17:11:06","2024-06-21T10:46:28","PDF"
"RUNTIME","D:\halal_web_runtime","D:\halal_web_runtime\certificate_classifier\data_preparation\classification_20260723_171042\01_labeled_candidates\MUIS\28AD26C335DF__TRZ halal cert - 30 Sep 2026 MUIS.pdf","certificate_classifier\data_preparation\classification_20260723_171042\01_labeled_candidates\MUIS\28AD26C335DF__TRZ halal cert - 30 Sep 2026 MUIS.pdf","28AD26C335DF__TRZ halal cert - 30 Sep 2026 MUIS.pdf",".pdf","331947","0.3166","2026-07-23T17:11:08","2026-07-23T14:52:01","PDF"
"RUNTIME","D:\halal_web_runtime","D:\halal_web_runtime\certificate_classifier\data_preparation\classification_20260723_171042\01_labeled_candidates\MUIS\45BB764BB29C__50. Meat Base Flavour HK-2446K 74916-73(Givaudan)[MUIS_2026-09-30]브.pdf","certificate_classifier\data_preparation\classification_20260723_171042\01_labeled_candidates\MUIS\45BB764BB29C__50. Meat Base Flavour HK-2446K 74916-73(Givaudan)[MUIS_2026-09-30]브.pdf","45BB764BB29C__50. Meat Base Flavour HK-2446K 74916-73(Givaudan)[MUIS_2026-09-30]브.pdf",".pdf","610696","0.5824","2026-07-23T17:11:05","2025-09-24T08:22:24","PDF"
"RUNTIME","D:\halal_web_runtime","D:\halal_web_runtime\certificate_classifier\data_preparation\classification_20260723_171042\01_labeled_candidates\MUIS\4C6437B364CB__premium catering 280226 MUIS.pdf","certificate_classifier\data_preparation\classification_20260723_171042\01_labeled_candidates\MUIS\4C6437B364CB__premium catering 280226 MUIS.pdf","4C6437B364CB__premium catering 280226 MUIS.pdf",".pdf","747109","0.7125","2026-07-23T17:11:08","2026-07-23T14:52:11","PDF"
"RUNTIME","D:\halal_web_runtime","D:\halal_web_runtime\certificate_classifier\data_preparation\classification_20260723_171042\01_labeled_candidates\MUIS\5C4033894C7C__Kueh Makers 31.3.27 MUIS.pdf","certificate_classifier\data_preparation\classification_20260723_171042\01_labeled_candidates\MUIS\5C4033894C7C__Kueh Makers 31.3.27 MUIS.pdf","5C4033894C7C__Kueh Makers 31.3.27 MUIS.pdf",".pdf","316609","0.3019","2026-07-23T17:11:08","2026-07-23T14:51:37","PDF"
"RUNTIME","D:\halal_web_runtime","D:\halal_web_runtime\certificate_classifier\data_preparation\classification_20260723_171042\01_labeled_candidates\MUIS\66F170721976__60. NAT SHALLOT FLAVOR(962539)-MUIS(2022-02-28).pdf","certificate_classifier\data_preparation\classification_20260723_171042\01_labeled_candidates\MUIS\66F170721976__60. NAT SHALLOT FLAVOR(962539)-MUIS(2022-02-28).pdf","66F170721976__60. NAT SHALLOT FLAVOR(962539)-MUIS(2022-02-28).pdf",".pdf","99549","0.0949","2026-07-23T17:11:08","2022-03-08T08:05:38","PDF"
"RUNTIME","D:\halal_web_runtime","D:\halal_web_runtime\certificate_classifier\data_preparation\classification_20260723_171042\01_labeled_candidates\MUIS\927B9DA64D91__Halal Plus 1200 CoO Singapore exp. 31.07.25 MUIS.pdf","certificate_classifier\data_preparation\classification_20260723_171042\01_labeled_candidates\MUIS\927B9DA64D91__Halal Plus 1200 CoO Singapore exp. 31.07.25 MUIS.pdf","927B9DA64D91__Halal Plus 1200 CoO Singapore exp. 31.07.25 MUIS.pdf",".pdf","188847","0.1801","2026-07-23T17:11:08","2026-07-23T14:52:18","PDF"
"RUNTIME","D:\halal_web_runtime","D:\halal_web_runtime\certificate_classifier\data_preparation\classification_20260723_171042\01_labeled_candidates\MUIS\967CB999BF4B__sample MUIS Halal-OAS-210731.pdf","certificate_classifier\data_preparation\classification_20260723_171042\01_labeled_candidates\MUIS\967CB999BF4B__sample MUIS Halal-OAS-210731.pdf","967CB999BF4B__sample MUIS Halal-OAS-210731.pdf",".pdf","603967","0.576","2026-07-23T17:11:08","2026-05-25T16:07:42","PDF"
"RUNTIME","D:\halal_web_runtime","D:\halal_web_runtime\certificate_classifier\data_preparation\classification_20260723_171042\01_labeled_candidates\MUIS\99277EC717E6__OAS-Halal MUIS.pdf","certificate_classifier\data_preparation\classification_20260723_171042\01_labeled_candidates\MUIS\99277EC717E6__OAS-Halal MUIS.pdf","99277EC717E6__OAS-Halal MUIS.pdf",".pdf","936976","0.8936","2026-07-23T17:11:08","2026-07-23T14:52:24","PDF"
"RUNTIME","D:\halal_web_runtime","D:\halal_web_runtime\certificate_classifier\data_preparation\classification_20260723_171042\01_labeled_candidates\MUIS\AD29953BBD0E__sample MUIS fusion spoon 30.4.27.pdf","certificate_classifier\data_preparation\classification_20260723_171042\01_labeled_candidates\MUIS\AD29953BBD0E__sample MUIS fusion spoon 30.4.27.pdf","AD29953BBD0E__sample MUIS fusion spoon 30.4.27.pdf",".pdf","335209","0.3197","2026-07-23T17:11:08","2026-05-25T16:07:56","PDF"
"RUNTIME","D:\halal_web_runtime","D:\halal_web_runtime\certificate_classifier\data_preparation\classification_20260723_171042\01_labeled_candidates\MUIS\DA80333C0996__62. NAT SHALLOT FLAVOR(962539)(Symrise)[MUIS_2026-05-31]주.PDF","certificate_classifier\data_preparation\classification_20260723_171042\01_labeled_candidates\MUIS\DA80333C0996__62. NAT SHALLOT FLAVOR(962539)(Symrise)[MUIS_2026-05-31]주.PDF","DA80333C0996__62. NAT SHALLOT FLAVOR(962539)(Symrise)[MUIS_2026-05-31]주.PDF",".pdf","98172","0.0936","2026-07-23T17:11:06","2025-06-05T06:28:51","PDF"
"RUNTIME","D:\halal_web_runtime","D:\halal_web_runtime\certificate_classifier\data_preparation\classification_20260723_171042\01_labeled_candidates\MUIS\DBDBE7D51C96__sample MUIS VWR Singapore Avantor_Halal 31 March 2028.pdf","certificate_classifier\data_preparation\classification_20260723_171042\01_labeled_candidates\MUIS\DBDBE7D51C96__sample MUIS VWR Singapore Avantor_Halal 31 March 2028.pdf","DBDBE7D51C96__sample MUIS VWR Singapore Avantor_Halal 31 March 2028.pdf",".pdf","312346","0.2979","2026-07-23T17:11:08","2026-05-25T16:07:21","PDF"
"RUNTIME","D:\halal_web_runtime","D:\halal_web_runtime\certificate_classifier\data_preparation\classification_20260723_171042\01_labeled_candidates\TQHCC\026570533D72__94.Yeast Extract(OHLY),OHLY GmbH-TQHCC(HC1280012791-OH2018,2019-10-31).pdf","certificate_classifier\data_preparation\classification_20260723_171042\01_labeled_candidates\TQHCC\026570533D72__94.Yeast Extract(OHLY),OHLY GmbH-TQHCC(HC1280012791-OH2018,2019-10-31).pdf","026570533D72__94.Yeast Extract(OHLY),OHLY GmbH-TQHCC(HC1280012791-OH2018,2019-10-31).pdf",".pdf","780543","0.7444","2026-07-23T17:11:08","2019-10-07T10:53:54","PDF"
"RUNTIME","D:\halal_web_runtime","D:\halal_web_runtime\certificate_classifier\data_preparation\classification_20260723_171042\01_labeled_candidates\TQHCC\09DB1C67B71B__95. OHLYⓡSTV Meaty(OHLY)[TQHCC_2025-10-31]등.pdf","certificate_classifier\data_preparation\classification_20260723_171042\01_labeled_candidates\TQHCC\09DB1C67B71B__95. OHLYⓡSTV Meaty(OHLY)[TQHCC_2025-10-31]등.pdf","09DB1C67B71B__95. OHLYⓡSTV Meaty(OHLY)[TQHCC_2025-10-31]등.pdf",".pdf","1587262","1.5137","2026-07-23T17:11:06","2024-11-08T07:25:59","PDF"
"RUNTIME","D:\halal_web_runtime","D:\halal_web_runtime\certificate_classifier\data_preparation\classification_20260723_171042\01_labeled_candidates\TQHCC\1B06D49671C5__91.Yeast Extract(OHLY),OHLY GmbH社-TQHCC(2021-10-31).pdf","certificate_classifier\data_preparation\classification_20260723_171042\01_labeled_candidates\TQHCC\1B06D49671C5__91.Yeast Extract(OHLY),OHLY GmbH社-TQHCC(2021-10-31).pdf","1B06D49671C5__91.Yeast Extract(OHLY),OHLY GmbH社-TQHCC(2021-10-31).pdf",".pdf","1079236","1.0292","2026-07-23T17:11:08","2021-01-18T16:17:13","PDF"
"RUNTIME","D:\halal_web_runtime","D:\halal_web_runtime\certificate_classifier\data_preparation\classification_20260723_171042\01_labeled_candidates\TQHCC\24460F9C9F05__sample TQHCC Certificateannex-2024.pdf","certificate_classifier\data_preparation\classification_20260723_171042\01_labeled_candidates\TQHCC\24460F9C9F05__sample TQHCC Certificateannex-2024.pdf","24460F9C9F05__sample TQHCC Certificateannex-2024.pdf",".pdf","863238","0.8232","2026-07-23T17:11:08","2026-05-25T16:24:48","PDF"
"RUNTIME","D:\halal_web_runtime","D:\halal_web_runtime\certificate_classifier\data_preparation\classification_20260723_171042\01_labeled_candidates\TQHCC\9F229E8A1C19__sample TQHCC Halal-Certificate_EuropaCuisson2021.pdf","certificate_classifier\data_preparation\classification_20260723_171042\01_labeled_candidates\TQHCC\9F229E8A1C19__sample TQHCC Halal-Certificate_EuropaCuisson2021.pdf","9F229E8A1C19__sample TQHCC Halal-Certificate_EuropaCuisson2021.pdf",".pdf","433111","0.413","2026-07-23T17:11:08","2026-05-25T16:26:10","PDF"
"RUNTIME","D:\halal_web_runtime","D:\halal_web_runtime\certificate_classifier\data_preparation\classification_20260723_171042\01_labeled_candidates\TQHCC\ABDE2D844F79__sample TQHCC.pdf","certificate_classifier\data_preparation\classification_20260723_171042\01_labeled_candidates\TQHCC\ABDE2D844F79__sample TQHCC.pdf","ABDE2D844F79__sample TQHCC.pdf",".pdf","1147280","1.0941","2026-07-23T17:11:08","2026-05-25T16:25:37","PDF"
"RUNTIME","D:\halal_web_runtime","D:\halal_web_runtime\certificate_classifier\data_preparation\classification_20260723_171042\01_labeled_candidates\TQHCC\C62F44A2E455__sample TQHCC halal-certificate-buteressence-company-exp-31-12-2025.pdf","certificate_classifier\data_preparation\classification_20260723_171042\01_labeled_candidates\TQHCC\C62F44A2E455__sample TQHCC halal-certificate-buteressence-company-exp-31-12-2025.pdf","C62F44A2E455__sample TQHCC halal-certificate-buteressence-company-exp-31-12-2025.pdf",".pdf","418785","0.3994","2026-07-23T17:11:08","2026-05-25T16:25:56","PDF"
"RUNTIME","D:\halal_web_runtime","D:\halal_web_runtime\certificate_classifier\data_preparation\classification_20260723_171042\01_labeled_candidates\TQHCC\D7A363451585__107. OHLYⓡSTV Meaty-TQHCC(2023-10-31).pdf","certificate_classifier\data_preparation\classification_20260723_171042\01_labeled_candidates\TQHCC\D7A363451585__107. OHLYⓡSTV Meaty-TQHCC(2023-10-31).pdf","D7A363451585__107. OHLYⓡSTV Meaty-TQHCC(2023-10-31).pdf",".pdf","807320","0.7699","2026-07-23T17:11:08","2023-10-18T17:58:53","PDF"
"RUNTIME","D:\halal_web_runtime","D:\halal_web_runtime\certificate_classifier\data_preparation\classification_20260723_171042\03_review_unknown\015A72D9DCAB__소이펩톤 A2SC 수입면장.pdf","certificate_classifier\data_preparation\classification_20260723_171042\03_review_unknown\015A72D9DCAB__소이펩톤 A2SC 수입면장.pdf","015A72D9DCAB__소이펩톤 A2SC 수입면장.pdf",".pdf","5625867","5.3652","2026-07-23T17:11:06","2025-06-27T13:54:53","PDF"
"RUNTIME","D:\halal_web_runtime","D:\halal_web_runtime\certificate_classifier\data_preparation\classification_20260723_171042\03_review_unknown\18F6737CBF63__젤라틴미사용증명서.pdf","certificate_classifier\data_preparation\classification_20260723_171042\03_review_unknown\18F6737CBF63__젤라틴미사용증명서.pdf","18F6737CBF63__젤라틴미사용증명서.pdf",".pdf","249686","0.2381","2026-07-23T17:11:06","2018-05-09T15:05:44","PDF"
"RUNTIME","D:\halal_web_runtime","D:\halal_web_runtime\certificate_classifier\data_preparation\classification_20260723_171042\03_review_unknown\75302D51F81D__ETHANOL CERTIFICATE.pdf","certificate_classifier\data_preparation\classification_20260723_171042\03_review_unknown\75302D51F81D__ETHANOL CERTIFICATE.pdf","75302D51F81D__ETHANOL CERTIFICATE.pdf",".pdf","515462","0.4916","2026-07-23T17:11:05","2020-08-19T14:34:59","PDF"
"RUNTIME","D:\halal_web_runtime","D:\halal_web_runtime\certificate_classifier\data_preparation\classification_20260723_171042\03_review_unknown\FA18B42F35B7__LTMS.원료확인서_세우.SOY PEPTONE.pdf","certificate_classifier\data_preparation\classification_20260723_171042\03_review_unknown\FA18B42F35B7__LTMS.원료확인서_세우.SOY PEPTONE.pdf","FA18B42F35B7__LTMS.원료확인서_세우.SOY PEPTONE.pdf",".pdf","88523","0.0844","2026-07-23T17:11:06","2025-06-27T13:55:30","PDF"
"RUNTIME","D:\halal_web_runtime","D:\halal_web_runtime\certificate_classifier\data_preparation\classification_20260723_171042\03_review_unknown\FAD9C36E28F6__소이펩톤 A2SC 성적서 23.10.16.pdf","certificate_classifier\data_preparation\classification_20260723_171042\03_review_unknown\FAD9C36E28F6__소이펩톤 A2SC 성적서 23.10.16.pdf","FAD9C36E28F6__소이펩톤 A2SC 성적서 23.10.16.pdf",".pdf","847194","0.8079","2026-07-23T17:11:06","2025-06-27T13:53:39","PDF"
"RUNTIME","D:\halal_web_runtime","D:\halal_web_runtime\certificate_classifier\data_preparation\classification_20260723_171042\04_not_certificate_candidates\04E17CB1941F__COA.pdf","certificate_classifier\data_preparation\classification_20260723_171042\04_not_certificate_candidates\04E17CB1941F__COA.pdf","04E17CB1941F__COA.pdf",".pdf","256101","0.2442","2026-07-23T17:11:05","2021-11-01T14:16:26","PDF"
"RUNTIME","D:\halal_web_runtime","D:\halal_web_runtime\certificate_classifier\data_preparation\classification_20260723_171042\04_not_certificate_candidates\096EA5D30C78__Flow chart.pdf","certificate_classifier\data_preparation\classification_20260723_171042\04_not_certificate_candidates\096EA5D30C78__Flow chart.pdf","096EA5D30C78__Flow chart.pdf",".pdf","187619","0.1789","2026-07-23T17:11:05","2020-03-06T17:03:04","PDF"
"RUNTIME","D:\halal_web_runtime","D:\halal_web_runtime\certificate_classifier\data_preparation\classification_20260723_171042\04_not_certificate_candidates\099A8A6E2B75__Consistency letter.pdf","certificate_classifier\data_preparation\classification_20260723_171042\04_not_certificate_candidates\099A8A6E2B75__Consistency letter.pdf","099A8A6E2B75__Consistency letter.pdf",".pdf","694983","0.6628","2026-07-23T17:11:05","2020-08-19T14:33:29","PDF"
"RUNTIME","D:\halal_web_runtime","D:\halal_web_runtime\certificate_classifier\data_preparation\classification_20260723_171042\04_not_certificate_candidates\0A1E8E376F4D__Process Flow chart (Non GMO Defatted Soya Flakes Toasted).pdf","certificate_classifier\data_preparation\classification_20260723_171042\04_not_certificate_candidates\0A1E8E376F4D__Process Flow chart (Non GMO Defatted Soya Flakes Toasted).pdf","0A1E8E376F4D__Process Flow chart (Non GMO Defatted Soya Flakes Toasted).pdf",".pdf","389415","0.3714","2026-07-23T17:11:04","2025-09-08T15:19:37","PDF"
"RUNTIME","D:\halal_web_runtime","D:\halal_web_runtime\certificate_classifier\data_preparation\classification_20260723_171042\04_not_certificate_candidates\0A940650BEC3__본소금 플러스 제조공정도(2024.11.14) 25kg.pdf","certificate_classifier\data_preparation\classification_20260723_171042\04_not_certificate_candidates\0A940650BEC3__본소금 플러스 제조공정도(2024.11.14) 25kg.pdf","0A940650BEC3__본소금 플러스 제조공정도(2024.11.14) 25kg.pdf",".pdf","63869","0.0609","2026-07-23T17:11:05","2025-06-12T10:19:42","PDF"
"RUNTIME","D:\halal_web_runtime","D:\halal_web_runtime\certificate_classifier\data_preparation\classification_20260723_171042\04_not_certificate_candidates\0D62AB8B6A20__Consistency letter(세우).pdf","certificate_classifier\data_preparation\classification_20260723_171042\04_not_certificate_candidates\0D62AB8B6A20__Consistency letter(세우).pdf","0D62AB8B6A20__Consistency letter(세우).pdf",".pdf","37069","0.0354","2026-07-23T17:11:05","2025-06-12T10:19:42","PDF"
"RUNTIME","D:\halal_web_runtime","D:\halal_web_runtime\certificate_classifier\data_preparation\classification_20260723_171042\04_not_certificate_candidates\0DAE82BA5AB9__품목제조보고서(본소금 플러스 2024.01.15).pdf","certificate_classifier\data_preparation\classification_20260723_171042\04_not_certificate_candidates\0DAE82BA5AB9__품목제조보고서(본소금 플러스 2024.01.15).pdf","0DAE82BA5AB9__품목제조보고서(본소금 플러스 2024.01.15).pdf",".pdf","218148","0.208","2026-07-23T17:11:05","2025-06-12T10:19:42","PDF"
"RUNTIME","D:\halal_web_runtime","D:\halal_web_runtime\certificate_classifier\data_preparation\classification_20260723_171042\04_not_certificate_candidates\172347C9A50B__Flow chart,.pdf","certificate_classifier\data_preparation\classification_20260723_171042\04_not_certificate_candidates\172347C9A50B__Flow chart,.pdf","172347C9A50B__Flow chart,.pdf",".pdf","308478","0.2942","2026-07-23T17:11:06","2018-05-09T15:05:44","PDF"
"RUNTIME","D:\halal_web_runtime","D:\halal_web_runtime\certificate_classifier\data_preparation\classification_20260723_171042\04_not_certificate_candidates\177F556D85B8__Consistency letter.pdf","certificate_classifier\data_preparation\classification_20260723_171042\04_not_certificate_candidates\177F556D85B8__Consistency letter.pdf","177F556D85B8__Consistency letter.pdf",".pdf","312121","0.2977","2026-07-23T17:11:05","2021-11-01T14:07:37","PDF"
"RUNTIME","D:\halal_web_runtime","D:\halal_web_runtime\certificate_classifier\data_preparation\classification_20260723_171042\04_not_certificate_candidates\241404743479__COA.pdf","certificate_classifier\data_preparation\classification_20260723_171042\04_not_certificate_candidates\241404743479__COA.pdf","241404743479__COA.pdf",".pdf","107389","0.1024","2026-07-23T17:11:04","2018-07-11T17:57:13","PDF"
"RUNTIME","D:\halal_web_runtime","D:\halal_web_runtime\certificate_classifier\data_preparation\classification_20260723_171042\04_not_certificate_candidates\322262954408__Certificate of Origin.pdf","certificate_classifier\data_preparation\classification_20260723_171042\04_not_certificate_candidates\322262954408__Certificate of Origin.pdf","322262954408__Certificate of Origin.pdf",".pdf","93132","0.0888","2026-07-23T17:11:04","2022-08-23T09:49:30","PDF"
"RUNTIME","D:\halal_web_runtime","D:\halal_web_runtime\certificate_classifier\data_preparation\classification_20260723_171042\04_not_certificate_candidates\32AF776D0BF1__COA.pdf","certificate_classifier\data_preparation\classification_20260723_171042\04_not_certificate_candidates\32AF776D0BF1__COA.pdf","32AF776D0BF1__COA.pdf",".pdf","293564","0.28","2026-07-23T17:11:06","2018-05-09T15:05:42","PDF"
"RUNTIME","D:\halal_web_runtime","D:\halal_web_runtime\certificate_classifier\data_preparation\classification_20260723_171042\04_not_certificate_candidates\3790BCBB1F2A__Certificate of Origin.pdf","certificate_classifier\data_preparation\classification_20260723_171042\04_not_certificate_candidates\3790BCBB1F2A__Certificate of Origin.pdf","3790BCBB1F2A__Certificate of Origin.pdf",".pdf","185891","0.1773","2026-07-23T17:11:05","2021-11-01T14:11:30","PDF"
"RUNTIME","D:\halal_web_runtime","D:\halal_web_runtime\certificate_classifier\data_preparation\classification_20260723_171042\04_not_certificate_candidates\3B7E456307CE__Import Permit_XIWANG.pdf","certificate_classifier\data_preparation\classification_20260723_171042\04_not_certificate_candidates\3B7E456307CE__Import Permit_XIWANG.pdf","3B7E456307CE__Import Permit_XIWANG.pdf",".pdf","475193","0.4532","2026-07-23T17:11:06","2025-07-17T09:34:11","PDF"
"RUNTIME","D:\halal_web_runtime","D:\halal_web_runtime\certificate_classifier\data_preparation\classification_20260723_171042\04_not_certificate_candidates\3C64DF3D8001__ANIMAL FREE STATEMENT.pdf","certificate_classifier\data_preparation\classification_20260723_171042\04_not_certificate_candidates\3C64DF3D8001__ANIMAL FREE STATEMENT.pdf","3C64DF3D8001__ANIMAL FREE STATEMENT.pdf",".pdf","73749","0.0703","2026-07-23T17:11:04","2020-09-08T08:40:23","PDF"
"RUNTIME","D:\halal_web_runtime","D:\halal_web_runtime\certificate_classifier\data_preparation\classification_20260723_171042\04_not_certificate_candidates\40BF229DF3CF__Consistency letter.pdf","certificate_classifier\data_preparation\classification_20260723_171042\04_not_certificate_candidates\40BF229DF3CF__Consistency letter.pdf","40BF229DF3CF__Consistency letter.pdf",".pdf","272508","0.2599","2026-07-23T17:11:04","2019-10-21T07:44:46","PDF"
"RUNTIME","D:\halal_web_runtime","D:\halal_web_runtime\certificate_classifier\data_preparation\classification_20260723_171042\04_not_certificate_candidates\41558901AA3E__ANIMAL FREE STATEMENT (deesan).pdf","certificate_classifier\data_preparation\classification_20260723_171042\04_not_certificate_candidates\41558901AA3E__ANIMAL FREE STATEMENT (deesan).pdf","41558901AA3E__ANIMAL FREE STATEMENT (deesan).pdf",".pdf","309274","0.2949","2026-07-23T17:11:04","2025-09-08T15:19:37","PDF"
"RUNTIME","D:\halal_web_runtime","D:\halal_web_runtime\certificate_classifier\data_preparation\classification_20260723_171042\04_not_certificate_candidates\41BCEDF69AAE__잔탄검 표시사항.pdf","certificate_classifier\data_preparation\classification_20260723_171042\04_not_certificate_candidates\41BCEDF69AAE__잔탄검 표시사항.pdf","41BCEDF69AAE__잔탄검 표시사항.pdf",".pdf","80175","0.0765","2026-07-23T17:11:06","2025-07-17T09:29:51","PDF"
"RUNTIME","D:\halal_web_runtime","D:\halal_web_runtime\certificate_classifier\data_preparation\classification_20260723_171042\04_not_certificate_candidates\421E3BE14212__Items manufacturing report.pdf","certificate_classifier\data_preparation\classification_20260723_171042\04_not_certificate_candidates\421E3BE14212__Items manufacturing report.pdf","421E3BE14212__Items manufacturing report.pdf",".pdf","1349829","1.2873","2026-07-23T17:11:05","2014-02-05T07:56:12","PDF"
"RUNTIME","D:\halal_web_runtime","D:\halal_web_runtime\certificate_classifier\data_preparation\classification_20260723_171042\04_not_certificate_candidates\425717563542__Import Permit.pdf","certificate_classifier\data_preparation\classification_20260723_171042\04_not_certificate_candidates\425717563542__Import Permit.pdf","425717563542__Import Permit.pdf",".pdf","1719184","1.6395","2026-07-23T17:11:06","2018-05-09T15:05:42","PDF"
"RUNTIME","D:\halal_web_runtime","D:\halal_web_runtime\certificate_classifier\data_preparation\classification_20260723_171042\04_not_certificate_candidates\45CF54DD155C__Certificate of Origin (deesan).pdf","certificate_classifier\data_preparation\classification_20260723_171042\04_not_certificate_candidates\45CF54DD155C__Certificate of Origin (deesan).pdf","45CF54DD155C__Certificate of Origin (deesan).pdf",".pdf","353064","0.3367","2026-07-23T17:11:04","2025-09-08T15:19:37","PDF"
"RUNTIME","D:\halal_web_runtime","D:\halal_web_runtime\certificate_classifier\data_preparation\classification_20260723_171042\04_not_certificate_candidates\4AC448175D13__TQHCC-BPJPH 인증서 Sertifikat Akreditasi Halal Correct Germany.pdf","certificate_classifier\data_preparation\classification_20260723_171042\04_not_certificate_candidates\4AC448175D13__TQHCC-BPJPH 인증서 Sertifikat Akreditasi Halal Correct Germany.pdf","4AC448175D13__TQHCC-BPJPH 인증서 Sertifikat Akreditasi Halal Correct Germany.pdf",".pdf","1986266","1.8943","2026-07-23T17:11:06","2025-09-10T16:24:37","PDF"
"RUNTIME","D:\halal_web_runtime","D:\halal_web_runtime\certificate_classifier\data_preparation\classification_20260723_171042\04_not_certificate_candidates\55603F5658BE__Items manufacturing report,.pdf","certificate_classifier\data_preparation\classification_20260723_171042\04_not_certificate_candidates\55603F5658BE__Items manufacturing report,.pdf","55603F5658BE__Items manufacturing report,.pdf",".pdf","71404","0.0681","2026-07-23T17:11:04","2018-04-05T08:24:10","PDF"
"RUNTIME","D:\halal_web_runtime","D:\halal_web_runtime\certificate_classifier\data_preparation\classification_20260723_171042\04_not_certificate_candidates\5BED17137BFD__Consistency letter (deesan).pdf","certificate_classifier\data_preparation\classification_20260723_171042\04_not_certificate_candidates\5BED17137BFD__Consistency letter (deesan).pdf","5BED17137BFD__Consistency letter (deesan).pdf",".pdf","384589","0.3668","2026-07-23T17:11:04","2025-09-08T15:19:37","PDF"
"RUNTIME","D:\halal_web_runtime","D:\halal_web_runtime\certificate_classifier\data_preparation\classification_20260723_171042\04_not_certificate_candidates\5C0CEC208E1D__Items manufacturing report,.pdf","certificate_classifier\data_preparation\classification_20260723_171042\04_not_certificate_candidates\5C0CEC208E1D__Items manufacturing report,.pdf","5C0CEC208E1D__Items manufacturing report,.pdf",".pdf","538814","0.5139","2026-07-23T17:11:05","2018-07-23T21:13:40","PDF"
"RUNTIME","D:\halal_web_runtime","D:\halal_web_runtime\certificate_classifier\data_preparation\classification_20260723_171042\04_not_certificate_candidates\5E9302EEF4BC__Certificate of Origin(세우).pdf","certificate_classifier\data_preparation\classification_20260723_171042\04_not_certificate_candidates\5E9302EEF4BC__Certificate of Origin(세우).pdf","5E9302EEF4BC__Certificate of Origin(세우).pdf",".pdf","25386","0.0242","2026-07-23T17:11:05","2025-06-12T10:19:42","PDF"
"RUNTIME","D:\halal_web_runtime","D:\halal_web_runtime\certificate_classifier\data_preparation\classification_20260723_171042\04_not_certificate_candidates\60A31641178D__Pork Free Statement.pdf","certificate_classifier\data_preparation\classification_20260723_171042\04_not_certificate_candidates\60A31641178D__Pork Free Statement.pdf","60A31641178D__Pork Free Statement.pdf",".pdf","131578","0.1255","2026-07-23T17:11:04","2018-05-10T08:06:32","PDF"
"RUNTIME","D:\halal_web_runtime","D:\halal_web_runtime\certificate_classifier\data_preparation\classification_20260723_171042\04_not_certificate_candidates\646EB2C88359__COA.pdf","certificate_classifier\data_preparation\classification_20260723_171042\04_not_certificate_candidates\646EB2C88359__COA.pdf","646EB2C88359__COA.pdf",".pdf","308970","0.2947","2026-07-23T17:11:04","2018-03-15T15:16:54","PDF"
"RUNTIME","D:\halal_web_runtime","D:\halal_web_runtime\certificate_classifier\data_preparation\classification_20260723_171042\04_not_certificate_candidates\6E4D1E4B6B48__Flow chart.pdf","certificate_classifier\data_preparation\classification_20260723_171042\04_not_certificate_candidates\6E4D1E4B6B48__Flow chart.pdf","6E4D1E4B6B48__Flow chart.pdf",".pdf","225900","0.2154","2026-07-23T17:11:05","2020-07-23T15:49:50","PDF"
"RUNTIME","D:\halal_web_runtime","D:\halal_web_runtime\certificate_classifier\data_preparation\classification_20260723_171042\04_not_certificate_candidates\6E690DDE7FC0__gelatin Free statement.pdf","certificate_classifier\data_preparation\classification_20260723_171042\04_not_certificate_candidates\6E690DDE7FC0__gelatin Free statement.pdf","6E690DDE7FC0__gelatin Free statement.pdf",".pdf","241436","0.2303","2026-07-23T17:11:05","2018-07-23T21:10:12","PDF"
"RUNTIME","D:\halal_web_runtime","D:\halal_web_runtime\certificate_classifier\data_preparation\classification_20260723_171042\04_not_certificate_candidates\75942161E828__Pork Free Statement(세우) (2).pdf","certificate_classifier\data_preparation\classification_20260723_171042\04_not_certificate_candidates\75942161E828__Pork Free Statement(세우) (2).pdf","75942161E828__Pork Free Statement(세우) (2).pdf",".pdf","22805","0.0217","2026-07-23T17:11:05","2025-06-12T10:19:42","PDF"
"RUNTIME","D:\halal_web_runtime","D:\halal_web_runtime\certificate_classifier\data_preparation\classification_20260723_171042\04_not_certificate_candidates\7AADA791E512__COA_NEIMENGG.pdf","certificate_classifier\data_preparation\classification_20260723_171042\04_not_certificate_candidates\7AADA791E512__COA_NEIMENGG.pdf","7AADA791E512__COA_NEIMENGG.pdf",".pdf","254021","0.2423","2026-07-23T17:11:06","2025-07-17T09:33:26","PDF"
"RUNTIME","D:\halal_web_runtime","D:\halal_web_runtime\certificate_classifier\data_preparation\classification_20260723_171042\04_not_certificate_candidates\7E5E1FDB77B2__Pork Free Statement.pdf","certificate_classifier\data_preparation\classification_20260723_171042\04_not_certificate_candidates\7E5E1FDB77B2__Pork Free Statement.pdf","7E5E1FDB77B2__Pork Free Statement.pdf",".pdf","1177348","1.1228","2026-07-23T17:11:05","2020-08-18T07:22:41","PDF"
"RUNTIME","D:\halal_web_runtime","D:\halal_web_runtime\certificate_classifier\data_preparation\classification_20260723_171042\04_not_certificate_candidates\894FEE63C970__Flow chart.pdf","certificate_classifier\data_preparation\classification_20260723_171042\04_not_certificate_candidates\894FEE63C970__Flow chart.pdf","894FEE63C970__Flow chart.pdf",".pdf","106635","0.1017","2026-07-23T17:11:04","2018-06-20T17:20:32","PDF"
"RUNTIME","D:\halal_web_runtime","D:\halal_web_runtime\certificate_classifier\data_preparation\classification_20260723_171042\04_not_certificate_candidates\8A2B80C2AE8A__Consistency letter.pdf","certificate_classifier\data_preparation\classification_20260723_171042\04_not_certificate_candidates\8A2B80C2AE8A__Consistency letter.pdf","8A2B80C2AE8A__Consistency letter.pdf",".pdf","63209","0.0603","2026-07-23T17:11:05","2022-09-05T15:05:12","PDF"
"RUNTIME","D:\halal_web_runtime","D:\halal_web_runtime\certificate_classifier\data_preparation\classification_20260723_171042\04_not_certificate_candidates\9536755F83D5__COA.pdf","certificate_classifier\data_preparation\classification_20260723_171042\04_not_certificate_candidates\9536755F83D5__COA.pdf","9536755F83D5__COA.pdf",".pdf","239907","0.2288","2026-07-23T17:11:04","2018-03-23T15:32:24","PDF"
"RUNTIME","D:\halal_web_runtime","D:\halal_web_runtime\certificate_classifier\data_preparation\classification_20260723_171042\04_not_certificate_candidates\9E5CF1AFDB4A__flow chart.pdf","certificate_classifier\data_preparation\classification_20260723_171042\04_not_certificate_candidates\9E5CF1AFDB4A__flow chart.pdf","9E5CF1AFDB4A__flow chart.pdf",".pdf","1831462","1.7466","2026-07-23T17:11:05","2020-08-18T07:17:16","PDF"
"RUNTIME","D:\halal_web_runtime","D:\halal_web_runtime\certificate_classifier\data_preparation\classification_20260723_171042\04_not_certificate_candidates\9FD0067C7B70__법인명 변경에 따른 제품 포장지 및 성적서 표시에 대한 안내_사조씨피케이.pdf","certificate_classifier\data_preparation\classification_20260723_171042\04_not_certificate_candidates\9FD0067C7B70__법인명 변경에 따른 제품 포장지 및 성적서 표시에 대한 안내_사조씨피케이.pdf","9FD0067C7B70__법인명 변경에 따른 제품 포장지 및 성적서 표시에 대한 안내_사조씨피케이.pdf",".pdf","209168","0.1995","2026-07-23T17:11:05","2024-03-27T10:17:23","PDF"
"RUNTIME","D:\halal_web_runtime","D:\halal_web_runtime\certificate_classifier\data_preparation\classification_20260723_171042\04_not_certificate_candidates\A3E21F229F92__Pork free statement(비사용).pdf","certificate_classifier\data_preparation\classification_20260723_171042\04_not_certificate_candidates\A3E21F229F92__Pork free statement(비사용).pdf","A3E21F229F92__Pork free statement(비사용).pdf",".pdf","214368","0.2044","2026-07-23T17:11:06","2020-08-07T18:03:29","PDF"
"RUNTIME","D:\halal_web_runtime","D:\halal_web_runtime\certificate_classifier\data_preparation\classification_20260723_171042\04_not_certificate_candidates\AB46D0E9C2EE__Pork Free Statement.pdf","certificate_classifier\data_preparation\classification_20260723_171042\04_not_certificate_candidates\AB46D0E9C2EE__Pork Free Statement.pdf","AB46D0E9C2EE__Pork Free Statement.pdf",".pdf","599171","0.5714","2026-07-23T17:11:05","2020-08-19T14:34:27","PDF"
"RUNTIME","D:\halal_web_runtime","D:\halal_web_runtime\certificate_classifier\data_preparation\classification_20260723_171042\04_not_certificate_candidates\B1D54CB3B4CB__Certificate of Origin.pdf","certificate_classifier\data_preparation\classification_20260723_171042\04_not_certificate_candidates\B1D54CB3B4CB__Certificate of Origin.pdf","B1D54CB3B4CB__Certificate of Origin.pdf",".pdf","120116","0.1146","2026-07-23T17:11:06","2020-08-07T16:51:36","PDF"
"RUNTIME","D:\halal_web_runtime","D:\halal_web_runtime\certificate_classifier\data_preparation\classification_20260723_171042\04_not_certificate_candidates\B357E75E78D7__Certificate of Origin.pdf","certificate_classifier\data_preparation\classification_20260723_171042\04_not_certificate_candidates\B357E75E78D7__Certificate of Origin.pdf","B357E75E78D7__Certificate of Origin.pdf",".pdf","590840","0.5635","2026-07-23T17:11:05","2020-08-19T14:35:24","PDF"
"RUNTIME","D:\halal_web_runtime","D:\halal_web_runtime\certificate_classifier\data_preparation\classification_20260723_171042\04_not_certificate_candidates\B42AA3556CE4__Import Permit_NEIMENGG.pdf","certificate_classifier\data_preparation\classification_20260723_171042\04_not_certificate_candidates\B42AA3556CE4__Import Permit_NEIMENGG.pdf","B42AA3556CE4__Import Permit_NEIMENGG.pdf",".pdf","625949","0.597","2026-07-23T17:11:06","2025-07-17T09:32:57","PDF"
"RUNTIME","D:\halal_web_runtime","D:\halal_web_runtime\certificate_classifier\data_preparation\classification_20260723_171042\04_not_certificate_candidates\BEB144F0223C__Import Permit_YISHUI.pdf","certificate_classifier\data_preparation\classification_20260723_171042\04_not_certificate_candidates\BEB144F0223C__Import Permit_YISHUI.pdf","BEB144F0223C__Import Permit_YISHUI.pdf",".pdf","294755","0.2811","2026-07-23T17:11:06","2025-07-17T09:36:21","PDF"
"RUNTIME","D:\halal_web_runtime","D:\halal_web_runtime\certificate_classifier\data_preparation\classification_20260723_171042\04_not_certificate_candidates\C307A2770EF7__Items manufacturing report,.pdf","certificate_classifier\data_preparation\classification_20260723_171042\04_not_certificate_candidates\C307A2770EF7__Items manufacturing report,.pdf","C307A2770EF7__Items manufacturing report,.pdf",".pdf","560118","0.5342","2026-07-23T17:11:06","2018-05-09T15:05:42","PDF"
"RUNTIME","D:\halal_web_runtime","D:\halal_web_runtime\certificate_classifier\data_preparation\classification_20260723_171042\04_not_certificate_candidates\CB2F1BBF2AC1__Pork free statement (deesan).pdf","certificate_classifier\data_preparation\classification_20260723_171042\04_not_certificate_candidates\CB2F1BBF2AC1__Pork free statement (deesan).pdf","CB2F1BBF2AC1__Pork free statement (deesan).pdf",".pdf","205833","0.1963","2026-07-23T17:11:04","2025-09-08T15:19:37","PDF"
"RUNTIME","D:\halal_web_runtime","D:\halal_web_runtime\certificate_classifier\data_preparation\classification_20260723_171042\04_not_certificate_candidates\DB4F50B58D8D__Consistency letter 영문양식(주)지앤에프 홍합엑기스NM.pdf","certificate_classifier\data_preparation\classification_20260723_171042\04_not_certificate_candidates\DB4F50B58D8D__Consistency letter 영문양식(주)지앤에프 홍합엑기스NM.pdf","DB4F50B58D8D__Consistency letter 영문양식(주)지앤에프 홍합엑기스NM.pdf",".pdf","555635","0.5299","2026-07-23T17:11:04","2024-03-14T07:07:00","PDF"
"RUNTIME","D:\halal_web_runtime","D:\halal_web_runtime\certificate_classifier\data_preparation\classification_20260723_171042\04_not_certificate_candidates\E65DFC36CA8E__Pork Free Statement,.pdf","certificate_classifier\data_preparation\classification_20260723_171042\04_not_certificate_candidates\E65DFC36CA8E__Pork Free Statement,.pdf","E65DFC36CA8E__Pork Free Statement,.pdf",".pdf","253501","0.2418","2026-07-23T17:11:04","2019-10-21T07:45:16","PDF"
"RUNTIME","D:\halal_web_runtime","D:\halal_web_runtime\certificate_classifier\data_preparation\classification_20260723_171042\04_not_certificate_candidates\E8C93AEA31E6__Pork Free Statement.pdf","certificate_classifier\data_preparation\classification_20260723_171042\04_not_certificate_candidates\E8C93AEA31E6__Pork Free Statement.pdf","E8C93AEA31E6__Pork Free Statement.pdf",".pdf","64116","0.0611","2026-07-23T17:11:04","2018-06-20T17:20:32","PDF"
"RUNTIME","D:\halal_web_runtime","D:\halal_web_runtime\certificate_classifier\data_preparation\classification_20260723_171042\04_not_certificate_candidates\ED5E2B2AE3E9__Pork free statement.pdf","certificate_classifier\data_preparation\classification_20260723_171042\04_not_certificate_candidates\ED5E2B2AE3E9__Pork free statement.pdf","ED5E2B2AE3E9__Pork free statement.pdf",".pdf","174832","0.1667","2026-07-23T17:11:05","2020-12-11T14:56:58","PDF"
"RUNTIME","D:\halal_web_runtime","D:\halal_web_runtime\certificate_classifier\data_preparation\classification_20260723_171042\04_not_certificate_candidates\F6CCB478F157__Flow chart.pdf","certificate_classifier\data_preparation\classification_20260723_171042\04_not_certificate_candidates\F6CCB478F157__Flow chart.pdf","F6CCB478F157__Flow chart.pdf",".pdf","515464","0.4916","2026-07-23T17:11:05","2020-08-19T14:34:03","PDF"
"RUNTIME","D:\halal_web_runtime","D:\halal_web_runtime\certificate_classifier\data_preparation\classification_20260723_171042\04_not_certificate_candidates\F82D00DD2F5B__Flow chart.pdf","certificate_classifier\data_preparation\classification_20260723_171042\04_not_certificate_candidates\F82D00DD2F5B__Flow chart.pdf","F82D00DD2F5B__Flow chart.pdf",".pdf","243784","0.2325","2026-07-23T17:11:04","2020-09-08T08:40:14","PDF"
"RUNTIME","D:\halal_web_runtime","D:\halal_web_runtime\certificate_classifier\data_preparation\classification_20260723_171042\04_not_certificate_candidates\FB9A1D6858D7__ANIMAL FREE STATEMENT.pdf","certificate_classifier\data_preparation\classification_20260723_171042\04_not_certificate_candidates\FB9A1D6858D7__ANIMAL FREE STATEMENT.pdf","FB9A1D6858D7__ANIMAL FREE STATEMENT.pdf",".pdf","838868","0.8","2026-07-23T17:11:05","2020-08-19T14:32:51","PDF"
"RUNTIME","D:\halal_web_runtime","D:\halal_web_runtime\certificate_classifier\models\certificate_institution_20260727_111806\certificate_institution_model.joblib","certificate_classifier\models\certificate_institution_20260727_111806\certificate_institution_model.joblib","certificate_institution_model.joblib",".joblib","5968432","5.6919","2026-07-27T11:18:18","2026-07-27T11:18:19","MODEL"
"RUNTIME","D:\halal_web_runtime","D:\halal_web_runtime\certificate_classifier\models\certificate_institution_20260727_114129\certificate_institution_model.joblib","certificate_classifier\models\certificate_institution_20260727_114129\certificate_institution_model.joblib","certificate_institution_model.joblib",".joblib","4540790","4.3304","2026-07-27T11:41:43","2026-07-27T11:41:44","MODEL"
"RUNTIME","D:\halal_web_runtime","D:\halal_web_runtime\certificate_classifier\models\field_extraction_20260728_142319\cert_no_ranker.joblib","certificate_classifier\models\field_extraction_20260728_142319\cert_no_ranker.joblib","cert_no_ranker.joblib",".joblib","752189","0.7173","2026-07-28T14:23:32","2026-07-28T14:23:33","MODEL"
"RUNTIME","D:\halal_web_runtime","D:\halal_web_runtime\certificate_classifier\models\field_extraction_20260728_142319\expiry_date_ranker.joblib","certificate_classifier\models\field_extraction_20260728_142319\expiry_date_ranker.joblib","expiry_date_ranker.joblib",".joblib","169903","0.162","2026-07-28T14:23:55","2026-07-28T14:23:55","MODEL"
"RUNTIME","D:\halal_web_runtime","D:\halal_web_runtime\certificate_classifier\models\field_extraction_20260728_142319\manufacturer_ranker.joblib","certificate_classifier\models\field_extraction_20260728_142319\manufacturer_ranker.joblib","manufacturer_ranker.joblib",".joblib","856177","0.8165","2026-07-28T14:23:52","2026-07-28T14:23:53","MODEL"
"RUNTIME","D:\halal_web_runtime","D:\halal_web_runtime\certificate_classifier\models\field_extraction_20260728_142319\manufacturing_country_ranker.joblib","certificate_classifier\models\field_extraction_20260728_142319\manufacturing_country_ranker.joblib","manufacturing_country_ranker.joblib",".joblib","929512","0.8865","2026-07-28T14:24:20","2026-07-28T14:24:20","MODEL"
"RUNTIME","D:\halal_web_runtime","D:\halal_web_runtime\certificate_classifier\models\field_span_extraction_20260728_144234\cert_no_span_ranker.joblib","certificate_classifier\models\field_span_extraction_20260728_144234\cert_no_span_ranker.joblib","cert_no_span_ranker.joblib",".joblib","934951","0.8916","2026-07-28T14:43:05","2026-07-28T14:43:06","MODEL"
"RUNTIME","D:\halal_web_runtime","D:\halal_web_runtime\certificate_classifier\models\field_span_extraction_20260728_144234\expiry_date_span_ranker.joblib","certificate_classifier\models\field_span_extraction_20260728_144234\expiry_date_span_ranker.joblib","expiry_date_span_ranker.joblib",".joblib","339467","0.3237","2026-07-28T14:44:17","2026-07-28T14:44:17","MODEL"
"RUNTIME","D:\halal_web_runtime","D:\halal_web_runtime\certificate_classifier\models\field_span_extraction_20260728_144234\manufacturer_span_ranker.joblib","certificate_classifier\models\field_span_extraction_20260728_144234\manufacturer_span_ranker.joblib","manufacturer_span_ranker.joblib",".joblib","843541","0.8045","2026-07-28T14:44:03","2026-07-28T14:44:04","MODEL"
"RUNTIME","D:\halal_web_runtime","D:\halal_web_runtime\certificate_classifier\reviews\misclassified_20260727_112407\misclassified_index.csv","certificate_classifier\reviews\misclassified_20260727_112407\misclassified_index.csv","misclassified_index.csv",".csv","2451","0.0023","2026-07-27T11:24:07","2026-07-27T11:24:07","OCR_TRAINING_DATA"
"RUNTIME","D:\halal_web_runtime","D:\halal_web_runtime\certificate_classifier\reviews\misclassified_20260727_112407\BPJPH\9E7C33FFDBA6__9E7C33FFDBA6__11_1. Propylene Glygol USP.EP(SK)[BPJPH_2022-02-04]신.pdf","certificate_classifier\reviews\misclassified_20260727_112407\BPJPH\9E7C33FFDBA6__9E7C33FFDBA6__11_1. Propylene Glygol USP.EP(SK)[BPJPH_2022-02-04]신.pdf","9E7C33FFDBA6__9E7C33FFDBA6__11_1. Propylene Glygol USP.EP(SK)[BPJPH_2022-02-04]신.pdf",".pdf","505399","0.482","2026-07-27T11:24:07","2026-07-22T13:17:42","PDF"
"RUNTIME","D:\halal_web_runtime","D:\halal_web_runtime\certificate_classifier\reviews\misclassified_20260727_112407\HALAL CONTROL\88C7CF050E8B__88C7CF050E8B__슈가시럽-Halal Quality Control - Halal Zertifikat - SÜDZUCKER Karasirup - gültig bis 12.12.2022.pdf","certificate_classifier\reviews\misclassified_20260727_112407\HALAL CONTROL\88C7CF050E8B__88C7CF050E8B__슈가시럽-Halal Quality Control - Halal Zertifikat - SÜDZUCKER Karasirup - gültig bis 12.12.2022.pdf","88C7CF050E8B__88C7CF050E8B__슈가시럽-Halal Quality Control - Halal Zertifikat - SÜDZUCKER Karasirup - gültig bis 12.12.2022.pdf",".pdf","1141610","1.0887","2026-07-27T11:24:07","2022-02-25T08:36:26","PDF"
"RUNTIME","D:\halal_web_runtime","D:\halal_web_runtime\certificate_classifier\reviews\misclassified_20260727_112407\HCA\E484B7EDE305__E484B7EDE305__sample HCA 20.03.2025 DOBLA ASIA HCA 049.pdf","certificate_classifier\reviews\misclassified_20260727_112407\HCA\E484B7EDE305__E484B7EDE305__sample HCA 20.03.2025 DOBLA ASIA HCA 049.pdf","E484B7EDE305__E484B7EDE305__sample HCA 20.03.2025 DOBLA ASIA HCA 049.pdf",".pdf","16920381","16.1365","2026-07-27T11:24:07","2026-05-25T15:59:22","PDF"
"RUNTIME","D:\halal_web_runtime","D:\halal_web_runtime\certificate_classifier\reviews\misclassified_20260727_112407\MUI\B3870101E70B__B3870101E70B__98_3_2. L-Glutamic Acid(HEBEIHUA)[MUI_2026-02-22]비.pdf","certificate_classifier\reviews\misclassified_20260727_112407\MUI\B3870101E70B__B3870101E70B__98_3_2. L-Glutamic Acid(HEBEIHUA)[MUI_2026-02-22]비.pdf","B3870101E70B__B3870101E70B__98_3_2. L-Glutamic Acid(HEBEIHUA)[MUI_2026-02-22]비.pdf",".pdf","644415","0.6146","2026-07-27T11:24:07","2025-09-10T11:47:43","PDF"
"RUNTIME","D:\halal_web_runtime","D:\halal_web_runtime\data\mail_downloads\2026-05-21\HALAL-REQ-20260504-73B3120C\attachments\HALAL-REQ-20260504-73B3120C__001__[전분당] KMF HALAL Corn Starch etc. 9 (~27.12.07)_(재)발효미생물산업진흥원(한국미생물).pdf","data\mail_downloads\2026-05-21\HALAL-REQ-20260504-73B3120C\attachments\HALAL-REQ-20260504-73B3120C__001__[전분당] KMF HALAL Corn Starch etc. 9 (~27.12.07)_(재)발효미생물산업진흥원(한국미생물).pdf","HALAL-REQ-20260504-73B3120C__001__[전분당] KMF HALAL Corn Starch etc. 9 (~27.12.07)_(재)발효미생물산업진흥원(한국미생물).pdf",".pdf","446482","0.4258","2026-05-25T13:28:42","2026-05-25T13:28:42","PDF"
"RUNTIME","D:\halal_web_runtime","D:\halal_web_runtime\data\mail_downloads\2026-05-22\HALAL-REQ-20260504-365CEC9A\attachments\HALAL-REQ-20260504-365CEC9A__001__L-글루탐산 HALAL by 28.05.17.pdf","data\mail_downloads\2026-05-22\HALAL-REQ-20260504-365CEC9A\attachments\HALAL-REQ-20260504-365CEC9A__001__L-글루탐산 HALAL by 28.05.17.pdf","HALAL-REQ-20260504-365CEC9A__001__L-글루탐산 HALAL by 28.05.17.pdf",".pdf","1594213","1.5204","2026-05-25T13:28:42","2026-05-25T13:28:42","PDF"
"RUNTIME","D:\halal_web_runtime","D:\halal_web_runtime\data\mail_downloads\2026-05-22\HALAL-REQ-20260504-365CEC9A\attachments\HALAL-REQ-20260504-365CEC9A__002__HALAL Certificate (~2028.12.24).pdf","data\mail_downloads\2026-05-22\HALAL-REQ-20260504-365CEC9A\attachments\HALAL-REQ-20260504-365CEC9A__002__HALAL Certificate (~2028.12.24).pdf","HALAL-REQ-20260504-365CEC9A__002__HALAL Certificate (~2028.12.24).pdf",".pdf","74352","0.0709","2026-05-25T13:28:42","2026-05-25T13:28:42","PDF"
"RUNTIME","D:\halal_web_runtime","D:\halal_web_runtime\data\mail_downloads\2026-05-22\HALAL-REQ-20260504-365CEC9A\attachments\HALAL-REQ-20260504-365CEC9A__003__NU55_할랄서류.pdf","data\mail_downloads\2026-05-22\HALAL-REQ-20260504-365CEC9A\attachments\HALAL-REQ-20260504-365CEC9A__003__NU55_할랄서류.pdf","HALAL-REQ-20260504-365CEC9A__003__NU55_할랄서류.pdf",".pdf","423406","0.4038","2026-05-25T13:28:42","2026-05-25T13:28:42","PDF"
"RUNTIME","D:\halal_web_runtime","D:\halal_web_runtime\data\mail_downloads\2026-05-26\HALAL-REQ-20260504-1874ECAD\attachments\HALAL-REQ-20260504-1874ECAD__001__962539 Halal (~'28.05.31).pdf","data\mail_downloads\2026-05-26\HALAL-REQ-20260504-1874ECAD\attachments\HALAL-REQ-20260504-1874ECAD__001__962539 Halal (~'28.05.31).pdf","HALAL-REQ-20260504-1874ECAD__001__962539 Halal (~'28.05.31).pdf",".pdf","464060","0.4426","2026-06-03T09:11:45","2026-06-03T09:11:45","PDF"
"RUNTIME","D:\halal_web_runtime","D:\halal_web_runtime\data\mail_downloads\HALAL-REQ-20260504-0127D0FA\attachments\HALAL-REQ-20260504-0127D0FA__001__BPJPH_교차인정기관_안내.pdf","data\mail_downloads\HALAL-REQ-20260504-0127D0FA\attachments\HALAL-REQ-20260504-0127D0FA__001__BPJPH_교차인정기관_안내.pdf","HALAL-REQ-20260504-0127D0FA__001__BPJPH_교차인정기관_안내.pdf",".pdf","13848359","13.2068","2026-05-11T18:40:20","2026-05-11T18:40:20","PDF"
"RUNTIME","D:\halal_web_runtime","D:\halal_web_runtime\data\mail_downloads\HALAL-REQ-20260504-059852B5\attachments\HALAL-REQ-20260504-059852B5__001__신양_할랄인증서(BPJPH)_Seasoning_26.03.12~유효기간없음.pdf","data\mail_downloads\HALAL-REQ-20260504-059852B5\attachments\HALAL-REQ-20260504-059852B5__001__신양_할랄인증서(BPJPH)_Seasoning_26.03.12~유효기간없음.pdf","HALAL-REQ-20260504-059852B5__001__신양_할랄인증서(BPJPH)_Seasoning_26.03.12~유효기간없음.pdf",".pdf","1326981","1.2655","2026-05-11T18:40:06","2026-05-11T18:40:06","PDF"
"RUNTIME","D:\halal_web_runtime","D:\halal_web_runtime\data\mail_downloads\HALAL-REQ-20260504-096B0407\attachments\HALAL-REQ-20260504-096B0407__002__Halal Certificate ZFS 26-27.pdf","data\mail_downloads\HALAL-REQ-20260504-096B0407\attachments\HALAL-REQ-20260504-096B0407__002__Halal Certificate ZFS 26-27.pdf","HALAL-REQ-20260504-096B0407__002__Halal Certificate ZFS 26-27.pdf",".pdf","273442","0.2608","2026-05-11T18:05:01","2026-05-11T18:05:01","PDF"
"RUNTIME","D:\halal_web_runtime","D:\halal_web_runtime\data\mail_downloads\HALAL-REQ-20260504-1874ECAD\attachments\HALAL-REQ-20260504-1874ECAD__001__BPJPH_교차인정기관_안내.pdf","data\mail_downloads\HALAL-REQ-20260504-1874ECAD\attachments\HALAL-REQ-20260504-1874ECAD__001__BPJPH_교차인정기관_안내.pdf","HALAL-REQ-20260504-1874ECAD__001__BPJPH_교차인정기관_안내.pdf",".pdf","13848359","13.2068","2026-05-11T18:40:10","2026-05-11T18:40:10","PDF"
"RUNTIME","D:\halal_web_runtime","D:\halal_web_runtime\data\mail_downloads\HALAL-REQ-20260504-365CEC9A\attachments\HALAL-REQ-20260504-365CEC9A__001__BPJPH_교차인정기관_안내.pdf","data\mail_downloads\HALAL-REQ-20260504-365CEC9A\attachments\HALAL-REQ-20260504-365CEC9A__001__BPJPH_교차인정기관_안내.pdf","HALAL-REQ-20260504-365CEC9A__001__BPJPH_교차인정기관_안내.pdf",".pdf","13848359","13.2068","2026-05-11T18:40:13","2026-05-11T18:40:13","PDF"
"RUNTIME","D:\halal_web_runtime","D:\halal_web_runtime\data\mail_downloads\HALAL-REQ-20260504-3827036A\attachments\HALAL-REQ-20260504-3827036A__001__2025-2026 Halal Certificate Warden, WA.pdf","data\mail_downloads\HALAL-REQ-20260504-3827036A\attachments\HALAL-REQ-20260504-3827036A__001__2025-2026 Halal Certificate Warden, WA.pdf","HALAL-REQ-20260504-3827036A__001__2025-2026 Halal Certificate Warden, WA.pdf",".pdf","208592","0.1989","2026-05-11T18:40:06","2026-05-11T18:40:06","PDF"
"RUNTIME","D:\halal_web_runtime","D:\halal_web_runtime\data\mail_downloads\HALAL-REQ-20260504-40128340\attachments\HALAL-REQ-20260504-40128340__001__3023462 Halal Certificate KR EN 20260506.pdf","data\mail_downloads\HALAL-REQ-20260504-40128340\attachments\HALAL-REQ-20260504-40128340__001__3023462 Halal Certificate KR EN 20260506.pdf","HALAL-REQ-20260504-40128340__001__3023462 Halal Certificate KR EN 20260506.pdf",".pdf","140821","0.1343","2026-05-11T18:05:02","2026-05-11T18:05:02","PDF"
"RUNTIME","D:\halal_web_runtime","D:\halal_web_runtime\data\mail_downloads\HALAL-REQ-20260504-4493D808\attachments\HALAL-REQ-20260504-4493D808__001__할랄 인증서 갱신 해당 없음 회신(26.05.06).pdf","data\mail_downloads\HALAL-REQ-20260504-4493D808\attachments\HALAL-REQ-20260504-4493D808__001__할랄 인증서 갱신 해당 없음 회신(26.05.06).pdf","HALAL-REQ-20260504-4493D808__001__할랄 인증서 갱신 해당 없음 회신(26.05.06).pdf",".pdf","61792","0.0589","2026-05-11T18:05:03","2026-05-11T18:05:03","PDF"
"RUNTIME","D:\halal_web_runtime","D:\halal_web_runtime\data\mail_downloads\HALAL-REQ-20260504-4493D808\attachments\HALAL-REQ-20260504-4493D808__002__세제 SJM-50WAG (GHS-MSDS).pdf","data\mail_downloads\HALAL-REQ-20260504-4493D808\attachments\HALAL-REQ-20260504-4493D808__002__세제 SJM-50WAG (GHS-MSDS).pdf","HALAL-REQ-20260504-4493D808__002__세제 SJM-50WAG (GHS-MSDS).pdf",".pdf","105341","0.1005","2026-05-11T18:05:03","2026-05-11T18:05:03","PDF"
"RUNTIME","D:\halal_web_runtime","D:\halal_web_runtime\data\mail_downloads\HALAL-REQ-20260504-4A0E6AEA\attachments\HALAL-REQ-20260504-4A0E6AEA__001__HEBEI HUAYANG BPJPH HALAL 인증서(유효기간 없음).pdf","data\mail_downloads\HALAL-REQ-20260504-4A0E6AEA\attachments\HALAL-REQ-20260504-4A0E6AEA__001__HEBEI HUAYANG BPJPH HALAL 인증서(유효기간 없음).pdf","HALAL-REQ-20260504-4A0E6AEA__001__HEBEI HUAYANG BPJPH HALAL 인증서(유효기간 없음).pdf",".pdf","623339","0.5945","2026-05-11T18:05:03","2026-05-11T18:05:03","PDF"
"RUNTIME","D:\halal_web_runtime","D:\halal_web_runtime\data\mail_downloads\HALAL-REQ-20260504-4BFCC05F\attachments\HALAL-REQ-20260504-4BFCC05F__001__Ohly GmbH - Halal Certificate valid_2026-10-31_DE_V01.pdf","data\mail_downloads\HALAL-REQ-20260504-4BFCC05F\attachments\HALAL-REQ-20260504-4BFCC05F__001__Ohly GmbH - Halal Certificate valid_2026-10-31_DE_V01.pdf","HALAL-REQ-20260504-4BFCC05F__001__Ohly GmbH - Halal Certificate valid_2026-10-31_DE_V01.pdf",".pdf","1701710","1.6229","2026-05-11T18:28:34","2026-05-11T18:28:34","PDF"
"RUNTIME","D:\halal_web_runtime","D:\halal_web_runtime\data\mail_downloads\HALAL-REQ-20260504-61460534\attachments\HALAL-REQ-20260504-61460534__003__[말토덱스트린] Halal Certificate (2028.03.15 만료).pdf","data\mail_downloads\HALAL-REQ-20260504-61460534\attachments\HALAL-REQ-20260504-61460534__003__[말토덱스트린] Halal Certificate (2028.03.15 만료).pdf","HALAL-REQ-20260504-61460534__003__[말토덱스트린] Halal Certificate (2028.03.15 만료).pdf",".pdf","353039","0.3367","2026-05-11T18:40:08","2026-05-11T18:40:08","PDF"
"RUNTIME","D:\halal_web_runtime","D:\halal_web_runtime\data\mail_downloads\HALAL-REQ-20260504-6EF9F444\attachments\HALAL-REQ-20260504-6EF9F444__003__## HALAL STATEMENT(Permanent Certification Status).pdf","data\mail_downloads\HALAL-REQ-20260504-6EF9F444\attachments\HALAL-REQ-20260504-6EF9F444__003__## HALAL STATEMENT(Permanent Certification Status).pdf","HALAL-REQ-20260504-6EF9F444__003__## HALAL STATEMENT(Permanent Certification Status).pdf",".pdf","184055","0.1755","2026-05-11T18:40:07","2026-05-11T18:40:07","PDF"
"RUNTIME","D:\halal_web_runtime","D:\halal_web_runtime\data\mail_downloads\HALAL-REQ-20260504-6EF9F444\attachments\HALAL-REQ-20260504-6EF9F444__004__##인도네시아 정부 HALAL CERTIFICATE(BPJPH)(-2026.04.28, 자동 갱신).pdf","data\mail_downloads\HALAL-REQ-20260504-6EF9F444\attachments\HALAL-REQ-20260504-6EF9F444__004__##인도네시아 정부 HALAL CERTIFICATE(BPJPH)(-2026.04.28, 자동 갱신).pdf","HALAL-REQ-20260504-6EF9F444__004__##인도네시아 정부 HALAL CERTIFICATE(BPJPH)(-2026.04.28, 자동 갱신).pdf",".pdf","452086","0.4311","2026-05-11T18:40:07","2026-05-11T18:40:07","PDF"
"RUNTIME","D:\halal_web_runtime","D:\halal_web_runtime\data\mail_downloads\HALAL-REQ-20260504-6EF9F444\attachments\HALAL-REQ-20260504-6EF9F444__005__Halal 04 04 2028(JUHF).pdf","data\mail_downloads\HALAL-REQ-20260504-6EF9F444\attachments\HALAL-REQ-20260504-6EF9F444__005__Halal 04 04 2028(JUHF).pdf","HALAL-REQ-20260504-6EF9F444__005__Halal 04 04 2028(JUHF).pdf",".pdf","393720","0.3755","2026-05-11T18:40:07","2026-05-11T18:40:07","PDF"
"RUNTIME","D:\halal_web_runtime","D:\halal_web_runtime\data\mail_downloads\HALAL-REQ-20260504-743C7975\attachments\HALAL-REQ-20260504-743C7975__001__BPJPH_교차인정기관_안내.pdf","data\mail_downloads\HALAL-REQ-20260504-743C7975\attachments\HALAL-REQ-20260504-743C7975__001__BPJPH_교차인정기관_안내.pdf","HALAL-REQ-20260504-743C7975__001__BPJPH_교차인정기관_안내.pdf",".pdf","13848359","13.2068","2026-05-11T18:40:23","2026-05-11T18:40:23","PDF"
"RUNTIME","D:\halal_web_runtime","D:\halal_web_runtime\data\mail_downloads\HALAL-REQ-20260504-7653D3EE\attachments\HALAL-REQ-20260504-7653D3EE__001__4.감초엑기스[H](MUI28.12.18).pdf","data\mail_downloads\HALAL-REQ-20260504-7653D3EE\attachments\HALAL-REQ-20260504-7653D3EE__001__4.감초엑기스[H](MUI28.12.18).pdf","HALAL-REQ-20260504-7653D3EE__001__4.감초엑기스[H](MUI28.12.18).pdf",".pdf","119714","0.1142","2026-05-11T18:05:04","2026-05-11T18:05:04","PDF"
"RUNTIME","D:\halal_web_runtime","D:\halal_web_runtime\data\mail_downloads\HALAL-REQ-20260504-7653D3EE\attachments\HALAL-REQ-20260504-7653D3EE__002__11.우스타소스(S)(MUI28.12.18).pdf","data\mail_downloads\HALAL-REQ-20260504-7653D3EE\attachments\HALAL-REQ-20260504-7653D3EE__002__11.우스타소스(S)(MUI28.12.18).pdf","HALAL-REQ-20260504-7653D3EE__002__11.우스타소스(S)(MUI28.12.18).pdf",".pdf","119714","0.1142","2026-05-11T18:05:04","2026-05-11T18:05:04","PDF"
"RUNTIME","D:\halal_web_runtime","D:\halal_web_runtime\data\mail_downloads\HALAL-REQ-20260504-7653D3EE\attachments\HALAL-REQ-20260504-7653D3EE__003__MUI HALAL Certificate (28.12.18).pdf","data\mail_downloads\HALAL-REQ-20260504-7653D3EE\attachments\HALAL-REQ-20260504-7653D3EE__003__MUI HALAL Certificate (28.12.18).pdf","HALAL-REQ-20260504-7653D3EE__003__MUI HALAL Certificate (28.12.18).pdf",".pdf","1976949","1.8854","2026-05-11T18:05:04","2026-05-11T18:05:04","PDF"
"RUNTIME","D:\halal_web_runtime","D:\halal_web_runtime\data\mail_downloads\HALAL-REQ-20260504-7653D3EE\attachments\HALAL-REQ-20260504-7653D3EE__004__하얀설탕(삼양사) - KMF 할랄인증서 (~2028.12.24).pdf","data\mail_downloads\HALAL-REQ-20260504-7653D3EE\attachments\HALAL-REQ-20260504-7653D3EE__004__하얀설탕(삼양사) - KMF 할랄인증서 (~2028.12.24).pdf","HALAL-REQ-20260504-7653D3EE__004__하얀설탕(삼양사) - KMF 할랄인증서 (~2028.12.24).pdf",".pdf","74352","0.0709","2026-05-11T18:05:04","2026-05-11T18:05:04","PDF"
"RUNTIME","D:\halal_web_runtime","D:\halal_web_runtime\data\mail_downloads\HALAL-REQ-20260504-798B933F\attachments\HALAL-REQ-20260504-798B933F__002__BPJPH HALAL certi SAJO CPK_Syrup_Icheon.pdf","data\mail_downloads\HALAL-REQ-20260504-798B933F\attachments\HALAL-REQ-20260504-798B933F__002__BPJPH HALAL certi SAJO CPK_Syrup_Icheon.pdf","HALAL-REQ-20260504-798B933F__002__BPJPH HALAL certi SAJO CPK_Syrup_Icheon.pdf",".pdf","707035","0.6743","2026-05-11T18:28:33","2026-05-11T18:28:33","PDF"
"RUNTIME","D:\halal_web_runtime","D:\halal_web_runtime\data\mail_downloads\HALAL-REQ-20260504-9160F2AA\attachments\HALAL-REQ-20260504-9160F2AA__001__Halal Certificate-BSP exp31.12.2026.pdf","data\mail_downloads\HALAL-REQ-20260504-9160F2AA\attachments\HALAL-REQ-20260504-9160F2AA__001__Halal Certificate-BSP exp31.12.2026.pdf","HALAL-REQ-20260504-9160F2AA__001__Halal Certificate-BSP exp31.12.2026.pdf",".pdf","272727","0.2601","2026-05-11T18:40:06","2026-05-11T18:40:06","PDF"
"RUNTIME","D:\halal_web_runtime","D:\halal_web_runtime\data\mail_downloads\HALAL-REQ-20260504-A4244390\attachments\HALAL-REQ-20260504-A4244390__001__[SMS] KREATION KE8 (Exp. Oct 14, 2026).pdf","data\mail_downloads\HALAL-REQ-20260504-A4244390\attachments\HALAL-REQ-20260504-A4244390__001__[SMS] KREATION KE8 (Exp. Oct 14, 2026).pdf","HALAL-REQ-20260504-A4244390__001__[SMS] KREATION KE8 (Exp. Oct 14, 2026).pdf",".pdf","496793","0.4738","2026-05-11T18:40:07","2026-05-11T18:40:07","PDF"
"RUNTIME","D:\halal_web_runtime","D:\halal_web_runtime\data\mail_downloads\HALAL-REQ-20260504-A5A479FF\attachments\HALAL-REQ-20260504-A5A479FF__001__2026 Halal_SI MA France.pdf","data\mail_downloads\HALAL-REQ-20260504-A5A479FF\attachments\HALAL-REQ-20260504-A5A479FF__001__2026 Halal_SI MA France.pdf","HALAL-REQ-20260504-A5A479FF__001__2026 Halal_SI MA France.pdf",".pdf","645922","0.616","2026-05-11T18:28:34","2026-05-11T18:28:34","PDF"
"RUNTIME","D:\halal_web_runtime","D:\halal_web_runtime\data\mail_downloads\HALAL-REQ-20260504-B84B32F4\attachments\HALAL-REQ-20260504-B84B32F4__001__Halal(2025-2026) HCA 212 JAKIM NEDSPICE PROCESSING VIETNAM LIMITED.pdf","data\mail_downloads\HALAL-REQ-20260504-B84B32F4\attachments\HALAL-REQ-20260504-B84B32F4__001__Halal(2025-2026) HCA 212 JAKIM NEDSPICE PROCESSING VIETNAM LIMITED.pdf","HALAL-REQ-20260504-B84B32F4__001__Halal(2025-2026) HCA 212 JAKIM NEDSPICE PROCESSING VIETNAM LIMITED.pdf",".pdf","662155","0.6315","2026-05-11T18:05:03","2026-05-11T18:05:03","PDF"
"RUNTIME","D:\halal_web_runtime","D:\halal_web_runtime\data\mail_downloads\HALAL-REQ-20260504-BDD7030C\attachments\HALAL-REQ-20260504-BDD7030C__001__BPJPH_교차인정기관_안내.pdf","data\mail_downloads\HALAL-REQ-20260504-BDD7030C\attachments\HALAL-REQ-20260504-BDD7030C__001__BPJPH_교차인정기관_안내.pdf","HALAL-REQ-20260504-BDD7030C__001__BPJPH_교차인정기관_안내.pdf",".pdf","13848359","13.2068","2026-05-11T18:40:15","2026-05-11T18:40:15","PDF"
"RUNTIME","D:\halal_web_runtime","D:\halal_web_runtime\data\mail_downloads\HALAL-REQ-20260504-BE6E2BFD\attachments\HALAL-REQ-20260504-BE6E2BFD__001__Kalizea_HCE_GSO_Halal_Certificate_2026.pdf","data\mail_downloads\HALAL-REQ-20260504-BE6E2BFD\attachments\HALAL-REQ-20260504-BE6E2BFD__001__Kalizea_HCE_GSO_Halal_Certificate_2026.pdf","HALAL-REQ-20260504-BE6E2BFD__001__Kalizea_HCE_GSO_Halal_Certificate_2026.pdf",".pdf","325867","0.3108","2026-05-11T18:05:03","2026-05-11T18:05:03","PDF"
"RUNTIME","D:\halal_web_runtime","D:\halal_web_runtime\data\mail_downloads\HALAL-REQ-20260504-D9FDDA69\attachments\HALAL-REQ-20260504-D9FDDA69__001__Halal certificate 2026 - 2027.pdf","data\mail_downloads\HALAL-REQ-20260504-D9FDDA69\attachments\HALAL-REQ-20260504-D9FDDA69__001__Halal certificate 2026 - 2027.pdf","HALAL-REQ-20260504-D9FDDA69__001__Halal certificate 2026 - 2027.pdf",".pdf","778013","0.742","2026-05-11T18:05:02","2026-05-11T18:05:02","PDF"
"RUNTIME","D:\halal_web_runtime","D:\halal_web_runtime\data\mail_downloads\HALAL-REQ-20260504-F0C466EC\attachments\HALAL-REQ-20260504-F0C466EC__001__HALAL HFQ EVESA 2026-2027.pdf","data\mail_downloads\HALAL-REQ-20260504-F0C466EC\attachments\HALAL-REQ-20260504-F0C466EC__001__HALAL HFQ EVESA 2026-2027.pdf","HALAL-REQ-20260504-F0C466EC__001__HALAL HFQ EVESA 2026-2027.pdf",".pdf","785492","0.7491","2026-05-11T18:28:33","2026-05-11T18:28:33","PDF"
"RUNTIME","D:\halal_web_runtime","D:\halal_web_runtime\data\mail_downloads\HALAL-REQ-20260504-FE43759C\attachments\HALAL-REQ-20260504-FE43759C__001__BPJPH_교차인정기관_안내.pdf","data\mail_downloads\HALAL-REQ-20260504-FE43759C\attachments\HALAL-REQ-20260504-FE43759C__001__BPJPH_교차인정기관_안내.pdf","HALAL-REQ-20260504-FE43759C__001__BPJPH_교차인정기관_안내.pdf",".pdf","13848359","13.2068","2026-05-11T18:40:18","2026-05-11T18:40:18","PDF"
"RUNTIME","D:\halal_web_runtime","D:\halal_web_runtime\data\mail_downloads\HALAL-REQ-20260504-FF0A6E69\attachments\HALAL-REQ-20260504-FF0A6E69__001__Certificate(MUI)-Chenguang-~270328.pdf","data\mail_downloads\HALAL-REQ-20260504-FF0A6E69\attachments\HALAL-REQ-20260504-FF0A6E69__001__Certificate(MUI)-Chenguang-~270328.pdf","HALAL-REQ-20260504-FF0A6E69__001__Certificate(MUI)-Chenguang-~270328.pdf",".pdf","1186923","1.1319","2026-05-11T18:05:02","2026-05-11T18:05:02","PDF"
"RUNTIME","D:\halal_web_runtime","D:\halal_web_runtime\data\mail_downloads\HALAL-REQ-20260504-FF0A6E69\attachments\HALAL-REQ-20260504-FF0A6E69__002__Evesa_TK50 제품에 대한 할랄인증서HALAL_HFQ_EVESA_2026-2027.pdf","data\mail_downloads\HALAL-REQ-20260504-FF0A6E69\attachments\HALAL-REQ-20260504-FF0A6E69__002__Evesa_TK50 제품에 대한 할랄인증서HALAL_HFQ_EVESA_2026-2027.pdf","HALAL-REQ-20260504-FF0A6E69__002__Evesa_TK50 제품에 대한 할랄인증서HALAL_HFQ_EVESA_2026-2027.pdf",".pdf","785492","0.7491","2026-05-11T18:05:02","2026-05-11T18:05:02","PDF"
"RUNTIME","D:\halal_web_runtime","D:\halal_web_runtime\data\mail_downloads\_unmatched\2026-04-13\MAIL-20260413_144703-413890\attachments\UNMATCHED__001__돼지 미사용 증명서.xlsx","data\mail_downloads\_unmatched\2026-04-13\MAIL-20260413_144703-413890\attachments\UNMATCHED__001__돼지 미사용 증명서.xlsx","UNMATCHED__001__돼지 미사용 증명서.xlsx",".xlsx","11694","0.0112","2026-05-12T18:23:12","2026-05-12T18:23:12","SPREADSHEET"
"RUNTIME","D:\halal_web_runtime","D:\halal_web_runtime\data\mail_downloads\_unmatched\2026-04-14\MAIL-20260414_165905-831399\attachments\UNMATCHED__001__세우_본양조간장-N 관련 요청 자료.xlsx","data\mail_downloads\_unmatched\2026-04-14\MAIL-20260414_165905-831399\attachments\UNMATCHED__001__세우_본양조간장-N 관련 요청 자료.xlsx","UNMATCHED__001__세우_본양조간장-N 관련 요청 자료.xlsx",".xlsx","13903","0.0133","2026-05-12T18:23:12","2026-05-12T18:23:12","SPREADSHEET"
"RUNTIME","D:\halal_web_runtime","D:\halal_web_runtime\data\mail_downloads\_unmatched\2026-04-14\MAIL-20260414_165905-831399\attachments\UNMATCHED__002__[JAKIM]상호 인정 할랄 인증원 리스트.pdf","data\mail_downloads\_unmatched\2026-04-14\MAIL-20260414_165905-831399\attachments\UNMATCHED__002__[JAKIM]상호 인정 할랄 인증원 리스트.pdf","UNMATCHED__002__[JAKIM]상호 인정 할랄 인증원 리스트.pdf",".pdf","4272023","4.0741","2026-05-12T18:23:12","2026-05-12T18:23:12","PDF"
"RUNTIME","D:\halal_web_runtime","D:\halal_web_runtime\data\mail_downloads\_unmatched\2026-06-01\MAIL-20260601_155903-065849\attachments\UNMATCHED__001__D-토코페롤(혼합형)_ZHEJIANG WORLDBESTVE_HALAL(BPJPH)_22.01.27~.pdf","data\mail_downloads\_unmatched\2026-06-01\MAIL-20260601_155903-065849\attachments\UNMATCHED__001__D-토코페롤(혼합형)_ZHEJIANG WORLDBESTVE_HALAL(BPJPH)_22.01.27~.pdf","UNMATCHED__001__D-토코페롤(혼합형)_ZHEJIANG WORLDBESTVE_HALAL(BPJPH)_22.01.27~.pdf",".pdf","801664","0.7645","2026-06-03T09:11:45","2026-06-03T09:11:45","PDF"
"RUNTIME","D:\halal_web_runtime","D:\halal_web_runtime\data\mail_downloads\_unmatched\20260430_111956_yeojin.jang@sajo.co.kr\attachments\UNMATCHED__002__제품 원산지 증명서_말토덱스트린.pdf","data\mail_downloads\_unmatched\20260430_111956_yeojin.jang@sajo.co.kr\attachments\UNMATCHED__002__제품 원산지 증명서_말토덱스트린.pdf","UNMATCHED__002__제품 원산지 증명서_말토덱스트린.pdf",".pdf","119270","0.1137","2026-05-11T18:28:30","2026-05-11T18:28:30","PDF"
"RUNTIME","D:\halal_web_runtime","D:\halal_web_runtime\data\mail_downloads\_unmatched\20260430_140702_jhsong1@dynesoze.co.kr\attachments\UNMATCHED__001__견적서(세우)260430.pdf","data\mail_downloads\_unmatched\20260430_140702_jhsong1@dynesoze.co.kr\attachments\UNMATCHED__001__견적서(세우)260430.pdf","UNMATCHED__001__견적서(세우)260430.pdf",".pdf","107120","0.1022","2026-05-11T18:28:29","2026-05-11T18:28:29","PDF"
"RUNTIME","D:\halal_web_runtime","D:\halal_web_runtime\data\mail_downloads\_unmatched\20260430_140702_jhsong1@dynesoze.co.kr\attachments\UNMATCHED__002__api+20+a.pdf","data\mail_downloads\_unmatched\20260430_140702_jhsong1@dynesoze.co.kr\attachments\UNMATCHED__002__api+20+a.pdf","UNMATCHED__002__api+20+a.pdf",".pdf","2141707","2.0425","2026-05-11T18:28:29","2026-05-11T18:28:29","PDF"
"RUNTIME","D:\halal_web_runtime","D:\halal_web_runtime\data\mail_downloads\_unmatched\20260430_140702_jhsong1@dynesoze.co.kr\attachments\UNMATCHED__003__견적서2(세우)260430.pdf","data\mail_downloads\_unmatched\20260430_140702_jhsong1@dynesoze.co.kr\attachments\UNMATCHED__003__견적서2(세우)260430.pdf","UNMATCHED__003__견적서2(세우)260430.pdf",".pdf","104865","0.1","2026-05-11T18:28:29","2026-05-11T18:28:29","PDF"
"RUNTIME","D:\halal_web_runtime","D:\halal_web_runtime\data\mail_downloads\_unmatched\20260430_163919_yhkim@seoulfnf.com\attachments\UNMATCHED__001__간장향_NS-40500_원료확인서.pdf","data\mail_downloads\_unmatched\20260430_163919_yhkim@seoulfnf.com\attachments\UNMATCHED__001__간장향_NS-40500_원료확인서.pdf","UNMATCHED__001__간장향_NS-40500_원료확인서.pdf",".pdf","61912","0.059","2026-05-11T18:28:28","2026-05-11T18:28:28","PDF"
"RUNTIME","D:\halal_web_runtime","D:\halal_web_runtime\data\mail_downloads\_unmatched\20260504_094828_hwalim@kewi.re.kr\attachments\UNMATCHED__001__EU-260106.pdf","data\mail_downloads\_unmatched\20260504_094828_hwalim@kewi.re.kr\attachments\UNMATCHED__001__EU-260106.pdf","UNMATCHED__001__EU-260106.pdf",".pdf","167075","0.1593","2026-05-11T18:28:27","2026-05-11T18:28:27","PDF"
"RUNTIME","D:\halal_web_runtime","D:\halal_web_runtime\data\mail_downloads\_unmatched\20260504_094828_hwalim@kewi.re.kr\attachments\UNMATCHED__002__EU-260106-E.pdf","data\mail_downloads\_unmatched\20260504_094828_hwalim@kewi.re.kr\attachments\UNMATCHED__002__EU-260106-E.pdf","UNMATCHED__002__EU-260106-E.pdf",".pdf","137349","0.131","2026-05-11T18:28:27","2026-05-11T18:28:27","PDF"
"RUNTIME","D:\halal_web_runtime","D:\halal_web_runtime\data\mail_downloads\_unmatched\20260504_100838_parkhs@honeybee.or.kr\attachments\UNMATCHED__001__바지락살(국산) 원산지증명서.pdf","data\mail_downloads\_unmatched\20260504_100838_parkhs@honeybee.or.kr\attachments\UNMATCHED__001__바지락살(국산) 원산지증명서.pdf","UNMATCHED__001__바지락살(국산) 원산지증명서.pdf",".pdf","318273","0.3035","2026-05-11T18:28:27","2026-05-11T18:28:27","PDF"
"RUNTIME","D:\halal_web_runtime","D:\halal_web_runtime\data\mail_downloads\_unmatched\20260505_150219_whaaodm02@dongbangfood.com\attachments\UNMATCHED__001__카놀라탈검유_수입필증,확인증.pdf","data\mail_downloads\_unmatched\20260505_150219_whaaodm02@dongbangfood.com\attachments\UNMATCHED__001__카놀라탈검유_수입필증,확인증.pdf","UNMATCHED__001__카놀라탈검유_수입필증,확인증.pdf",".pdf","526509","0.5021","2026-05-11T18:28:27","2026-05-11T18:28:27","PDF"
"RUNTIME","D:\halal_web_runtime","D:\halal_web_runtime\data\mail_downloads\_unmatched\20260505_150219_whaaodm02@dongbangfood.com\attachments\UNMATCHED__002__대두_수입신고필증_2026 미국 브라질.pdf","data\mail_downloads\_unmatched\20260505_150219_whaaodm02@dongbangfood.com\attachments\UNMATCHED__002__대두_수입신고필증_2026 미국 브라질.pdf","UNMATCHED__002__대두_수입신고필증_2026 미국 브라질.pdf",".pdf","372660","0.3554","2026-05-11T18:28:27","2026-05-11T18:28:27","PDF"
"RUNTIME","D:\halal_web_runtime","D:\halal_web_runtime\data\mail_downloads\_unmatched\20260505_150219_whaaodm02@dongbangfood.com\attachments\UNMATCHED__003__대두_수입신고필증_2026 (파라과이 25년) (1).pdf","data\mail_downloads\_unmatched\20260505_150219_whaaodm02@dongbangfood.com\attachments\UNMATCHED__003__대두_수입신고필증_2026 (파라과이 25년) (1).pdf","UNMATCHED__003__대두_수입신고필증_2026 (파라과이 25년) (1).pdf",".pdf","1794500","1.7114","2026-05-11T18:28:27","2026-05-11T18:28:27","PDF"
"RUNTIME","D:\halal_web_runtime","D:\halal_web_runtime\data\mail_downloads\_unmatched\20260506_090722_ug.lee@lotte.net\attachments\UNMATCHED__001__각 업체별 제품별 현황 및 공인시험성적서 제출 요청 양식.xlsx","data\mail_downloads\_unmatched\20260506_090722_ug.lee@lotte.net\attachments\UNMATCHED__001__각 업체별 제품별 현황 및 공인시험성적서 제출 요청 양식.xlsx","UNMATCHED__001__각 업체별 제품별 현황 및 공인시험성적서 제출 요청 양식.xlsx",".xlsx","21273","0.0203","2026-05-11T18:28:26","2026-05-11T18:28:26","SPREADSHEET"
"RUNTIME","D:\halal_web_runtime","D:\halal_web_runtime\data\mail_downloads\_unmatched\20260506_134912_whs00317@gmail.com\attachments\UNMATCHED__001__세우 원료_리스트_260506.xlsx","data\mail_downloads\_unmatched\20260506_134912_whs00317@gmail.com\attachments\UNMATCHED__001__세우 원료_리스트_260506.xlsx","UNMATCHED__001__세우 원료_리스트_260506.xlsx",".xlsx","11653","0.0111","2026-05-11T18:28:26","2026-05-11T18:28:26","SPREADSHEET"
"RUNTIME","D:\halal_web_runtime","D:\halal_web_runtime\data\mail_downloads\_unmatched\20260506_153918_leehyemin9809@naver.com\attachments\UNMATCHED__001__간장분말NM 구분유통증명서.pdf","data\mail_downloads\_unmatched\20260506_153918_leehyemin9809@naver.com\attachments\UNMATCHED__001__간장분말NM 구분유통증명서.pdf","UNMATCHED__001__간장분말NM 구분유통증명서.pdf",".pdf","37218","0.0355","2026-05-11T18:28:25","2026-05-11T18:28:25","PDF"
"RUNTIME","D:\halal_web_runtime","D:\halal_web_runtime\data\mail_downloads\_unmatched\20260506_153918_leehyemin9809@naver.com\attachments\UNMATCHED__002__본양조간장N 구분유통증명서.pdf","data\mail_downloads\_unmatched\20260506_153918_leehyemin9809@naver.com\attachments\UNMATCHED__002__본양조간장N 구분유통증명서.pdf","UNMATCHED__002__본양조간장N 구분유통증명서.pdf",".pdf","37167","0.0354","2026-05-11T18:28:25","2026-05-11T18:28:25","PDF"
"RUNTIME","D:\halal_web_runtime","D:\halal_web_runtime\data\mail_downloads\_unmatched\20260506_153918_leehyemin9809@naver.com\attachments\UNMATCHED__003__분말고추장2호 구분유통증명서.pdf","data\mail_downloads\_unmatched\20260506_153918_leehyemin9809@naver.com\attachments\UNMATCHED__003__분말고추장2호 구분유통증명서.pdf","UNMATCHED__003__분말고추장2호 구분유통증명서.pdf",".pdf","37084","0.0354","2026-05-11T18:28:25","2026-05-11T18:28:25","PDF"
"RUNTIME","D:\halal_web_runtime","D:\halal_web_runtime\data\mail_downloads\_unmatched\20260506_153918_leehyemin9809@naver.com\attachments\UNMATCHED__004__분말김치국물2호NM 구분유통증명서.pdf","data\mail_downloads\_unmatched\20260506_153918_leehyemin9809@naver.com\attachments\UNMATCHED__004__분말김치국물2호NM 구분유통증명서.pdf","UNMATCHED__004__분말김치국물2호NM 구분유통증명서.pdf",".pdf","38393","0.0366","2026-05-11T18:28:25","2026-05-11T18:28:25","PDF"
"RUNTIME","D:\halal_web_runtime","D:\halal_web_runtime\data\mail_downloads\_unmatched\20260506_153918_leehyemin9809@naver.com\attachments\UNMATCHED__005__비프엑기스SW-10 구분유통증명서.pdf","data\mail_downloads\_unmatched\20260506_153918_leehyemin9809@naver.com\attachments\UNMATCHED__005__비프엑기스SW-10 구분유통증명서.pdf","UNMATCHED__005__비프엑기스SW-10 구분유통증명서.pdf",".pdf","37837","0.0361","2026-05-11T18:28:25","2026-05-11T18:28:25","PDF"
"RUNTIME","D:\halal_web_runtime","D:\halal_web_runtime\data\mail_downloads\_unmatched\20260506_153918_leehyemin9809@naver.com\attachments\UNMATCHED__006__소고기분말TN 구분유통증명서.pdf","data\mail_downloads\_unmatched\20260506_153918_leehyemin9809@naver.com\attachments\UNMATCHED__006__소고기분말TN 구분유통증명서.pdf","UNMATCHED__006__소고기분말TN 구분유통증명서.pdf",".pdf","36731","0.035","2026-05-11T18:28:25","2026-05-11T18:28:25","PDF"
"RUNTIME","D:\halal_web_runtime","D:\halal_web_runtime\data\mail_downloads\_unmatched\20260506_163830_hwshin@dhflour.co.kr\attachments\UNMATCHED__001__세우_수입신고필증 확인증.pdf","data\mail_downloads\_unmatched\20260506_163830_hwshin@dhflour.co.kr\attachments\UNMATCHED__001__세우_수입신고필증 확인증.pdf","UNMATCHED__001__세우_수입신고필증 확인증.pdf",".pdf","579442","0.5526","2026-05-11T18:28:25","2026-05-11T18:28:25","PDF"
"RUNTIME","D:\halal_web_runtime","D:\halal_web_runtime\data\mail_downloads\_unmatched\20260507_100218_info@martiankorea.com\attachments\UNMATCHED__001__20260507-(주)세우 견적서.pdf","data\mail_downloads\_unmatched\20260507_100218_info@martiankorea.com\attachments\UNMATCHED__001__20260507-(주)세우 견적서.pdf","UNMATCHED__001__20260507-(주)세우 견적서.pdf",".pdf","60640","0.0578","2026-05-11T18:28:25","2026-05-11T18:28:25","PDF"
"RUNTIME","D:\halal_web_runtime","D:\halal_web_runtime\data\mail_downloads\_unmatched\20260508_101826_pys96@nongshimtk.com\attachments\UNMATCHED__001__농심태경 안성공장_협력업체별 원료 리스트_2026년_전송용_내수원료.xlsx","data\mail_downloads\_unmatched\20260508_101826_pys96@nongshimtk.com\attachments\UNMATCHED__001__농심태경 안성공장_협력업체별 원료 리스트_2026년_전송용_내수원료.xlsx","UNMATCHED__001__농심태경 안성공장_협력업체별 원료 리스트_2026년_전송용_내수원료.xlsx",".xlsx","63857","0.0609","2026-05-11T18:28:24","2026-05-11T18:28:24","SPREADSHEET"
"RUNTIME","D:\halal_web_runtime","D:\halal_web_runtime\data\mail_downloads\_unmatched\20260508_112744_info@martiankorea.com\attachments\UNMATCHED__001__20260508-세우 박정현 대리님 한길 오토클레이브 견적서.pdf","data\mail_downloads\_unmatched\20260508_112744_info@martiankorea.com\attachments\UNMATCHED__001__20260508-세우 박정현 대리님 한길 오토클레이브 견적서.pdf","UNMATCHED__001__20260508-세우 박정현 대리님 한길 오토클레이브 견적서.pdf",".pdf","97663","0.0931","2026-05-11T18:28:23","2026-05-11T18:28:23","PDF"
"RUNTIME","D:\halal_web_runtime","D:\halal_web_runtime\data\mail_downloads\_unmatched\20260508_112744_info@martiankorea.com\attachments\UNMATCHED__002__한길 오토클레이브 카탈로그.pdf","data\mail_downloads\_unmatched\20260508_112744_info@martiankorea.com\attachments\UNMATCHED__002__한길 오토클레이브 카탈로그.pdf","UNMATCHED__002__한길 오토클레이브 카탈로그.pdf",".pdf","448327","0.4276","2026-05-11T18:28:23","2026-05-11T18:28:23","PDF"
"RUNTIME","D:\halal_web_runtime","D:\halal_web_runtime\data\mail_downloads\_unmatched\20260508_112744_info@martiankorea.com\attachments\UNMATCHED__003__20260508-세우 박정현 대리님 비전 오토클레이브 견적서.pdf","data\mail_downloads\_unmatched\20260508_112744_info@martiankorea.com\attachments\UNMATCHED__003__20260508-세우 박정현 대리님 비전 오토클레이브 견적서.pdf","UNMATCHED__003__20260508-세우 박정현 대리님 비전 오토클레이브 견적서.pdf",".pdf","98062","0.0935","2026-05-11T18:28:23","2026-05-11T18:28:23","PDF"
"RUNTIME","D:\halal_web_runtime","D:\halal_web_runtime\data\mail_downloads\_unmatched\20260508_112744_info@martiankorea.com\attachments\UNMATCHED__004__비전 오토클레이브 카탈로그.pdf","data\mail_downloads\_unmatched\20260508_112744_info@martiankorea.com\attachments\UNMATCHED__004__비전 오토클레이브 카탈로그.pdf","UNMATCHED__004__비전 오토클레이브 카탈로그.pdf",".pdf","226764","0.2163","2026-05-11T18:28:23","2026-05-11T18:28:23","PDF"
"RUNTIME","D:\halal_web_runtime","D:\halal_web_runtime\data\mail_downloads\_unmatched\20260508_140043_djh1788@nongshimtk.com\attachments\UNMATCHED__001__농심태경 대구공장_미국 알레르기물질_확인 요청 List_추가요청(2022~2024년 입고분).xlsx","data\mail_downloads\_unmatched\20260508_140043_djh1788@nongshimtk.com\attachments\UNMATCHED__001__농심태경 대구공장_미국 알레르기물질_확인 요청 List_추가요청(2022~2024년 입고분).xlsx","UNMATCHED__001__농심태경 대구공장_미국 알레르기물질_확인 요청 List_추가요청(2022~2024년 입고분).xlsx",".xlsx","54062","0.0516","2026-05-11T17:53:45","2026-05-11T17:53:45","SPREADSHEET"
"RUNTIME","D:\halal_web_runtime","D:\halal_web_runtime\data\mail_downloads\_unmatched\20260508_154659_qc@isaacfood.com\attachments\UNMATCHED__001__(주)팔도_피스타치오_교차오염_확인.xlsx","data\mail_downloads\_unmatched\20260508_154659_qc@isaacfood.com\attachments\UNMATCHED__001__(주)팔도_피스타치오_교차오염_확인.xlsx","UNMATCHED__001__(주)팔도_피스타치오_교차오염_확인.xlsx",".xlsx","45228","0.0431","2026-05-11T17:53:45","2026-05-11T17:53:45","SPREADSHEET"
"RUNTIME","D:\halal_web_runtime","D:\halal_web_runtime\data\mail_downloads\_unmatched\20260508_163058_qc@isaacfood.com\attachments\UNMATCHED__001__피스타치오_함유_및_교차오염_확인표_제품명.xlsx","data\mail_downloads\_unmatched\20260508_163058_qc@isaacfood.com\attachments\UNMATCHED__001__피스타치오_함유_및_교차오염_확인표_제품명.xlsx","UNMATCHED__001__피스타치오_함유_및_교차오염_확인표_제품명.xlsx",".xlsx","13636","0.013","2026-05-11T17:53:45","2026-05-11T17:53:45","SPREADSHEET"
"RUNTIME","D:\halal_web_runtime","D:\halal_web_runtime\data\mail_downloads\_unmatched\20260511_104515_srb_lab@casinbio.co.kr\attachments\UNMATCHED__001__잔류농약 510종 성적서 2025.09.29 올레오레진 생강.pdf","data\mail_downloads\_unmatched\20260511_104515_srb_lab@casinbio.co.kr\attachments\UNMATCHED__001__잔류농약 510종 성적서 2025.09.29 올레오레진 생강.pdf","UNMATCHED__001__잔류농약 510종 성적서 2025.09.29 올레오레진 생강.pdf",".pdf","526723","0.5023","2026-05-11T17:53:44","2026-05-11T17:53:44","PDF"
"RUNTIME","D:\halal_web_runtime","D:\halal_web_runtime\data\mail_downloads\_unmatched\20260511_104515_srb_lab@casinbio.co.kr\attachments\UNMATCHED__002__잔류농약510종성적서 2025.02.21 파프리카추출색소 (스페인) EVESA.pdf","data\mail_downloads\_unmatched\20260511_104515_srb_lab@casinbio.co.kr\attachments\UNMATCHED__002__잔류농약510종성적서 2025.02.21 파프리카추출색소 (스페인) EVESA.pdf","UNMATCHED__002__잔류농약510종성적서 2025.02.21 파프리카추출색소 (스페인) EVESA.pdf",".pdf","1578796","1.5057","2026-05-11T17:53:44","2026-05-11T17:53:44","PDF"
"RUNTIME","D:\halal_web_runtime","D:\halal_web_runtime\data\mail_downloads\_unmatched\20260511_110351_jisulog@dhflour.co.kr\attachments\UNMATCHED__001__260417 자율개선요청서_세우.xlsx","data\mail_downloads\_unmatched\20260511_110351_jisulog@dhflour.co.kr\attachments\UNMATCHED__001__260417 자율개선요청서_세우.xlsx","UNMATCHED__001__260417 자율개선요청서_세우.xlsx",".xlsx","739873","0.7056","2026-05-11T17:53:44","2026-05-11T17:53:44","SPREADSHEET"
"RUNTIME","D:\halal_web_runtime","D:\halal_web_runtime\data\mail_downloads\_unmatched\20260511_112058_whfood@naver.com\attachments\UNMATCHED__001__홍합엑기스NM-2 할랄인증서.pdf","data\mail_downloads\_unmatched\20260511_112058_whfood@naver.com\attachments\UNMATCHED__001__홍합엑기스NM-2 할랄인증서.pdf","UNMATCHED__001__홍합엑기스NM-2 할랄인증서.pdf",".pdf","675817","0.6445","2026-05-11T18:05:01","2026-05-11T18:05:01","PDF"
"RUNTIME","D:\halal_web_runtime","D:\halal_web_runtime\data\mail_downloads\_unmatched\20260511_143139_jaek_ing@naver.com\attachments\UNMATCHED__002__세우 특별방제 결과보고서 (26년 04월).pdf","data\mail_downloads\_unmatched\20260511_143139_jaek_ing@naver.com\attachments\UNMATCHED__002__세우 특별방제 결과보고서 (26년 04월).pdf","UNMATCHED__002__세우 특별방제 결과보고서 (26년 04월).pdf",".pdf","919249","0.8767","2026-05-11T17:37:44","2026-05-11T17:37:44","PDF"
"RUNTIME","D:\halal_web_runtime","D:\halal_web_runtime\data\mail_downloads\_unmatched\20260512_073006_sw200011@daum.net\attachments\UNMATCHED__001__260429_애호박_중금속.pdf","data\mail_downloads\_unmatched\20260512_073006_sw200011@daum.net\attachments\UNMATCHED__001__260429_애호박_중금속.pdf","UNMATCHED__001__260429_애호박_중금속.pdf",".pdf","421149","0.4016","2026-05-12T10:12:13","2026-05-12T10:12:13","PDF"
"RUNTIME","D:\halal_web_runtime","D:\halal_web_runtime\data\mail_downloads\_unmatched\20260512_073006_sw200011@daum.net\attachments\UNMATCHED__002__260429_애호박_510종 잔류농약.pdf","data\mail_downloads\_unmatched\20260512_073006_sw200011@daum.net\attachments\UNMATCHED__002__260429_애호박_510종 잔류농약.pdf","UNMATCHED__002__260429_애호박_510종 잔류농약.pdf",".pdf","434862","0.4147","2026-05-12T10:12:13","2026-05-12T10:12:13","PDF"
"RUNTIME","D:\halal_web_runtime","D:\halal_web_runtime\data\mail_downloads\_unmatched\20260512_084140_eklee34@dongwon.com\attachments\UNMATCHED__001__동원홈푸드신규원료필요양식(25년8월).xlsx","data\mail_downloads\_unmatched\20260512_084140_eklee34@dongwon.com\attachments\UNMATCHED__001__동원홈푸드신규원료필요양식(25년8월).xlsx","UNMATCHED__001__동원홈푸드신규원료필요양식(25년8월).xlsx",".xlsx","74059","0.0706","2026-05-12T10:12:12","2026-05-12T10:12:12","SPREADSHEET"
"RUNTIME","D:\halal_web_runtime","D:\halal_web_runtime\data\mail_downloads\_unmatched\20260512_092713_mins3001@naver.com\attachments\UNMATCHED__001__동원홈푸드신규원료필요양식(25년8월).xlsx","data\mail_downloads\_unmatched\20260512_092713_mins3001@naver.com\attachments\UNMATCHED__001__동원홈푸드신규원료필요양식(25년8월).xlsx","UNMATCHED__001__동원홈푸드신규원료필요양식(25년8월).xlsx",".xlsx","74059","0.0706","2026-05-12T10:12:12","2026-05-12T10:12:12","SPREADSHEET"
"RUNTIME","D:\halal_web_runtime","D:\halal_web_runtime\data\ocr_exports\classification_ready_20260701_163227.csv","data\ocr_exports\classification_ready_20260701_163227.csv","classification_ready_20260701_163227.csv",".csv","11451","0.0109","2026-07-01T16:32:27","2026-07-01T16:32:27","OCR_TRAINING_DATA"
"RUNTIME","D:\halal_web_runtime","D:\halal_web_runtime\data\ocr_exports\filing_candidates_profile_20260701_171625.prof","data\ocr_exports\filing_candidates_profile_20260701_171625.prof","filing_candidates_profile_20260701_171625.prof",".prof","165411","0.1577","2026-07-01T17:17:19","2026-07-01T17:17:19","OCR_TRAINING_DATA"
"RUNTIME","D:\halal_web_runtime","D:\halal_web_runtime\data\ocr_exports\filing_candidates_profile_20260701_172656.prof","data\ocr_exports\filing_candidates_profile_20260701_172656.prof","filing_candidates_profile_20260701_172656.prof",".prof","164447","0.1568","2026-07-01T17:27:03","2026-07-01T17:27:03","OCR_TRAINING_DATA"
"RUNTIME","D:\halal_web_runtime","D:\halal_web_runtime\data\ocr_exports\ocr_data_export_20260602_132303.zip","data\ocr_exports\ocr_data_export_20260602_132303.zip","ocr_data_export_20260602_132303.zip",".zip","1008642","0.9619","2026-06-02T13:23:04","2026-06-02T13:23:04","OCR_TRAINING_DATA"
"RUNTIME","D:\halal_web_runtime","D:\halal_web_runtime\data\ocr_exports\ocr_data_export_20260602_134447.zip","data\ocr_exports\ocr_data_export_20260602_134447.zip","ocr_data_export_20260602_134447.zip",".zip","1008882","0.9621","2026-06-02T13:44:47","2026-06-02T13:44:47","OCR_TRAINING_DATA"
"RUNTIME","D:\halal_web_runtime","D:\halal_web_runtime\data\ocr_exports\ocr_data_export_20260602_141439.zip","data\ocr_exports\ocr_data_export_20260602_141439.zip","ocr_data_export_20260602_141439.zip",".zip","1056505","1.0076","2026-06-02T14:14:39","2026-06-02T14:14:40","OCR_TRAINING_DATA"
"RUNTIME","D:\halal_web_runtime","D:\halal_web_runtime\data\ocr_exports\ocr_data_export_20260602_142418.zip","data\ocr_exports\ocr_data_export_20260602_142418.zip","ocr_data_export_20260602_142418.zip",".zip","1054440","1.0056","2026-06-02T14:24:18","2026-06-02T14:24:18","OCR_TRAINING_DATA"
"RUNTIME","D:\halal_web_runtime","D:\halal_web_runtime\data\ocr_exports\ocr_data_export_20260602_145411.zip","data\ocr_exports\ocr_data_export_20260602_145411.zip","ocr_data_export_20260602_145411.zip",".zip","1055395","1.0065","2026-06-02T14:54:12","2026-06-02T14:54:12","OCR_TRAINING_DATA"
"RUNTIME","D:\halal_web_runtime","D:\halal_web_runtime\data\ocr_exports\ocr_data_export_20260602_145426.zip","data\ocr_exports\ocr_data_export_20260602_145426.zip","ocr_data_export_20260602_145426.zip",".zip","1055394","1.0065","2026-06-02T14:54:26","2026-06-02T14:54:26","OCR_TRAINING_DATA"
"RUNTIME","D:\halal_web_runtime","D:\halal_web_runtime\data\ocr_exports\ocr_data_export_20260602_150445.zip","data\ocr_exports\ocr_data_export_20260602_150445.zip","ocr_data_export_20260602_150445.zip",".zip","1054700","1.0058","2026-06-02T15:04:45","2026-06-02T15:04:46","OCR_TRAINING_DATA"
"RUNTIME","D:\halal_web_runtime","D:\halal_web_runtime\data\ocr_exports\ocr_data_export_20260602_153727.zip","data\ocr_exports\ocr_data_export_20260602_153727.zip","ocr_data_export_20260602_153727.zip",".zip","1054886","1.006","2026-06-02T15:37:27","2026-06-02T15:37:28","OCR_TRAINING_DATA"
"RUNTIME","D:\halal_web_runtime","D:\halal_web_runtime\data\ocr_exports\ocr_data_export_20260602_155144.zip","data\ocr_exports\ocr_data_export_20260602_155144.zip","ocr_data_export_20260602_155144.zip",".zip","1055148","1.0063","2026-06-02T15:51:44","2026-06-02T15:51:44","OCR_TRAINING_DATA"
"RUNTIME","D:\halal_web_runtime","D:\halal_web_runtime\data\ocr_exports\ocr_data_export_20260602_160041.zip","data\ocr_exports\ocr_data_export_20260602_160041.zip","ocr_data_export_20260602_160041.zip",".zip","1056803","1.0078","2026-06-02T16:00:41","2026-06-02T16:00:41","OCR_TRAINING_DATA"
"RUNTIME","D:\halal_web_runtime","D:\halal_web_runtime\data\ocr_exports\ocr_data_export_20260602_160434.zip","data\ocr_exports\ocr_data_export_20260602_160434.zip","ocr_data_export_20260602_160434.zip",".zip","1056803","1.0078","2026-06-02T16:04:34","2026-06-02T16:04:34","OCR_TRAINING_DATA"
"RUNTIME","D:\halal_web_runtime","D:\halal_web_runtime\data\ocr_exports\ocr_data_export_20260603_083850.zip","data\ocr_exports\ocr_data_export_20260603_083850.zip","ocr_data_export_20260603_083850.zip",".zip","1193149","1.1379","2026-06-03T08:38:50","2026-06-03T08:38:50","OCR_TRAINING_DATA"
"RUNTIME","D:\halal_web_runtime","D:\halal_web_runtime\data\ocr_exports\ocr_data_export_20260603_092216.zip","data\ocr_exports\ocr_data_export_20260603_092216.zip","ocr_data_export_20260603_092216.zip",".zip","1286455","1.2269","2026-06-03T09:22:16","2026-06-03T09:22:16","OCR_TRAINING_DATA"
"RUNTIME","D:\halal_web_runtime","D:\halal_web_runtime\data\ocr_exports\ocr_data_export_20260603_105352.zip","data\ocr_exports\ocr_data_export_20260603_105352.zip","ocr_data_export_20260603_105352.zip",".zip","1344415","1.2821","2026-06-03T10:53:52","2026-06-03T10:53:53","OCR_TRAINING_DATA"
"RUNTIME","D:\halal_web_runtime","D:\halal_web_runtime\data\ocr_exports\ocr_data_export_20260604_080645.zip","data\ocr_exports\ocr_data_export_20260604_080645.zip","ocr_data_export_20260604_080645.zip",".zip","1348063","1.2856","2026-06-04T08:06:45","2026-06-04T08:06:45","OCR_TRAINING_DATA"
"RUNTIME","D:\halal_web_runtime","D:\halal_web_runtime\data\ocr_exports\ocr_data_export_20260604_081210.zip","data\ocr_exports\ocr_data_export_20260604_081210.zip","ocr_data_export_20260604_081210.zip",".zip","1347116","1.2847","2026-06-04T08:12:10","2026-06-04T08:12:10","OCR_TRAINING_DATA"
"RUNTIME","D:\halal_web_runtime","D:\halal_web_runtime\data\ocr_exports\ocr_data_export_20260604_131915.zip","data\ocr_exports\ocr_data_export_20260604_131915.zip","ocr_data_export_20260604_131915.zip",".zip","1346460","1.2841","2026-06-04T13:19:15","2026-06-04T13:19:16","OCR_TRAINING_DATA"
"RUNTIME","D:\halal_web_runtime","D:\halal_web_runtime\data\ocr_exports\ocr_data_export_20260605_090136.zip","data\ocr_exports\ocr_data_export_20260605_090136.zip","ocr_data_export_20260605_090136.zip",".zip","1349378","1.2869","2026-06-05T09:01:36","2026-06-05T09:01:36","OCR_TRAINING_DATA"
"RUNTIME","D:\halal_web_runtime","D:\halal_web_runtime\data\ocr_exports\ocr_data_export_20260605_114351.zip","data\ocr_exports\ocr_data_export_20260605_114351.zip","ocr_data_export_20260605_114351.zip",".zip","1349378","1.2869","2026-06-05T11:43:51","2026-06-05T11:43:51","OCR_TRAINING_DATA"
"RUNTIME","D:\halal_web_runtime","D:\halal_web_runtime\data\ocr_exports\ocr_data_export_20260605_114409.zip","data\ocr_exports\ocr_data_export_20260605_114409.zip","ocr_data_export_20260605_114409.zip",".zip","1349379","1.2869","2026-06-05T11:44:10","2026-06-05T11:44:10","OCR_TRAINING_DATA"
"RUNTIME","D:\halal_web_runtime","D:\halal_web_runtime\data\ocr_exports\ocr_data_export_20260605_114435.zip","data\ocr_exports\ocr_data_export_20260605_114435.zip","ocr_data_export_20260605_114435.zip",".zip","1349378","1.2869","2026-06-05T11:44:36","2026-06-05T11:44:36","OCR_TRAINING_DATA"
"RUNTIME","D:\halal_web_runtime","D:\halal_web_runtime\data\ocr_exports\ocr_data_export_20260605_114518.zip","data\ocr_exports\ocr_data_export_20260605_114518.zip","ocr_data_export_20260605_114518.zip",".zip","1349377","1.2869","2026-06-05T11:45:18","2026-06-05T11:45:18","OCR_TRAINING_DATA"
"RUNTIME","D:\halal_web_runtime","D:\halal_web_runtime\data\ocr_exports\ocr_data_export_20260629_102333.zip","data\ocr_exports\ocr_data_export_20260629_102333.zip","ocr_data_export_20260629_102333.zip",".zip","1371667","1.3081","2026-06-29T10:23:33","2026-06-29T10:23:33","OCR_TRAINING_DATA"
"RUNTIME","D:\halal_web_runtime","D:\halal_web_runtime\data\ocr_exports\ocr_manual_review_20260701_163227.csv","data\ocr_exports\ocr_manual_review_20260701_163227.csv","ocr_manual_review_20260701_163227.csv",".csv","4928","0.0047","2026-07-01T16:32:27","2026-07-01T16:32:27","OCR_TRAINING_DATA"
"RUNTIME","D:\halal_web_runtime","D:\halal_web_runtime\data\ocr_exports\ocr_rule_audit_20260701_163227.csv","data\ocr_exports\ocr_rule_audit_20260701_163227.csv","ocr_rule_audit_20260701_163227.csv",".csv","16124","0.0154","2026-07-01T16:32:27","2026-07-01T16:32:27","OCR_TRAINING_DATA"
"RUNTIME","D:\halal_web_runtime","D:\halal_web_runtime\data\ocr_exports\summary.csv","data\ocr_exports\summary.csv","summary.csv",".csv","250806","0.2392","2026-06-05T11:44:10","2026-06-05T11:44:36","OCR_TRAINING_DATA"
"RUNTIME","D:\halal_web_runtime","D:\halal_web_runtime\data\ocr_exports\ocr_data_export_20260602_132303\summary.csv","data\ocr_exports\ocr_data_export_20260602_132303\summary.csv","summary.csv",".csv","232864","0.2221","2026-06-02T13:23:03","2026-06-02T13:23:04","OCR_TRAINING_DATA"
"RUNTIME","D:\halal_web_runtime","D:\halal_web_runtime\data\ocr_exports\ocr_data_export_20260602_134447\summary.csv","data\ocr_exports\ocr_data_export_20260602_134447\summary.csv","summary.csv",".csv","232794","0.222","2026-06-02T13:44:47","2026-06-02T13:44:47","OCR_TRAINING_DATA"
"RUNTIME","D:\halal_web_runtime","D:\halal_web_runtime\data\ocr_exports\ocr_data_export_20260602_141439\summary.csv","data\ocr_exports\ocr_data_export_20260602_141439\summary.csv","summary.csv",".csv","232617","0.2218","2026-06-02T14:14:39","2026-06-02T14:14:39","OCR_TRAINING_DATA"
"RUNTIME","D:\halal_web_runtime","D:\halal_web_runtime\data\ocr_exports\ocr_data_export_20260602_142418\summary.csv","data\ocr_exports\ocr_data_export_20260602_142418\summary.csv","summary.csv",".csv","232509","0.2217","2026-06-02T14:24:18","2026-06-02T14:24:18","OCR_TRAINING_DATA"
"RUNTIME","D:\halal_web_runtime","D:\halal_web_runtime\data\ocr_exports\ocr_data_export_20260602_145411\summary.csv","data\ocr_exports\ocr_data_export_20260602_145411\summary.csv","summary.csv",".csv","232473","0.2217","2026-06-02T14:54:12","2026-06-02T14:54:12","OCR_TRAINING_DATA"
"RUNTIME","D:\halal_web_runtime","D:\halal_web_runtime\data\ocr_exports\ocr_data_export_20260602_145426\summary.csv","data\ocr_exports\ocr_data_export_20260602_145426\summary.csv","summary.csv",".csv","232473","0.2217","2026-06-02T14:54:26","2026-06-02T14:54:26","OCR_TRAINING_DATA"
"RUNTIME","D:\halal_web_runtime","D:\halal_web_runtime\data\ocr_exports\ocr_data_export_20260602_150445\summary.csv","data\ocr_exports\ocr_data_export_20260602_150445\summary.csv","summary.csv",".csv","232437","0.2217","2026-06-02T15:04:45","2026-06-02T15:04:45","OCR_TRAINING_DATA"
"RUNTIME","D:\halal_web_runtime","D:\halal_web_runtime\data\ocr_exports\ocr_data_export_20260602_153727\summary.csv","data\ocr_exports\ocr_data_export_20260602_153727\summary.csv","summary.csv",".csv","230475","0.2198","2026-06-02T15:37:27","2026-06-02T15:37:27","OCR_TRAINING_DATA"
"RUNTIME","D:\halal_web_runtime","D:\halal_web_runtime\data\ocr_exports\ocr_data_export_20260602_155144\summary.csv","data\ocr_exports\ocr_data_export_20260602_155144\summary.csv","summary.csv",".csv","229975","0.2193","2026-06-02T15:51:44","2026-06-02T15:51:44","OCR_TRAINING_DATA"
"RUNTIME","D:\halal_web_runtime","D:\halal_web_runtime\data\ocr_exports\ocr_data_export_20260602_160041\summary.csv","data\ocr_exports\ocr_data_export_20260602_160041\summary.csv","summary.csv",".csv","229314","0.2187","2026-06-02T16:00:41","2026-06-02T16:00:41","OCR_TRAINING_DATA"
"RUNTIME","D:\halal_web_runtime","D:\halal_web_runtime\data\ocr_exports\ocr_data_export_20260602_160434\summary.csv","data\ocr_exports\ocr_data_export_20260602_160434\summary.csv","summary.csv",".csv","229314","0.2187","2026-06-02T16:04:34","2026-06-02T16:04:34","OCR_TRAINING_DATA"
"RUNTIME","D:\halal_web_runtime","D:\halal_web_runtime\data\ocr_exports\ocr_data_export_20260603_083850\summary.csv","data\ocr_exports\ocr_data_export_20260603_083850\summary.csv","summary.csv",".csv","245149","0.2338","2026-06-03T08:38:50","2026-06-03T08:38:50","OCR_TRAINING_DATA"
"RUNTIME","D:\halal_web_runtime","D:\halal_web_runtime\data\ocr_exports\ocr_data_export_20260603_092216\summary.csv","data\ocr_exports\ocr_data_export_20260603_092216\summary.csv","summary.csv",".csv","263209","0.251","2026-06-03T09:22:16","2026-06-03T09:22:16","OCR_TRAINING_DATA"
"RUNTIME","D:\halal_web_runtime","D:\halal_web_runtime\data\ocr_exports\ocr_data_export_20260603_105352\summary.csv","data\ocr_exports\ocr_data_export_20260603_105352\summary.csv","summary.csv",".csv","247719","0.2362","2026-06-03T10:53:52","2026-06-03T10:53:52","OCR_TRAINING_DATA"
"RUNTIME","D:\halal_web_runtime","D:\halal_web_runtime\data\ocr_exports\ocr_data_export_20260604_080645\summary.csv","data\ocr_exports\ocr_data_export_20260604_080645\summary.csv","summary.csv",".csv","248935","0.2374","2026-06-04T08:06:45","2026-06-04T08:06:45","OCR_TRAINING_DATA"
"RUNTIME","D:\halal_web_runtime","D:\halal_web_runtime\data\ocr_exports\ocr_data_export_20260604_081210\summary.csv","data\ocr_exports\ocr_data_export_20260604_081210\summary.csv","summary.csv",".csv","250232","0.2386","2026-06-04T08:12:10","2026-06-04T08:12:10","OCR_TRAINING_DATA"
"RUNTIME","D:\halal_web_runtime","D:\halal_web_runtime\data\ocr_exports\ocr_data_export_20260604_131915\summary.csv","data\ocr_exports\ocr_data_export_20260604_131915\summary.csv","summary.csv",".csv","249678","0.2381","2026-06-04T13:19:15","2026-06-04T13:19:15","OCR_TRAINING_DATA"
"RUNTIME","D:\halal_web_runtime","D:\halal_web_runtime\data\ocr_exports\ocr_data_export_20260605_090136\summary.csv","data\ocr_exports\ocr_data_export_20260605_090136\summary.csv","summary.csv",".csv","250806","0.2392","2026-06-05T09:01:36","2026-06-05T09:01:36","OCR_TRAINING_DATA"
"RUNTIME","D:\halal_web_runtime","D:\halal_web_runtime\data\ocr_exports\ocr_data_export_20260605_114351\summary.csv","data\ocr_exports\ocr_data_export_20260605_114351\summary.csv","summary.csv",".csv","250806","0.2392","2026-06-05T11:43:51","2026-06-05T11:43:51","OCR_TRAINING_DATA"
"RUNTIME","D:\halal_web_runtime","D:\halal_web_runtime\data\ocr_exports\ocr_data_export_20260605_114409\summary.csv","data\ocr_exports\ocr_data_export_20260605_114409\summary.csv","summary.csv",".csv","250806","0.2392","2026-06-05T11:44:10","2026-06-05T11:44:10","OCR_TRAINING_DATA"
"RUNTIME","D:\halal_web_runtime","D:\halal_web_runtime\data\ocr_exports\ocr_data_export_20260605_114435\summary.csv","data\ocr_exports\ocr_data_export_20260605_114435\summary.csv","summary.csv",".csv","250806","0.2392","2026-06-05T11:44:35","2026-06-05T11:44:36","OCR_TRAINING_DATA"
"RUNTIME","D:\halal_web_runtime","D:\halal_web_runtime\data\ocr_exports\ocr_data_export_20260605_114518\summary.csv","data\ocr_exports\ocr_data_export_20260605_114518\summary.csv","summary.csv",".csv","250806","0.2392","2026-06-05T11:45:18","2026-06-05T11:45:18","OCR_TRAINING_DATA"
"RUNTIME","D:\halal_web_runtime","D:\halal_web_runtime\data\ocr_exports\ocr_data_export_20260629_102333\summary.csv","data\ocr_exports\ocr_data_export_20260629_102333\summary.csv","summary.csv",".csv","255793","0.2439","2026-06-29T10:23:33","2026-06-29T10:23:33","OCR_TRAINING_DATA"
"RUNTIME","D:\halal_web_runtime","D:\halal_web_runtime\data\ocr_test_uploads\20260518_160434_109270\126. Seafood Seasoning Paste-S(Naturals)[MUI_2028-08-13]내.pdf","data\ocr_test_uploads\20260518_160434_109270\126. Seafood Seasoning Paste-S(Naturals)[MUI_2028-08-13]내.pdf","126. Seafood Seasoning Paste-S(Naturals)[MUI_2028-08-13]내.pdf",".pdf","145845","0.1391","2026-05-18T16:04:34","2026-05-18T16:04:34","PDF"
"RUNTIME","D:\halal_web_runtime","D:\halal_web_runtime\data\ocr_test_uploads\20260518_160434_359891\130_7. FIRMTEX(INGREDIO)[IFANCA_2025-09-30]G.pdf","data\ocr_test_uploads\20260518_160434_359891\130_7. FIRMTEX(INGREDIO)[IFANCA_2025-09-30]G.pdf","130_7. FIRMTEX(INGREDIO)[IFANCA_2025-09-30]G.pdf",".pdf","5820848","5.5512","2026-05-18T16:04:34","2026-05-18T16:04:34","PDF"
"RUNTIME","D:\halal_web_runtime","D:\halal_web_runtime\data\ocr_test_uploads\20260518_160434_591334\132. Paprika OLEORSIN-HFCE(2024-10-31).pdf","data\ocr_test_uploads\20260518_160434_591334\132. Paprika OLEORSIN-HFCE(2024-10-31).pdf","132. Paprika OLEORSIN-HFCE(2024-10-31).pdf",".pdf","1092451","1.0418","2026-05-18T16:04:34","2026-05-18T16:04:34","PDF"
"RUNTIME","D:\halal_web_runtime","D:\halal_web_runtime\data\ocr_test_uploads\20260518_160434_985594\110_1_4. Dextrozyme(Novozyme)[HQC_2028-07-01]대.pdf","data\ocr_test_uploads\20260518_160434_985594\110_1_4. Dextrozyme(Novozyme)[HQC_2028-07-01]대.pdf","110_1_4. Dextrozyme(Novozyme)[HQC_2028-07-01]대.pdf",".pdf","700682","0.6682","2026-05-18T16:04:34","2026-05-18T16:04:34","PDF"
"RUNTIME","D:\halal_web_runtime","D:\halal_web_runtime\data\ocr_test_uploads\20260518_160435_330322\117. Non-GMO Soybean Meal(Zeeland)[IFANCA_2026-05-31]타.pdf","data\ocr_test_uploads\20260518_160435_330322\117. Non-GMO Soybean Meal(Zeeland)[IFANCA_2026-05-31]타.pdf","117. Non-GMO Soybean Meal(Zeeland)[IFANCA_2026-05-31]타.pdf",".pdf","287594","0.2743","2026-05-18T16:04:35","2026-05-18T16:04:35","PDF"
"RUNTIME","D:\halal_web_runtime","D:\halal_web_runtime\data\ocr_test_uploads\20260518_160435_494647\119. Oleoresin Capsicum-HFCE(2024-10-31).pdf","data\ocr_test_uploads\20260518_160435_494647\119. Oleoresin Capsicum-HFCE(2024-10-31).pdf","119. Oleoresin Capsicum-HFCE(2024-10-31).pdf",".pdf","1092451","1.0418","2026-05-18T16:04:35","2026-05-18T16:04:35","PDF"
"RUNTIME","D:\halal_web_runtime","D:\halal_web_runtime\data\ocr_test_uploads\20260518_160435_717429\120. Paprika OLEORSIN(EVESA)[HFQ_2026-04-10]T.pdf","data\ocr_test_uploads\20260518_160435_717429\120. Paprika OLEORSIN(EVESA)[HFQ_2026-04-10]T.pdf","120. Paprika OLEORSIN(EVESA)[HFQ_2026-04-10]T.pdf",".pdf","677084","0.6457","2026-05-18T16:04:35","2026-05-18T16:04:35","PDF"
"RUNTIME","D:\halal_web_runtime","D:\halal_web_runtime\data\ocr_test_uploads\20260518_160435_946128\122. Protease-Promod 278 MDP)(BIOCATAL)[HQC_2026-04-15]B.pdf","data\ocr_test_uploads\20260518_160435_946128\122. Protease-Promod 278 MDP)(BIOCATAL)[HQC_2026-04-15]B.pdf","122. Protease-Promod 278 MDP)(BIOCATAL)[HQC_2026-04-15]B.pdf",".pdf","777855","0.7418","2026-05-18T16:04:35","2026-05-18T16:04:35","PDF"
"RUNTIME","D:\halal_web_runtime","D:\halal_web_runtime\data\ocr_test_uploads\20260518_160436_159639\124. Flo-max 8(blend)(NATIONAL)[CICOT_2025-09-19].pdf","data\ocr_test_uploads\20260518_160436_159639\124. Flo-max 8(blend)(NATIONAL)[CICOT_2025-09-19].pdf","124. Flo-max 8(blend)(NATIONAL)[CICOT_2025-09-19].pdf",".pdf","227887","0.2173","2026-05-18T16:04:36","2026-05-18T16:04:36","PDF"
"RUNTIME","D:\halal_web_runtime","D:\halal_web_runtime\data\ocr_test_uploads\20260518_160506_146381\117. Non-GMO Soybean Meal(Zeeland)[IFANCA_2026-05-31]타.pdf","data\ocr_test_uploads\20260518_160506_146381\117. Non-GMO Soybean Meal(Zeeland)[IFANCA_2026-05-31]타.pdf","117. Non-GMO Soybean Meal(Zeeland)[IFANCA_2026-05-31]타.pdf",".pdf","287594","0.2743","2026-05-18T16:05:06","2026-05-18T16:05:06","PDF"
"RUNTIME","D:\halal_web_runtime","D:\halal_web_runtime\data\ocr_test_uploads\20260518_160506_292921\119. Oleoresin Capsicum-HFCE(2024-10-31).pdf","data\ocr_test_uploads\20260518_160506_292921\119. Oleoresin Capsicum-HFCE(2024-10-31).pdf","119. Oleoresin Capsicum-HFCE(2024-10-31).pdf",".pdf","1092451","1.0418","2026-05-18T16:05:06","2026-05-18T16:05:06","PDF"
"RUNTIME","D:\halal_web_runtime","D:\halal_web_runtime\data\ocr_test_uploads\20260518_160506_419033\120. Paprika OLEORSIN(EVESA)[HFQ_2026-04-10]T.pdf","data\ocr_test_uploads\20260518_160506_419033\120. Paprika OLEORSIN(EVESA)[HFQ_2026-04-10]T.pdf","120. Paprika OLEORSIN(EVESA)[HFQ_2026-04-10]T.pdf",".pdf","677084","0.6457","2026-05-18T16:05:06","2026-05-18T16:05:06","PDF"
"RUNTIME","D:\halal_web_runtime","D:\halal_web_runtime\data\ocr_test_uploads\20260518_160506_591842\122. Protease-Promod 278 MDP)(BIOCATAL)[HQC_2026-04-15]B.pdf","data\ocr_test_uploads\20260518_160506_591842\122. Protease-Promod 278 MDP)(BIOCATAL)[HQC_2026-04-15]B.pdf","122. Protease-Promod 278 MDP)(BIOCATAL)[HQC_2026-04-15]B.pdf",".pdf","777855","0.7418","2026-05-18T16:05:06","2026-05-18T16:05:06","PDF"
"RUNTIME","D:\halal_web_runtime","D:\halal_web_runtime\data\ocr_test_uploads\20260518_160506_769692\124. Flo-max 8(blend)(NATIONAL)[CICOT_2025-09-19].pdf","data\ocr_test_uploads\20260518_160506_769692\124. Flo-max 8(blend)(NATIONAL)[CICOT_2025-09-19].pdf","124. Flo-max 8(blend)(NATIONAL)[CICOT_2025-09-19].pdf",".pdf","227887","0.2173","2026-05-18T16:05:06","2026-05-18T16:05:06","PDF"
"RUNTIME","D:\halal_web_runtime","D:\halal_web_runtime\data\ocr_test_uploads\20260518_160507_824190\126. Seafood Seasoning Paste-S(Naturals)[MUI_2028-08-13]내.pdf","data\ocr_test_uploads\20260518_160507_824190\126. Seafood Seasoning Paste-S(Naturals)[MUI_2028-08-13]내.pdf","126. Seafood Seasoning Paste-S(Naturals)[MUI_2028-08-13]내.pdf",".pdf","145845","0.1391","2026-05-18T16:05:07","2026-05-18T16:05:07","PDF"
"RUNTIME","D:\halal_web_runtime","D:\halal_web_runtime\data\ocr_test_uploads\20260518_160507_997068\130_7. FIRMTEX(INGREDIO)[IFANCA_2025-09-30]G.pdf","data\ocr_test_uploads\20260518_160507_997068\130_7. FIRMTEX(INGREDIO)[IFANCA_2025-09-30]G.pdf","130_7. FIRMTEX(INGREDIO)[IFANCA_2025-09-30]G.pdf",".pdf","5820848","5.5512","2026-05-18T16:05:07","2026-05-18T16:05:08","PDF"
"RUNTIME","D:\halal_web_runtime","D:\halal_web_runtime\data\ocr_test_uploads\20260518_160508_179336\132. Paprika OLEORSIN-HFCE(2024-10-31).pdf","data\ocr_test_uploads\20260518_160508_179336\132. Paprika OLEORSIN-HFCE(2024-10-31).pdf","132. Paprika OLEORSIN-HFCE(2024-10-31).pdf",".pdf","1092451","1.0418","2026-05-18T16:05:08","2026-05-18T16:05:08","PDF"
"RUNTIME","D:\halal_web_runtime","D:\halal_web_runtime\data\ocr_test_uploads\20260518_160508_360332\135. Flo-max 8(blend)-CICOT(2024-09-19).pdf","data\ocr_test_uploads\20260518_160508_360332\135. Flo-max 8(blend)-CICOT(2024-09-19).pdf","135. Flo-max 8(blend)-CICOT(2024-09-19).pdf",".pdf","1677022","1.5993","2026-05-18T16:05:08","2026-05-18T16:05:08","PDF"
"RUNTIME","D:\halal_web_runtime","D:\halal_web_runtime\data\ocr_test_uploads\20260518_160510_789161\136_1. FATTY ACIDS(lOI)[JAKIM_2029-05-15]비.pdf","data\ocr_test_uploads\20260518_160510_789161\136_1. FATTY ACIDS(lOI)[JAKIM_2029-05-15]비.pdf","136_1. FATTY ACIDS(lOI)[JAKIM_2029-05-15]비.pdf",".pdf","473911","0.452","2026-05-18T16:05:10","2026-05-18T16:05:10","PDF"
"RUNTIME","D:\halal_web_runtime","D:\halal_web_runtime\data\ocr_test_uploads\20260518_160512_619175\151. KREATIONⓡKE8-CICOT(2023-10-14).pdf","data\ocr_test_uploads\20260518_160512_619175\151. KREATIONⓡKE8-CICOT(2023-10-14).pdf","151. KREATIONⓡKE8-CICOT(2023-10-14).pdf",".pdf","1518587","1.4482","2026-05-18T16:05:12","2026-05-18T16:05:12","PDF"
"RUNTIME","D:\halal_web_runtime","D:\halal_web_runtime\data\ocr_test_uploads\20260518_160514_415165\155. Beef Type Flavor(Givaudan)[IFANCA_2026-05-31]G.pdf","data\ocr_test_uploads\20260518_160514_415165\155. Beef Type Flavor(Givaudan)[IFANCA_2026-05-31]G.pdf","155. Beef Type Flavor(Givaudan)[IFANCA_2026-05-31]G.pdf",".pdf","141942","0.1354","2026-05-18T16:05:14","2026-05-18T16:05:14","PDF"
"RUNTIME","D:\halal_web_runtime","D:\halal_web_runtime\data\ocr_test_uploads\20260518_160514_500181\162-1.Crude Rice Bran Oil,WILMAR AGRO VIETNAM COMPANY LIMITED社-Halal Certification Agency (HCA)(2021-07-31).pdf","data\ocr_test_uploads\20260518_160514_500181\162-1.Crude Rice Bran Oil,WILMAR AGRO VIETNAM COMPANY LIMITED社-Halal Certification Agency (HCA)(2021-07-31).pdf","162-1.Crude Rice Bran Oil,WILMAR AGRO VIETNAM COMPANY LIMITED社-Halal Certification Agency (HCA)(2021-07-31).pdf",".pdf","69159","0.066","2026-05-18T16:05:14","2026-05-18T16:05:14","PDF"
"RUNTIME","D:\halal_web_runtime","D:\halal_web_runtime\data\ocr_test_uploads\20260518_160515_069435\165_8. Potassium sulfate(K+S)[HALAL CONTROL_2026-08-15].pdf","data\ocr_test_uploads\20260518_160515_069435\165_8. Potassium sulfate(K+S)[HALAL CONTROL_2026-08-15].pdf","165_8. Potassium sulfate(K+S)[HALAL CONTROL_2026-08-15].pdf",".pdf","313444","0.2989","2026-05-18T16:05:15","2026-05-18T16:05:15","PDF"
"RUNTIME","D:\halal_web_runtime","D:\halal_web_runtime\data\ocr_test_uploads\20260518_160515_225641\167. KRATIONⓡKE8(SIAM)[CICOT_2025-10-14]마.pdf","data\ocr_test_uploads\20260518_160515_225641\167. KRATIONⓡKE8(SIAM)[CICOT_2025-10-14]마.pdf","167. KRATIONⓡKE8(SIAM)[CICOT_2025-10-14]마.pdf",".pdf","1897092","1.8092","2026-05-18T16:05:15","2026-05-18T16:05:15","PDF"
"RUNTIME","D:\halal_web_runtime","D:\halal_web_runtime\data\ocr_test_uploads\20260518_160515_350673\168. Beef Type Flavor-IFANCA(2024-05-31).pdf","data\ocr_test_uploads\20260518_160515_350673\168. Beef Type Flavor-IFANCA(2024-05-31).pdf","168. Beef Type Flavor-IFANCA(2024-05-31).pdf",".pdf","233409","0.2226","2026-05-18T16:05:15","2026-05-18T16:05:15","PDF"
"RUNTIME","D:\halal_web_runtime","D:\halal_web_runtime\data\ocr_test_uploads\20260518_160515_453081\220217 HEBEI HUAYANG BPJPH HALAL 인증서 프롤린 글루타민 메티오닌.pdf","data\ocr_test_uploads\20260518_160515_453081\220217 HEBEI HUAYANG BPJPH HALAL 인증서 프롤린 글루타민 메티오닌.pdf","220217 HEBEI HUAYANG BPJPH HALAL 인증서 프롤린 글루타민 메티오닌.pdf",".pdf","638591","0.609","2026-05-18T16:05:15","2026-05-18T16:05:15","PDF"
"RUNTIME","D:\halal_web_runtime","D:\halal_web_runtime\data\ocr_test_uploads\20260518_160515_593314\220908 Dextrin_BPJPH(YISHIU DADI).pdf","data\ocr_test_uploads\20260518_160515_593314\220908 Dextrin_BPJPH(YISHIU DADI).pdf","220908 Dextrin_BPJPH(YISHIU DADI).pdf",".pdf","415711","0.3965","2026-05-18T16:05:15","2026-05-18T16:05:15","PDF"
"RUNTIME","D:\halal_web_runtime","D:\halal_web_runtime\data\ocr_test_uploads\20260518_160515_776193\230525 BPJPH_NOVOZYMES(CHINA) 카라멜 하이드롤 하부.pdf","data\ocr_test_uploads\20260518_160515_776193\230525 BPJPH_NOVOZYMES(CHINA) 카라멜 하이드롤 하부.pdf","230525 BPJPH_NOVOZYMES(CHINA) 카라멜 하이드롤 하부.pdf",".pdf","1049784","1.0012","2026-05-18T16:05:15","2026-05-18T16:05:15","PDF"
"RUNTIME","D:\halal_web_runtime","D:\halal_web_runtime\data\ocr_test_uploads\20260518_160515_923768\20250624_150528_2_3023462 halal IFANCA US EN 20250609.pdf","data\ocr_test_uploads\20260518_160515_923768\20250624_150528_2_3023462 halal IFANCA US EN 20250609.pdf","20250624_150528_2_3023462 halal IFANCA US EN 20250609.pdf",".pdf","141942","0.1354","2026-05-18T16:05:15","2026-05-18T16:05:15","PDF"
"RUNTIME","D:\halal_web_runtime","D:\halal_web_runtime\data\ocr_test_uploads\20260518_160516_029868\20250703_072436_16_Halal certificate (HQC)_ Food & Beverage products (Novozymes DK)_2021-08077.pdf","data\ocr_test_uploads\20260518_160516_029868\20250703_072436_16_Halal certificate (HQC)_ Food & Beverage products (Novozymes DK)_2021-08077.pdf","20250703_072436_16_Halal certificate (HQC)_ Food & Beverage products (Novozymes DK)_2021-08077.pdf",".pdf","727134","0.6934","2026-05-18T16:05:16","2026-05-18T16:05:16","PDF"
"RUNTIME","D:\halal_web_runtime","D:\halal_web_runtime\data\ocr_test_uploads\20260518_160516_181570\20250703_072437_23_Halal certificate (HQC)_ Food & Beverage products (Novozymes DK)_2021-08077.pdf","data\ocr_test_uploads\20260518_160516_181570\20250703_072437_23_Halal certificate (HQC)_ Food & Beverage products (Novozymes DK)_2021-08077.pdf","20250703_072437_23_Halal certificate (HQC)_ Food & Beverage products (Novozymes DK)_2021-08077.pdf",".pdf","727134","0.6934","2026-05-18T16:05:16","2026-05-18T16:05:16","PDF"
"RUNTIME","D:\halal_web_runtime","D:\halal_web_runtime\data\ocr_test_uploads\20260518_160516_343845\DF - Halal HQC certificate (301125).pdf","data\ocr_test_uploads\20260518_160516_343845\DF - Halal HQC certificate (301125).pdf","DF - Halal HQC certificate (301125).pdf",".pdf","1219313","1.1628","2026-05-18T16:05:16","2026-05-18T16:05:16","PDF"
"RUNTIME","D:\halal_web_runtime","D:\halal_web_runtime\data\ocr_test_uploads\20260518_160516_697735\TQHCC-BPJPH 인증서 Sertifikat Akreditasi Halal Correct Germany.pdf","data\ocr_test_uploads\20260518_160516_697735\TQHCC-BPJPH 인증서 Sertifikat Akreditasi Halal Correct Germany.pdf","TQHCC-BPJPH 인증서 Sertifikat Akreditasi Halal Correct Germany.pdf",".pdf","1986266","1.8943","2026-05-18T16:05:16","2026-05-18T16:05:16","PDF"
"RUNTIME","D:\halal_web_runtime","D:\halal_web_runtime\data\ocr_test_uploads\20260518_160516_833039\비타셀L600-HFFIA_2023-09-30.pdf","data\ocr_test_uploads\20260518_160516_833039\비타셀L600-HFFIA_2023-09-30.pdf","비타셀L600-HFFIA_2023-09-30.pdf",".pdf","1152711","1.0993","2026-05-18T16:05:16","2026-05-18T16:05:16","PDF"
"RUNTIME","D:\halal_web_runtime","D:\halal_web_runtime\data\ocr_test_uploads\20260518_160517_633972\슈가시럽-Halal Control - Halal- Zertifikat - Südzucker - gültig bis 13.12.2018 (1).pdf","data\ocr_test_uploads\20260518_160517_633972\슈가시럽-Halal Control - Halal- Zertifikat - Südzucker - gültig bis 13.12.2018 (1).pdf","슈가시럽-Halal Control - Halal- Zertifikat - Südzucker - gültig bis 13.12.2018 (1).pdf",".pdf","192317","0.1834","2026-05-18T16:05:17","2026-05-18T16:05:17","PDF"
"RUNTIME","D:\halal_web_runtime","D:\halal_web_runtime\data\ocr_test_uploads\20260518_160517_806438\슈가시럽-Halal Quality Control - Halal Zertifikat - SÜDZUCKER Karasirup - gültig bis 12.12.2022.pdf","data\ocr_test_uploads\20260518_160517_806438\슈가시럽-Halal Quality Control - Halal Zertifikat - SÜDZUCKER Karasirup - gültig bis 12.12.2022.pdf","슈가시럽-Halal Quality Control - Halal Zertifikat - SÜDZUCKER Karasirup - gültig bis 12.12.2022.pdf",".pdf","1141610","1.0887","2026-05-18T16:05:17","2026-05-18T16:05:17","PDF"
"RUNTIME","D:\halal_web_runtime","D:\halal_web_runtime\data\ocr_test_uploads\20260518_160518_127030\1-1-7. Disodium Succinate-JMA(2022-08-11).pdf","data\ocr_test_uploads\20260518_160518_127030\1-1-7. Disodium Succinate-JMA(2022-08-11).pdf","1-1-7. Disodium Succinate-JMA(2022-08-11).pdf",".pdf","374177","0.3568","2026-05-18T16:05:18","2026-05-18T16:05:18","PDF"
"RUNTIME","D:\halal_web_runtime","D:\halal_web_runtime\data\ocr_test_uploads\20260518_160518_819454\9. Dehydrated Potatoes-Flakes(Oregon)[ISA_2025-12-31]W.pdf","data\ocr_test_uploads\20260518_160518_819454\9. Dehydrated Potatoes-Flakes(Oregon)[ISA_2025-12-31]W.pdf","9. Dehydrated Potatoes-Flakes(Oregon)[ISA_2025-12-31]W.pdf",".pdf","77749","0.0741","2026-05-18T16:05:18","2026-05-18T16:05:18","PDF"
"RUNTIME","D:\halal_web_runtime","D:\halal_web_runtime\data\ocr_test_uploads\20260518_160518_921757\11-1. Propylene Glygol USPEP-CICOT(2023-05-01).pdf","data\ocr_test_uploads\20260518_160518_921757\11-1. Propylene Glygol USPEP-CICOT(2023-05-01).pdf","11-1. Propylene Glygol USPEP-CICOT(2023-05-01).pdf",".pdf","519824","0.4957","2026-05-18T16:05:18","2026-05-18T16:05:18","PDF"
"RUNTIME","D:\halal_web_runtime","D:\halal_web_runtime\data\ocr_test_uploads\20260518_160521_025317\11-3-3.MM100FK,Mafco Worldwide LLC-ISA(19-12-31).pdf","data\ocr_test_uploads\20260518_160521_025317\11-3-3.MM100FK,Mafco Worldwide LLC-ISA(19-12-31).pdf","11-3-3.MM100FK,Mafco Worldwide LLC-ISA(19-12-31).pdf",".pdf","537163","0.5123","2026-05-18T16:05:21","2026-05-18T16:05:21","PDF"
"RUNTIME","D:\halal_web_runtime","D:\halal_web_runtime\data\ocr_test_uploads\20260518_160521_639081\11-3-3.MM100FK,Mafco Worldwide LLC社-ISA(2021-12-31).pdf","data\ocr_test_uploads\20260518_160521_639081\11-3-3.MM100FK,Mafco Worldwide LLC社-ISA(2021-12-31).pdf","11-3-3.MM100FK,Mafco Worldwide LLC社-ISA(2021-12-31).pdf",".pdf","766544","0.731","2026-05-18T16:05:21","2026-05-18T16:05:21","PDF"
"RUNTIME","D:\halal_web_runtime","D:\halal_web_runtime\data\ocr_test_uploads\20260518_160521_758448\16. Ground Cassia-Cinnamon(LONG)[HCA_2025-10-09]M.pdf","data\ocr_test_uploads\20260518_160521_758448\16. Ground Cassia-Cinnamon(LONG)[HCA_2025-10-09]M.pdf","16. Ground Cassia-Cinnamon(LONG)[HCA_2025-10-09]M.pdf",".pdf","1042573","0.9943","2026-05-18T16:05:21","2026-05-18T16:05:21","PDF"
"RUNTIME","D:\halal_web_runtime","D:\halal_web_runtime\data\ocr_test_uploads\20260518_160521_887092\21-1.MCT OIL,DANIDCO MALAYSIA SDN BHD社-JAKIM(2022-09-30).pdf","data\ocr_test_uploads\20260518_160521_887092\21-1.MCT OIL,DANIDCO MALAYSIA SDN BHD社-JAKIM(2022-09-30).pdf","21-1.MCT OIL,DANIDCO MALAYSIA SDN BHD社-JAKIM(2022-09-30).pdf",".pdf","1252703","1.1947","2026-05-18T16:05:21","2026-05-18T16:05:21","PDF"
"RUNTIME","D:\halal_web_runtime","D:\halal_web_runtime\data\ocr_test_uploads\20260518_160523_806558\117. Non-GMO Soybean Meal(Zeeland)[IFANCA_2026-05-31]타.pdf","data\ocr_test_uploads\20260518_160523_806558\117. Non-GMO Soybean Meal(Zeeland)[IFANCA_2026-05-31]타.pdf","117. Non-GMO Soybean Meal(Zeeland)[IFANCA_2026-05-31]타.pdf",".pdf","287594","0.2743","2026-05-18T16:05:23","2026-05-18T16:05:23","PDF"
"RUNTIME","D:\halal_web_runtime","D:\halal_web_runtime\data\ocr_test_uploads\20260518_160523_921280\119. Oleoresin Capsicum-HFCE(2024-10-31).pdf","data\ocr_test_uploads\20260518_160523_921280\119. Oleoresin Capsicum-HFCE(2024-10-31).pdf","119. Oleoresin Capsicum-HFCE(2024-10-31).pdf",".pdf","1092451","1.0418","2026-05-18T16:05:23","2026-05-18T16:05:23","PDF"
"RUNTIME","D:\halal_web_runtime","D:\halal_web_runtime\data\ocr_test_uploads\20260518_160524_035811\120. Paprika OLEORSIN(EVESA)[HFQ_2026-04-10]T.pdf","data\ocr_test_uploads\20260518_160524_035811\120. Paprika OLEORSIN(EVESA)[HFQ_2026-04-10]T.pdf","120. Paprika OLEORSIN(EVESA)[HFQ_2026-04-10]T.pdf",".pdf","677084","0.6457","2026-05-18T16:05:24","2026-05-18T16:05:24","PDF"
"RUNTIME","D:\halal_web_runtime","D:\halal_web_runtime\data\ocr_test_uploads\20260518_160524_542350\122. Protease-Promod 278 MDP)(BIOCATAL)[HQC_2026-04-15]B.pdf","data\ocr_test_uploads\20260518_160524_542350\122. Protease-Promod 278 MDP)(BIOCATAL)[HQC_2026-04-15]B.pdf","122. Protease-Promod 278 MDP)(BIOCATAL)[HQC_2026-04-15]B.pdf",".pdf","777855","0.7418","2026-05-18T16:05:24","2026-05-18T16:05:24","PDF"
"RUNTIME","D:\halal_web_runtime","D:\halal_web_runtime\data\ocr_test_uploads\20260518_160524_702127\124. Flo-max 8(blend)(NATIONAL)[CICOT_2025-09-19].pdf","data\ocr_test_uploads\20260518_160524_702127\124. Flo-max 8(blend)(NATIONAL)[CICOT_2025-09-19].pdf","124. Flo-max 8(blend)(NATIONAL)[CICOT_2025-09-19].pdf",".pdf","227887","0.2173","2026-05-18T16:05:24","2026-05-18T16:05:24","PDF"
"RUNTIME","D:\halal_web_runtime","D:\halal_web_runtime\data\ocr_test_uploads\20260518_160525_214670\32_1. Non-GMO Crude Soybean oil(Bunge)[HFCE_2026-09-30]롯.pdf","data\ocr_test_uploads\20260518_160525_214670\32_1. Non-GMO Crude Soybean oil(Bunge)[HFCE_2026-09-30]롯.pdf","32_1. Non-GMO Crude Soybean oil(Bunge)[HFCE_2026-09-30]롯.pdf",".pdf","223913","0.2135","2026-05-18T16:05:25","2026-05-18T16:05:25","PDF"
"RUNTIME","D:\halal_web_runtime","D:\halal_web_runtime\data\ocr_test_uploads\20260518_160525_586780\34. Maltodextrin Glucose syrup solids(SANSOON)[JAKIM_2026-03-15]한.pdf","data\ocr_test_uploads\20260518_160525_586780\34. Maltodextrin Glucose syrup solids(SANSOON)[JAKIM_2026-03-15]한.pdf","34. Maltodextrin Glucose syrup solids(SANSOON)[JAKIM_2026-03-15]한.pdf",".pdf","629225","0.6001","2026-05-18T16:05:25","2026-05-18T16:05:25","PDF"
"RUNTIME","D:\halal_web_runtime","D:\halal_web_runtime\data\ocr_test_uploads\20260518_160526_659750\126. Seafood Seasoning Paste-S(Naturals)[MUI_2028-08-13]내.pdf","data\ocr_test_uploads\20260518_160526_659750\126. Seafood Seasoning Paste-S(Naturals)[MUI_2028-08-13]내.pdf","126. Seafood Seasoning Paste-S(Naturals)[MUI_2028-08-13]내.pdf",".pdf","145845","0.1391","2026-05-18T16:05:26","2026-05-18T16:05:26","PDF"
"RUNTIME","D:\halal_web_runtime","D:\halal_web_runtime\data\ocr_test_uploads\20260518_160526_841981\130_7. FIRMTEX(INGREDIO)[IFANCA_2025-09-30]G.pdf","data\ocr_test_uploads\20260518_160526_841981\130_7. FIRMTEX(INGREDIO)[IFANCA_2025-09-30]G.pdf","130_7. FIRMTEX(INGREDIO)[IFANCA_2025-09-30]G.pdf",".pdf","5820848","5.5512","2026-05-18T16:05:26","2026-05-18T16:05:26","PDF"
"RUNTIME","D:\halal_web_runtime","D:\halal_web_runtime\data\ocr_test_uploads\20260518_160528_170094\132. Paprika OLEORSIN-HFCE(2024-10-31).pdf","data\ocr_test_uploads\20260518_160528_170094\132. Paprika OLEORSIN-HFCE(2024-10-31).pdf","132. Paprika OLEORSIN-HFCE(2024-10-31).pdf",".pdf","1092451","1.0418","2026-05-18T16:05:28","2026-05-18T16:05:28","PDF"
"RUNTIME","D:\halal_web_runtime","D:\halal_web_runtime\data\ocr_test_uploads\20260518_160528_303020\135. Flo-max 8(blend)-CICOT(2024-09-19).pdf","data\ocr_test_uploads\20260518_160528_303020\135. Flo-max 8(blend)-CICOT(2024-09-19).pdf","135. Flo-max 8(blend)-CICOT(2024-09-19).pdf",".pdf","1677022","1.5993","2026-05-18T16:05:28","2026-05-18T16:05:28","PDF"
"RUNTIME","D:\halal_web_runtime","D:\halal_web_runtime\data\ocr_test_uploads\20260518_160529_365477\36_3. TREHA™FOOD GRADE(Nagase)[JMA_2026-02-26]락.pdf","data\ocr_test_uploads\20260518_160529_365477\36_3. TREHA™FOOD GRADE(Nagase)[JMA_2026-02-26]락.pdf","36_3. TREHA™FOOD GRADE(Nagase)[JMA_2026-02-26]락.pdf",".pdf","1657909","1.5811","2026-05-18T16:05:29","2026-05-18T16:05:29","PDF"
"RUNTIME","D:\halal_web_runtime","D:\halal_web_runtime\data\ocr_test_uploads\20260518_160531_838275\136_1. FATTY ACIDS(lOI)[JAKIM_2029-05-15]비.pdf","data\ocr_test_uploads\20260518_160531_838275\136_1. FATTY ACIDS(lOI)[JAKIM_2029-05-15]비.pdf","136_1. FATTY ACIDS(lOI)[JAKIM_2029-05-15]비.pdf",".pdf","473911","0.452","2026-05-18T16:05:31","2026-05-18T16:05:31","PDF"
"RUNTIME","D:\halal_web_runtime","D:\halal_web_runtime\data\ocr_test_uploads\20260518_160532_599784\37. Maxarome Select Powder-HFFIA(2023-06-30).pdf","data\ocr_test_uploads\20260518_160532_599784\37. Maxarome Select Powder-HFFIA(2023-06-30).pdf","37. Maxarome Select Powder-HFFIA(2023-06-30).pdf",".pdf","1114147","1.0625","2026-05-18T16:05:32","2026-05-18T16:05:32","PDF"
"RUNTIME","D:\halal_web_runtime","D:\halal_web_runtime\data\ocr_test_uploads\20260518_160534_123413\37.Maxarome Select Powder,DSM FOOD SPECIALTIES CO., LTD社-HFFIA(2021-06-30).pdf","data\ocr_test_uploads\20260518_160534_123413\37.Maxarome Select Powder,DSM FOOD SPECIALTIES CO., LTD社-HFFIA(2021-06-30).pdf","37.Maxarome Select Powder,DSM FOOD SPECIALTIES CO., LTD社-HFFIA(2021-06-30).pdf",".pdf","1110044","1.0586","2026-05-18T16:05:34","2026-05-18T16:05:34","PDF"
"RUNTIME","D:\halal_web_runtime","D:\halal_web_runtime\data\ocr_test_uploads\20260518_160534_731054\151. KREATIONⓡKE8-CICOT(2023-10-14).pdf","data\ocr_test_uploads\20260518_160534_731054\151. KREATIONⓡKE8-CICOT(2023-10-14).pdf","151. KREATIONⓡKE8-CICOT(2023-10-14).pdf",".pdf","1518587","1.4482","2026-05-18T16:05:34","2026-05-18T16:05:34","PDF"
"RUNTIME","D:\halal_web_runtime","D:\halal_web_runtime\data\ocr_test_uploads\20260518_160535_774817\37_4. NuCel 743PW(BIO)[HFCE_2025-12-31]락.pdf","data\ocr_test_uploads\20260518_160535_774817\37_4. NuCel 743PW(BIO)[HFCE_2025-12-31]락.pdf","37_4. NuCel 743PW(BIO)[HFCE_2025-12-31]락.pdf",".pdf","584131","0.5571","2026-05-18T16:05:35","2026-05-18T16:05:35","PDF"
"RUNTIME","D:\halal_web_runtime","D:\halal_web_runtime\data\ocr_test_uploads\20260518_160536_867543\37_4. SPRINGER 020020-PW-L-HFCE(2024-12-31).pdf","data\ocr_test_uploads\20260518_160536_867543\37_4. SPRINGER 020020-PW-L-HFCE(2024-12-31).pdf","37_4. SPRINGER 020020-PW-L-HFCE(2024-12-31).pdf",".pdf","2435759","2.3229","2026-05-18T16:05:36","2026-05-18T16:05:36","PDF"
"RUNTIME","D:\halal_web_runtime","D:\halal_web_runtime\data\ocr_test_uploads\20260518_160536_995762\155. Beef Type Flavor(Givaudan)[IFANCA_2026-05-31]G.pdf","data\ocr_test_uploads\20260518_160536_995762\155. Beef Type Flavor(Givaudan)[IFANCA_2026-05-31]G.pdf","155. Beef Type Flavor(Givaudan)[IFANCA_2026-05-31]G.pdf",".pdf","141942","0.1354","2026-05-18T16:05:36","2026-05-18T16:05:36","PDF"
"RUNTIME","D:\halal_web_runtime","D:\halal_web_runtime\data\ocr_test_uploads\20260518_160537_121014\162-1.Crude Rice Bran Oil,WILMAR AGRO VIETNAM COMPANY LIMITED社-Halal Certification Agency (HCA)(2021-07-31).pdf","data\ocr_test_uploads\20260518_160537_121014\162-1.Crude Rice Bran Oil,WILMAR AGRO VIETNAM COMPANY LIMITED社-Halal Certification Agency (HCA)(2021-07-31).pdf","162-1.Crude Rice Bran Oil,WILMAR AGRO VIETNAM COMPANY LIMITED社-Halal Certification Agency (HCA)(2021-07-31).pdf",".pdf","69159","0.066","2026-05-18T16:05:37","2026-05-18T16:05:37","PDF"
"RUNTIME","D:\halal_web_runtime","D:\halal_web_runtime\data\ocr_test_uploads\20260518_160537_138536\38_2. SOY PEPTONE A2 SC-HFCE(2024-03-31).pdf","data\ocr_test_uploads\20260518_160537_138536\38_2. SOY PEPTONE A2 SC-HFCE(2024-03-31).pdf","38_2. SOY PEPTONE A2 SC-HFCE(2024-03-31).pdf",".pdf","1964318","1.8733","2026-05-18T16:05:37","2026-05-18T16:05:37","PDF"
"RUNTIME","D:\halal_web_runtime","D:\halal_web_runtime\data\ocr_test_uploads\20260518_160538_483178\165_8. Potassium sulfate(K+S)[HALAL CONTROL_2026-08-15].pdf","data\ocr_test_uploads\20260518_160538_483178\165_8. Potassium sulfate(K+S)[HALAL CONTROL_2026-08-15].pdf","165_8. Potassium sulfate(K+S)[HALAL CONTROL_2026-08-15].pdf",".pdf","313444","0.2989","2026-05-18T16:05:38","2026-05-18T16:05:38","PDF"
"RUNTIME","D:\halal_web_runtime","D:\halal_web_runtime\data\ocr_test_uploads\20260518_160538_649286\167. KRATIONⓡKE8(SIAM)[CICOT_2025-10-14]마.pdf","data\ocr_test_uploads\20260518_160538_649286\167. KRATIONⓡKE8(SIAM)[CICOT_2025-10-14]마.pdf","167. KRATIONⓡKE8(SIAM)[CICOT_2025-10-14]마.pdf",".pdf","1897092","1.8092","2026-05-18T16:05:38","2026-05-18T16:05:38","PDF"
"RUNTIME","D:\halal_web_runtime","D:\halal_web_runtime\data\ocr_test_uploads\20260518_160539_051301\168. Beef Type Flavor-IFANCA(2024-05-31).pdf","data\ocr_test_uploads\20260518_160539_051301\168. Beef Type Flavor-IFANCA(2024-05-31).pdf","168. Beef Type Flavor-IFANCA(2024-05-31).pdf",".pdf","233409","0.2226","2026-05-18T16:05:39","2026-05-18T16:05:39","PDF"
"RUNTIME","D:\halal_web_runtime","D:\halal_web_runtime\data\ocr_test_uploads\20260518_160539_156944\220217 HEBEI HUAYANG BPJPH HALAL 인증서 프롤린 글루타민 메티오닌.pdf","data\ocr_test_uploads\20260518_160539_156944\220217 HEBEI HUAYANG BPJPH HALAL 인증서 프롤린 글루타민 메티오닌.pdf","220217 HEBEI HUAYANG BPJPH HALAL 인증서 프롤린 글루타민 메티오닌.pdf",".pdf","638591","0.609","2026-05-18T16:05:39","2026-05-18T16:05:39","PDF"
"RUNTIME","D:\halal_web_runtime","D:\halal_web_runtime\data\ocr_test_uploads\20260518_160539_309852\220908 Dextrin_BPJPH(YISHIU DADI).pdf","data\ocr_test_uploads\20260518_160539_309852\220908 Dextrin_BPJPH(YISHIU DADI).pdf","220908 Dextrin_BPJPH(YISHIU DADI).pdf",".pdf","415711","0.3965","2026-05-18T16:05:39","2026-05-18T16:05:39","PDF"
"RUNTIME","D:\halal_web_runtime","D:\halal_web_runtime\data\ocr_test_uploads\20260518_160539_459859\40. Maxarome Select Powder(DSM)[HFFIA_2025-12-31]네.pdf","data\ocr_test_uploads\20260518_160539_459859\40. Maxarome Select Powder(DSM)[HFFIA_2025-12-31]네.pdf","40. Maxarome Select Powder(DSM)[HFFIA_2025-12-31]네.pdf",".pdf","165615","0.1579","2026-05-18T16:05:39","2026-05-18T16:05:39","PDF"
"RUNTIME","D:\halal_web_runtime","D:\halal_web_runtime\data\ocr_test_uploads\20260518_160539_508365\230525 BPJPH_NOVOZYMES(CHINA) 카라멜 하이드롤 하부.pdf","data\ocr_test_uploads\20260518_160539_508365\230525 BPJPH_NOVOZYMES(CHINA) 카라멜 하이드롤 하부.pdf","230525 BPJPH_NOVOZYMES(CHINA) 카라멜 하이드롤 하부.pdf",".pdf","1049784","1.0012","2026-05-18T16:05:39","2026-05-18T16:05:39","PDF"
"RUNTIME","D:\halal_web_runtime","D:\halal_web_runtime\data\ocr_test_uploads\20260518_160539_611226\42. Maltodextrin(SAJO)[MUI_2025-12-07]사.pdf","data\ocr_test_uploads\20260518_160539_611226\42. Maltodextrin(SAJO)[MUI_2025-12-07]사.pdf","42. Maltodextrin(SAJO)[MUI_2025-12-07]사.pdf",".pdf","129865","0.1238","2026-05-18T16:05:39","2026-05-18T16:05:39","PDF"
"RUNTIME","D:\halal_web_runtime","D:\halal_web_runtime\data\ocr_test_uploads\20260518_160539_665926\20250624_150528_2_3023462 halal IFANCA US EN 20250609.pdf","data\ocr_test_uploads\20260518_160539_665926\20250624_150528_2_3023462 halal IFANCA US EN 20250609.pdf","20250624_150528_2_3023462 halal IFANCA US EN 20250609.pdf",".pdf","141942","0.1354","2026-05-18T16:05:39","2026-05-18T16:05:39","PDF"
"RUNTIME","D:\halal_web_runtime","D:\halal_web_runtime\data\ocr_test_uploads\20260518_160539_786476\20250703_072436_16_Halal certificate (HQC)_ Food & Beverage products (Novozymes DK)_2021-08077.pdf","data\ocr_test_uploads\20260518_160539_786476\20250703_072436_16_Halal certificate (HQC)_ Food & Beverage products (Novozymes DK)_2021-08077.pdf","20250703_072436_16_Halal certificate (HQC)_ Food & Beverage products (Novozymes DK)_2021-08077.pdf",".pdf","727134","0.6934","2026-05-18T16:05:39","2026-05-18T16:05:39","PDF"
"RUNTIME","D:\halal_web_runtime","D:\halal_web_runtime\data\ocr_test_uploads\20260518_160539_931593\45. SEWOO CO., LTD BPJPH HALAL Certificate_(2025-11-18).pdf","data\ocr_test_uploads\20260518_160539_931593\45. SEWOO CO., LTD BPJPH HALAL Certificate_(2025-11-18).pdf","45. SEWOO CO., LTD BPJPH HALAL Certificate_(2025-11-18).pdf",".pdf","2236686","2.1331","2026-05-18T16:05:39","2026-05-18T16:05:39","PDF"
"RUNTIME","D:\halal_web_runtime","D:\halal_web_runtime\data\ocr_test_uploads\20260518_160539_970116\20250703_072437_23_Halal certificate (HQC)_ Food & Beverage products (Novozymes DK)_2021-08077.pdf","data\ocr_test_uploads\20260518_160539_970116\20250703_072437_23_Halal certificate (HQC)_ Food & Beverage products (Novozymes DK)_2021-08077.pdf","20250703_072437_23_Halal certificate (HQC)_ Food & Beverage products (Novozymes DK)_2021-08077.pdf",".pdf","727134","0.6934","2026-05-18T16:05:39","2026-05-18T16:05:39","PDF"
"RUNTIME","D:\halal_web_runtime","D:\halal_web_runtime\data\ocr_test_uploads\20260518_160540_496212\47. Low DE Corn Syrup(SAJO)[MUI_2026-01-04]사.pdf","data\ocr_test_uploads\20260518_160540_496212\47. Low DE Corn Syrup(SAJO)[MUI_2026-01-04]사.pdf","47. Low DE Corn Syrup(SAJO)[MUI_2026-01-04]사.pdf",".pdf","218518","0.2084","2026-05-18T16:05:40","2026-05-18T16:05:40","PDF"
"RUNTIME","D:\halal_web_runtime","D:\halal_web_runtime\data\ocr_test_uploads\20260518_160540_574471\DF - Halal HQC certificate (301125).pdf","data\ocr_test_uploads\20260518_160540_574471\DF - Halal HQC certificate (301125).pdf","DF - Halal HQC certificate (301125).pdf",".pdf","1219313","1.1628","2026-05-18T16:05:40","2026-05-18T16:05:40","PDF"
"RUNTIME","D:\halal_web_runtime","D:\halal_web_runtime\data\ocr_test_uploads\20260518_160540_867049\48_1. REFINED RICE brand oil(THAI)[CICOT_2026-04-24]농.pdf","data\ocr_test_uploads\20260518_160540_867049\48_1. REFINED RICE brand oil(THAI)[CICOT_2026-04-24]농.pdf","48_1. REFINED RICE brand oil(THAI)[CICOT_2026-04-24]농.pdf",".pdf","448683","0.4279","2026-05-18T16:05:40","2026-05-18T16:05:40","PDF"
"RUNTIME","D:\halal_web_runtime","D:\halal_web_runtime\data\ocr_test_uploads\20260518_160540_967268\TQHCC-BPJPH 인증서 Sertifikat Akreditasi Halal Correct Germany.pdf","data\ocr_test_uploads\20260518_160540_967268\TQHCC-BPJPH 인증서 Sertifikat Akreditasi Halal Correct Germany.pdf","TQHCC-BPJPH 인증서 Sertifikat Akreditasi Halal Correct Germany.pdf",".pdf","1986266","1.8943","2026-05-18T16:05:40","2026-05-18T16:05:40","PDF"
"RUNTIME","D:\halal_web_runtime","D:\halal_web_runtime\data\ocr_test_uploads\20260518_160541_058272\50. Meat Base Flavour HK-2446K 74916-73(Givaudan)[MUIS_2026-09-30]브.pdf","data\ocr_test_uploads\20260518_160541_058272\50. Meat Base Flavour HK-2446K 74916-73(Givaudan)[MUIS_2026-09-30]브.pdf","50. Meat Base Flavour HK-2446K 74916-73(Givaudan)[MUIS_2026-09-30]브.pdf",".pdf","610696","0.5824","2026-05-18T16:05:41","2026-05-18T16:05:41","PDF"
"RUNTIME","D:\halal_web_runtime","D:\halal_web_runtime\data\ocr_test_uploads\20260518_160541_501676\비타셀L600-HFFIA_2023-09-30.pdf","data\ocr_test_uploads\20260518_160541_501676\비타셀L600-HFFIA_2023-09-30.pdf","비타셀L600-HFFIA_2023-09-30.pdf",".pdf","1152711","1.0993","2026-05-18T16:05:41","2026-05-18T16:05:41","PDF"
"RUNTIME","D:\halal_web_runtime","D:\halal_web_runtime\data\ocr_test_uploads\20260518_160542_354531\54. FIRMTEX®(INGREDIO)[IFANCA_2027-09-30]사.pdf","data\ocr_test_uploads\20260518_160542_354531\54. FIRMTEX®(INGREDIO)[IFANCA_2027-09-30]사.pdf","54. FIRMTEX®(INGREDIO)[IFANCA_2027-09-30]사.pdf",".pdf","5820774","5.5511","2026-05-18T16:05:42","2026-05-18T16:05:42","PDF"
"RUNTIME","D:\halal_web_runtime","D:\halal_web_runtime\data\ocr_test_uploads\20260518_160542_591280\슈가시럽-Halal Control - Halal- Zertifikat - Südzucker - gültig bis 13.12.2018 (1).pdf","data\ocr_test_uploads\20260518_160542_591280\슈가시럽-Halal Control - Halal- Zertifikat - Südzucker - gültig bis 13.12.2018 (1).pdf","슈가시럽-Halal Control - Halal- Zertifikat - Südzucker - gültig bis 13.12.2018 (1).pdf",".pdf","192317","0.1834","2026-05-18T16:05:42","2026-05-18T16:05:42","PDF"
"RUNTIME","D:\halal_web_runtime","D:\halal_web_runtime\data\ocr_test_uploads\20260518_160542_648579\56. VITACEL Powderec Cellulose(J.Retten)[HFFIA_2026-08-12]농.pdf","data\ocr_test_uploads\20260518_160542_648579\56. VITACEL Powderec Cellulose(J.Retten)[HFFIA_2026-08-12]농.pdf","56. VITACEL Powderec Cellulose(J.Retten)[HFFIA_2026-08-12]농.pdf",".pdf","318692","0.3039","2026-05-18T16:05:42","2026-05-18T16:05:42","PDF"
"RUNTIME","D:\halal_web_runtime","D:\halal_web_runtime\data\ocr_test_uploads\20260518_160542_754820\슈가시럽-Halal Quality Control - Halal Zertifikat - SÜDZUCKER Karasirup - gültig bis 12.12.2022.pdf","data\ocr_test_uploads\20260518_160542_754820\슈가시럽-Halal Quality Control - Halal Zertifikat - SÜDZUCKER Karasirup - gültig bis 12.12.2022.pdf","슈가시럽-Halal Quality Control - Halal Zertifikat - SÜDZUCKER Karasirup - gültig bis 12.12.2022.pdf",".pdf","1141610","1.0887","2026-05-18T16:05:42","2026-05-18T16:05:42","PDF"
"RUNTIME","D:\halal_web_runtime","D:\halal_web_runtime\data\ocr_test_uploads\20260518_160542_896493\56. VITACEL Powdered  Cellulose DV type(J.Retten)[HALAL CONTROL_2026-08-12]농.pdf","data\ocr_test_uploads\20260518_160542_896493\56. VITACEL Powdered  Cellulose DV type(J.Retten)[HALAL CONTROL_2026-08-12]농.pdf","56. VITACEL Powdered  Cellulose DV type(J.Retten)[HALAL CONTROL_2026-08-12]농.pdf",".pdf","318692","0.3039","2026-05-18T16:05:42","2026-05-18T16:05:42","PDF"
"RUNTIME","D:\halal_web_runtime","D:\halal_web_runtime\data\ocr_test_uploads\20260518_160542_997793\1-1-7. Disodium Succinate-JMA(2022-08-11).pdf","data\ocr_test_uploads\20260518_160542_997793\1-1-7. Disodium Succinate-JMA(2022-08-11).pdf","1-1-7. Disodium Succinate-JMA(2022-08-11).pdf",".pdf","374177","0.3568","2026-05-18T16:05:43","2026-05-18T16:05:43","PDF"
"RUNTIME","D:\halal_web_runtime","D:\halal_web_runtime\data\ocr_test_uploads\20260518_160544_014550\56. VITACEL Powdered  Cellulose DV type(J.Retten)[HFFIA_2025-09-30]농.pdf","data\ocr_test_uploads\20260518_160544_014550\56. VITACEL Powdered  Cellulose DV type(J.Retten)[HFFIA_2025-09-30]농.pdf","56. VITACEL Powdered  Cellulose DV type(J.Retten)[HFFIA_2025-09-30]농.pdf",".pdf","1185825","1.1309","2026-05-18T16:05:44","2026-05-18T16:05:44","PDF"
"RUNTIME","D:\halal_web_runtime","D:\halal_web_runtime\data\ocr_test_uploads\20260518_160544_780395\9. Dehydrated Potatoes-Flakes(Oregon)[ISA_2025-12-31]W.pdf","data\ocr_test_uploads\20260518_160544_780395\9. Dehydrated Potatoes-Flakes(Oregon)[ISA_2025-12-31]W.pdf","9. Dehydrated Potatoes-Flakes(Oregon)[ISA_2025-12-31]W.pdf",".pdf","77749","0.0741","2026-05-18T16:05:44","2026-05-18T16:05:44","PDF"
"RUNTIME","D:\halal_web_runtime","D:\halal_web_runtime\data\ocr_test_uploads\20260518_160544_895115\11-1. Propylene Glygol USPEP-CICOT(2023-05-01).pdf","data\ocr_test_uploads\20260518_160544_895115\11-1. Propylene Glygol USPEP-CICOT(2023-05-01).pdf","11-1. Propylene Glygol USPEP-CICOT(2023-05-01).pdf",".pdf","519824","0.4957","2026-05-18T16:05:44","2026-05-18T16:05:44","PDF"
"RUNTIME","D:\halal_web_runtime","D:\halal_web_runtime\data\ocr_test_uploads\20260518_160545_651033\57. 158957 vegetable broth flavor(Broth enhancer)(Symrise)[MUIS_2026-05-31]s.pdf","data\ocr_test_uploads\20260518_160545_651033\57. 158957 vegetable broth flavor(Broth enhancer)(Symrise)[MUIS_2026-05-31]s.pdf","57. 158957 vegetable broth flavor(Broth enhancer)(Symrise)[MUIS_2026-05-31]s.pdf",".pdf","499773","0.4766","2026-05-18T16:05:45","2026-05-18T16:05:45","PDF"
"RUNTIME","D:\halal_web_runtime","D:\halal_web_runtime\data\ocr_test_uploads\20260518_160547_105123\58. Beef Paste Flavour(Kerry)[JAKIM_2027-05-31]K.pdf","data\ocr_test_uploads\20260518_160547_105123\58. Beef Paste Flavour(Kerry)[JAKIM_2027-05-31]K.pdf","58. Beef Paste Flavour(Kerry)[JAKIM_2027-05-31]K.pdf",".pdf","545699","0.5204","2026-05-18T16:05:47","2026-05-18T16:05:47","PDF"
"RUNTIME","D:\halal_web_runtime","D:\halal_web_runtime\data\ocr_test_uploads\20260518_160548_050077\60. NAT SHALLOT FLAVOR(962539)-MUIS(2022-02-28).pdf","data\ocr_test_uploads\20260518_160548_050077\60. NAT SHALLOT FLAVOR(962539)-MUIS(2022-02-28).pdf","60. NAT SHALLOT FLAVOR(962539)-MUIS(2022-02-28).pdf",".pdf","99549","0.0949","2026-05-18T16:05:48","2026-05-18T16:05:48","PDF"
"RUNTIME","D:\halal_web_runtime","D:\halal_web_runtime\data\ocr_test_uploads\20260518_160548_536905\11-3-3.MM100FK,Mafco Worldwide LLC-ISA(19-12-31).pdf","data\ocr_test_uploads\20260518_160548_536905\11-3-3.MM100FK,Mafco Worldwide LLC-ISA(19-12-31).pdf","11-3-3.MM100FK,Mafco Worldwide LLC-ISA(19-12-31).pdf",".pdf","537163","0.5123","2026-05-18T16:05:48","2026-05-18T16:05:48","PDF"
"RUNTIME","D:\halal_web_runtime","D:\halal_web_runtime\data\ocr_test_uploads\20260518_160549_147451\62. NAT SHALLOT FLAVOR(962539)(Symrise)[MUIS_2026-05-31]주.PDF","data\ocr_test_uploads\20260518_160549_147451\62. NAT SHALLOT FLAVOR(962539)(Symrise)[MUIS_2026-05-31]주.PDF","62. NAT SHALLOT FLAVOR(962539)(Symrise)[MUIS_2026-05-31]주.PDF",".pdf","98172","0.0936","2026-05-18T16:05:49","2026-05-18T16:05:49","PDF"
"RUNTIME","D:\halal_web_runtime","D:\halal_web_runtime\data\ocr_test_uploads\20260518_160549_649835\11-3-3.MM100FK,Mafco Worldwide LLC社-ISA(2021-12-31).pdf","data\ocr_test_uploads\20260518_160549_649835\11-3-3.MM100FK,Mafco Worldwide LLC社-ISA(2021-12-31).pdf","11-3-3.MM100FK,Mafco Worldwide LLC社-ISA(2021-12-31).pdf",".pdf","766544","0.731","2026-05-18T16:05:49","2026-05-18T16:05:49","PDF"
"RUNTIME","D:\halal_web_runtime","D:\halal_web_runtime\data\ocr_test_uploads\20260518_160549_769023\16. Ground Cassia-Cinnamon(LONG)[HCA_2025-10-09]M.pdf","data\ocr_test_uploads\20260518_160549_769023\16. Ground Cassia-Cinnamon(LONG)[HCA_2025-10-09]M.pdf","16. Ground Cassia-Cinnamon(LONG)[HCA_2025-10-09]M.pdf",".pdf","1042573","0.9943","2026-05-18T16:05:49","2026-05-18T16:05:49","PDF"
"RUNTIME","D:\halal_web_runtime","D:\halal_web_runtime\data\ocr_test_uploads\20260518_160549_865308\90. MAIZE FLOUR(Kalizea)[HCE_2026-01-24]s.pdf","data\ocr_test_uploads\20260518_160549_865308\90. MAIZE FLOUR(Kalizea)[HCE_2026-01-24]s.pdf","90. MAIZE FLOUR(Kalizea)[HCE_2026-01-24]s.pdf",".pdf","352194","0.3359","2026-05-18T16:05:49","2026-05-18T16:05:49","PDF"
"RUNTIME","D:\halal_web_runtime","D:\halal_web_runtime\data\ocr_test_uploads\20260518_160549_987882\21-1.MCT OIL,DANIDCO MALAYSIA SDN BHD社-JAKIM(2022-09-30).pdf","data\ocr_test_uploads\20260518_160549_987882\21-1.MCT OIL,DANIDCO MALAYSIA SDN BHD社-JAKIM(2022-09-30).pdf","21-1.MCT OIL,DANIDCO MALAYSIA SDN BHD社-JAKIM(2022-09-30).pdf",".pdf","1252703","1.1947","2026-05-18T16:05:49","2026-05-18T16:05:49","PDF"
"RUNTIME","D:\halal_web_runtime","D:\halal_web_runtime\data\ocr_test_uploads\20260518_160550_444241\91.Yeast Extract(OHLY),OHLY GmbH社-TQHCC(2021-10-31).pdf","data\ocr_test_uploads\20260518_160550_444241\91.Yeast Extract(OHLY),OHLY GmbH社-TQHCC(2021-10-31).pdf","91.Yeast Extract(OHLY),OHLY GmbH社-TQHCC(2021-10-31).pdf",".pdf","1079236","1.0292","2026-05-18T16:05:50","2026-05-18T16:05:50","PDF"
"RUNTIME","D:\halal_web_runtime","D:\halal_web_runtime\data\ocr_test_uploads\20260518_160552_421704\93.Yeast extract YB (DSM),DSM FOOD SPECIALTIES CO., LTD-HFFIA(DSM19003H001580191,2019-06-30).pdf","data\ocr_test_uploads\20260518_160552_421704\93.Yeast extract YB (DSM),DSM FOOD SPECIALTIES CO., LTD-HFFIA(DSM19003H001580191,2019-06-30).pdf","93.Yeast extract YB (DSM),DSM FOOD SPECIALTIES CO., LTD-HFFIA(DSM19003H001580191,2019-06-30).pdf",".pdf","625720","0.5967","2026-05-18T16:05:52","2026-05-18T16:05:52","PDF"
"RUNTIME","D:\halal_web_runtime","D:\halal_web_runtime\data\ocr_test_uploads\20260518_160552_946247\32_1. Non-GMO Crude Soybean oil(Bunge)[HFCE_2026-09-30]롯.pdf","data\ocr_test_uploads\20260518_160552_946247\32_1. Non-GMO Crude Soybean oil(Bunge)[HFCE_2026-09-30]롯.pdf","32_1. Non-GMO Crude Soybean oil(Bunge)[HFCE_2026-09-30]롯.pdf",".pdf","223913","0.2135","2026-05-18T16:05:52","2026-05-18T16:05:52","PDF"
"RUNTIME","D:\halal_web_runtime","D:\halal_web_runtime\data\ocr_test_uploads\20260518_160553_080348\34. Maltodextrin Glucose syrup solids(SANSOON)[JAKIM_2026-03-15]한.pdf","data\ocr_test_uploads\20260518_160553_080348\34. Maltodextrin Glucose syrup solids(SANSOON)[JAKIM_2026-03-15]한.pdf","34. Maltodextrin Glucose syrup solids(SANSOON)[JAKIM_2026-03-15]한.pdf",".pdf","629225","0.6001","2026-05-18T16:05:53","2026-05-18T16:05:53","PDF"
"RUNTIME","D:\halal_web_runtime","D:\halal_web_runtime\data\ocr_test_uploads\20260518_160553_163964\95. OHLYⓡSTV Meaty(OHLY)[TQHCC_2025-10-31]등.pdf","data\ocr_test_uploads\20260518_160553_163964\95. OHLYⓡSTV Meaty(OHLY)[TQHCC_2025-10-31]등.pdf","95. OHLYⓡSTV Meaty(OHLY)[TQHCC_2025-10-31]등.pdf",".pdf","1587262","1.5137","2026-05-18T16:05:53","2026-05-18T16:05:53","PDF"
"RUNTIME","D:\halal_web_runtime","D:\halal_web_runtime\data\ocr_test_uploads\20260518_160556_674878\36_3. TREHA™FOOD GRADE(Nagase)[JMA_2026-02-26]락.pdf","data\ocr_test_uploads\20260518_160556_674878\36_3. TREHA™FOOD GRADE(Nagase)[JMA_2026-02-26]락.pdf","36_3. TREHA™FOOD GRADE(Nagase)[JMA_2026-02-26]락.pdf",".pdf","1657909","1.5811","2026-05-18T16:05:56","2026-05-18T16:05:56","PDF"
"RUNTIME","D:\halal_web_runtime","D:\halal_web_runtime\data\ocr_test_uploads\20260518_160557_216385\98_4_1. NU55-50(Sensient)[LLS-ISA_2025-12-31]비.pdf","data\ocr_test_uploads\20260518_160557_216385\98_4_1. NU55-50(Sensient)[LLS-ISA_2025-12-31]비.pdf","98_4_1. NU55-50(Sensient)[LLS-ISA_2025-12-31]비.pdf",".pdf","307038","0.2928","2026-05-18T16:05:57","2026-05-18T16:05:57","PDF"
"RUNTIME","D:\halal_web_runtime","D:\halal_web_runtime\data\ocr_test_uploads\20260518_160557_344061\99_4_1. NU55-50(Sensient)[LLS-ISA_2025-12-31]비.pdf","data\ocr_test_uploads\20260518_160557_344061\99_4_1. NU55-50(Sensient)[LLS-ISA_2025-12-31]비.pdf","99_4_1. NU55-50(Sensient)[LLS-ISA_2025-12-31]비.pdf",".pdf","307038","0.2928","2026-05-18T16:05:57","2026-05-18T16:05:57","PDF"
"RUNTIME","D:\halal_web_runtime","D:\halal_web_runtime\data\ocr_test_uploads\20260518_160558_133701\101.Lactic Acid,PURAC (THAILAND) LTD社-HALAL CONTROL(2020-05-15).pdf","data\ocr_test_uploads\20260518_160558_133701\101.Lactic Acid,PURAC (THAILAND) LTD社-HALAL CONTROL(2020-05-15).pdf","101.Lactic Acid,PURAC (THAILAND) LTD社-HALAL CONTROL(2020-05-15).pdf",".pdf","79510","0.0758","2026-05-18T16:05:58","2026-05-18T16:05:58","PDF"
"RUNTIME","D:\halal_web_runtime","D:\halal_web_runtime\data\ocr_test_uploads\20260518_160559_027775\37. Maxarome Select Powder-HFFIA(2023-06-30).pdf","data\ocr_test_uploads\20260518_160559_027775\37. Maxarome Select Powder-HFFIA(2023-06-30).pdf","37. Maxarome Select Powder-HFFIA(2023-06-30).pdf",".pdf","1114147","1.0625","2026-05-18T16:05:59","2026-05-18T16:05:59","PDF"
"RUNTIME","D:\halal_web_runtime","D:\halal_web_runtime\data\ocr_test_uploads\20260518_160559_474059\103_1. RBDPO-REFIND BLEACHED & DEODORISED PALM OIL(SANDAKAN)[JAKIM_2026-06-15]롯.pdf","data\ocr_test_uploads\20260518_160559_474059\103_1. RBDPO-REFIND BLEACHED & DEODORISED PALM OIL(SANDAKAN)[JAKIM_2026-06-15]롯.pdf","103_1. RBDPO-REFIND BLEACHED & DEODORISED PALM OIL(SANDAKAN)[JAKIM_2026-06-15]롯.pdf",".pdf","4221559","4.026","2026-05-18T16:05:59","2026-05-18T16:05:59","PDF"
"RUNTIME","D:\halal_web_runtime","D:\halal_web_runtime\data\ocr_test_uploads\20260518_160600_570300\37.Maxarome Select Powder,DSM FOOD SPECIALTIES CO., LTD社-HFFIA(2021-06-30).pdf","data\ocr_test_uploads\20260518_160600_570300\37.Maxarome Select Powder,DSM FOOD SPECIALTIES CO., LTD社-HFFIA(2021-06-30).pdf","37.Maxarome Select Powder,DSM FOOD SPECIALTIES CO., LTD社-HFFIA(2021-06-30).pdf",".pdf","1110044","1.0586","2026-05-18T16:06:00","2026-05-18T16:06:00","PDF"
"RUNTIME","D:\halal_web_runtime","D:\halal_web_runtime\data\ocr_test_uploads\20260518_160602_426185\37_4. NuCel 743PW(BIO)[HFCE_2025-12-31]락.pdf","data\ocr_test_uploads\20260518_160602_426185\37_4. NuCel 743PW(BIO)[HFCE_2025-12-31]락.pdf","37_4. NuCel 743PW(BIO)[HFCE_2025-12-31]락.pdf",".pdf","584131","0.5571","2026-05-18T16:06:02","2026-05-18T16:06:02","PDF"
"RUNTIME","D:\halal_web_runtime","D:\halal_web_runtime\data\ocr_test_uploads\20260518_160602_944237\107. Oleoresin Capsicum-TK50(EVESA)[HFQ_2026-04-10]농.pdf","data\ocr_test_uploads\20260518_160602_944237\107. Oleoresin Capsicum-TK50(EVESA)[HFQ_2026-04-10]농.pdf","107. Oleoresin Capsicum-TK50(EVESA)[HFQ_2026-04-10]농.pdf",".pdf","677084","0.6457","2026-05-18T16:06:02","2026-05-18T16:06:02","PDF"
"RUNTIME","D:\halal_web_runtime","D:\halal_web_runtime\data\ocr_test_uploads\20260518_160603_157916\108_1. S7468, S2568, S1668, S1568, S4268)(Lanxess)[HQC_2026-10-08]씨.pdf","data\ocr_test_uploads\20260518_160603_157916\108_1. S7468, S2568, S1668, S1568, S4268)(Lanxess)[HQC_2026-10-08]씨.pdf","108_1. S7468, S2568, S1668, S1568, S4268)(Lanxess)[HQC_2026-10-08]씨.pdf",".pdf","763355","0.728","2026-05-18T16:06:03","2026-05-18T16:06:03","PDF"
"RUNTIME","D:\halal_web_runtime","D:\halal_web_runtime\data\ocr_test_uploads\20260518_160603_458509\37_4. SPRINGER 020020-PW-L-HFCE(2024-12-31).pdf","data\ocr_test_uploads\20260518_160603_458509\37_4. SPRINGER 020020-PW-L-HFCE(2024-12-31).pdf","37_4. SPRINGER 020020-PW-L-HFCE(2024-12-31).pdf",".pdf","2435759","2.3229","2026-05-18T16:06:03","2026-05-18T16:06:03","PDF"
"RUNTIME","D:\halal_web_runtime","D:\halal_web_runtime\data\ocr_test_uploads\20260518_160603_574880\109_1_3. TRILITE SAR11(KA-11)(Samyang)[BPJPH_2026-06-18]대.pdf","data\ocr_test_uploads\20260518_160603_574880\109_1_3. TRILITE SAR11(KA-11)(Samyang)[BPJPH_2026-06-18]대.pdf","109_1_3. TRILITE SAR11(KA-11)(Samyang)[BPJPH_2026-06-18]대.pdf",".pdf","1101451","1.0504","2026-05-18T16:06:03","2026-05-18T16:06:03","PDF"
"RUNTIME","D:\halal_web_runtime","D:\halal_web_runtime\data\ocr_test_uploads\20260518_160603_873497\38_2. SOY PEPTONE A2 SC-HFCE(2024-03-31).pdf","data\ocr_test_uploads\20260518_160603_873497\38_2. SOY PEPTONE A2 SC-HFCE(2024-03-31).pdf","38_2. SOY PEPTONE A2 SC-HFCE(2024-03-31).pdf",".pdf","1964318","1.8733","2026-05-18T16:06:03","2026-05-18T16:06:03","PDF"
"RUNTIME","D:\halal_web_runtime","D:\halal_web_runtime\data\ocr_test_uploads\20260518_160604_298629\109_1_4. Dextrozyme(Novozyme)[BPJPH_2026-05-25]대.pdf","data\ocr_test_uploads\20260518_160604_298629\109_1_4. Dextrozyme(Novozyme)[BPJPH_2026-05-25]대.pdf","109_1_4. Dextrozyme(Novozyme)[BPJPH_2026-05-25]대.pdf",".pdf","1049784","1.0012","2026-05-18T16:06:04","2026-05-18T16:06:04","PDF"
"RUNTIME","D:\halal_web_runtime","D:\halal_web_runtime\data\ocr_test_uploads\20260518_160604_450059\109_2. Granular Activated Carbon-IFANCA(2024-12-31).pdf","data\ocr_test_uploads\20260518_160604_450059\109_2. Granular Activated Carbon-IFANCA(2024-12-31).pdf","109_2. Granular Activated Carbon-IFANCA(2024-12-31).pdf",".pdf","233678","0.2229","2026-05-18T16:06:04","2026-05-18T16:06:04","PDF"
"RUNTIME","D:\halal_web_runtime","D:\halal_web_runtime\data\ocr_test_uploads\20260518_160604_561277\110_1_4. Dextrozyme(Novozyme)[HQC_2028-07-01]대.pdf","data\ocr_test_uploads\20260518_160604_561277\110_1_4. Dextrozyme(Novozyme)[HQC_2028-07-01]대.pdf","110_1_4. Dextrozyme(Novozyme)[HQC_2028-07-01]대.pdf",".pdf","700682","0.6682","2026-05-18T16:06:04","2026-05-18T16:06:04","PDF"
"RUNTIME","D:\halal_web_runtime","D:\halal_web_runtime\data\ocr_test_uploads\20260518_160606_366144\40. Maxarome Select Powder(DSM)[HFFIA_2025-12-31]네.pdf","data\ocr_test_uploads\20260518_160606_366144\40. Maxarome Select Powder(DSM)[HFFIA_2025-12-31]네.pdf","40. Maxarome Select Powder(DSM)[HFFIA_2025-12-31]네.pdf",".pdf","165615","0.1579","2026-05-18T16:06:06","2026-05-18T16:06:06","PDF"
"RUNTIME","D:\halal_web_runtime","D:\halal_web_runtime\data\ocr_test_uploads\20260518_160606_496354\42. Maltodextrin(SAJO)[MUI_2025-12-07]사.pdf","data\ocr_test_uploads\20260518_160606_496354\42. Maltodextrin(SAJO)[MUI_2025-12-07]사.pdf","42. Maltodextrin(SAJO)[MUI_2025-12-07]사.pdf",".pdf","129865","0.1238","2026-05-18T16:06:06","2026-05-18T16:06:06","PDF"
"RUNTIME","D:\halal_web_runtime","D:\halal_web_runtime\data\ocr_test_uploads\20260518_160606_699843\45. SEWOO CO., LTD BPJPH HALAL Certificate_(2025-11-18).pdf","data\ocr_test_uploads\20260518_160606_699843\45. SEWOO CO., LTD BPJPH HALAL Certificate_(2025-11-18).pdf","45. SEWOO CO., LTD BPJPH HALAL Certificate_(2025-11-18).pdf",".pdf","2236686","2.1331","2026-05-18T16:06:06","2026-05-18T16:06:06","PDF"
"RUNTIME","D:\halal_web_runtime","D:\halal_web_runtime\data\ocr_test_uploads\20260518_160607_329961\47. Low DE Corn Syrup(SAJO)[MUI_2026-01-04]사.pdf","data\ocr_test_uploads\20260518_160607_329961\47. Low DE Corn Syrup(SAJO)[MUI_2026-01-04]사.pdf","47. Low DE Corn Syrup(SAJO)[MUI_2026-01-04]사.pdf",".pdf","218518","0.2084","2026-05-18T16:06:07","2026-05-18T16:06:07","PDF"
"RUNTIME","D:\halal_web_runtime","D:\halal_web_runtime\data\ocr_test_uploads\20260518_160607_818771\48_1. REFINED RICE brand oil(THAI)[CICOT_2026-04-24]농.pdf","data\ocr_test_uploads\20260518_160607_818771\48_1. REFINED RICE brand oil(THAI)[CICOT_2026-04-24]농.pdf","48_1. REFINED RICE brand oil(THAI)[CICOT_2026-04-24]농.pdf",".pdf","448683","0.4279","2026-05-18T16:06:07","2026-05-18T16:06:07","PDF"
"RUNTIME","D:\halal_web_runtime","D:\halal_web_runtime\data\ocr_test_uploads\20260518_160607_943533\50. Meat Base Flavour HK-2446K 74916-73(Givaudan)[MUIS_2026-09-30]브.pdf","data\ocr_test_uploads\20260518_160607_943533\50. Meat Base Flavour HK-2446K 74916-73(Givaudan)[MUIS_2026-09-30]브.pdf","50. Meat Base Flavour HK-2446K 74916-73(Givaudan)[MUIS_2026-09-30]브.pdf",".pdf","610696","0.5824","2026-05-18T16:06:07","2026-05-18T16:06:07","PDF"
"RUNTIME","D:\halal_web_runtime","D:\halal_web_runtime\data\ocr_test_uploads\20260518_160609_004994\54. FIRMTEX®(INGREDIO)[IFANCA_2027-09-30]사.pdf","data\ocr_test_uploads\20260518_160609_004994\54. FIRMTEX®(INGREDIO)[IFANCA_2027-09-30]사.pdf","54. FIRMTEX®(INGREDIO)[IFANCA_2027-09-30]사.pdf",".pdf","5820774","5.5511","2026-05-18T16:06:09","2026-05-18T16:06:09","PDF"
"RUNTIME","D:\halal_web_runtime","D:\halal_web_runtime\data\ocr_test_uploads\20260518_160609_244193\56. VITACEL Powderec Cellulose(J.Retten)[HFFIA_2026-08-12]농.pdf","data\ocr_test_uploads\20260518_160609_244193\56. VITACEL Powderec Cellulose(J.Retten)[HFFIA_2026-08-12]농.pdf","56. VITACEL Powderec Cellulose(J.Retten)[HFFIA_2026-08-12]농.pdf",".pdf","318692","0.3039","2026-05-18T16:06:09","2026-05-18T16:06:09","PDF"
"RUNTIME","D:\halal_web_runtime","D:\halal_web_runtime\data\ocr_test_uploads\20260518_160609_386018\56. VITACEL Powdered  Cellulose DV type(J.Retten)[HALAL CONTROL_2026-08-12]농.pdf","data\ocr_test_uploads\20260518_160609_386018\56. VITACEL Powdered  Cellulose DV type(J.Retten)[HALAL CONTROL_2026-08-12]농.pdf","56. VITACEL Powdered  Cellulose DV type(J.Retten)[HALAL CONTROL_2026-08-12]농.pdf",".pdf","318692","0.3039","2026-05-18T16:06:09","2026-05-18T16:06:09","PDF"
"RUNTIME","D:\halal_web_runtime","D:\halal_web_runtime\data\ocr_test_uploads\20260518_160609_535155\56. VITACEL Powdered  Cellulose DV type(J.Retten)[HFFIA_2025-09-30]농.pdf","data\ocr_test_uploads\20260518_160609_535155\56. VITACEL Powdered  Cellulose DV type(J.Retten)[HFFIA_2025-09-30]농.pdf","56. VITACEL Powdered  Cellulose DV type(J.Retten)[HFFIA_2025-09-30]농.pdf",".pdf","1185825","1.1309","2026-05-18T16:06:09","2026-05-18T16:06:09","PDF"
"RUNTIME","D:\halal_web_runtime","D:\halal_web_runtime\data\ocr_test_uploads\20260518_160610_462583\57. 158957 vegetable broth flavor(Broth enhancer)(Symrise)[MUIS_2026-05-31]s.pdf","data\ocr_test_uploads\20260518_160610_462583\57. 158957 vegetable broth flavor(Broth enhancer)(Symrise)[MUIS_2026-05-31]s.pdf","57. 158957 vegetable broth flavor(Broth enhancer)(Symrise)[MUIS_2026-05-31]s.pdf",".pdf","499773","0.4766","2026-05-18T16:06:10","2026-05-18T16:06:10","PDF"
"RUNTIME","D:\halal_web_runtime","D:\halal_web_runtime\data\ocr_test_uploads\20260518_160611_318234\58. Beef Paste Flavour(Kerry)[JAKIM_2027-05-31]K.pdf","data\ocr_test_uploads\20260518_160611_318234\58. Beef Paste Flavour(Kerry)[JAKIM_2027-05-31]K.pdf","58. Beef Paste Flavour(Kerry)[JAKIM_2027-05-31]K.pdf",".pdf","545699","0.5204","2026-05-18T16:06:11","2026-05-18T16:06:11","PDF"
"RUNTIME","D:\halal_web_runtime","D:\halal_web_runtime\data\ocr_test_uploads\20260518_160612_243845\60. NAT SHALLOT FLAVOR(962539)-MUIS(2022-02-28).pdf","data\ocr_test_uploads\20260518_160612_243845\60. NAT SHALLOT FLAVOR(962539)-MUIS(2022-02-28).pdf","60. NAT SHALLOT FLAVOR(962539)-MUIS(2022-02-28).pdf",".pdf","99549","0.0949","2026-05-18T16:06:12","2026-05-18T16:06:12","PDF"
"RUNTIME","D:\halal_web_runtime","D:\halal_web_runtime\data\ocr_test_uploads\20260518_160612_859602\62. NAT SHALLOT FLAVOR(962539)(Symrise)[MUIS_2026-05-31]주.PDF","data\ocr_test_uploads\20260518_160612_859602\62. NAT SHALLOT FLAVOR(962539)(Symrise)[MUIS_2026-05-31]주.PDF","62. NAT SHALLOT FLAVOR(962539)(Symrise)[MUIS_2026-05-31]주.PDF",".pdf","98172","0.0936","2026-05-18T16:06:12","2026-05-18T16:06:12","PDF"
"RUNTIME","D:\halal_web_runtime","D:\halal_web_runtime\data\ocr_test_uploads\20260518_160613_519903\90. MAIZE FLOUR(Kalizea)[HCE_2026-01-24]s.pdf","data\ocr_test_uploads\20260518_160613_519903\90. MAIZE FLOUR(Kalizea)[HCE_2026-01-24]s.pdf","90. MAIZE FLOUR(Kalizea)[HCE_2026-01-24]s.pdf",".pdf","352194","0.3359","2026-05-18T16:06:13","2026-05-18T16:06:13","PDF"
"RUNTIME","D:\halal_web_runtime","D:\halal_web_runtime\data\ocr_test_uploads\20260518_160613_957395\91.Yeast Extract(OHLY),OHLY GmbH社-TQHCC(2021-10-31).pdf","data\ocr_test_uploads\20260518_160613_957395\91.Yeast Extract(OHLY),OHLY GmbH社-TQHCC(2021-10-31).pdf","91.Yeast Extract(OHLY),OHLY GmbH社-TQHCC(2021-10-31).pdf",".pdf","1079236","1.0292","2026-05-18T16:06:13","2026-05-18T16:06:13","PDF"
"RUNTIME","D:\halal_web_runtime","D:\halal_web_runtime\data\ocr_test_uploads\20260518_160615_291339\93.Yeast extract YB (DSM),DSM FOOD SPECIALTIES CO., LTD-HFFIA(DSM19003H001580191,2019-06-30).pdf","data\ocr_test_uploads\20260518_160615_291339\93.Yeast extract YB (DSM),DSM FOOD SPECIALTIES CO., LTD-HFFIA(DSM19003H001580191,2019-06-30).pdf","93.Yeast extract YB (DSM),DSM FOOD SPECIALTIES CO., LTD-HFFIA(DSM19003H001580191,2019-06-30).pdf",".pdf","625720","0.5967","2026-05-18T16:06:15","2026-05-18T16:06:15","PDF"
"RUNTIME","D:\halal_web_runtime","D:\halal_web_runtime\data\ocr_test_uploads\20260518_160616_057888\95. OHLYⓡSTV Meaty(OHLY)[TQHCC_2025-10-31]등.pdf","data\ocr_test_uploads\20260518_160616_057888\95. OHLYⓡSTV Meaty(OHLY)[TQHCC_2025-10-31]등.pdf","95. OHLYⓡSTV Meaty(OHLY)[TQHCC_2025-10-31]등.pdf",".pdf","1587262","1.5137","2026-05-18T16:06:16","2026-05-18T16:06:16","PDF"
"RUNTIME","D:\halal_web_runtime","D:\halal_web_runtime\data\ocr_test_uploads\20260518_160618_019286\98_4_1. NU55-50(Sensient)[LLS-ISA_2025-12-31]비.pdf","data\ocr_test_uploads\20260518_160618_019286\98_4_1. NU55-50(Sensient)[LLS-ISA_2025-12-31]비.pdf","98_4_1. NU55-50(Sensient)[LLS-ISA_2025-12-31]비.pdf",".pdf","307038","0.2928","2026-05-18T16:06:18","2026-05-18T16:06:18","PDF"
"RUNTIME","D:\halal_web_runtime","D:\halal_web_runtime\data\ocr_test_uploads\20260518_160618_115837\99_4_1. NU55-50(Sensient)[LLS-ISA_2025-12-31]비.pdf","data\ocr_test_uploads\20260518_160618_115837\99_4_1. NU55-50(Sensient)[LLS-ISA_2025-12-31]비.pdf","99_4_1. NU55-50(Sensient)[LLS-ISA_2025-12-31]비.pdf",".pdf","307038","0.2928","2026-05-18T16:06:18","2026-05-18T16:06:18","PDF"
"RUNTIME","D:\halal_web_runtime","D:\halal_web_runtime\data\ocr_test_uploads\20260518_160618_228177\101.Lactic Acid,PURAC (THAILAND) LTD社-HALAL CONTROL(2020-05-15).pdf","data\ocr_test_uploads\20260518_160618_228177\101.Lactic Acid,PURAC (THAILAND) LTD社-HALAL CONTROL(2020-05-15).pdf","101.Lactic Acid,PURAC (THAILAND) LTD社-HALAL CONTROL(2020-05-15).pdf",".pdf","79510","0.0758","2026-05-18T16:06:18","2026-05-18T16:06:18","PDF"
"RUNTIME","D:\halal_web_runtime","D:\halal_web_runtime\data\ocr_test_uploads\20260518_160618_855926\103_1. RBDPO-REFIND BLEACHED & DEODORISED PALM OIL(SANDAKAN)[JAKIM_2026-06-15]롯.pdf","data\ocr_test_uploads\20260518_160618_855926\103_1. RBDPO-REFIND BLEACHED & DEODORISED PALM OIL(SANDAKAN)[JAKIM_2026-06-15]롯.pdf","103_1. RBDPO-REFIND BLEACHED & DEODORISED PALM OIL(SANDAKAN)[JAKIM_2026-06-15]롯.pdf",".pdf","4221559","4.026","2026-05-18T16:06:18","2026-05-18T16:06:18","PDF"
"RUNTIME","D:\halal_web_runtime","D:\halal_web_runtime\data\ocr_test_uploads\20260518_160620_992913\107. Oleoresin Capsicum-TK50(EVESA)[HFQ_2026-04-10]농.pdf","data\ocr_test_uploads\20260518_160620_992913\107. Oleoresin Capsicum-TK50(EVESA)[HFQ_2026-04-10]농.pdf","107. Oleoresin Capsicum-TK50(EVESA)[HFQ_2026-04-10]농.pdf",".pdf","677084","0.6457","2026-05-18T16:06:20","2026-05-18T16:06:20","PDF"
"RUNTIME","D:\halal_web_runtime","D:\halal_web_runtime\data\ocr_test_uploads\20260518_160621_134028\108_1. S7468, S2568, S1668, S1568, S4268)(Lanxess)[HQC_2026-10-08]씨.pdf","data\ocr_test_uploads\20260518_160621_134028\108_1. S7468, S2568, S1668, S1568, S4268)(Lanxess)[HQC_2026-10-08]씨.pdf","108_1. S7468, S2568, S1668, S1568, S4268)(Lanxess)[HQC_2026-10-08]씨.pdf",".pdf","763355","0.728","2026-05-18T16:06:21","2026-05-18T16:06:21","PDF"
"RUNTIME","D:\halal_web_runtime","D:\halal_web_runtime\data\ocr_test_uploads\20260518_160621_301948\109_1_3. TRILITE SAR11(KA-11)(Samyang)[BPJPH_2026-06-18]대.pdf","data\ocr_test_uploads\20260518_160621_301948\109_1_3. TRILITE SAR11(KA-11)(Samyang)[BPJPH_2026-06-18]대.pdf","109_1_3. TRILITE SAR11(KA-11)(Samyang)[BPJPH_2026-06-18]대.pdf",".pdf","1101451","1.0504","2026-05-18T16:06:21","2026-05-18T16:06:21","PDF"
"RUNTIME","D:\halal_web_runtime","D:\halal_web_runtime\data\ocr_test_uploads\20260518_160621_599898\109_1_4. Dextrozyme(Novozyme)[BPJPH_2026-05-25]대.pdf","data\ocr_test_uploads\20260518_160621_599898\109_1_4. Dextrozyme(Novozyme)[BPJPH_2026-05-25]대.pdf","109_1_4. Dextrozyme(Novozyme)[BPJPH_2026-05-25]대.pdf",".pdf","1049784","1.0012","2026-05-18T16:06:21","2026-05-18T16:06:21","PDF"
"RUNTIME","D:\halal_web_runtime","D:\halal_web_runtime\data\ocr_test_uploads\20260518_160621_747936\109_2. Granular Activated Carbon-IFANCA(2024-12-31).pdf","data\ocr_test_uploads\20260518_160621_747936\109_2. Granular Activated Carbon-IFANCA(2024-12-31).pdf","109_2. Granular Activated Carbon-IFANCA(2024-12-31).pdf",".pdf","233678","0.2229","2026-05-18T16:06:21","2026-05-18T16:06:21","PDF"
"RUNTIME","D:\halal_web_runtime","D:\halal_web_runtime\data\ocr_test_uploads\20260518_160621_881460\110_1_4. Dextrozyme(Novozyme)[HQC_2028-07-01]대.pdf","data\ocr_test_uploads\20260518_160621_881460\110_1_4. Dextrozyme(Novozyme)[HQC_2028-07-01]대.pdf","110_1_4. Dextrozyme(Novozyme)[HQC_2028-07-01]대.pdf",".pdf","700682","0.6682","2026-05-18T16:06:21","2026-05-18T16:06:21","PDF"
"RUNTIME","D:\halal_web_runtime","D:\halal_web_runtime\data\ocr_test_uploads\20260518_171901_433600\1-1-7. Disodium Succinate-JMA(2022-08-11).pdf","data\ocr_test_uploads\20260518_171901_433600\1-1-7. Disodium Succinate-JMA(2022-08-11).pdf","1-1-7. Disodium Succinate-JMA(2022-08-11).pdf",".pdf","374177","0.3568","2026-05-18T17:19:03","2026-05-18T17:19:03","PDF"
"RUNTIME","D:\halal_web_runtime","D:\halal_web_runtime\data\ocr_test_uploads\20260518_171901_433600\101.Lactic Acid,PURAC (THAILAND) LTD社-HALAL CONTROL(2020-05-15).pdf","data\ocr_test_uploads\20260518_171901_433600\101.Lactic Acid,PURAC (THAILAND) LTD社-HALAL CONTROL(2020-05-15).pdf","101.Lactic Acid,PURAC (THAILAND) LTD社-HALAL CONTROL(2020-05-15).pdf",".pdf","79510","0.0758","2026-05-18T17:19:01","2026-05-18T17:19:01","PDF"
"RUNTIME","D:\halal_web_runtime","D:\halal_web_runtime\data\ocr_test_uploads\20260518_171901_433600\103_1. RBDPO-REFIND BLEACHED & DEODORISED PALM OIL(SANDAKAN)[JAKIM_2026-06-15]롯.pdf","data\ocr_test_uploads\20260518_171901_433600\103_1. RBDPO-REFIND BLEACHED & DEODORISED PALM OIL(SANDAKAN)[JAKIM_2026-06-15]롯.pdf","103_1. RBDPO-REFIND BLEACHED & DEODORISED PALM OIL(SANDAKAN)[JAKIM_2026-06-15]롯.pdf",".pdf","4221559","4.026","2026-05-18T17:19:01","2026-05-18T17:19:01","PDF"
"RUNTIME","D:\halal_web_runtime","D:\halal_web_runtime\data\ocr_test_uploads\20260518_171901_433600\107. Oleoresin Capsicum-TK50(EVESA)[HFQ_2026-04-10]농.pdf","data\ocr_test_uploads\20260518_171901_433600\107. Oleoresin Capsicum-TK50(EVESA)[HFQ_2026-04-10]농.pdf","107. Oleoresin Capsicum-TK50(EVESA)[HFQ_2026-04-10]농.pdf",".pdf","677084","0.6457","2026-05-18T17:19:01","2026-05-18T17:19:01","PDF"
"RUNTIME","D:\halal_web_runtime","D:\halal_web_runtime\data\ocr_test_uploads\20260518_171901_433600\108_1. S7468, S2568, S1668, S1568, S4268)(Lanxess)[HQC_2026-10-08]씨.pdf","data\ocr_test_uploads\20260518_171901_433600\108_1. S7468, S2568, S1668, S1568, S4268)(Lanxess)[HQC_2026-10-08]씨.pdf","108_1. S7468, S2568, S1668, S1568, S4268)(Lanxess)[HQC_2026-10-08]씨.pdf",".pdf","763355","0.728","2026-05-18T17:19:01","2026-05-18T17:19:01","PDF"
"RUNTIME","D:\halal_web_runtime","D:\halal_web_runtime\data\ocr_test_uploads\20260518_171901_433600\109_1_3. TRILITE SAR11(KA-11)(Samyang)[BPJPH_2026-06-18]대.pdf","data\ocr_test_uploads\20260518_171901_433600\109_1_3. TRILITE SAR11(KA-11)(Samyang)[BPJPH_2026-06-18]대.pdf","109_1_3. TRILITE SAR11(KA-11)(Samyang)[BPJPH_2026-06-18]대.pdf",".pdf","1101451","1.0504","2026-05-18T17:19:01","2026-05-18T17:19:01","PDF"
"RUNTIME","D:\halal_web_runtime","D:\halal_web_runtime\data\ocr_test_uploads\20260518_171901_433600\109_1_4. Dextrozyme(Novozyme)[BPJPH_2026-05-25]대.pdf","data\ocr_test_uploads\20260518_171901_433600\109_1_4. Dextrozyme(Novozyme)[BPJPH_2026-05-25]대.pdf","109_1_4. Dextrozyme(Novozyme)[BPJPH_2026-05-25]대.pdf",".pdf","1049784","1.0012","2026-05-18T17:19:01","2026-05-18T17:19:01","PDF"
"RUNTIME","D:\halal_web_runtime","D:\halal_web_runtime\data\ocr_test_uploads\20260518_171901_433600\109_2. Granular Activated Carbon-IFANCA(2024-12-31).pdf","data\ocr_test_uploads\20260518_171901_433600\109_2. Granular Activated Carbon-IFANCA(2024-12-31).pdf","109_2. Granular Activated Carbon-IFANCA(2024-12-31).pdf",".pdf","233678","0.2229","2026-05-18T17:19:01","2026-05-18T17:19:01","PDF"
"RUNTIME","D:\halal_web_runtime","D:\halal_web_runtime\data\ocr_test_uploads\20260518_171901_433600\11-1. Propylene Glygol USPEP-CICOT(2023-05-01).pdf","data\ocr_test_uploads\20260518_171901_433600\11-1. Propylene Glygol USPEP-CICOT(2023-05-01).pdf","11-1. Propylene Glygol USPEP-CICOT(2023-05-01).pdf",".pdf","519824","0.4957","2026-05-18T17:19:03","2026-05-18T17:19:03","PDF"
"RUNTIME","D:\halal_web_runtime","D:\halal_web_runtime\data\ocr_test_uploads\20260518_171901_433600\11-3-3.MM100FK,Mafco Worldwide LLC-ISA(19-12-31).pdf","data\ocr_test_uploads\20260518_171901_433600\11-3-3.MM100FK,Mafco Worldwide LLC-ISA(19-12-31).pdf","11-3-3.MM100FK,Mafco Worldwide LLC-ISA(19-12-31).pdf",".pdf","537163","0.5123","2026-05-18T17:19:03","2026-05-18T17:19:03","PDF"
"RUNTIME","D:\halal_web_runtime","D:\halal_web_runtime\data\ocr_test_uploads\20260518_171901_433600\11-3-3.MM100FK,Mafco Worldwide LLC社-ISA(2021-12-31).pdf","data\ocr_test_uploads\20260518_171901_433600\11-3-3.MM100FK,Mafco Worldwide LLC社-ISA(2021-12-31).pdf","11-3-3.MM100FK,Mafco Worldwide LLC社-ISA(2021-12-31).pdf",".pdf","766544","0.731","2026-05-18T17:19:03","2026-05-18T17:19:03","PDF"
"RUNTIME","D:\halal_web_runtime","D:\halal_web_runtime\data\ocr_test_uploads\20260518_171901_433600\110_1_4. Dextrozyme(Novozyme)[HQC_2028-07-01]대.pdf","data\ocr_test_uploads\20260518_171901_433600\110_1_4. Dextrozyme(Novozyme)[HQC_2028-07-01]대.pdf","110_1_4. Dextrozyme(Novozyme)[HQC_2028-07-01]대.pdf",".pdf","700682","0.6682","2026-05-18T17:19:01","2026-05-18T17:19:01","PDF"
"RUNTIME","D:\halal_web_runtime","D:\halal_web_runtime\data\ocr_test_uploads\20260518_171901_433600\117. Non-GMO Soybean Meal(Zeeland)[IFANCA_2026-05-31]타.pdf","data\ocr_test_uploads\20260518_171901_433600\117. Non-GMO Soybean Meal(Zeeland)[IFANCA_2026-05-31]타.pdf","117. Non-GMO Soybean Meal(Zeeland)[IFANCA_2026-05-31]타.pdf",".pdf","287594","0.2743","2026-05-18T17:19:02","2026-05-18T17:19:02","PDF"
"RUNTIME","D:\halal_web_runtime","D:\halal_web_runtime\data\ocr_test_uploads\20260518_171901_433600\119. Oleoresin Capsicum-HFCE(2024-10-31).pdf","data\ocr_test_uploads\20260518_171901_433600\119. Oleoresin Capsicum-HFCE(2024-10-31).pdf","119. Oleoresin Capsicum-HFCE(2024-10-31).pdf",".pdf","1092451","1.0418","2026-05-18T17:19:02","2026-05-18T17:19:02","PDF"
"RUNTIME","D:\halal_web_runtime","D:\halal_web_runtime\data\ocr_test_uploads\20260518_171901_433600\122. Protease-Promod 278 MDP)(BIOCATAL)[HQC_2026-04-15]B.pdf","data\ocr_test_uploads\20260518_171901_433600\122. Protease-Promod 278 MDP)(BIOCATAL)[HQC_2026-04-15]B.pdf","122. Protease-Promod 278 MDP)(BIOCATAL)[HQC_2026-04-15]B.pdf",".pdf","777855","0.7418","2026-05-18T17:19:02","2026-05-18T17:19:02","PDF"
"RUNTIME","D:\halal_web_runtime","D:\halal_web_runtime\data\ocr_test_uploads\20260518_171901_433600\124. Flo-max 8(blend)(NATIONAL)[CICOT_2025-09-19].pdf","data\ocr_test_uploads\20260518_171901_433600\124. Flo-max 8(blend)(NATIONAL)[CICOT_2025-09-19].pdf","124. Flo-max 8(blend)(NATIONAL)[CICOT_2025-09-19].pdf",".pdf","227887","0.2173","2026-05-18T17:19:02","2026-05-18T17:19:02","PDF"
"RUNTIME","D:\halal_web_runtime","D:\halal_web_runtime\data\ocr_test_uploads\20260518_171901_433600\126. Seafood Seasoning Paste-S(Naturals)[MUI_2028-08-13]내.pdf","data\ocr_test_uploads\20260518_171901_433600\126. Seafood Seasoning Paste-S(Naturals)[MUI_2028-08-13]내.pdf","126. Seafood Seasoning Paste-S(Naturals)[MUI_2028-08-13]내.pdf",".pdf","145845","0.1391","2026-05-18T17:19:02","2026-05-18T17:19:02","PDF"
"RUNTIME","D:\halal_web_runtime","D:\halal_web_runtime\data\ocr_test_uploads\20260518_171901_433600\130_7. FIRMTEX(INGREDIO)[IFANCA_2025-09-30]G.pdf","data\ocr_test_uploads\20260518_171901_433600\130_7. FIRMTEX(INGREDIO)[IFANCA_2025-09-30]G.pdf","130_7. FIRMTEX(INGREDIO)[IFANCA_2025-09-30]G.pdf",".pdf","5820848","5.5512","2026-05-18T17:19:02","2026-05-18T17:19:02","PDF"
"RUNTIME","D:\halal_web_runtime","D:\halal_web_runtime\data\ocr_test_uploads\20260518_171901_433600\135. Flo-max 8(blend)-CICOT(2024-09-19).pdf","data\ocr_test_uploads\20260518_171901_433600\135. Flo-max 8(blend)-CICOT(2024-09-19).pdf","135. Flo-max 8(blend)-CICOT(2024-09-19).pdf",".pdf","1677022","1.5993","2026-05-18T17:19:02","2026-05-18T17:19:02","PDF"
"RUNTIME","D:\halal_web_runtime","D:\halal_web_runtime\data\ocr_test_uploads\20260518_171901_433600\136_1. FATTY ACIDS(lOI)[JAKIM_2029-05-15]비.pdf","data\ocr_test_uploads\20260518_171901_433600\136_1. FATTY ACIDS(lOI)[JAKIM_2029-05-15]비.pdf","136_1. FATTY ACIDS(lOI)[JAKIM_2029-05-15]비.pdf",".pdf","473911","0.452","2026-05-18T17:19:02","2026-05-18T17:19:02","PDF"
"RUNTIME","D:\halal_web_runtime","D:\halal_web_runtime\data\ocr_test_uploads\20260518_171901_433600\151. KREATIONⓡKE8-CICOT(2023-10-14).pdf","data\ocr_test_uploads\20260518_171901_433600\151. KREATIONⓡKE8-CICOT(2023-10-14).pdf","151. KREATIONⓡKE8-CICOT(2023-10-14).pdf",".pdf","1518587","1.4482","2026-05-18T17:19:02","2026-05-18T17:19:02","PDF"
"RUNTIME","D:\halal_web_runtime","D:\halal_web_runtime\data\ocr_test_uploads\20260518_171901_433600\155. Beef Type Flavor(Givaudan)[IFANCA_2026-05-31]G.pdf","data\ocr_test_uploads\20260518_171901_433600\155. Beef Type Flavor(Givaudan)[IFANCA_2026-05-31]G.pdf","155. Beef Type Flavor(Givaudan)[IFANCA_2026-05-31]G.pdf",".pdf","141942","0.1354","2026-05-18T17:19:02","2026-05-18T17:19:02","PDF"
"RUNTIME","D:\halal_web_runtime","D:\halal_web_runtime\data\ocr_test_uploads\20260518_171901_433600\16. Ground Cassia-Cinnamon(LONG)[HCA_2025-10-09]M.pdf","data\ocr_test_uploads\20260518_171901_433600\16. Ground Cassia-Cinnamon(LONG)[HCA_2025-10-09]M.pdf","16. Ground Cassia-Cinnamon(LONG)[HCA_2025-10-09]M.pdf",".pdf","1042573","0.9943","2026-05-18T17:19:03","2026-05-18T17:19:03","PDF"
"RUNTIME","D:\halal_web_runtime","D:\halal_web_runtime\data\ocr_test_uploads\20260518_171901_433600\162-1.Crude Rice Bran Oil,WILMAR AGRO VIETNAM COMPANY LIMITED社-Halal Certification Agency (HCA)(2021-07-31).pdf","data\ocr_test_uploads\20260518_171901_433600\162-1.Crude Rice Bran Oil,WILMAR AGRO VIETNAM COMPANY LIMITED社-Halal Certification Agency (HCA)(2021-07-31).pdf","162-1.Crude Rice Bran Oil,WILMAR AGRO VIETNAM COMPANY LIMITED社-Halal Certification Agency (HCA)(2021-07-31).pdf",".pdf","69159","0.066","2026-05-18T17:19:02","2026-05-18T17:19:02","PDF"
"RUNTIME","D:\halal_web_runtime","D:\halal_web_runtime\data\ocr_test_uploads\20260518_171901_433600\165_8. Potassium sulfate(K+S)[HALAL CONTROL_2026-08-15].pdf","data\ocr_test_uploads\20260518_171901_433600\165_8. Potassium sulfate(K+S)[HALAL CONTROL_2026-08-15].pdf","165_8. Potassium sulfate(K+S)[HALAL CONTROL_2026-08-15].pdf",".pdf","313444","0.2989","2026-05-18T17:19:02","2026-05-18T17:19:02","PDF"
"RUNTIME","D:\halal_web_runtime","D:\halal_web_runtime\data\ocr_test_uploads\20260518_171901_433600\167. KRATIONⓡKE8(SIAM)[CICOT_2025-10-14]마.pdf","data\ocr_test_uploads\20260518_171901_433600\167. KRATIONⓡKE8(SIAM)[CICOT_2025-10-14]마.pdf","167. KRATIONⓡKE8(SIAM)[CICOT_2025-10-14]마.pdf",".pdf","1897092","1.8092","2026-05-18T17:19:02","2026-05-18T17:19:02","PDF"
"RUNTIME","D:\halal_web_runtime","D:\halal_web_runtime\data\ocr_test_uploads\20260518_171901_433600\168. Beef Type Flavor-IFANCA(2024-05-31).pdf","data\ocr_test_uploads\20260518_171901_433600\168. Beef Type Flavor-IFANCA(2024-05-31).pdf","168. Beef Type Flavor-IFANCA(2024-05-31).pdf",".pdf","233409","0.2226","2026-05-18T17:19:02","2026-05-18T17:19:02","PDF"
"RUNTIME","D:\halal_web_runtime","D:\halal_web_runtime\data\ocr_test_uploads\20260518_171901_433600\20250703_072436_16_Halal certificate (HQC)_ Food & Beverage products (Novozymes DK)_2021-08077.pdf","data\ocr_test_uploads\20260518_171901_433600\20250703_072436_16_Halal certificate (HQC)_ Food & Beverage products (Novozymes DK)_2021-08077.pdf","20250703_072436_16_Halal certificate (HQC)_ Food & Beverage products (Novozymes DK)_2021-08077.pdf",".pdf","727134","0.6934","2026-05-18T17:19:03","2026-05-18T17:19:03","PDF"
"RUNTIME","D:\halal_web_runtime","D:\halal_web_runtime\data\ocr_test_uploads\20260518_171901_433600\21-1.MCT OIL,DANIDCO MALAYSIA SDN BHD社-JAKIM(2022-09-30).pdf","data\ocr_test_uploads\20260518_171901_433600\21-1.MCT OIL,DANIDCO MALAYSIA SDN BHD社-JAKIM(2022-09-30).pdf","21-1.MCT OIL,DANIDCO MALAYSIA SDN BHD社-JAKIM(2022-09-30).pdf",".pdf","1252703","1.1947","2026-05-18T17:19:03","2026-05-18T17:19:03","PDF"
"RUNTIME","D:\halal_web_runtime","D:\halal_web_runtime\data\ocr_test_uploads\20260518_171901_433600\220217 HEBEI HUAYANG BPJPH HALAL 인증서 프롤린 글루타민 메티오닌.pdf","data\ocr_test_uploads\20260518_171901_433600\220217 HEBEI HUAYANG BPJPH HALAL 인증서 프롤린 글루타민 메티오닌.pdf","220217 HEBEI HUAYANG BPJPH HALAL 인증서 프롤린 글루타민 메티오닌.pdf",".pdf","638591","0.609","2026-05-18T17:19:03","2026-05-18T17:19:03","PDF"
"RUNTIME","D:\halal_web_runtime","D:\halal_web_runtime\data\ocr_test_uploads\20260518_171901_433600\220908 Dextrin_BPJPH(YISHIU DADI).pdf","data\ocr_test_uploads\20260518_171901_433600\220908 Dextrin_BPJPH(YISHIU DADI).pdf","220908 Dextrin_BPJPH(YISHIU DADI).pdf",".pdf","415711","0.3965","2026-05-18T17:19:03","2026-05-18T17:19:03","PDF"
"RUNTIME","D:\halal_web_runtime","D:\halal_web_runtime\data\ocr_test_uploads\20260518_171901_433600\32_1. Non-GMO Crude Soybean oil(Bunge)[HFCE_2026-09-30]롯.pdf","data\ocr_test_uploads\20260518_171901_433600\32_1. Non-GMO Crude Soybean oil(Bunge)[HFCE_2026-09-30]롯.pdf","32_1. Non-GMO Crude Soybean oil(Bunge)[HFCE_2026-09-30]롯.pdf",".pdf","223913","0.2135","2026-05-18T17:19:03","2026-05-18T17:19:03","PDF"
"RUNTIME","D:\halal_web_runtime","D:\halal_web_runtime\data\ocr_test_uploads\20260518_171901_433600\34. Maltodextrin Glucose syrup solids(SANSOON)[JAKIM_2026-03-15]한.pdf","data\ocr_test_uploads\20260518_171901_433600\34. Maltodextrin Glucose syrup solids(SANSOON)[JAKIM_2026-03-15]한.pdf","34. Maltodextrin Glucose syrup solids(SANSOON)[JAKIM_2026-03-15]한.pdf",".pdf","629225","0.6001","2026-05-18T17:19:03","2026-05-18T17:19:03","PDF"
"RUNTIME","D:\halal_web_runtime","D:\halal_web_runtime\data\ocr_test_uploads\20260518_171901_433600\36_3. TREHA™FOOD GRADE(Nagase)[JMA_2026-02-26]락.pdf","data\ocr_test_uploads\20260518_171901_433600\36_3. TREHA™FOOD GRADE(Nagase)[JMA_2026-02-26]락.pdf","36_3. TREHA™FOOD GRADE(Nagase)[JMA_2026-02-26]락.pdf",".pdf","1657909","1.5811","2026-05-18T17:19:03","2026-05-18T17:19:03","PDF"
"RUNTIME","D:\halal_web_runtime","D:\halal_web_runtime\data\ocr_test_uploads\20260518_171901_433600\37. Maxarome Select Powder-HFFIA(2023-06-30).pdf","data\ocr_test_uploads\20260518_171901_433600\37. Maxarome Select Powder-HFFIA(2023-06-30).pdf","37. Maxarome Select Powder-HFFIA(2023-06-30).pdf",".pdf","1114147","1.0625","2026-05-18T17:19:03","2026-05-18T17:19:03","PDF"
"RUNTIME","D:\halal_web_runtime","D:\halal_web_runtime\data\ocr_test_uploads\20260518_171901_433600\37.Maxarome Select Powder,DSM FOOD SPECIALTIES CO., LTD社-HFFIA(2021-06-30).pdf","data\ocr_test_uploads\20260518_171901_433600\37.Maxarome Select Powder,DSM FOOD SPECIALTIES CO., LTD社-HFFIA(2021-06-30).pdf","37.Maxarome Select Powder,DSM FOOD SPECIALTIES CO., LTD社-HFFIA(2021-06-30).pdf",".pdf","1110044","1.0586","2026-05-18T17:19:03","2026-05-18T17:19:03","PDF"
"RUNTIME","D:\halal_web_runtime","D:\halal_web_runtime\data\ocr_test_uploads\20260518_171901_433600\37_4. NuCel 743PW(BIO)[HFCE_2025-12-31]락.pdf","data\ocr_test_uploads\20260518_171901_433600\37_4. NuCel 743PW(BIO)[HFCE_2025-12-31]락.pdf","37_4. NuCel 743PW(BIO)[HFCE_2025-12-31]락.pdf",".pdf","584131","0.5571","2026-05-18T17:19:04","2026-05-18T17:19:04","PDF"
"RUNTIME","D:\halal_web_runtime","D:\halal_web_runtime\data\ocr_test_uploads\20260518_171901_433600\37_4. SPRINGER 020020-PW-L-HFCE(2024-12-31).pdf","data\ocr_test_uploads\20260518_171901_433600\37_4. SPRINGER 020020-PW-L-HFCE(2024-12-31).pdf","37_4. SPRINGER 020020-PW-L-HFCE(2024-12-31).pdf",".pdf","2435759","2.3229","2026-05-18T17:19:04","2026-05-18T17:19:04","PDF"
"RUNTIME","D:\halal_web_runtime","D:\halal_web_runtime\data\ocr_test_uploads\20260518_171901_433600\38_2. SOY PEPTONE A2 SC-HFCE(2024-03-31).pdf","data\ocr_test_uploads\20260518_171901_433600\38_2. SOY PEPTONE A2 SC-HFCE(2024-03-31).pdf","38_2. SOY PEPTONE A2 SC-HFCE(2024-03-31).pdf",".pdf","1964318","1.8733","2026-05-18T17:19:04","2026-05-18T17:19:04","PDF"
"RUNTIME","D:\halal_web_runtime","D:\halal_web_runtime\data\ocr_test_uploads\20260518_171901_433600\40. Maxarome Select Powder(DSM)[HFFIA_2025-12-31]네.pdf","data\ocr_test_uploads\20260518_171901_433600\40. Maxarome Select Powder(DSM)[HFFIA_2025-12-31]네.pdf","40. Maxarome Select Powder(DSM)[HFFIA_2025-12-31]네.pdf",".pdf","165615","0.1579","2026-05-18T17:19:04","2026-05-18T17:19:04","PDF"
"RUNTIME","D:\halal_web_runtime","D:\halal_web_runtime\data\ocr_test_uploads\20260518_171901_433600\42. Maltodextrin(SAJO)[MUI_2025-12-07]사.pdf","data\ocr_test_uploads\20260518_171901_433600\42. Maltodextrin(SAJO)[MUI_2025-12-07]사.pdf","42. Maltodextrin(SAJO)[MUI_2025-12-07]사.pdf",".pdf","129865","0.1238","2026-05-18T17:19:04","2026-05-18T17:19:04","PDF"
"RUNTIME","D:\halal_web_runtime","D:\halal_web_runtime\data\ocr_test_uploads\20260518_171901_433600\45. SEWOO CO., LTD BPJPH HALAL Certificate_(2025-11-18).pdf","data\ocr_test_uploads\20260518_171901_433600\45. SEWOO CO., LTD BPJPH HALAL Certificate_(2025-11-18).pdf","45. SEWOO CO., LTD BPJPH HALAL Certificate_(2025-11-18).pdf",".pdf","2236686","2.1331","2026-05-18T17:19:04","2026-05-18T17:19:04","PDF"
"RUNTIME","D:\halal_web_runtime","D:\halal_web_runtime\data\ocr_test_uploads\20260518_171901_433600\47. Low DE Corn Syrup(SAJO)[MUI_2026-01-04]사.pdf","data\ocr_test_uploads\20260518_171901_433600\47. Low DE Corn Syrup(SAJO)[MUI_2026-01-04]사.pdf","47. Low DE Corn Syrup(SAJO)[MUI_2026-01-04]사.pdf",".pdf","218518","0.2084","2026-05-18T17:19:04","2026-05-18T17:19:04","PDF"
"RUNTIME","D:\halal_web_runtime","D:\halal_web_runtime\data\ocr_test_uploads\20260518_171901_433600\48_1. REFINED RICE brand oil(THAI)[CICOT_2026-04-24]농.pdf","data\ocr_test_uploads\20260518_171901_433600\48_1. REFINED RICE brand oil(THAI)[CICOT_2026-04-24]농.pdf","48_1. REFINED RICE brand oil(THAI)[CICOT_2026-04-24]농.pdf",".pdf","448683","0.4279","2026-05-18T17:19:04","2026-05-18T17:19:04","PDF"
"RUNTIME","D:\halal_web_runtime","D:\halal_web_runtime\data\ocr_test_uploads\20260518_171901_433600\50. Meat Base Flavour HK-2446K 74916-73(Givaudan)[MUIS_2026-09-30]브.pdf","data\ocr_test_uploads\20260518_171901_433600\50. Meat Base Flavour HK-2446K 74916-73(Givaudan)[MUIS_2026-09-30]브.pdf","50. Meat Base Flavour HK-2446K 74916-73(Givaudan)[MUIS_2026-09-30]브.pdf",".pdf","610696","0.5824","2026-05-18T17:19:04","2026-05-18T17:19:04","PDF"
"RUNTIME","D:\halal_web_runtime","D:\halal_web_runtime\data\ocr_test_uploads\20260518_171901_433600\54. FIRMTEX®(INGREDIO)[IFANCA_2027-09-30]사.pdf","data\ocr_test_uploads\20260518_171901_433600\54. FIRMTEX®(INGREDIO)[IFANCA_2027-09-30]사.pdf","54. FIRMTEX®(INGREDIO)[IFANCA_2027-09-30]사.pdf",".pdf","5820774","5.5511","2026-05-18T17:19:04","2026-05-18T17:19:04","PDF"
"RUNTIME","D:\halal_web_runtime","D:\halal_web_runtime\data\ocr_test_uploads\20260518_171901_433600\56. VITACEL Powderec Cellulose(J.Retten)[HFFIA_2026-08-12]농.pdf","data\ocr_test_uploads\20260518_171901_433600\56. VITACEL Powderec Cellulose(J.Retten)[HFFIA_2026-08-12]농.pdf","56. VITACEL Powderec Cellulose(J.Retten)[HFFIA_2026-08-12]농.pdf",".pdf","318692","0.3039","2026-05-18T17:19:04","2026-05-18T17:19:04","PDF"
"RUNTIME","D:\halal_web_runtime","D:\halal_web_runtime\data\ocr_test_uploads\20260518_171901_433600\56. VITACEL Powdered  Cellulose DV type(J.Retten)[HFFIA_2025-09-30]농.pdf","data\ocr_test_uploads\20260518_171901_433600\56. VITACEL Powdered  Cellulose DV type(J.Retten)[HFFIA_2025-09-30]농.pdf","56. VITACEL Powdered  Cellulose DV type(J.Retten)[HFFIA_2025-09-30]농.pdf",".pdf","1185825","1.1309","2026-05-18T17:19:04","2026-05-18T17:19:04","PDF"
"RUNTIME","D:\halal_web_runtime","D:\halal_web_runtime\data\ocr_test_uploads\20260518_171901_433600\57. 158957 vegetable broth flavor(Broth enhancer)(Symrise)[MUIS_2026-05-31]s.pdf","data\ocr_test_uploads\20260518_171901_433600\57. 158957 vegetable broth flavor(Broth enhancer)(Symrise)[MUIS_2026-05-31]s.pdf","57. 158957 vegetable broth flavor(Broth enhancer)(Symrise)[MUIS_2026-05-31]s.pdf",".pdf","499773","0.4766","2026-05-18T17:19:04","2026-05-18T17:19:04","PDF"
"RUNTIME","D:\halal_web_runtime","D:\halal_web_runtime\data\ocr_test_uploads\20260518_171901_433600\58. Beef Paste Flavour(Kerry)[JAKIM_2027-05-31]K.pdf","data\ocr_test_uploads\20260518_171901_433600\58. Beef Paste Flavour(Kerry)[JAKIM_2027-05-31]K.pdf","58. Beef Paste Flavour(Kerry)[JAKIM_2027-05-31]K.pdf",".pdf","545699","0.5204","2026-05-18T17:19:04","2026-05-18T17:19:04","PDF"
"RUNTIME","D:\halal_web_runtime","D:\halal_web_runtime\data\ocr_test_uploads\20260518_171901_433600\60. NAT SHALLOT FLAVOR(962539)-MUIS(2022-02-28).pdf","data\ocr_test_uploads\20260518_171901_433600\60. NAT SHALLOT FLAVOR(962539)-MUIS(2022-02-28).pdf","60. NAT SHALLOT FLAVOR(962539)-MUIS(2022-02-28).pdf",".pdf","99549","0.0949","2026-05-18T17:19:04","2026-05-18T17:19:04","PDF"
"RUNTIME","D:\halal_web_runtime","D:\halal_web_runtime\data\ocr_test_uploads\20260518_171901_433600\62. NAT SHALLOT FLAVOR(962539)(Symrise)[MUIS_2026-05-31]주.PDF","data\ocr_test_uploads\20260518_171901_433600\62. NAT SHALLOT FLAVOR(962539)(Symrise)[MUIS_2026-05-31]주.PDF","62. NAT SHALLOT FLAVOR(962539)(Symrise)[MUIS_2026-05-31]주.PDF",".pdf","98172","0.0936","2026-05-18T17:19:04","2026-05-18T17:19:04","PDF"
"RUNTIME","D:\halal_web_runtime","D:\halal_web_runtime\data\ocr_test_uploads\20260518_171901_433600\9. Dehydrated Potatoes-Flakes(Oregon)[ISA_2025-12-31]W.pdf","data\ocr_test_uploads\20260518_171901_433600\9. Dehydrated Potatoes-Flakes(Oregon)[ISA_2025-12-31]W.pdf","9. Dehydrated Potatoes-Flakes(Oregon)[ISA_2025-12-31]W.pdf",".pdf","77749","0.0741","2026-05-18T17:19:03","2026-05-18T17:19:03","PDF"
"RUNTIME","D:\halal_web_runtime","D:\halal_web_runtime\data\ocr_test_uploads\20260518_171901_433600\90. MAIZE FLOUR(Kalizea)[HCE_2026-01-24]s.pdf","data\ocr_test_uploads\20260518_171901_433600\90. MAIZE FLOUR(Kalizea)[HCE_2026-01-24]s.pdf","90. MAIZE FLOUR(Kalizea)[HCE_2026-01-24]s.pdf",".pdf","352194","0.3359","2026-05-18T17:19:04","2026-05-18T17:19:04","PDF"
"RUNTIME","D:\halal_web_runtime","D:\halal_web_runtime\data\ocr_test_uploads\20260518_171901_433600\91.Yeast Extract(OHLY),OHLY GmbH社-TQHCC(2021-10-31).pdf","data\ocr_test_uploads\20260518_171901_433600\91.Yeast Extract(OHLY),OHLY GmbH社-TQHCC(2021-10-31).pdf","91.Yeast Extract(OHLY),OHLY GmbH社-TQHCC(2021-10-31).pdf",".pdf","1079236","1.0292","2026-05-18T17:19:04","2026-05-18T17:19:04","PDF"
"RUNTIME","D:\halal_web_runtime","D:\halal_web_runtime\data\ocr_test_uploads\20260518_171901_433600\93.Yeast extract YB (DSM),DSM FOOD SPECIALTIES CO., LTD-HFFIA(DSM19003H001580191,2019-06-30).pdf","data\ocr_test_uploads\20260518_171901_433600\93.Yeast extract YB (DSM),DSM FOOD SPECIALTIES CO., LTD-HFFIA(DSM19003H001580191,2019-06-30).pdf","93.Yeast extract YB (DSM),DSM FOOD SPECIALTIES CO., LTD-HFFIA(DSM19003H001580191,2019-06-30).pdf",".pdf","625720","0.5967","2026-05-18T17:19:04","2026-05-18T17:19:04","PDF"
"RUNTIME","D:\halal_web_runtime","D:\halal_web_runtime\data\ocr_test_uploads\20260518_171901_433600\95. OHLYⓡSTV Meaty(OHLY)[TQHCC_2025-10-31]등.pdf","data\ocr_test_uploads\20260518_171901_433600\95. OHLYⓡSTV Meaty(OHLY)[TQHCC_2025-10-31]등.pdf","95. OHLYⓡSTV Meaty(OHLY)[TQHCC_2025-10-31]등.pdf",".pdf","1587262","1.5137","2026-05-18T17:19:04","2026-05-18T17:19:04","PDF"
"RUNTIME","D:\halal_web_runtime","D:\halal_web_runtime\data\ocr_test_uploads\20260518_171901_433600\98_4_1. NU55-50(Sensient)[LLS-ISA_2025-12-31]비.pdf","data\ocr_test_uploads\20260518_171901_433600\98_4_1. NU55-50(Sensient)[LLS-ISA_2025-12-31]비.pdf","98_4_1. NU55-50(Sensient)[LLS-ISA_2025-12-31]비.pdf",".pdf","307038","0.2928","2026-05-18T17:19:01","2026-05-18T17:19:01","PDF"
"RUNTIME","D:\halal_web_runtime","D:\halal_web_runtime\data\ocr_test_uploads\20260518_171901_433600\DF - Halal HQC certificate (301125).pdf","data\ocr_test_uploads\20260518_171901_433600\DF - Halal HQC certificate (301125).pdf","DF - Halal HQC certificate (301125).pdf",".pdf","1219313","1.1628","2026-05-18T17:19:03","2026-05-18T17:19:03","PDF"
"RUNTIME","D:\halal_web_runtime","D:\halal_web_runtime\data\ocr_test_uploads\20260518_171901_433600\TQHCC-BPJPH 인증서 Sertifikat Akreditasi Halal Correct Germany.pdf","data\ocr_test_uploads\20260518_171901_433600\TQHCC-BPJPH 인증서 Sertifikat Akreditasi Halal Correct Germany.pdf","TQHCC-BPJPH 인증서 Sertifikat Akreditasi Halal Correct Germany.pdf",".pdf","1986266","1.8943","2026-05-18T17:19:03","2026-05-18T17:19:03","PDF"
"RUNTIME","D:\halal_web_runtime","D:\halal_web_runtime\data\ocr_test_uploads\20260518_171901_433600\비타셀L600-HFFIA_2023-09-30.pdf","data\ocr_test_uploads\20260518_171901_433600\비타셀L600-HFFIA_2023-09-30.pdf","비타셀L600-HFFIA_2023-09-30.pdf",".pdf","1152711","1.0993","2026-05-18T17:19:03","2026-05-18T17:19:03","PDF"
"RUNTIME","D:\halal_web_runtime","D:\halal_web_runtime\data\ocr_test_uploads\20260518_171901_433600\슈가시럽-Halal Control - Halal- Zertifikat - Südzucker - gültig bis 13.12.2018 (1).pdf","data\ocr_test_uploads\20260518_171901_433600\슈가시럽-Halal Control - Halal- Zertifikat - Südzucker - gültig bis 13.12.2018 (1).pdf","슈가시럽-Halal Control - Halal- Zertifikat - Südzucker - gültig bis 13.12.2018 (1).pdf",".pdf","192317","0.1834","2026-05-18T17:19:03","2026-05-18T17:19:03","PDF"
"RUNTIME","D:\halal_web_runtime","D:\halal_web_runtime\data\ocr_test_uploads\20260518_171901_433600\슈가시럽-Halal Quality Control - Halal Zertifikat - SÜDZUCKER Karasirup - gültig bis 12.12.2022.pdf","data\ocr_test_uploads\20260518_171901_433600\슈가시럽-Halal Quality Control - Halal Zertifikat - SÜDZUCKER Karasirup - gültig bis 12.12.2022.pdf","슈가시럽-Halal Quality Control - Halal Zertifikat - SÜDZUCKER Karasirup - gültig bis 12.12.2022.pdf",".pdf","1141610","1.0887","2026-05-18T17:19:03","2026-05-18T17:19:03","PDF"
"RUNTIME","D:\halal_web_runtime","D:\halal_web_runtime\data\ocr_test_uploads\20260518_182531_423664\35. Maltodextrin Glucose syrup solids-JAKIM(2024-03-15).pdf","data\ocr_test_uploads\20260518_182531_423664\35. Maltodextrin Glucose syrup solids-JAKIM(2024-03-15).pdf","35. Maltodextrin Glucose syrup solids-JAKIM(2024-03-15).pdf",".pdf","338685","0.323","2026-05-18T18:25:31","2026-05-18T18:25:31","PDF"
"RUNTIME","D:\halal_web_runtime","D:\halal_web_runtime\data\ocr_test_uploads\20260519_081854_540307\씨제이 백설탕 KMF 할랄 인증서(~26.12.17).pdf","data\ocr_test_uploads\20260519_081854_540307\씨제이 백설탕 KMF 할랄 인증서(~26.12.17).pdf","씨제이 백설탕 KMF 할랄 인증서(~26.12.17).pdf",".pdf","74642","0.0712","2026-05-19T08:18:54","2026-05-19T08:18:54","PDF"
"RUNTIME","D:\halal_web_runtime","D:\halal_web_runtime\data\ocr_test_uploads\20260519_082251_257030\37_3. TREHA™FOOD GRADE-JMA(2025-02-26).pdf","data\ocr_test_uploads\20260519_082251_257030\37_3. TREHA™FOOD GRADE-JMA(2025-02-26).pdf","37_3. TREHA™FOOD GRADE-JMA(2025-02-26).pdf",".pdf","259037","0.247","2026-05-19T08:22:51","2026-05-19T08:22:51","PDF"
"RUNTIME","D:\halal_web_runtime","D:\halal_web_runtime\data\ocr_test_uploads\20260519_182039_322773\77-2.Onion Extract Flavor,SYMRISE ASIA PACIFIC PTE LTD社-MUIS(2022-02-28).pdf","data\ocr_test_uploads\20260519_182039_322773\77-2.Onion Extract Flavor,SYMRISE ASIA PACIFIC PTE LTD社-MUIS(2022-02-28).pdf","77-2.Onion Extract Flavor,SYMRISE ASIA PACIFIC PTE LTD社-MUIS(2022-02-28).pdf",".pdf","2701553","2.5764","2026-05-19T18:20:39","2026-05-19T18:20:39","PDF"
"RUNTIME","D:\halal_web_runtime","D:\halal_web_runtime\data\ocr_test_uploads\20260519_182114_632463\77-2.Onion Extract Flavor,SYMRISE ASIA PACIFIC PTE LTD社-MUIS(2022-02-28).PDF","data\ocr_test_uploads\20260519_182114_632463\77-2.Onion Extract Flavor,SYMRISE ASIA PACIFIC PTE LTD社-MUIS(2022-02-28).PDF","77-2.Onion Extract Flavor,SYMRISE ASIA PACIFIC PTE LTD社-MUIS(2022-02-28).PDF",".pdf","115986","0.1106","2026-05-19T18:21:14","2026-05-19T18:21:14","PDF"
"RUNTIME","D:\halal_web_runtime","D:\halal_web_runtime\data\ocr_test_uploads\20260519_182153_651129\951416_MUIS_2020.pdf","data\ocr_test_uploads\20260519_182153_651129\951416_MUIS_2020.pdf","951416_MUIS_2020.pdf",".pdf","103923","0.0991","2026-05-19T18:21:53","2026-05-19T18:21:53","PDF"
"RUNTIME","D:\halal_web_runtime","D:\halal_web_runtime\data\ocr_test_uploads\20260519_182313_236738\98_1_2. Salt(Bonsogeum)(HANJUSAL)[KMF_2028-07-31]비.pdf","data\ocr_test_uploads\20260519_182313_236738\98_1_2. Salt(Bonsogeum)(HANJUSAL)[KMF_2028-07-31]비.pdf","98_1_2. Salt(Bonsogeum)(HANJUSAL)[KMF_2028-07-31]비.pdf",".pdf","76234","0.0727","2026-05-19T18:23:13","2026-05-19T18:23:13","PDF"
"RUNTIME","D:\halal_web_runtime","D:\halal_web_runtime\data\ocr_test_uploads\20260519_182313_236738\98_3_3. Refined White Sugar(Samyang)[KMF_2025-12-24]비.pdf","data\ocr_test_uploads\20260519_182313_236738\98_3_3. Refined White Sugar(Samyang)[KMF_2025-12-24]비.pdf","98_3_3. Refined White Sugar(Samyang)[KMF_2025-12-24]비.pdf",".pdf","539735","0.5147","2026-05-19T18:23:13","2026-05-19T18:23:13","PDF"
"RUNTIME","D:\halal_web_runtime","D:\halal_web_runtime\data\ocr_test_uploads\20260629_173249_756768\HALAL-REQ-20260504-1874ECAD__001__962539 Halal (~'28.05.31).pdf","data\ocr_test_uploads\20260629_173249_756768\HALAL-REQ-20260504-1874ECAD__001__962539 Halal (~'28.05.31).pdf","HALAL-REQ-20260504-1874ECAD__001__962539 Halal (~'28.05.31).pdf",".pdf","464060","0.4426","2026-06-29T17:32:49","2026-06-29T17:32:49","PDF"
"RUNTIME","D:\halal_web_runtime","D:\halal_web_runtime\data\ocr_test_uploads\20260630_091515_500430\HALAL-REQ-20260504-1874ECAD__001__962539 Halal (~'28.05.31).pdf","data\ocr_test_uploads\20260630_091515_500430\HALAL-REQ-20260504-1874ECAD__001__962539 Halal (~'28.05.31).pdf","HALAL-REQ-20260504-1874ECAD__001__962539 Halal (~'28.05.31).pdf",".pdf","464060","0.4426","2026-06-30T09:15:15","2026-06-30T09:15:15","PDF"
"RUNTIME","D:\halal_web_runtime","D:\halal_web_runtime\data\ocr_test_uploads\20260630_091556_562142\HALAL-REQ-20260504-1874ECAD__001__962539 Halal (~'28.05.31).pdf","data\ocr_test_uploads\20260630_091556_562142\HALAL-REQ-20260504-1874ECAD__001__962539 Halal (~'28.05.31).pdf","HALAL-REQ-20260504-1874ECAD__001__962539 Halal (~'28.05.31).pdf",".pdf","464060","0.4426","2026-06-30T09:15:56","2026-06-30T09:15:56","PDF"
"RUNTIME","D:\halal_web_runtime","D:\halal_web_runtime\data\ocr_test_uploads\20260630_092019_584844\test.pdf","data\ocr_test_uploads\20260630_092019_584844\test.pdf","test.pdf",".pdf","464060","0.4426","2026-06-30T09:20:19","2026-06-30T09:20:19","PDF"
"RUNTIME","D:\halal_web_runtime","D:\halal_web_runtime\data\ocr_test_uploads\20260630_094651_697530\test.pdf","data\ocr_test_uploads\20260630_094651_697530\test.pdf","test.pdf",".pdf","464060","0.4426","2026-06-30T09:46:51","2026-06-30T09:46:51","PDF"
"RUNTIME","D:\halal_web_runtime","D:\halal_web_runtime\data\ocr_test_uploads\20260630_100519_884162\test.pdf","data\ocr_test_uploads\20260630_100519_884162\test.pdf","test.pdf",".pdf","464060","0.4426","2026-06-30T10:05:19","2026-06-30T10:05:19","PDF"
"RUNTIME","D:\halal_web_runtime","D:\halal_web_runtime\data\ocr_test_uploads\20260630_102655_600568\test.pdf","data\ocr_test_uploads\20260630_102655_600568\test.pdf","test.pdf",".pdf","464060","0.4426","2026-06-30T10:26:55","2026-06-30T10:26:55","PDF"
"RUNTIME","D:\halal_web_runtime","D:\halal_web_runtime\data\ocr_test_uploads\20260630_103014_765931\test.pdf","data\ocr_test_uploads\20260630_103014_765931\test.pdf","test.pdf",".pdf","464060","0.4426","2026-06-30T10:30:14","2026-06-30T10:30:14","PDF"
"RUNTIME","D:\halal_web_runtime","D:\halal_web_runtime\data\ocr_test_uploads\20260630_103613_488000\test.pdf","data\ocr_test_uploads\20260630_103613_488000\test.pdf","test.pdf",".pdf","464060","0.4426","2026-06-30T10:36:13","2026-06-30T10:36:13","PDF"
"RUNTIME","D:\halal_web_runtime","D:\halal_web_runtime\data\ocr_test_uploads\20260630_103639_759478\test.pdf","data\ocr_test_uploads\20260630_103639_759478\test.pdf","test.pdf",".pdf","464060","0.4426","2026-06-30T10:36:39","2026-06-30T10:36:39","PDF"
"RUNTIME","D:\halal_web_runtime","D:\halal_web_runtime\data\ocr_test_uploads\20260630_110226_641314\test.pdf","data\ocr_test_uploads\20260630_110226_641314\test.pdf","test.pdf",".pdf","464060","0.4426","2026-06-30T11:02:26","2026-06-30T11:02:26","PDF"
"RUNTIME","D:\halal_web_runtime","D:\halal_web_runtime\data\ocr_test_uploads\20260630_135156_063625\sample HCA.pdf","data\ocr_test_uploads\20260630_135156_063625\sample HCA.pdf","sample HCA.pdf",".pdf","532203","0.5075","2026-06-30T13:51:56","2026-06-30T13:51:56","PDF"
"RUNTIME","D:\halal_web_runtime","D:\halal_web_runtime\data\ocr_test_uploads\20260630_135157_737607\sample HCE.pdf","data\ocr_test_uploads\20260630_135157_737607\sample HCE.pdf","sample HCE.pdf",".pdf","221884","0.2116","2026-06-30T13:51:57","2026-06-30T13:51:57","PDF"
"RUNTIME","D:\halal_web_runtime","D:\halal_web_runtime\data\ocr_test_uploads\20260630_135200_474523\sample HFCE.pdf","data\ocr_test_uploads\20260630_135200_474523\sample HFCE.pdf","sample HFCE.pdf",".pdf","106057","0.1011","2026-06-30T13:52:00","2026-06-30T13:52:00","PDF"
"RUNTIME","D:\halal_web_runtime","D:\halal_web_runtime\data\ocr_test_uploads\20260630_135201_508048\sample HFQ.pdf","data\ocr_test_uploads\20260630_135201_508048\sample HFQ.pdf","sample HFQ.pdf",".pdf","126578","0.1207","2026-06-30T13:52:01","2026-06-30T13:52:01","PDF"
"RUNTIME","D:\halal_web_runtime","D:\halal_web_runtime\data\ocr_test_uploads\20260630_135205_867963\sample ISA.pdf","data\ocr_test_uploads\20260630_135205_867963\sample ISA.pdf","sample ISA.pdf",".pdf","203818","0.1944","2026-06-30T13:52:05","2026-06-30T13:52:05","PDF"
"RUNTIME","D:\halal_web_runtime","D:\halal_web_runtime\data\ocr_test_uploads\20260630_135222_786239\sample KMF.pdf","data\ocr_test_uploads\20260630_135222_786239\sample KMF.pdf","sample KMF.pdf",".pdf","446482","0.4258","2026-06-30T13:52:22","2026-06-30T13:52:22","PDF"
"RUNTIME","D:\halal_web_runtime","D:\halal_web_runtime\data\ocr_test_uploads\20260630_135232_302319\sample MUI.pdf","data\ocr_test_uploads\20260630_135232_302319\sample MUI.pdf","sample MUI.pdf",".pdf","73","0.0001","2026-06-30T13:52:32","2026-06-30T13:52:32","PDF"
"RUNTIME","D:\halal_web_runtime","D:\halal_web_runtime\data\ocr_test_uploads\20260630_135232_808941\sample TQHCC.pdf","data\ocr_test_uploads\20260630_135232_808941\sample TQHCC.pdf","sample TQHCC.pdf",".pdf","1147280","1.0941","2026-06-30T13:52:32","2026-06-30T13:52:32","PDF"
"RUNTIME","D:\halal_web_runtime","D:\halal_web_runtime\db\cert_template_features.db","db\cert_template_features.db","cert_template_features.db",".db","827392","0.7891","2026-05-26T16:33:14","2026-07-01T23:20:34","DATABASE"
"RUNTIME","D:\halal_web_runtime","D:\halal_web_runtime\db\halal_lhln.db","db\halal_lhln.db","halal_lhln.db",".db","73728","0.0703","2026-05-09T02:40:04","2026-06-30T09:12:22","DATABASE"
"RUNTIME","D:\halal_web_runtime","D:\halal_web_runtime\db\ocr_test.db","db\ocr_test.db","ocr_test.db",".db","299008","0.2852","2026-05-18T17:18:47","2026-06-30T13:52:41","DATABASE"
"RUNTIME","D:\halal_web_runtime","D:\halal_web_runtime\db\pmf_app.db","db\pmf_app.db","pmf_app.db",".db","6574080","6.2695","2026-05-09T00:28:42","2026-07-01T23:22:55","DATABASE"
"RUNTIME","D:\halal_web_runtime","D:\halal_web_runtime\integration_tests\filing_index_hg_v19pf\pmf_app_test.db","integration_tests\filing_index_hg_v19pf\pmf_app_test.db","pmf_app_test.db",".db","36864","0.0352","2026-07-01T10:46:23","2026-07-01T10:46:24","DATABASE"
"RUNTIME","D:\halal_web_runtime","D:\halal_web_runtime\integration_tests\job521_73jiyrsv\active_pmf_test_copy.xlsm","integration_tests\job521_73jiyrsv\active_pmf_test_copy.xlsm","active_pmf_test_copy.xlsm",".xlsm","8155221","7.7774","2026-06-30T17:49:04","2026-06-30T17:49:05","PMF_WORKBOOK"
"RUNTIME","D:\halal_web_runtime","D:\halal_web_runtime\integration_tests\job521_73jiyrsv\pmf_app_test.db","integration_tests\job521_73jiyrsv\pmf_app_test.db","pmf_app_test.db",".db","32768","0.0312","2026-06-30T17:48:59","2026-06-30T17:49:05","DATABASE"
"RUNTIME","D:\halal_web_runtime","D:\halal_web_runtime\integration_tests\job521_73jiyrsv\pmf_backups\active_pmf_test_copy_20260630_174900_225429.xlsm","integration_tests\job521_73jiyrsv\pmf_backups\active_pmf_test_copy_20260630_174900_225429.xlsm","active_pmf_test_copy_20260630_174900_225429.xlsm",".xlsm","43054342","41.0598","2026-06-30T17:49:00","2026-05-29T08:11:17","PMF_WORKBOOK"
"RUNTIME","D:\halal_web_runtime","D:\halal_web_runtime\integration_tests\job521_73jiyrsv\raw_material\62. NAT SHALLOT FLAVOR(962539)(SYMRISE)_ⓗ주\62. NAT SHALLOT FLAVOR(962539)(SYMRISE)[MUIS_2028-05-31]주.pdf","integration_tests\job521_73jiyrsv\raw_material\62. NAT SHALLOT FLAVOR(962539)(SYMRISE)_ⓗ주\62. NAT SHALLOT FLAVOR(962539)(SYMRISE)[MUIS_2028-05-31]주.pdf","62. NAT SHALLOT FLAVOR(962539)(SYMRISE)[MUIS_2028-05-31]주.pdf",".pdf","464060","0.4426","2026-06-30T17:48:59","2026-06-30T11:02:26","PDF"
"RUNTIME","D:\halal_web_runtime","D:\halal_web_runtime\integration_tests\job521_9u3piffh\active_pmf_test_copy.xlsm","integration_tests\job521_9u3piffh\active_pmf_test_copy.xlsm","active_pmf_test_copy.xlsm",".xlsm","8155223","7.7774","2026-07-01T09:30:01","2026-07-01T09:30:02","PMF_WORKBOOK"
"RUNTIME","D:\halal_web_runtime","D:\halal_web_runtime\integration_tests\job521_9u3piffh\pmf_app_test.db","integration_tests\job521_9u3piffh\pmf_app_test.db","pmf_app_test.db",".db","32768","0.0312","2026-07-01T09:29:55","2026-07-01T09:30:02","DATABASE"
"RUNTIME","D:\halal_web_runtime","D:\halal_web_runtime\integration_tests\job521_9u3piffh\pmf_backups\active_pmf_test_copy_20260701_092957_681367.xlsm","integration_tests\job521_9u3piffh\pmf_backups\active_pmf_test_copy_20260701_092957_681367.xlsm","active_pmf_test_copy_20260701_092957_681367.xlsm",".xlsm","43054342","41.0598","2026-07-01T09:29:57","2026-05-29T08:11:17","PMF_WORKBOOK"
"RUNTIME","D:\halal_web_runtime","D:\halal_web_runtime\integration_tests\job521_9u3piffh\raw_material\62. NAT SHALLOT FLAVOR(962539)(SYMRISE)_ⓗ주\62. NAT SHALLOT FLAVOR(962539)(SYMRISE)[MUIS_2028-05-31]주.pdf","integration_tests\job521_9u3piffh\raw_material\62. NAT SHALLOT FLAVOR(962539)(SYMRISE)_ⓗ주\62. NAT SHALLOT FLAVOR(962539)(SYMRISE)[MUIS_2028-05-31]주.pdf","62. NAT SHALLOT FLAVOR(962539)(SYMRISE)[MUIS_2028-05-31]주.pdf",".pdf","464060","0.4426","2026-07-01T09:29:55","2026-06-30T11:02:26","PDF"
"RUNTIME","D:\halal_web_runtime","D:\halal_web_runtime\integration_tests\job521_oklexr4r\active_pmf_test_copy.xlsm","integration_tests\job521_oklexr4r\active_pmf_test_copy.xlsm","active_pmf_test_copy.xlsm",".xlsm","8155222","7.7774","2026-06-30T17:52:00","2026-06-30T17:52:01","PMF_WORKBOOK"
"RUNTIME","D:\halal_web_runtime","D:\halal_web_runtime\integration_tests\job521_oklexr4r\pmf_app_test.db","integration_tests\job521_oklexr4r\pmf_app_test.db","pmf_app_test.db",".db","32768","0.0312","2026-06-30T17:51:55","2026-06-30T17:52:01","DATABASE"
"RUNTIME","D:\halal_web_runtime","D:\halal_web_runtime\integration_tests\job521_oklexr4r\pmf_backups\active_pmf_test_copy_20260630_175155_920815.xlsm","integration_tests\job521_oklexr4r\pmf_backups\active_pmf_test_copy_20260630_175155_920815.xlsm","active_pmf_test_copy_20260630_175155_920815.xlsm",".xlsm","43054342","41.0598","2026-06-30T17:51:55","2026-05-29T08:11:17","PMF_WORKBOOK"
"RUNTIME","D:\halal_web_runtime","D:\halal_web_runtime\integration_tests\job521_oklexr4r\raw_material\62. NAT SHALLOT FLAVOR(962539)(SYMRISE)_ⓗ주\62. NAT SHALLOT FLAVOR(962539)(SYMRISE)[MUIS_2028-05-31]주.pdf","integration_tests\job521_oklexr4r\raw_material\62. NAT SHALLOT FLAVOR(962539)(SYMRISE)_ⓗ주\62. NAT SHALLOT FLAVOR(962539)(SYMRISE)[MUIS_2028-05-31]주.pdf","62. NAT SHALLOT FLAVOR(962539)(SYMRISE)[MUIS_2028-05-31]주.pdf",".pdf","464060","0.4426","2026-06-30T17:51:55","2026-06-30T11:02:26","PDF"
"RUNTIME","D:\halal_web_runtime","D:\halal_web_runtime\integration_tests\job521_replace_wbd847bt\active_pmf_test_copy.xlsm","integration_tests\job521_replace_wbd847bt\active_pmf_test_copy.xlsm","active_pmf_test_copy.xlsm",".xlsm","8155238","7.7774","2026-07-01T09:45:51","2026-07-01T09:45:53","PMF_WORKBOOK"
"RUNTIME","D:\halal_web_runtime","D:\halal_web_runtime\integration_tests\job521_replace_wbd847bt\pmf_app_test.db","integration_tests\job521_replace_wbd847bt\pmf_app_test.db","pmf_app_test.db",".db","32768","0.0312","2026-07-01T09:45:40","2026-07-01T09:45:53","DATABASE"
"RUNTIME","D:\halal_web_runtime","D:\halal_web_runtime\integration_tests\job521_replace_wbd847bt\pmf_backups\active_pmf_test_copy_20260701_094544_789053.xlsm","integration_tests\job521_replace_wbd847bt\pmf_backups\active_pmf_test_copy_20260701_094544_789053.xlsm","active_pmf_test_copy_20260701_094544_789053.xlsm",".xlsm","43054342","41.0598","2026-07-01T09:45:44","2026-05-29T08:11:17","PMF_WORKBOOK"
"RUNTIME","D:\halal_web_runtime","D:\halal_web_runtime\integration_tests\job521_replace_wbd847bt\raw_material\62. NAT SHALLOT FLAVOR(962539)(SYMRISE)_ⓗ주\62. NAT SHALLOT FLAVOR(962539)(SYMRISE)[HCA_2029-12-31]주.pdf","integration_tests\job521_replace_wbd847bt\raw_material\62. NAT SHALLOT FLAVOR(962539)(SYMRISE)_ⓗ주\62. NAT SHALLOT FLAVOR(962539)(SYMRISE)[HCA_2029-12-31]주.pdf","62. NAT SHALLOT FLAVOR(962539)(SYMRISE)[HCA_2029-12-31]주.pdf",".pdf","464060","0.4426","2026-07-01T09:45:41","2026-06-30T11:02:26","PDF"
"RUNTIME","D:\halal_web_runtime","D:\halal_web_runtime\integration_tests\job521_replace_zg2phxsi\active_pmf_test_copy.xlsm","integration_tests\job521_replace_zg2phxsi\active_pmf_test_copy.xlsm","active_pmf_test_copy.xlsm",".xlsm","8155238","7.7774","2026-07-01T10:11:58","2026-07-01T10:11:59","PMF_WORKBOOK"
"RUNTIME","D:\halal_web_runtime","D:\halal_web_runtime\integration_tests\job521_replace_zg2phxsi\pmf_app_test.db","integration_tests\job521_replace_zg2phxsi\pmf_app_test.db","pmf_app_test.db",".db","32768","0.0312","2026-07-01T10:11:53","2026-07-01T10:11:59","DATABASE"
"RUNTIME","D:\halal_web_runtime","D:\halal_web_runtime\integration_tests\job521_replace_zg2phxsi\pmf_backups\active_pmf_test_copy_20260701_101155_065635.xlsm","integration_tests\job521_replace_zg2phxsi\pmf_backups\active_pmf_test_copy_20260701_101155_065635.xlsm","active_pmf_test_copy_20260701_101155_065635.xlsm",".xlsm","43054342","41.0598","2026-07-01T10:11:55","2026-05-29T08:11:17","PMF_WORKBOOK"
"RUNTIME","D:\halal_web_runtime","D:\halal_web_runtime\integration_tests\job521_replace_zg2phxsi\raw_material\62. NAT SHALLOT FLAVOR(962539)(SYMRISE)_ⓗ주\62. NAT SHALLOT FLAVOR(962539)(SYMRISE)[HCA_2029-12-31]주.pdf","integration_tests\job521_replace_zg2phxsi\raw_material\62. NAT SHALLOT FLAVOR(962539)(SYMRISE)_ⓗ주\62. NAT SHALLOT FLAVOR(962539)(SYMRISE)[HCA_2029-12-31]주.pdf","62. NAT SHALLOT FLAVOR(962539)(SYMRISE)[HCA_2029-12-31]주.pdf",".pdf","464060","0.4426","2026-07-01T10:11:53","2026-06-30T11:02:26","PDF"
"RUNTIME","D:\halal_web_runtime","D:\halal_web_runtime\integration_tests\job521_secondary_wbt59e16\active_pmf_test_copy.xlsm","integration_tests\job521_secondary_wbt59e16\active_pmf_test_copy.xlsm","active_pmf_test_copy.xlsm",".xlsm","43054342","41.0598","2026-07-01T09:37:24","2026-05-29T08:11:17","PMF_WORKBOOK"
"RUNTIME","D:\halal_web_runtime","D:\halal_web_runtime\integration_tests\job521_secondary_wbt59e16\pmf_app_test.db","integration_tests\job521_secondary_wbt59e16\pmf_app_test.db","pmf_app_test.db",".db","32768","0.0312","2026-07-01T09:37:30","2026-07-01T09:37:30","DATABASE"
"RUNTIME","D:\halal_web_runtime","D:\halal_web_runtime\integration_tests\job521_secondary_wbt59e16\raw_material\62. NAT SHALLOT FLAVOR(962539)(SYMRISE)_ⓗ주\62. NAT SHALLOT FLAVOR(962539)(SYMRISE)[HCA_2029-12-31]주.pdf","integration_tests\job521_secondary_wbt59e16\raw_material\62. NAT SHALLOT FLAVOR(962539)(SYMRISE)_ⓗ주\62. NAT SHALLOT FLAVOR(962539)(SYMRISE)[HCA_2029-12-31]주.pdf","62. NAT SHALLOT FLAVOR(962539)(SYMRISE)[HCA_2029-12-31]주.pdf",".pdf","464060","0.4426","2026-07-01T09:37:30","2026-06-30T11:02:26","PDF"
"RUNTIME","D:\halal_web_runtime","D:\halal_web_runtime\logs\uvicorn_ocr_debug_stderr.log","logs\uvicorn_ocr_debug_stderr.log","uvicorn_ocr_debug_stderr.log",".log","5838","0.0056","2026-06-30T09:20:17","2026-06-30T09:20:19","OCR_TRAINING_DATA"
"RUNTIME","D:\halal_web_runtime","D:\halal_web_runtime\logs\uvicorn_ocr_debug_stdout.log","logs\uvicorn_ocr_debug_stdout.log","uvicorn_ocr_debug_stdout.log",".log","206","0.0002","2026-06-30T09:20:17","2026-06-30T09:20:19","OCR_TRAINING_DATA"
"RUNTIME","D:\halal_web_runtime","D:\halal_web_runtime\ocr_demo\42. Maltodextrin(SAJO)[MUI_2025-12-07]사.pdf","ocr_demo\42. Maltodextrin(SAJO)[MUI_2025-12-07]사.pdf","42. Maltodextrin(SAJO)[MUI_2025-12-07]사.pdf",".pdf","129865","0.1238","2026-06-30T13:56:01","2026-05-18T17:19:04","PDF"
"RUNTIME","D:\halal_web_runtime","D:\halal_web_runtime\ocr_demo\47. Low DE Corn Syrup(SAJO)[MUI_2026-01-04]사.pdf","ocr_demo\47. Low DE Corn Syrup(SAJO)[MUI_2026-01-04]사.pdf","47. Low DE Corn Syrup(SAJO)[MUI_2026-01-04]사.pdf",".pdf","218518","0.2084","2026-06-30T13:56:01","2026-05-18T17:19:04","PDF"
"RUNTIME","D:\halal_web_runtime","D:\halal_web_runtime\ocr_demo\sample BPJPH.pdf","ocr_demo\sample BPJPH.pdf","sample BPJPH.pdf",".pdf","2236686","2.1331","2026-06-30T13:49:51","2026-05-18T17:19:04","PDF"
"RUNTIME","D:\halal_web_runtime","D:\halal_web_runtime\ocr_demo\sample CICOT.pdf","ocr_demo\sample CICOT.pdf","sample CICOT.pdf",".pdf","448683","0.4279","2026-06-30T13:48:56","2026-05-18T17:19:04","PDF"
"RUNTIME","D:\halal_web_runtime","D:\halal_web_runtime\ocr_demo\sample HALAL CONTROL.pdf","ocr_demo\sample HALAL CONTROL.pdf","sample HALAL CONTROL.pdf",".pdf","313444","0.2989","2026-06-30T13:48:45","2026-05-18T17:19:02","PDF"
"RUNTIME","D:\halal_web_runtime","D:\halal_web_runtime\ocr_demo\sample HCA.pdf","ocr_demo\sample HCA.pdf","sample HCA.pdf",".pdf","532203","0.5075","2026-06-30T13:48:02","2026-05-25T15:59:33","PDF"
"RUNTIME","D:\halal_web_runtime","D:\halal_web_runtime\ocr_demo\sample HCE.pdf","ocr_demo\sample HCE.pdf","sample HCE.pdf",".pdf","221884","0.2116","2026-06-30T13:48:08","2026-05-25T15:56:15","PDF"
"RUNTIME","D:\halal_web_runtime","D:\halal_web_runtime\ocr_demo\sample HFCE.pdf","ocr_demo\sample HFCE.pdf","sample HFCE.pdf",".pdf","106057","0.1011","2026-06-30T13:48:08","2026-05-25T15:53:52","PDF"
"RUNTIME","D:\halal_web_runtime","D:\halal_web_runtime\ocr_demo\sample HFQ.pdf","ocr_demo\sample HFQ.pdf","sample HFQ.pdf",".pdf","126578","0.1207","2026-06-30T13:48:16","2026-05-25T15:49:39","PDF"
"RUNTIME","D:\halal_web_runtime","D:\halal_web_runtime\ocr_demo\sample HQC.pdf","ocr_demo\sample HQC.pdf","sample HQC.pdf",".pdf","1219313","1.1628","2026-06-30T13:49:11","2026-05-18T17:19:03","PDF"
"RUNTIME","D:\halal_web_runtime","D:\halal_web_runtime\ocr_demo\sample IFANCA.pdf","ocr_demo\sample IFANCA.pdf","sample IFANCA.pdf",".pdf","5820774","5.5511","2026-06-30T13:49:02","2026-05-18T17:19:04","PDF"
"RUNTIME","D:\halal_web_runtime","D:\halal_web_runtime\ocr_demo\sample ISA.pdf","ocr_demo\sample ISA.pdf","sample ISA.pdf",".pdf","203818","0.1944","2026-06-30T13:47:45","2026-05-25T16:02:42","PDF"
"RUNTIME","D:\halal_web_runtime","D:\halal_web_runtime\ocr_demo\sample JAKIM.pdf","ocr_demo\sample JAKIM.pdf","sample JAKIM.pdf",".pdf","338685","0.323","2026-06-30T13:49:41","2026-05-18T18:25:31","PDF"
"RUNTIME","D:\halal_web_runtime","D:\halal_web_runtime\ocr_demo\sample JMA.pdf","ocr_demo\sample JMA.pdf","sample JMA.pdf",".pdf","259037","0.247","2026-06-30T13:48:31","2026-05-19T08:22:51","PDF"
"RUNTIME","D:\halal_web_runtime","D:\halal_web_runtime\ocr_demo\sample KMF.pdf","ocr_demo\sample KMF.pdf","sample KMF.pdf",".pdf","446482","0.4258","2026-06-30T13:49:29","2026-05-25T13:28:42","PDF"
"RUNTIME","D:\halal_web_runtime","D:\halal_web_runtime\ocr_demo\sample MUI.pdf","ocr_demo\sample MUI.pdf","sample MUI.pdf",".pdf","73","0.0001","2026-06-30T13:50:01","2026-06-30T13:06:04","PDF"
"RUNTIME","D:\halal_web_runtime","D:\halal_web_runtime\ocr_demo\sample TQHCC.pdf","ocr_demo\sample TQHCC.pdf","sample TQHCC.pdf",".pdf","1147280","1.0941","2026-06-30T13:47:36","2026-05-25T16:25:37","PDF"
"RUNTIME","D:\halal_web_runtime","D:\halal_web_runtime\ocr_demo\test.pdf","ocr_demo\test.pdf","test.pdf",".pdf","464060","0.4426","2026-06-30T09:20:17","2026-06-30T09:15:56","PDF"
"RUNTIME","D:\halal_web_runtime","D:\halal_web_runtime\output\lhln\BPJPH_교차인정기관_안내.pdf","output\lhln\BPJPH_교차인정기관_안내.pdf","BPJPH_교차인정기관_안내.pdf",".pdf","13848357","13.2068","2026-05-09T02:41:16","2026-05-09T04:59:10","PDF"
"RUNTIME","D:\halal_web_runtime","D:\halal_web_runtime\pmf_test\active_pmf_test.xlsm","pmf_test\active_pmf_test.xlsm","active_pmf_test.xlsm",".xlsm","43054342","41.0598","2026-06-29T17:32:31","2026-05-29T08:11:17","PMF_WORKBOOK"
"RUNTIME","D:\halal_web_runtime","D:\halal_web_runtime\pmf_test\~$active_pmf_test.xlsm","pmf_test\~$active_pmf_test.xlsm","~$active_pmf_test.xlsm",".xlsm","165","0.0002","2026-07-31T13:48:31","2026-07-31T13:48:31","PMF_WORKBOOK"
"RUNTIME","D:\halal_web_runtime","D:\halal_web_runtime\test_input\filing_test.pdf","test_input\filing_test.pdf","filing_test.pdf",".pdf","73","0.0001","2026-06-30T13:06:04","2026-06-30T13:06:04","PDF"
"RUNTIME","D:\halal_web_runtime","D:\halal_web_runtime\_onedrive_backup_archive\cache.__onedrive_backup_20260629_144030\source_pmf\active_pmf.xlsm","_onedrive_backup_archive\cache.__onedrive_backup_20260629_144030\source_pmf\active_pmf.xlsm","active_pmf.xlsm",".xlsm","43054342","41.0598","2026-05-09T00:20:50","2026-05-29T08:11:17","PMF_WORKBOOK"
"RUNTIME","D:\halal_web_runtime","D:\halal_web_runtime\_onedrive_backup_archive\data.__onedrive_backup_20260629_144030\mail_downloads\2026-05-21\HALAL-REQ-20260504-73B3120C\attachments\HALAL-REQ-20260504-73B3120C__001__[전분당] KMF HALAL Corn Starch etc. 9 (~27.12.07)_(재)발효미생물산업진흥원(한국미생물).pdf","_onedrive_backup_archive\data.__onedrive_backup_20260629_144030\mail_downloads\2026-05-21\HALAL-REQ-20260504-73B3120C\attachments\HALAL-REQ-20260504-73B3120C__001__[전분당] KMF HALAL Corn Starch etc. 9 (~27.12.07)_(재)발효미생물산업진흥원(한국미생물).pdf","HALAL-REQ-20260504-73B3120C__001__[전분당] KMF HALAL Corn Starch etc. 9 (~27.12.07)_(재)발효미생물산업진흥원(한국미생물).pdf",".pdf","446482","0.4258","2026-05-25T13:28:42","2026-05-25T13:28:42","PDF"
"RUNTIME","D:\halal_web_runtime","D:\halal_web_runtime\_onedrive_backup_archive\data.__onedrive_backup_20260629_144030\mail_downloads\2026-05-22\HALAL-REQ-20260504-365CEC9A\attachments\HALAL-REQ-20260504-365CEC9A__001__L-글루탐산 HALAL by 28.05.17.pdf","_onedrive_backup_archive\data.__onedrive_backup_20260629_144030\mail_downloads\2026-05-22\HALAL-REQ-20260504-365CEC9A\attachments\HALAL-REQ-20260504-365CEC9A__001__L-글루탐산 HALAL by 28.05.17.pdf","HALAL-REQ-20260504-365CEC9A__001__L-글루탐산 HALAL by 28.05.17.pdf",".pdf","1594213","1.5204","2026-05-25T13:28:42","2026-05-25T13:28:42","PDF"
"RUNTIME","D:\halal_web_runtime","D:\halal_web_runtime\_onedrive_backup_archive\data.__onedrive_backup_20260629_144030\mail_downloads\2026-05-22\HALAL-REQ-20260504-365CEC9A\attachments\HALAL-REQ-20260504-365CEC9A__002__HALAL Certificate (~2028.12.24).pdf","_onedrive_backup_archive\data.__onedrive_backup_20260629_144030\mail_downloads\2026-05-22\HALAL-REQ-20260504-365CEC9A\attachments\HALAL-REQ-20260504-365CEC9A__002__HALAL Certificate (~2028.12.24).pdf","HALAL-REQ-20260504-365CEC9A__002__HALAL Certificate (~2028.12.24).pdf",".pdf","74352","0.0709","2026-05-25T13:28:42","2026-05-25T13:28:42","PDF"
"RUNTIME","D:\halal_web_runtime","D:\halal_web_runtime\_onedrive_backup_archive\data.__onedrive_backup_20260629_144030\mail_downloads\2026-05-22\HALAL-REQ-20260504-365CEC9A\attachments\HALAL-REQ-20260504-365CEC9A__003__NU55_할랄서류.pdf","_onedrive_backup_archive\data.__onedrive_backup_20260629_144030\mail_downloads\2026-05-22\HALAL-REQ-20260504-365CEC9A\attachments\HALAL-REQ-20260504-365CEC9A__003__NU55_할랄서류.pdf","HALAL-REQ-20260504-365CEC9A__003__NU55_할랄서류.pdf",".pdf","423406","0.4038","2026-05-25T13:28:42","2026-05-25T13:28:42","PDF"
"RUNTIME","D:\halal_web_runtime","D:\halal_web_runtime\_onedrive_backup_archive\data.__onedrive_backup_20260629_144030\mail_downloads\2026-05-26\HALAL-REQ-20260504-1874ECAD\attachments\HALAL-REQ-20260504-1874ECAD__001__962539 Halal (~'28.05.31).pdf","_onedrive_backup_archive\data.__onedrive_backup_20260629_144030\mail_downloads\2026-05-26\HALAL-REQ-20260504-1874ECAD\attachments\HALAL-REQ-20260504-1874ECAD__001__962539 Halal (~'28.05.31).pdf","HALAL-REQ-20260504-1874ECAD__001__962539 Halal (~'28.05.31).pdf",".pdf","464060","0.4426","2026-06-03T09:11:45","2026-06-03T09:11:45","PDF"
"RUNTIME","D:\halal_web_runtime","D:\halal_web_runtime\_onedrive_backup_archive\data.__onedrive_backup_20260629_144030\mail_downloads\HALAL-REQ-20260504-0127D0FA\attachments\HALAL-REQ-20260504-0127D0FA__001__BPJPH_교차인정기관_안내.pdf","_onedrive_backup_archive\data.__onedrive_backup_20260629_144030\mail_downloads\HALAL-REQ-20260504-0127D0FA\attachments\HALAL-REQ-20260504-0127D0FA__001__BPJPH_교차인정기관_안내.pdf","HALAL-REQ-20260504-0127D0FA__001__BPJPH_교차인정기관_안내.pdf",".pdf","13848359","13.2068","2026-05-11T18:40:20","2026-05-11T18:40:20","PDF"
"RUNTIME","D:\halal_web_runtime","D:\halal_web_runtime\_onedrive_backup_archive\data.__onedrive_backup_20260629_144030\mail_downloads\HALAL-REQ-20260504-059852B5\attachments\HALAL-REQ-20260504-059852B5__001__신양_할랄인증서(BPJPH)_Seasoning_26.03.12~유효기간없음.pdf","_onedrive_backup_archive\data.__onedrive_backup_20260629_144030\mail_downloads\HALAL-REQ-20260504-059852B5\attachments\HALAL-REQ-20260504-059852B5__001__신양_할랄인증서(BPJPH)_Seasoning_26.03.12~유효기간없음.pdf","HALAL-REQ-20260504-059852B5__001__신양_할랄인증서(BPJPH)_Seasoning_26.03.12~유효기간없음.pdf",".pdf","1326981","1.2655","2026-05-11T18:40:06","2026-05-11T18:40:06","PDF"
"RUNTIME","D:\halal_web_runtime","D:\halal_web_runtime\_onedrive_backup_archive\data.__onedrive_backup_20260629_144030\mail_downloads\HALAL-REQ-20260504-096B0407\attachments\HALAL-REQ-20260504-096B0407__002__Halal Certificate ZFS 26-27.pdf","_onedrive_backup_archive\data.__onedrive_backup_20260629_144030\mail_downloads\HALAL-REQ-20260504-096B0407\attachments\HALAL-REQ-20260504-096B0407__002__Halal Certificate ZFS 26-27.pdf","HALAL-REQ-20260504-096B0407__002__Halal Certificate ZFS 26-27.pdf",".pdf","273442","0.2608","2026-05-11T18:05:01","2026-05-11T18:05:01","PDF"
"RUNTIME","D:\halal_web_runtime","D:\halal_web_runtime\_onedrive_backup_archive\data.__onedrive_backup_20260629_144030\mail_downloads\HALAL-REQ-20260504-1874ECAD\attachments\HALAL-REQ-20260504-1874ECAD__001__BPJPH_교차인정기관_안내.pdf","_onedrive_backup_archive\data.__onedrive_backup_20260629_144030\mail_downloads\HALAL-REQ-20260504-1874ECAD\attachments\HALAL-REQ-20260504-1874ECAD__001__BPJPH_교차인정기관_안내.pdf","HALAL-REQ-20260504-1874ECAD__001__BPJPH_교차인정기관_안내.pdf",".pdf","13848359","13.2068","2026-05-11T18:40:10","2026-05-11T18:40:10","PDF"
"RUNTIME","D:\halal_web_runtime","D:\halal_web_runtime\_onedrive_backup_archive\data.__onedrive_backup_20260629_144030\mail_downloads\HALAL-REQ-20260504-365CEC9A\attachments\HALAL-REQ-20260504-365CEC9A__001__BPJPH_교차인정기관_안내.pdf","_onedrive_backup_archive\data.__onedrive_backup_20260629_144030\mail_downloads\HALAL-REQ-20260504-365CEC9A\attachments\HALAL-REQ-20260504-365CEC9A__001__BPJPH_교차인정기관_안내.pdf","HALAL-REQ-20260504-365CEC9A__001__BPJPH_교차인정기관_안내.pdf",".pdf","13848359","13.2068","2026-05-11T18:40:13","2026-05-11T18:40:13","PDF"
"RUNTIME","D:\halal_web_runtime","D:\halal_web_runtime\_onedrive_backup_archive\data.__onedrive_backup_20260629_144030\mail_downloads\HALAL-REQ-20260504-3827036A\attachments\HALAL-REQ-20260504-3827036A__001__2025-2026 Halal Certificate Warden, WA.pdf","_onedrive_backup_archive\data.__onedrive_backup_20260629_144030\mail_downloads\HALAL-REQ-20260504-3827036A\attachments\HALAL-REQ-20260504-3827036A__001__2025-2026 Halal Certificate Warden, WA.pdf","HALAL-REQ-20260504-3827036A__001__2025-2026 Halal Certificate Warden, WA.pdf",".pdf","208592","0.1989","2026-05-11T18:40:06","2026-05-11T18:40:06","PDF"
"RUNTIME","D:\halal_web_runtime","D:\halal_web_runtime\_onedrive_backup_archive\data.__onedrive_backup_20260629_144030\mail_downloads\HALAL-REQ-20260504-40128340\attachments\HALAL-REQ-20260504-40128340__001__3023462 Halal Certificate KR EN 20260506.pdf","_onedrive_backup_archive\data.__onedrive_backup_20260629_144030\mail_downloads\HALAL-REQ-20260504-40128340\attachments\HALAL-REQ-20260504-40128340__001__3023462 Halal Certificate KR EN 20260506.pdf","HALAL-REQ-20260504-40128340__001__3023462 Halal Certificate KR EN 20260506.pdf",".pdf","140821","0.1343","2026-05-11T18:05:02","2026-05-11T18:05:02","PDF"
"RUNTIME","D:\halal_web_runtime","D:\halal_web_runtime\_onedrive_backup_archive\data.__onedrive_backup_20260629_144030\mail_downloads\HALAL-REQ-20260504-4493D808\attachments\HALAL-REQ-20260504-4493D808__001__할랄 인증서 갱신 해당 없음 회신(26.05.06).pdf","_onedrive_backup_archive\data.__onedrive_backup_20260629_144030\mail_downloads\HALAL-REQ-20260504-4493D808\attachments\HALAL-REQ-20260504-4493D808__001__할랄 인증서 갱신 해당 없음 회신(26.05.06).pdf","HALAL-REQ-20260504-4493D808__001__할랄 인증서 갱신 해당 없음 회신(26.05.06).pdf",".pdf","61792","0.0589","2026-05-11T18:05:03","2026-05-11T18:05:03","PDF"
"RUNTIME","D:\halal_web_runtime","D:\halal_web_runtime\_onedrive_backup_archive\data.__onedrive_backup_20260629_144030\mail_downloads\HALAL-REQ-20260504-4493D808\attachments\HALAL-REQ-20260504-4493D808__002__세제 SJM-50WAG (GHS-MSDS).pdf","_onedrive_backup_archive\data.__onedrive_backup_20260629_144030\mail_downloads\HALAL-REQ-20260504-4493D808\attachments\HALAL-REQ-20260504-4493D808__002__세제 SJM-50WAG (GHS-MSDS).pdf","HALAL-REQ-20260504-4493D808__002__세제 SJM-50WAG (GHS-MSDS).pdf",".pdf","105341","0.1005","2026-05-11T18:05:03","2026-05-11T18:05:03","PDF"
"RUNTIME","D:\halal_web_runtime","D:\halal_web_runtime\_onedrive_backup_archive\data.__onedrive_backup_20260629_144030\mail_downloads\HALAL-REQ-20260504-4A0E6AEA\attachments\HALAL-REQ-20260504-4A0E6AEA__001__HEBEI HUAYANG BPJPH HALAL 인증서(유효기간 없음).pdf","_onedrive_backup_archive\data.__onedrive_backup_20260629_144030\mail_downloads\HALAL-REQ-20260504-4A0E6AEA\attachments\HALAL-REQ-20260504-4A0E6AEA__001__HEBEI HUAYANG BPJPH HALAL 인증서(유효기간 없음).pdf","HALAL-REQ-20260504-4A0E6AEA__001__HEBEI HUAYANG BPJPH HALAL 인증서(유효기간 없음).pdf",".pdf","623339","0.5945","2026-05-11T18:05:03","2026-05-11T18:05:03","PDF"
"RUNTIME","D:\halal_web_runtime","D:\halal_web_runtime\_onedrive_backup_archive\data.__onedrive_backup_20260629_144030\mail_downloads\HALAL-REQ-20260504-4BFCC05F\attachments\HALAL-REQ-20260504-4BFCC05F__001__Ohly GmbH - Halal Certificate valid_2026-10-31_DE_V01.pdf","_onedrive_backup_archive\data.__onedrive_backup_20260629_144030\mail_downloads\HALAL-REQ-20260504-4BFCC05F\attachments\HALAL-REQ-20260504-4BFCC05F__001__Ohly GmbH - Halal Certificate valid_2026-10-31_DE_V01.pdf","HALAL-REQ-20260504-4BFCC05F__001__Ohly GmbH - Halal Certificate valid_2026-10-31_DE_V01.pdf",".pdf","1701710","1.6229","2026-05-11T18:28:34","2026-05-11T18:28:34","PDF"
"RUNTIME","D:\halal_web_runtime","D:\halal_web_runtime\_onedrive_backup_archive\data.__onedrive_backup_20260629_144030\mail_downloads\HALAL-REQ-20260504-61460534\attachments\HALAL-REQ-20260504-61460534__003__[말토덱스트린] Halal Certificate (2028.03.15 만료).pdf","_onedrive_backup_archive\data.__onedrive_backup_20260629_144030\mail_downloads\HALAL-REQ-20260504-61460534\attachments\HALAL-REQ-20260504-61460534__003__[말토덱스트린] Halal Certificate (2028.03.15 만료).pdf","HALAL-REQ-20260504-61460534__003__[말토덱스트린] Halal Certificate (2028.03.15 만료).pdf",".pdf","353039","0.3367","2026-05-11T18:40:08","2026-05-11T18:40:08","PDF"
"RUNTIME","D:\halal_web_runtime","D:\halal_web_runtime\_onedrive_backup_archive\data.__onedrive_backup_20260629_144030\mail_downloads\HALAL-REQ-20260504-6EF9F444\attachments\HALAL-REQ-20260504-6EF9F444__003__## HALAL STATEMENT(Permanent Certification Status).pdf","_onedrive_backup_archive\data.__onedrive_backup_20260629_144030\mail_downloads\HALAL-REQ-20260504-6EF9F444\attachments\HALAL-REQ-20260504-6EF9F444__003__## HALAL STATEMENT(Permanent Certification Status).pdf","HALAL-REQ-20260504-6EF9F444__003__## HALAL STATEMENT(Permanent Certification Status).pdf",".pdf","184055","0.1755","2026-05-11T18:40:07","2026-05-11T18:40:07","PDF"
"RUNTIME","D:\halal_web_runtime","D:\halal_web_runtime\_onedrive_backup_archive\data.__onedrive_backup_20260629_144030\mail_downloads\HALAL-REQ-20260504-6EF9F444\attachments\HALAL-REQ-20260504-6EF9F444__004__##인도네시아 정부 HALAL CERTIFICATE(BPJPH)(-2026.04.28, 자동 갱신).pdf","_onedrive_backup_archive\data.__onedrive_backup_20260629_144030\mail_downloads\HALAL-REQ-20260504-6EF9F444\attachments\HALAL-REQ-20260504-6EF9F444__004__##인도네시아 정부 HALAL CERTIFICATE(BPJPH)(-2026.04.28, 자동 갱신).pdf","HALAL-REQ-20260504-6EF9F444__004__##인도네시아 정부 HALAL CERTIFICATE(BPJPH)(-2026.04.28, 자동 갱신).pdf",".pdf","452086","0.4311","2026-05-11T18:40:07","2026-05-11T18:40:07","PDF"
"RUNTIME","D:\halal_web_runtime","D:\halal_web_runtime\_onedrive_backup_archive\data.__onedrive_backup_20260629_144030\mail_downloads\HALAL-REQ-20260504-6EF9F444\attachments\HALAL-REQ-20260504-6EF9F444__005__Halal 04 04 2028(JUHF).pdf","_onedrive_backup_archive\data.__onedrive_backup_20260629_144030\mail_downloads\HALAL-REQ-20260504-6EF9F444\attachments\HALAL-REQ-20260504-6EF9F444__005__Halal 04 04 2028(JUHF).pdf","HALAL-REQ-20260504-6EF9F444__005__Halal 04 04 2028(JUHF).pdf",".pdf","393720","0.3755","2026-05-11T18:40:07","2026-05-11T18:40:07","PDF"
"RUNTIME","D:\halal_web_runtime","D:\halal_web_runtime\_onedrive_backup_archive\data.__onedrive_backup_20260629_144030\mail_downloads\HALAL-REQ-20260504-743C7975\attachments\HALAL-REQ-20260504-743C7975__001__BPJPH_교차인정기관_안내.pdf","_onedrive_backup_archive\data.__onedrive_backup_20260629_144030\mail_downloads\HALAL-REQ-20260504-743C7975\attachments\HALAL-REQ-20260504-743C7975__001__BPJPH_교차인정기관_안내.pdf","HALAL-REQ-20260504-743C7975__001__BPJPH_교차인정기관_안내.pdf",".pdf","13848359","13.2068","2026-05-11T18:40:23","2026-05-11T18:40:23","PDF"
"RUNTIME","D:\halal_web_runtime","D:\halal_web_runtime\_onedrive_backup_archive\data.__onedrive_backup_20260629_144030\mail_downloads\HALAL-REQ-20260504-7653D3EE\attachments\HALAL-REQ-20260504-7653D3EE__001__4.감초엑기스[H](MUI28.12.18).pdf","_onedrive_backup_archive\data.__onedrive_backup_20260629_144030\mail_downloads\HALAL-REQ-20260504-7653D3EE\attachments\HALAL-REQ-20260504-7653D3EE__001__4.감초엑기스[H](MUI28.12.18).pdf","HALAL-REQ-20260504-7653D3EE__001__4.감초엑기스[H](MUI28.12.18).pdf",".pdf","119714","0.1142","2026-05-11T18:05:04","2026-05-11T18:05:04","PDF"
"RUNTIME","D:\halal_web_runtime","D:\halal_web_runtime\_onedrive_backup_archive\data.__onedrive_backup_20260629_144030\mail_downloads\HALAL-REQ-20260504-7653D3EE\attachments\HALAL-REQ-20260504-7653D3EE__002__11.우스타소스(S)(MUI28.12.18).pdf","_onedrive_backup_archive\data.__onedrive_backup_20260629_144030\mail_downloads\HALAL-REQ-20260504-7653D3EE\attachments\HALAL-REQ-20260504-7653D3EE__002__11.우스타소스(S)(MUI28.12.18).pdf","HALAL-REQ-20260504-7653D3EE__002__11.우스타소스(S)(MUI28.12.18).pdf",".pdf","119714","0.1142","2026-05-11T18:05:04","2026-05-11T18:05:04","PDF"
"RUNTIME","D:\halal_web_runtime","D:\halal_web_runtime\_onedrive_backup_archive\data.__onedrive_backup_20260629_144030\mail_downloads\HALAL-REQ-20260504-7653D3EE\attachments\HALAL-REQ-20260504-7653D3EE__003__MUI HALAL Certificate (28.12.18).pdf","_onedrive_backup_archive\data.__onedrive_backup_20260629_144030\mail_downloads\HALAL-REQ-20260504-7653D3EE\attachments\HALAL-REQ-20260504-7653D3EE__003__MUI HALAL Certificate (28.12.18).pdf","HALAL-REQ-20260504-7653D3EE__003__MUI HALAL Certificate (28.12.18).pdf",".pdf","1976949","1.8854","2026-05-11T18:05:04","2026-05-11T18:05:04","PDF"
"RUNTIME","D:\halal_web_runtime","D:\halal_web_runtime\_onedrive_backup_archive\data.__onedrive_backup_20260629_144030\mail_downloads\HALAL-REQ-20260504-7653D3EE\attachments\HALAL-REQ-20260504-7653D3EE__004__하얀설탕(삼양사) - KMF 할랄인증서 (~2028.12.24).pdf","_onedrive_backup_archive\data.__onedrive_backup_20260629_144030\mail_downloads\HALAL-REQ-20260504-7653D3EE\attachments\HALAL-REQ-20260504-7653D3EE__004__하얀설탕(삼양사) - KMF 할랄인증서 (~2028.12.24).pdf","HALAL-REQ-20260504-7653D3EE__004__하얀설탕(삼양사) - KMF 할랄인증서 (~2028.12.24).pdf",".pdf","74352","0.0709","2026-05-11T18:05:04","2026-05-11T18:05:04","PDF"
"RUNTIME","D:\halal_web_runtime","D:\halal_web_runtime\_onedrive_backup_archive\data.__onedrive_backup_20260629_144030\mail_downloads\HALAL-REQ-20260504-798B933F\attachments\HALAL-REQ-20260504-798B933F__002__BPJPH HALAL certi SAJO CPK_Syrup_Icheon.pdf","_onedrive_backup_archive\data.__onedrive_backup_20260629_144030\mail_downloads\HALAL-REQ-20260504-798B933F\attachments\HALAL-REQ-20260504-798B933F__002__BPJPH HALAL certi SAJO CPK_Syrup_Icheon.pdf","HALAL-REQ-20260504-798B933F__002__BPJPH HALAL certi SAJO CPK_Syrup_Icheon.pdf",".pdf","707035","0.6743","2026-05-11T18:28:33","2026-05-11T18:28:33","PDF"
"RUNTIME","D:\halal_web_runtime","D:\halal_web_runtime\_onedrive_backup_archive\data.__onedrive_backup_20260629_144030\mail_downloads\HALAL-REQ-20260504-9160F2AA\attachments\HALAL-REQ-20260504-9160F2AA__001__Halal Certificate-BSP exp31.12.2026.pdf","_onedrive_backup_archive\data.__onedrive_backup_20260629_144030\mail_downloads\HALAL-REQ-20260504-9160F2AA\attachments\HALAL-REQ-20260504-9160F2AA__001__Halal Certificate-BSP exp31.12.2026.pdf","HALAL-REQ-20260504-9160F2AA__001__Halal Certificate-BSP exp31.12.2026.pdf",".pdf","272727","0.2601","2026-05-11T18:40:06","2026-05-11T18:40:06","PDF"
"RUNTIME","D:\halal_web_runtime","D:\halal_web_runtime\_onedrive_backup_archive\data.__onedrive_backup_20260629_144030\mail_downloads\HALAL-REQ-20260504-A4244390\attachments\HALAL-REQ-20260504-A4244390__001__[SMS] KREATION KE8 (Exp. Oct 14, 2026).pdf","_onedrive_backup_archive\data.__onedrive_backup_20260629_144030\mail_downloads\HALAL-REQ-20260504-A4244390\attachments\HALAL-REQ-20260504-A4244390__001__[SMS] KREATION KE8 (Exp. Oct 14, 2026).pdf","HALAL-REQ-20260504-A4244390__001__[SMS] KREATION KE8 (Exp. Oct 14, 2026).pdf",".pdf","496793","0.4738","2026-05-11T18:40:07","2026-05-11T18:40:07","PDF"
"RUNTIME","D:\halal_web_runtime","D:\halal_web_runtime\_onedrive_backup_archive\data.__onedrive_backup_20260629_144030\mail_downloads\HALAL-REQ-20260504-A5A479FF\attachments\HALAL-REQ-20260504-A5A479FF__001__2026 Halal_SI MA France.pdf","_onedrive_backup_archive\data.__onedrive_backup_20260629_144030\mail_downloads\HALAL-REQ-20260504-A5A479FF\attachments\HALAL-REQ-20260504-A5A479FF__001__2026 Halal_SI MA France.pdf","HALAL-REQ-20260504-A5A479FF__001__2026 Halal_SI MA France.pdf",".pdf","645922","0.616","2026-05-11T18:28:34","2026-05-11T18:28:34","PDF"
"RUNTIME","D:\halal_web_runtime","D:\halal_web_runtime\_onedrive_backup_archive\data.__onedrive_backup_20260629_144030\mail_downloads\HALAL-REQ-20260504-B84B32F4\attachments\HALAL-REQ-20260504-B84B32F4__001__Halal(2025-2026) HCA 212 JAKIM NEDSPICE PROCESSING VIETNAM LIMITED.pdf","_onedrive_backup_archive\data.__onedrive_backup_20260629_144030\mail_downloads\HALAL-REQ-20260504-B84B32F4\attachments\HALAL-REQ-20260504-B84B32F4__001__Halal(2025-2026) HCA 212 JAKIM NEDSPICE PROCESSING VIETNAM LIMITED.pdf","HALAL-REQ-20260504-B84B32F4__001__Halal(2025-2026) HCA 212 JAKIM NEDSPICE PROCESSING VIETNAM LIMITED.pdf",".pdf","662155","0.6315","2026-05-11T18:05:03","2026-05-11T18:05:03","PDF"
"RUNTIME","D:\halal_web_runtime","D:\halal_web_runtime\_onedrive_backup_archive\data.__onedrive_backup_20260629_144030\mail_downloads\HALAL-REQ-20260504-BDD7030C\attachments\HALAL-REQ-20260504-BDD7030C__001__BPJPH_교차인정기관_안내.pdf","_onedrive_backup_archive\data.__onedrive_backup_20260629_144030\mail_downloads\HALAL-REQ-20260504-BDD7030C\attachments\HALAL-REQ-20260504-BDD7030C__001__BPJPH_교차인정기관_안내.pdf","HALAL-REQ-20260504-BDD7030C__001__BPJPH_교차인정기관_안내.pdf",".pdf","13848359","13.2068","2026-05-11T18:40:15","2026-05-11T18:40:15","PDF"
"RUNTIME","D:\halal_web_runtime","D:\halal_web_runtime\_onedrive_backup_archive\data.__onedrive_backup_20260629_144030\mail_downloads\HALAL-REQ-20260504-BE6E2BFD\attachments\HALAL-REQ-20260504-BE6E2BFD__001__Kalizea_HCE_GSO_Halal_Certificate_2026.pdf","_onedrive_backup_archive\data.__onedrive_backup_20260629_144030\mail_downloads\HALAL-REQ-20260504-BE6E2BFD\attachments\HALAL-REQ-20260504-BE6E2BFD__001__Kalizea_HCE_GSO_Halal_Certificate_2026.pdf","HALAL-REQ-20260504-BE6E2BFD__001__Kalizea_HCE_GSO_Halal_Certificate_2026.pdf",".pdf","325867","0.3108","2026-05-11T18:05:03","2026-05-11T18:05:03","PDF"
"RUNTIME","D:\halal_web_runtime","D:\halal_web_runtime\_onedrive_backup_archive\data.__onedrive_backup_20260629_144030\mail_downloads\HALAL-REQ-20260504-D9FDDA69\attachments\HALAL-REQ-20260504-D9FDDA69__001__Halal certificate 2026 - 2027.pdf","_onedrive_backup_archive\data.__onedrive_backup_20260629_144030\mail_downloads\HALAL-REQ-20260504-D9FDDA69\attachments\HALAL-REQ-20260504-D9FDDA69__001__Halal certificate 2026 - 2027.pdf","HALAL-REQ-20260504-D9FDDA69__001__Halal certificate 2026 - 2027.pdf",".pdf","778013","0.742","2026-05-11T18:05:02","2026-05-11T18:05:02","PDF"
"RUNTIME","D:\halal_web_runtime","D:\halal_web_runtime\_onedrive_backup_archive\data.__onedrive_backup_20260629_144030\mail_downloads\HALAL-REQ-20260504-F0C466EC\attachments\HALAL-REQ-20260504-F0C466EC__001__HALAL HFQ EVESA 2026-2027.pdf","_onedrive_backup_archive\data.__onedrive_backup_20260629_144030\mail_downloads\HALAL-REQ-20260504-F0C466EC\attachments\HALAL-REQ-20260504-F0C466EC__001__HALAL HFQ EVESA 2026-2027.pdf","HALAL-REQ-20260504-F0C466EC__001__HALAL HFQ EVESA 2026-2027.pdf",".pdf","785492","0.7491","2026-05-11T18:28:33","2026-05-11T18:28:33","PDF"
"RUNTIME","D:\halal_web_runtime","D:\halal_web_runtime\_onedrive_backup_archive\data.__onedrive_backup_20260629_144030\mail_downloads\HALAL-REQ-20260504-FE43759C\attachments\HALAL-REQ-20260504-FE43759C__001__BPJPH_교차인정기관_안내.pdf","_onedrive_backup_archive\data.__onedrive_backup_20260629_144030\mail_downloads\HALAL-REQ-20260504-FE43759C\attachments\HALAL-REQ-20260504-FE43759C__001__BPJPH_교차인정기관_안내.pdf","HALAL-REQ-20260504-FE43759C__001__BPJPH_교차인정기관_안내.pdf",".pdf","13848359","13.2068","2026-05-11T18:40:18","2026-05-11T18:40:18","PDF"
"RUNTIME","D:\halal_web_runtime","D:\halal_web_runtime\_onedrive_backup_archive\data.__onedrive_backup_20260629_144030\mail_downloads\HALAL-REQ-20260504-FF0A6E69\attachments\HALAL-REQ-20260504-FF0A6E69__001__Certificate(MUI)-Chenguang-~270328.pdf","_onedrive_backup_archive\data.__onedrive_backup_20260629_144030\mail_downloads\HALAL-REQ-20260504-FF0A6E69\attachments\HALAL-REQ-20260504-FF0A6E69__001__Certificate(MUI)-Chenguang-~270328.pdf","HALAL-REQ-20260504-FF0A6E69__001__Certificate(MUI)-Chenguang-~270328.pdf",".pdf","1186923","1.1319","2026-05-11T18:05:02","2026-05-11T18:05:02","PDF"
"RUNTIME","D:\halal_web_runtime","D:\halal_web_runtime\_onedrive_backup_archive\data.__onedrive_backup_20260629_144030\mail_downloads\HALAL-REQ-20260504-FF0A6E69\attachments\HALAL-REQ-20260504-FF0A6E69__002__Evesa_TK50 제품에 대한 할랄인증서HALAL_HFQ_EVESA_2026-2027.pdf","_onedrive_backup_archive\data.__onedrive_backup_20260629_144030\mail_downloads\HALAL-REQ-20260504-FF0A6E69\attachments\HALAL-REQ-20260504-FF0A6E69__002__Evesa_TK50 제품에 대한 할랄인증서HALAL_HFQ_EVESA_2026-2027.pdf","HALAL-REQ-20260504-FF0A6E69__002__Evesa_TK50 제품에 대한 할랄인증서HALAL_HFQ_EVESA_2026-2027.pdf",".pdf","785492","0.7491","2026-05-11T18:05:02","2026-05-11T18:05:02","PDF"
"RUNTIME","D:\halal_web_runtime","D:\halal_web_runtime\_onedrive_backup_archive\data.__onedrive_backup_20260629_144030\mail_downloads\_unmatched\2026-04-13\MAIL-20260413_144703-413890\attachments\UNMATCHED__001__돼지 미사용 증명서.xlsx","_onedrive_backup_archive\data.__onedrive_backup_20260629_144030\mail_downloads\_unmatched\2026-04-13\MAIL-20260413_144703-413890\attachments\UNMATCHED__001__돼지 미사용 증명서.xlsx","UNMATCHED__001__돼지 미사용 증명서.xlsx",".xlsx","11694","0.0112","2026-05-12T18:23:12","2026-05-12T18:23:12","SPREADSHEET"
"RUNTIME","D:\halal_web_runtime","D:\halal_web_runtime\_onedrive_backup_archive\data.__onedrive_backup_20260629_144030\mail_downloads\_unmatched\2026-04-14\MAIL-20260414_165905-831399\attachments\UNMATCHED__001__세우_본양조간장-N 관련 요청 자료.xlsx","_onedrive_backup_archive\data.__onedrive_backup_20260629_144030\mail_downloads\_unmatched\2026-04-14\MAIL-20260414_165905-831399\attachments\UNMATCHED__001__세우_본양조간장-N 관련 요청 자료.xlsx","UNMATCHED__001__세우_본양조간장-N 관련 요청 자료.xlsx",".xlsx","13903","0.0133","2026-05-12T18:23:12","2026-05-12T18:23:12","SPREADSHEET"
"RUNTIME","D:\halal_web_runtime","D:\halal_web_runtime\_onedrive_backup_archive\data.__onedrive_backup_20260629_144030\mail_downloads\_unmatched\2026-04-14\MAIL-20260414_165905-831399\attachments\UNMATCHED__002__[JAKIM]상호 인정 할랄 인증원 리스트.pdf","_onedrive_backup_archive\data.__onedrive_backup_20260629_144030\mail_downloads\_unmatched\2026-04-14\MAIL-20260414_165905-831399\attachments\UNMATCHED__002__[JAKIM]상호 인정 할랄 인증원 리스트.pdf","UNMATCHED__002__[JAKIM]상호 인정 할랄 인증원 리스트.pdf",".pdf","4272023","4.0741","2026-05-12T18:23:12","2026-05-12T18:23:12","PDF"
"RUNTIME","D:\halal_web_runtime","D:\halal_web_runtime\_onedrive_backup_archive\data.__onedrive_backup_20260629_144030\mail_downloads\_unmatched\2026-06-01\MAIL-20260601_155903-065849\attachments\UNMATCHED__001__D-토코페롤(혼합형)_ZHEJIANG WORLDBESTVE_HALAL(BPJPH)_22.01.27~.pdf","_onedrive_backup_archive\data.__onedrive_backup_20260629_144030\mail_downloads\_unmatched\2026-06-01\MAIL-20260601_155903-065849\attachments\UNMATCHED__001__D-토코페롤(혼합형)_ZHEJIANG WORLDBESTVE_HALAL(BPJPH)_22.01.27~.pdf","UNMATCHED__001__D-토코페롤(혼합형)_ZHEJIANG WORLDBESTVE_HALAL(BPJPH)_22.01.27~.pdf",".pdf","801664","0.7645","2026-06-03T09:11:45","2026-06-03T09:11:45","PDF"
"RUNTIME","D:\halal_web_runtime","D:\halal_web_runtime\_onedrive_backup_archive\data.__onedrive_backup_20260629_144030\mail_downloads\_unmatched\20260430_111956_yeojin.jang@sajo.co.kr\attachments\UNMATCHED__002__제품 원산지 증명서_말토덱스트린.pdf","_onedrive_backup_archive\data.__onedrive_backup_20260629_144030\mail_downloads\_unmatched\20260430_111956_yeojin.jang@sajo.co.kr\attachments\UNMATCHED__002__제품 원산지 증명서_말토덱스트린.pdf","UNMATCHED__002__제품 원산지 증명서_말토덱스트린.pdf",".pdf","119270","0.1137","2026-05-11T18:28:30","2026-05-11T18:28:30","PDF"
"RUNTIME","D:\halal_web_runtime","D:\halal_web_runtime\_onedrive_backup_archive\data.__onedrive_backup_20260629_144030\mail_downloads\_unmatched\20260430_140702_jhsong1@dynesoze.co.kr\attachments\UNMATCHED__001__견적서(세우)260430.pdf","_onedrive_backup_archive\data.__onedrive_backup_20260629_144030\mail_downloads\_unmatched\20260430_140702_jhsong1@dynesoze.co.kr\attachments\UNMATCHED__001__견적서(세우)260430.pdf","UNMATCHED__001__견적서(세우)260430.pdf",".pdf","107120","0.1022","2026-05-11T18:28:29","2026-05-11T18:28:29","PDF"
"RUNTIME","D:\halal_web_runtime","D:\halal_web_runtime\_onedrive_backup_archive\data.__onedrive_backup_20260629_144030\mail_downloads\_unmatched\20260430_140702_jhsong1@dynesoze.co.kr\attachments\UNMATCHED__002__api+20+a.pdf","_onedrive_backup_archive\data.__onedrive_backup_20260629_144030\mail_downloads\_unmatched\20260430_140702_jhsong1@dynesoze.co.kr\attachments\UNMATCHED__002__api+20+a.pdf","UNMATCHED__002__api+20+a.pdf",".pdf","2141707","2.0425","2026-05-11T18:28:29","2026-05-11T18:28:29","PDF"
"RUNTIME","D:\halal_web_runtime","D:\halal_web_runtime\_onedrive_backup_archive\data.__onedrive_backup_20260629_144030\mail_downloads\_unmatched\20260430_140702_jhsong1@dynesoze.co.kr\attachments\UNMATCHED__003__견적서2(세우)260430.pdf","_onedrive_backup_archive\data.__onedrive_backup_20260629_144030\mail_downloads\_unmatched\20260430_140702_jhsong1@dynesoze.co.kr\attachments\UNMATCHED__003__견적서2(세우)260430.pdf","UNMATCHED__003__견적서2(세우)260430.pdf",".pdf","104865","0.1","2026-05-11T18:28:29","2026-05-11T18:28:29","PDF"
"RUNTIME","D:\halal_web_runtime","D:\halal_web_runtime\_onedrive_backup_archive\data.__onedrive_backup_20260629_144030\mail_downloads\_unmatched\20260430_163919_yhkim@seoulfnf.com\attachments\UNMATCHED__001__간장향_NS-40500_원료확인서.pdf","_onedrive_backup_archive\data.__onedrive_backup_20260629_144030\mail_downloads\_unmatched\20260430_163919_yhkim@seoulfnf.com\attachments\UNMATCHED__001__간장향_NS-40500_원료확인서.pdf","UNMATCHED__001__간장향_NS-40500_원료확인서.pdf",".pdf","61912","0.059","2026-05-11T18:28:28","2026-05-11T18:28:28","PDF"
"RUNTIME","D:\halal_web_runtime","D:\halal_web_runtime\_onedrive_backup_archive\data.__onedrive_backup_20260629_144030\mail_downloads\_unmatched\20260504_094828_hwalim@kewi.re.kr\attachments\UNMATCHED__001__EU-260106.pdf","_onedrive_backup_archive\data.__onedrive_backup_20260629_144030\mail_downloads\_unmatched\20260504_094828_hwalim@kewi.re.kr\attachments\UNMATCHED__001__EU-260106.pdf","UNMATCHED__001__EU-260106.pdf",".pdf","167075","0.1593","2026-05-11T18:28:27","2026-05-11T18:28:27","PDF"
"RUNTIME","D:\halal_web_runtime","D:\halal_web_runtime\_onedrive_backup_archive\data.__onedrive_backup_20260629_144030\mail_downloads\_unmatched\20260504_094828_hwalim@kewi.re.kr\attachments\UNMATCHED__002__EU-260106-E.pdf","_onedrive_backup_archive\data.__onedrive_backup_20260629_144030\mail_downloads\_unmatched\20260504_094828_hwalim@kewi.re.kr\attachments\UNMATCHED__002__EU-260106-E.pdf","UNMATCHED__002__EU-260106-E.pdf",".pdf","137349","0.131","2026-05-11T18:28:27","2026-05-11T18:28:27","PDF"
"RUNTIME","D:\halal_web_runtime","D:\halal_web_runtime\_onedrive_backup_archive\data.__onedrive_backup_20260629_144030\mail_downloads\_unmatched\20260504_100838_parkhs@honeybee.or.kr\attachments\UNMATCHED__001__바지락살(국산) 원산지증명서.pdf","_onedrive_backup_archive\data.__onedrive_backup_20260629_144030\mail_downloads\_unmatched\20260504_100838_parkhs@honeybee.or.kr\attachments\UNMATCHED__001__바지락살(국산) 원산지증명서.pdf","UNMATCHED__001__바지락살(국산) 원산지증명서.pdf",".pdf","318273","0.3035","2026-05-11T18:28:27","2026-05-11T18:28:27","PDF"
"RUNTIME","D:\halal_web_runtime","D:\halal_web_runtime\_onedrive_backup_archive\data.__onedrive_backup_20260629_144030\mail_downloads\_unmatched\20260505_150219_whaaodm02@dongbangfood.com\attachments\UNMATCHED__001__카놀라탈검유_수입필증,확인증.pdf","_onedrive_backup_archive\data.__onedrive_backup_20260629_144030\mail_downloads\_unmatched\20260505_150219_whaaodm02@dongbangfood.com\attachments\UNMATCHED__001__카놀라탈검유_수입필증,확인증.pdf","UNMATCHED__001__카놀라탈검유_수입필증,확인증.pdf",".pdf","526509","0.5021","2026-05-11T18:28:27","2026-05-11T18:28:27","PDF"
"RUNTIME","D:\halal_web_runtime","D:\halal_web_runtime\_onedrive_backup_archive\data.__onedrive_backup_20260629_144030\mail_downloads\_unmatched\20260505_150219_whaaodm02@dongbangfood.com\attachments\UNMATCHED__002__대두_수입신고필증_2026 미국 브라질.pdf","_onedrive_backup_archive\data.__onedrive_backup_20260629_144030\mail_downloads\_unmatched\20260505_150219_whaaodm02@dongbangfood.com\attachments\UNMATCHED__002__대두_수입신고필증_2026 미국 브라질.pdf","UNMATCHED__002__대두_수입신고필증_2026 미국 브라질.pdf",".pdf","372660","0.3554","2026-05-11T18:28:27","2026-05-11T18:28:27","PDF"
"RUNTIME","D:\halal_web_runtime","D:\halal_web_runtime\_onedrive_backup_archive\data.__onedrive_backup_20260629_144030\mail_downloads\_unmatched\20260505_150219_whaaodm02@dongbangfood.com\attachments\UNMATCHED__003__대두_수입신고필증_2026 (파라과이 25년) (1).pdf","_onedrive_backup_archive\data.__onedrive_backup_20260629_144030\mail_downloads\_unmatched\20260505_150219_whaaodm02@dongbangfood.com\attachments\UNMATCHED__003__대두_수입신고필증_2026 (파라과이 25년) (1).pdf","UNMATCHED__003__대두_수입신고필증_2026 (파라과이 25년) (1).pdf",".pdf","1794500","1.7114","2026-05-11T18:28:27","2026-05-11T18:28:27","PDF"
"RUNTIME","D:\halal_web_runtime","D:\halal_web_runtime\_onedrive_backup_archive\data.__onedrive_backup_20260629_144030\mail_downloads\_unmatched\20260506_090722_ug.lee@lotte.net\attachments\UNMATCHED__001__각 업체별 제품별 현황 및 공인시험성적서 제출 요청 양식.xlsx","_onedrive_backup_archive\data.__onedrive_backup_20260629_144030\mail_downloads\_unmatched\20260506_090722_ug.lee@lotte.net\attachments\UNMATCHED__001__각 업체별 제품별 현황 및 공인시험성적서 제출 요청 양식.xlsx","UNMATCHED__001__각 업체별 제품별 현황 및 공인시험성적서 제출 요청 양식.xlsx",".xlsx","21273","0.0203","2026-05-11T18:28:26","2026-05-11T18:28:26","SPREADSHEET"
"RUNTIME","D:\halal_web_runtime","D:\halal_web_runtime\_onedrive_backup_archive\data.__onedrive_backup_20260629_144030\mail_downloads\_unmatched\20260506_134912_whs00317@gmail.com\attachments\UNMATCHED__001__세우 원료_리스트_260506.xlsx","_onedrive_backup_archive\data.__onedrive_backup_20260629_144030\mail_downloads\_unmatched\20260506_134912_whs00317@gmail.com\attachments\UNMATCHED__001__세우 원료_리스트_260506.xlsx","UNMATCHED__001__세우 원료_리스트_260506.xlsx",".xlsx","11653","0.0111","2026-05-11T18:28:26","2026-05-11T18:28:26","SPREADSHEET"
"RUNTIME","D:\halal_web_runtime","D:\halal_web_runtime\_onedrive_backup_archive\data.__onedrive_backup_20260629_144030\mail_downloads\_unmatched\20260506_153918_leehyemin9809@naver.com\attachments\UNMATCHED__001__간장분말NM 구분유통증명서.pdf","_onedrive_backup_archive\data.__onedrive_backup_20260629_144030\mail_downloads\_unmatched\20260506_153918_leehyemin9809@naver.com\attachments\UNMATCHED__001__간장분말NM 구분유통증명서.pdf","UNMATCHED__001__간장분말NM 구분유통증명서.pdf",".pdf","37218","0.0355","2026-05-11T18:28:25","2026-05-11T18:28:25","PDF"
"RUNTIME","D:\halal_web_runtime","D:\halal_web_runtime\_onedrive_backup_archive\data.__onedrive_backup_20260629_144030\mail_downloads\_unmatched\20260506_153918_leehyemin9809@naver.com\attachments\UNMATCHED__002__본양조간장N 구분유통증명서.pdf","_onedrive_backup_archive\data.__onedrive_backup_20260629_144030\mail_downloads\_unmatched\20260506_153918_leehyemin9809@naver.com\attachments\UNMATCHED__002__본양조간장N 구분유통증명서.pdf","UNMATCHED__002__본양조간장N 구분유통증명서.pdf",".pdf","37167","0.0354","2026-05-11T18:28:25","2026-05-11T18:28:25","PDF"
"RUNTIME","D:\halal_web_runtime","D:\halal_web_runtime\_onedrive_backup_archive\data.__onedrive_backup_20260629_144030\mail_downloads\_unmatched\20260506_153918_leehyemin9809@naver.com\attachments\UNMATCHED__003__분말고추장2호 구분유통증명서.pdf","_onedrive_backup_archive\data.__onedrive_backup_20260629_144030\mail_downloads\_unmatched\20260506_153918_leehyemin9809@naver.com\attachments\UNMATCHED__003__분말고추장2호 구분유통증명서.pdf","UNMATCHED__003__분말고추장2호 구분유통증명서.pdf",".pdf","37084","0.0354","2026-05-11T18:28:25","2026-05-11T18:28:25","PDF"
"RUNTIME","D:\halal_web_runtime","D:\halal_web_runtime\_onedrive_backup_archive\data.__onedrive_backup_20260629_144030\mail_downloads\_unmatched\20260506_153918_leehyemin9809@naver.com\attachments\UNMATCHED__004__분말김치국물2호NM 구분유통증명서.pdf","_onedrive_backup_archive\data.__onedrive_backup_20260629_144030\mail_downloads\_unmatched\20260506_153918_leehyemin9809@naver.com\attachments\UNMATCHED__004__분말김치국물2호NM 구분유통증명서.pdf","UNMATCHED__004__분말김치국물2호NM 구분유통증명서.pdf",".pdf","38393","0.0366","2026-05-11T18:28:25","2026-05-11T18:28:25","PDF"
"RUNTIME","D:\halal_web_runtime","D:\halal_web_runtime\_onedrive_backup_archive\data.__onedrive_backup_20260629_144030\mail_downloads\_unmatched\20260506_153918_leehyemin9809@naver.com\attachments\UNMATCHED__005__비프엑기스SW-10 구분유통증명서.pdf","_onedrive_backup_archive\data.__onedrive_backup_20260629_144030\mail_downloads\_unmatched\20260506_153918_leehyemin9809@naver.com\attachments\UNMATCHED__005__비프엑기스SW-10 구분유통증명서.pdf","UNMATCHED__005__비프엑기스SW-10 구분유통증명서.pdf",".pdf","37837","0.0361","2026-05-11T18:28:25","2026-05-11T18:28:25","PDF"
"RUNTIME","D:\halal_web_runtime","D:\halal_web_runtime\_onedrive_backup_archive\data.__onedrive_backup_20260629_144030\mail_downloads\_unmatched\20260506_153918_leehyemin9809@naver.com\attachments\UNMATCHED__006__소고기분말TN 구분유통증명서.pdf","_onedrive_backup_archive\data.__onedrive_backup_20260629_144030\mail_downloads\_unmatched\20260506_153918_leehyemin9809@naver.com\attachments\UNMATCHED__006__소고기분말TN 구분유통증명서.pdf","UNMATCHED__006__소고기분말TN 구분유통증명서.pdf",".pdf","36731","0.035","2026-05-11T18:28:25","2026-05-11T18:28:25","PDF"
"RUNTIME","D:\halal_web_runtime","D:\halal_web_runtime\_onedrive_backup_archive\data.__onedrive_backup_20260629_144030\mail_downloads\_unmatched\20260506_163830_hwshin@dhflour.co.kr\attachments\UNMATCHED__001__세우_수입신고필증 확인증.pdf","_onedrive_backup_archive\data.__onedrive_backup_20260629_144030\mail_downloads\_unmatched\20260506_163830_hwshin@dhflour.co.kr\attachments\UNMATCHED__001__세우_수입신고필증 확인증.pdf","UNMATCHED__001__세우_수입신고필증 확인증.pdf",".pdf","579442","0.5526","2026-05-11T18:28:25","2026-05-11T18:28:25","PDF"
"RUNTIME","D:\halal_web_runtime","D:\halal_web_runtime\_onedrive_backup_archive\data.__onedrive_backup_20260629_144030\mail_downloads\_unmatched\20260507_100218_info@martiankorea.com\attachments\UNMATCHED__001__20260507-(주)세우 견적서.pdf","_onedrive_backup_archive\data.__onedrive_backup_20260629_144030\mail_downloads\_unmatched\20260507_100218_info@martiankorea.com\attachments\UNMATCHED__001__20260507-(주)세우 견적서.pdf","UNMATCHED__001__20260507-(주)세우 견적서.pdf",".pdf","60640","0.0578","2026-05-11T18:28:25","2026-05-11T18:28:25","PDF"
"RUNTIME","D:\halal_web_runtime","D:\halal_web_runtime\_onedrive_backup_archive\data.__onedrive_backup_20260629_144030\mail_downloads\_unmatched\20260508_101826_pys96@nongshimtk.com\attachments\UNMATCHED__001__농심태경 안성공장_협력업체별 원료 리스트_2026년_전송용_내수원료.xlsx","_onedrive_backup_archive\data.__onedrive_backup_20260629_144030\mail_downloads\_unmatched\20260508_101826_pys96@nongshimtk.com\attachments\UNMATCHED__001__농심태경 안성공장_협력업체별 원료 리스트_2026년_전송용_내수원료.xlsx","UNMATCHED__001__농심태경 안성공장_협력업체별 원료 리스트_2026년_전송용_내수원료.xlsx",".xlsx","63857","0.0609","2026-05-11T18:28:24","2026-05-11T18:28:24","SPREADSHEET"
"RUNTIME","D:\halal_web_runtime","D:\halal_web_runtime\_onedrive_backup_archive\data.__onedrive_backup_20260629_144030\mail_downloads\_unmatched\20260508_112744_info@martiankorea.com\attachments\UNMATCHED__001__20260508-세우 박정현 대리님 한길 오토클레이브 견적서.pdf","_onedrive_backup_archive\data.__onedrive_backup_20260629_144030\mail_downloads\_unmatched\20260508_112744_info@martiankorea.com\attachments\UNMATCHED__001__20260508-세우 박정현 대리님 한길 오토클레이브 견적서.pdf","UNMATCHED__001__20260508-세우 박정현 대리님 한길 오토클레이브 견적서.pdf",".pdf","97663","0.0931","2026-05-11T18:28:23","2026-05-11T18:28:23","PDF"
"RUNTIME","D:\halal_web_runtime","D:\halal_web_runtime\_onedrive_backup_archive\data.__onedrive_backup_20260629_144030\mail_downloads\_unmatched\20260508_112744_info@martiankorea.com\attachments\UNMATCHED__002__한길 오토클레이브 카탈로그.pdf","_onedrive_backup_archive\data.__onedrive_backup_20260629_144030\mail_downloads\_unmatched\20260508_112744_info@martiankorea.com\attachments\UNMATCHED__002__한길 오토클레이브 카탈로그.pdf","UNMATCHED__002__한길 오토클레이브 카탈로그.pdf",".pdf","448327","0.4276","2026-05-11T18:28:23","2026-05-11T18:28:23","PDF"
"RUNTIME","D:\halal_web_runtime","D:\halal_web_runtime\_onedrive_backup_archive\data.__onedrive_backup_20260629_144030\mail_downloads\_unmatched\20260508_112744_info@martiankorea.com\attachments\UNMATCHED__003__20260508-세우 박정현 대리님 비전 오토클레이브 견적서.pdf","_onedrive_backup_archive\data.__onedrive_backup_20260629_144030\mail_downloads\_unmatched\20260508_112744_info@martiankorea.com\attachments\UNMATCHED__003__20260508-세우 박정현 대리님 비전 오토클레이브 견적서.pdf","UNMATCHED__003__20260508-세우 박정현 대리님 비전 오토클레이브 견적서.pdf",".pdf","98062","0.0935","2026-05-11T18:28:23","2026-05-11T18:28:23","PDF"
"RUNTIME","D:\halal_web_runtime","D:\halal_web_runtime\_onedrive_backup_archive\data.__onedrive_backup_20260629_144030\mail_downloads\_unmatched\20260508_112744_info@martiankorea.com\attachments\UNMATCHED__004__비전 오토클레이브 카탈로그.pdf","_onedrive_backup_archive\data.__onedrive_backup_20260629_144030\mail_downloads\_unmatched\20260508_112744_info@martiankorea.com\attachments\UNMATCHED__004__비전 오토클레이브 카탈로그.pdf","UNMATCHED__004__비전 오토클레이브 카탈로그.pdf",".pdf","226764","0.2163","2026-05-11T18:28:23","2026-05-11T18:28:23","PDF"
"RUNTIME","D:\halal_web_runtime","D:\halal_web_runtime\_onedrive_backup_archive\data.__onedrive_backup_20260629_144030\mail_downloads\_unmatched\20260508_140043_djh1788@nongshimtk.com\attachments\UNMATCHED__001__농심태경 대구공장_미국 알레르기물질_확인 요청 List_추가요청(2022~2024년 입고분).xlsx","_onedrive_backup_archive\data.__onedrive_backup_20260629_144030\mail_downloads\_unmatched\20260508_140043_djh1788@nongshimtk.com\attachments\UNMATCHED__001__농심태경 대구공장_미국 알레르기물질_확인 요청 List_추가요청(2022~2024년 입고분).xlsx","UNMATCHED__001__농심태경 대구공장_미국 알레르기물질_확인 요청 List_추가요청(2022~2024년 입고분).xlsx",".xlsx","54062","0.0516","2026-05-11T17:53:45","2026-05-11T17:53:45","SPREADSHEET"
"RUNTIME","D:\halal_web_runtime","D:\halal_web_runtime\_onedrive_backup_archive\data.__onedrive_backup_20260629_144030\mail_downloads\_unmatched\20260508_154659_qc@isaacfood.com\attachments\UNMATCHED__001__(주)팔도_피스타치오_교차오염_확인.xlsx","_onedrive_backup_archive\data.__onedrive_backup_20260629_144030\mail_downloads\_unmatched\20260508_154659_qc@isaacfood.com\attachments\UNMATCHED__001__(주)팔도_피스타치오_교차오염_확인.xlsx","UNMATCHED__001__(주)팔도_피스타치오_교차오염_확인.xlsx",".xlsx","45228","0.0431","2026-05-11T17:53:45","2026-05-11T17:53:45","SPREADSHEET"
"RUNTIME","D:\halal_web_runtime","D:\halal_web_runtime\_onedrive_backup_archive\data.__onedrive_backup_20260629_144030\mail_downloads\_unmatched\20260508_163058_qc@isaacfood.com\attachments\UNMATCHED__001__피스타치오_함유_및_교차오염_확인표_제품명.xlsx","_onedrive_backup_archive\data.__onedrive_backup_20260629_144030\mail_downloads\_unmatched\20260508_163058_qc@isaacfood.com\attachments\UNMATCHED__001__피스타치오_함유_및_교차오염_확인표_제품명.xlsx","UNMATCHED__001__피스타치오_함유_및_교차오염_확인표_제품명.xlsx",".xlsx","13636","0.013","2026-05-11T17:53:45","2026-05-11T17:53:45","SPREADSHEET"
"RUNTIME","D:\halal_web_runtime","D:\halal_web_runtime\_onedrive_backup_archive\data.__onedrive_backup_20260629_144030\mail_downloads\_unmatched\20260511_104515_srb_lab@casinbio.co.kr\attachments\UNMATCHED__001__잔류농약 510종 성적서 2025.09.29 올레오레진 생강.pdf","_onedrive_backup_archive\data.__onedrive_backup_20260629_144030\mail_downloads\_unmatched\20260511_104515_srb_lab@casinbio.co.kr\attachments\UNMATCHED__001__잔류농약 510종 성적서 2025.09.29 올레오레진 생강.pdf","UNMATCHED__001__잔류농약 510종 성적서 2025.09.29 올레오레진 생강.pdf",".pdf","526723","0.5023","2026-05-11T17:53:44","2026-05-11T17:53:44","PDF"
"RUNTIME","D:\halal_web_runtime","D:\halal_web_runtime\_onedrive_backup_archive\data.__onedrive_backup_20260629_144030\mail_downloads\_unmatched\20260511_104515_srb_lab@casinbio.co.kr\attachments\UNMATCHED__002__잔류농약510종성적서 2025.02.21 파프리카추출색소 (스페인) EVESA.pdf","_onedrive_backup_archive\data.__onedrive_backup_20260629_144030\mail_downloads\_unmatched\20260511_104515_srb_lab@casinbio.co.kr\attachments\UNMATCHED__002__잔류농약510종성적서 2025.02.21 파프리카추출색소 (스페인) EVESA.pdf","UNMATCHED__002__잔류농약510종성적서 2025.02.21 파프리카추출색소 (스페인) EVESA.pdf",".pdf","1578796","1.5057","2026-05-11T17:53:44","2026-05-11T17:53:44","PDF"
"RUNTIME","D:\halal_web_runtime","D:\halal_web_runtime\_onedrive_backup_archive\data.__onedrive_backup_20260629_144030\mail_downloads\_unmatched\20260511_110351_jisulog@dhflour.co.kr\attachments\UNMATCHED__001__260417 자율개선요청서_세우.xlsx","_onedrive_backup_archive\data.__onedrive_backup_20260629_144030\mail_downloads\_unmatched\20260511_110351_jisulog@dhflour.co.kr\attachments\UNMATCHED__001__260417 자율개선요청서_세우.xlsx","UNMATCHED__001__260417 자율개선요청서_세우.xlsx",".xlsx","739873","0.7056","2026-05-11T17:53:44","2026-05-11T17:53:44","SPREADSHEET"
"RUNTIME","D:\halal_web_runtime","D:\halal_web_runtime\_onedrive_backup_archive\data.__onedrive_backup_20260629_144030\mail_downloads\_unmatched\20260511_112058_whfood@naver.com\attachments\UNMATCHED__001__홍합엑기스NM-2 할랄인증서.pdf","_onedrive_backup_archive\data.__onedrive_backup_20260629_144030\mail_downloads\_unmatched\20260511_112058_whfood@naver.com\attachments\UNMATCHED__001__홍합엑기스NM-2 할랄인증서.pdf","UNMATCHED__001__홍합엑기스NM-2 할랄인증서.pdf",".pdf","675817","0.6445","2026-05-11T18:05:01","2026-05-11T18:05:01","PDF"
"RUNTIME","D:\halal_web_runtime","D:\halal_web_runtime\_onedrive_backup_archive\data.__onedrive_backup_20260629_144030\mail_downloads\_unmatched\20260511_143139_jaek_ing@naver.com\attachments\UNMATCHED__002__세우 특별방제 결과보고서 (26년 04월).pdf","_onedrive_backup_archive\data.__onedrive_backup_20260629_144030\mail_downloads\_unmatched\20260511_143139_jaek_ing@naver.com\attachments\UNMATCHED__002__세우 특별방제 결과보고서 (26년 04월).pdf","UNMATCHED__002__세우 특별방제 결과보고서 (26년 04월).pdf",".pdf","919249","0.8767","2026-05-11T17:37:44","2026-05-11T17:37:44","PDF"
"RUNTIME","D:\halal_web_runtime","D:\halal_web_runtime\_onedrive_backup_archive\data.__onedrive_backup_20260629_144030\mail_downloads\_unmatched\20260512_073006_sw200011@daum.net\attachments\UNMATCHED__001__260429_애호박_중금속.pdf","_onedrive_backup_archive\data.__onedrive_backup_20260629_144030\mail_downloads\_unmatched\20260512_073006_sw200011@daum.net\attachments\UNMATCHED__001__260429_애호박_중금속.pdf","UNMATCHED__001__260429_애호박_중금속.pdf",".pdf","421149","0.4016","2026-05-12T10:12:13","2026-05-12T10:12:13","PDF"
"RUNTIME","D:\halal_web_runtime","D:\halal_web_runtime\_onedrive_backup_archive\data.__onedrive_backup_20260629_144030\mail_downloads\_unmatched\20260512_073006_sw200011@daum.net\attachments\UNMATCHED__002__260429_애호박_510종 잔류농약.pdf","_onedrive_backup_archive\data.__onedrive_backup_20260629_144030\mail_downloads\_unmatched\20260512_073006_sw200011@daum.net\attachments\UNMATCHED__002__260429_애호박_510종 잔류농약.pdf","UNMATCHED__002__260429_애호박_510종 잔류농약.pdf",".pdf","434862","0.4147","2026-05-12T10:12:13","2026-05-12T10:12:13","PDF"
"RUNTIME","D:\halal_web_runtime","D:\halal_web_runtime\_onedrive_backup_archive\data.__onedrive_backup_20260629_144030\mail_downloads\_unmatched\20260512_084140_eklee34@dongwon.com\attachments\UNMATCHED__001__동원홈푸드신규원료필요양식(25년8월).xlsx","_onedrive_backup_archive\data.__onedrive_backup_20260629_144030\mail_downloads\_unmatched\20260512_084140_eklee34@dongwon.com\attachments\UNMATCHED__001__동원홈푸드신규원료필요양식(25년8월).xlsx","UNMATCHED__001__동원홈푸드신규원료필요양식(25년8월).xlsx",".xlsx","74059","0.0706","2026-05-12T10:12:12","2026-05-12T10:12:12","SPREADSHEET"
"RUNTIME","D:\halal_web_runtime","D:\halal_web_runtime\_onedrive_backup_archive\data.__onedrive_backup_20260629_144030\mail_downloads\_unmatched\20260512_092713_mins3001@naver.com\attachments\UNMATCHED__001__동원홈푸드신규원료필요양식(25년8월).xlsx","_onedrive_backup_archive\data.__onedrive_backup_20260629_144030\mail_downloads\_unmatched\20260512_092713_mins3001@naver.com\attachments\UNMATCHED__001__동원홈푸드신규원료필요양식(25년8월).xlsx","UNMATCHED__001__동원홈푸드신규원료필요양식(25년8월).xlsx",".xlsx","74059","0.0706","2026-05-12T10:12:12","2026-05-12T10:12:12","SPREADSHEET"
"RUNTIME","D:\halal_web_runtime","D:\halal_web_runtime\_onedrive_backup_archive\data.__onedrive_backup_20260629_144030\ocr_test_uploads\20260518_160434_109270\126. Seafood Seasoning Paste-S(Naturals)[MUI_2028-08-13]내.pdf","_onedrive_backup_archive\data.__onedrive_backup_20260629_144030\ocr_test_uploads\20260518_160434_109270\126. Seafood Seasoning Paste-S(Naturals)[MUI_2028-08-13]내.pdf","126. Seafood Seasoning Paste-S(Naturals)[MUI_2028-08-13]내.pdf",".pdf","145845","0.1391","2026-05-18T16:04:34","2026-05-18T16:04:34","PDF"
"RUNTIME","D:\halal_web_runtime","D:\halal_web_runtime\_onedrive_backup_archive\data.__onedrive_backup_20260629_144030\ocr_test_uploads\20260518_160434_359891\130_7. FIRMTEX(INGREDIO)[IFANCA_2025-09-30]G.pdf","_onedrive_backup_archive\data.__onedrive_backup_20260629_144030\ocr_test_uploads\20260518_160434_359891\130_7. FIRMTEX(INGREDIO)[IFANCA_2025-09-30]G.pdf","130_7. FIRMTEX(INGREDIO)[IFANCA_2025-09-30]G.pdf",".pdf","5820848","5.5512","2026-05-18T16:04:34","2026-05-18T16:04:34","PDF"
"RUNTIME","D:\halal_web_runtime","D:\halal_web_runtime\_onedrive_backup_archive\data.__onedrive_backup_20260629_144030\ocr_test_uploads\20260518_160434_591334\132. Paprika OLEORSIN-HFCE(2024-10-31).pdf","_onedrive_backup_archive\data.__onedrive_backup_20260629_144030\ocr_test_uploads\20260518_160434_591334\132. Paprika OLEORSIN-HFCE(2024-10-31).pdf","132. Paprika OLEORSIN-HFCE(2024-10-31).pdf",".pdf","1092451","1.0418","2026-05-18T16:04:34","2026-05-18T16:04:34","PDF"
"RUNTIME","D:\halal_web_runtime","D:\halal_web_runtime\_onedrive_backup_archive\data.__onedrive_backup_20260629_144030\ocr_test_uploads\20260518_160434_985594\110_1_4. Dextrozyme(Novozyme)[HQC_2028-07-01]대.pdf","_onedrive_backup_archive\data.__onedrive_backup_20260629_144030\ocr_test_uploads\20260518_160434_985594\110_1_4. Dextrozyme(Novozyme)[HQC_2028-07-01]대.pdf","110_1_4. Dextrozyme(Novozyme)[HQC_2028-07-01]대.pdf",".pdf","700682","0.6682","2026-05-18T16:04:34","2026-05-18T16:04:34","PDF"
"RUNTIME","D:\halal_web_runtime","D:\halal_web_runtime\_onedrive_backup_archive\data.__onedrive_backup_20260629_144030\ocr_test_uploads\20260518_160435_330322\117. Non-GMO Soybean Meal(Zeeland)[IFANCA_2026-05-31]타.pdf","_onedrive_backup_archive\data.__onedrive_backup_20260629_144030\ocr_test_uploads\20260518_160435_330322\117. Non-GMO Soybean Meal(Zeeland)[IFANCA_2026-05-31]타.pdf","117. Non-GMO Soybean Meal(Zeeland)[IFANCA_2026-05-31]타.pdf",".pdf","287594","0.2743","2026-05-18T16:04:35","2026-05-18T16:04:35","PDF"
"RUNTIME","D:\halal_web_runtime","D:\halal_web_runtime\_onedrive_backup_archive\data.__onedrive_backup_20260629_144030\ocr_test_uploads\20260518_160435_494647\119. Oleoresin Capsicum-HFCE(2024-10-31).pdf","_onedrive_backup_archive\data.__onedrive_backup_20260629_144030\ocr_test_uploads\20260518_160435_494647\119. Oleoresin Capsicum-HFCE(2024-10-31).pdf","119. Oleoresin Capsicum-HFCE(2024-10-31).pdf",".pdf","1092451","1.0418","2026-05-18T16:04:35","2026-05-18T16:04:35","PDF"
"RUNTIME","D:\halal_web_runtime","D:\halal_web_runtime\_onedrive_backup_archive\data.__onedrive_backup_20260629_144030\ocr_test_uploads\20260518_160435_717429\120. Paprika OLEORSIN(EVESA)[HFQ_2026-04-10]T.pdf","_onedrive_backup_archive\data.__onedrive_backup_20260629_144030\ocr_test_uploads\20260518_160435_717429\120. Paprika OLEORSIN(EVESA)[HFQ_2026-04-10]T.pdf","120. Paprika OLEORSIN(EVESA)[HFQ_2026-04-10]T.pdf",".pdf","677084","0.6457","2026-05-18T16:04:35","2026-05-18T16:04:35","PDF"
"RUNTIME","D:\halal_web_runtime","D:\halal_web_runtime\_onedrive_backup_archive\data.__onedrive_backup_20260629_144030\ocr_test_uploads\20260518_160435_946128\122. Protease-Promod 278 MDP)(BIOCATAL)[HQC_2026-04-15]B.pdf","_onedrive_backup_archive\data.__onedrive_backup_20260629_144030\ocr_test_uploads\20260518_160435_946128\122. Protease-Promod 278 MDP)(BIOCATAL)[HQC_2026-04-15]B.pdf","122. Protease-Promod 278 MDP)(BIOCATAL)[HQC_2026-04-15]B.pdf",".pdf","777855","0.7418","2026-05-18T16:04:35","2026-05-18T16:04:35","PDF"
"RUNTIME","D:\halal_web_runtime","D:\halal_web_runtime\_onedrive_backup_archive\data.__onedrive_backup_20260629_144030\ocr_test_uploads\20260518_160436_159639\124. Flo-max 8(blend)(NATIONAL)[CICOT_2025-09-19].pdf","_onedrive_backup_archive\data.__onedrive_backup_20260629_144030\ocr_test_uploads\20260518_160436_159639\124. Flo-max 8(blend)(NATIONAL)[CICOT_2025-09-19].pdf","124. Flo-max 8(blend)(NATIONAL)[CICOT_2025-09-19].pdf",".pdf","227887","0.2173","2026-05-18T16:04:36","2026-05-18T16:04:36","PDF"
"RUNTIME","D:\halal_web_runtime","D:\halal_web_runtime\_onedrive_backup_archive\data.__onedrive_backup_20260629_144030\ocr_test_uploads\20260518_160506_146381\117. Non-GMO Soybean Meal(Zeeland)[IFANCA_2026-05-31]타.pdf","_onedrive_backup_archive\data.__onedrive_backup_20260629_144030\ocr_test_uploads\20260518_160506_146381\117. Non-GMO Soybean Meal(Zeeland)[IFANCA_2026-05-31]타.pdf","117. Non-GMO Soybean Meal(Zeeland)[IFANCA_2026-05-31]타.pdf",".pdf","287594","0.2743","2026-05-18T16:05:06","2026-05-18T16:05:06","PDF"
"RUNTIME","D:\halal_web_runtime","D:\halal_web_runtime\_onedrive_backup_archive\data.__onedrive_backup_20260629_144030\ocr_test_uploads\20260518_160506_292921\119. Oleoresin Capsicum-HFCE(2024-10-31).pdf","_onedrive_backup_archive\data.__onedrive_backup_20260629_144030\ocr_test_uploads\20260518_160506_292921\119. Oleoresin Capsicum-HFCE(2024-10-31).pdf","119. Oleoresin Capsicum-HFCE(2024-10-31).pdf",".pdf","1092451","1.0418","2026-05-18T16:05:06","2026-05-18T16:05:06","PDF"
"RUNTIME","D:\halal_web_runtime","D:\halal_web_runtime\_onedrive_backup_archive\data.__onedrive_backup_20260629_144030\ocr_test_uploads\20260518_160506_419033\120. Paprika OLEORSIN(EVESA)[HFQ_2026-04-10]T.pdf","_onedrive_backup_archive\data.__onedrive_backup_20260629_144030\ocr_test_uploads\20260518_160506_419033\120. Paprika OLEORSIN(EVESA)[HFQ_2026-04-10]T.pdf","120. Paprika OLEORSIN(EVESA)[HFQ_2026-04-10]T.pdf",".pdf","677084","0.6457","2026-05-18T16:05:06","2026-05-18T16:05:06","PDF"
"RUNTIME","D:\halal_web_runtime","D:\halal_web_runtime\_onedrive_backup_archive\data.__onedrive_backup_20260629_144030\ocr_test_uploads\20260518_160506_591842\122. Protease-Promod 278 MDP)(BIOCATAL)[HQC_2026-04-15]B.pdf","_onedrive_backup_archive\data.__onedrive_backup_20260629_144030\ocr_test_uploads\20260518_160506_591842\122. Protease-Promod 278 MDP)(BIOCATAL)[HQC_2026-04-15]B.pdf","122. Protease-Promod 278 MDP)(BIOCATAL)[HQC_2026-04-15]B.pdf",".pdf","777855","0.7418","2026-05-18T16:05:06","2026-05-18T16:05:06","PDF"
"RUNTIME","D:\halal_web_runtime","D:\halal_web_runtime\_onedrive_backup_archive\data.__onedrive_backup_20260629_144030\ocr_test_uploads\20260518_160506_769692\124. Flo-max 8(blend)(NATIONAL)[CICOT_2025-09-19].pdf","_onedrive_backup_archive\data.__onedrive_backup_20260629_144030\ocr_test_uploads\20260518_160506_769692\124. Flo-max 8(blend)(NATIONAL)[CICOT_2025-09-19].pdf","124. Flo-max 8(blend)(NATIONAL)[CICOT_2025-09-19].pdf",".pdf","227887","0.2173","2026-05-18T16:05:06","2026-05-18T16:05:06","PDF"
"RUNTIME","D:\halal_web_runtime","D:\halal_web_runtime\_onedrive_backup_archive\data.__onedrive_backup_20260629_144030\ocr_test_uploads\20260518_160507_824190\126. Seafood Seasoning Paste-S(Naturals)[MUI_2028-08-13]내.pdf","_onedrive_backup_archive\data.__onedrive_backup_20260629_144030\ocr_test_uploads\20260518_160507_824190\126. Seafood Seasoning Paste-S(Naturals)[MUI_2028-08-13]내.pdf","126. Seafood Seasoning Paste-S(Naturals)[MUI_2028-08-13]내.pdf",".pdf","145845","0.1391","2026-05-18T16:05:07","2026-05-18T16:05:07","PDF"
"RUNTIME","D:\halal_web_runtime","D:\halal_web_runtime\_onedrive_backup_archive\data.__onedrive_backup_20260629_144030\ocr_test_uploads\20260518_160507_997068\130_7. FIRMTEX(INGREDIO)[IFANCA_2025-09-30]G.pdf","_onedrive_backup_archive\data.__onedrive_backup_20260629_144030\ocr_test_uploads\20260518_160507_997068\130_7. FIRMTEX(INGREDIO)[IFANCA_2025-09-30]G.pdf","130_7. FIRMTEX(INGREDIO)[IFANCA_2025-09-30]G.pdf",".pdf","5820848","5.5512","2026-05-18T16:05:07","2026-05-18T16:05:08","PDF"
"RUNTIME","D:\halal_web_runtime","D:\halal_web_runtime\_onedrive_backup_archive\data.__onedrive_backup_20260629_144030\ocr_test_uploads\20260518_160508_179336\132. Paprika OLEORSIN-HFCE(2024-10-31).pdf","_onedrive_backup_archive\data.__onedrive_backup_20260629_144030\ocr_test_uploads\20260518_160508_179336\132. Paprika OLEORSIN-HFCE(2024-10-31).pdf","132. Paprika OLEORSIN-HFCE(2024-10-31).pdf",".pdf","1092451","1.0418","2026-05-18T16:05:08","2026-05-18T16:05:08","PDF"
"RUNTIME","D:\halal_web_runtime","D:\halal_web_runtime\_onedrive_backup_archive\data.__onedrive_backup_20260629_144030\ocr_test_uploads\20260518_160508_360332\135. Flo-max 8(blend)-CICOT(2024-09-19).pdf","_onedrive_backup_archive\data.__onedrive_backup_20260629_144030\ocr_test_uploads\20260518_160508_360332\135. Flo-max 8(blend)-CICOT(2024-09-19).pdf","135. Flo-max 8(blend)-CICOT(2024-09-19).pdf",".pdf","1677022","1.5993","2026-05-18T16:05:08","2026-05-18T16:05:08","PDF"
"RUNTIME","D:\halal_web_runtime","D:\halal_web_runtime\_onedrive_backup_archive\data.__onedrive_backup_20260629_144030\ocr_test_uploads\20260518_160510_789161\136_1. FATTY ACIDS(lOI)[JAKIM_2029-05-15]비.pdf","_onedrive_backup_archive\data.__onedrive_backup_20260629_144030\ocr_test_uploads\20260518_160510_789161\136_1. FATTY ACIDS(lOI)[JAKIM_2029-05-15]비.pdf","136_1. FATTY ACIDS(lOI)[JAKIM_2029-05-15]비.pdf",".pdf","473911","0.452","2026-05-18T16:05:10","2026-05-18T16:05:10","PDF"
"RUNTIME","D:\halal_web_runtime","D:\halal_web_runtime\_onedrive_backup_archive\data.__onedrive_backup_20260629_144030\ocr_test_uploads\20260518_160512_619175\151. KREATIONⓡKE8-CICOT(2023-10-14).pdf","_onedrive_backup_archive\data.__onedrive_backup_20260629_144030\ocr_test_uploads\20260518_160512_619175\151. KREATIONⓡKE8-CICOT(2023-10-14).pdf","151. KREATIONⓡKE8-CICOT(2023-10-14).pdf",".pdf","1518587","1.4482","2026-05-18T16:05:12","2026-05-18T16:05:12","PDF"
"RUNTIME","D:\halal_web_runtime","D:\halal_web_runtime\_onedrive_backup_archive\data.__onedrive_backup_20260629_144030\ocr_test_uploads\20260518_160514_415165\155. Beef Type Flavor(Givaudan)[IFANCA_2026-05-31]G.pdf","_onedrive_backup_archive\data.__onedrive_backup_20260629_144030\ocr_test_uploads\20260518_160514_415165\155. Beef Type Flavor(Givaudan)[IFANCA_2026-05-31]G.pdf","155. Beef Type Flavor(Givaudan)[IFANCA_2026-05-31]G.pdf",".pdf","141942","0.1354","2026-05-18T16:05:14","2026-05-18T16:05:14","PDF"
"RUNTIME","D:\halal_web_runtime","D:\halal_web_runtime\_onedrive_backup_archive\data.__onedrive_backup_20260629_144030\ocr_test_uploads\20260518_160514_500181\162-1.Crude Rice Bran Oil,WILMAR AGRO VIETNAM COMPANY LIMITED社-Halal Certification Agency (HCA)(2021-07-31).pdf","_onedrive_backup_archive\data.__onedrive_backup_20260629_144030\ocr_test_uploads\20260518_160514_500181\162-1.Crude Rice Bran Oil,WILMAR AGRO VIETNAM COMPANY LIMITED社-Halal Certification Agency (HCA)(2021-07-31).pdf","162-1.Crude Rice Bran Oil,WILMAR AGRO VIETNAM COMPANY LIMITED社-Halal Certification Agency (HCA)(2021-07-31).pdf",".pdf","69159","0.066","2026-05-18T16:05:14","2026-05-18T16:05:14","PDF"
"RUNTIME","D:\halal_web_runtime","D:\halal_web_runtime\_onedrive_backup_archive\data.__onedrive_backup_20260629_144030\ocr_test_uploads\20260518_160515_069435\165_8. Potassium sulfate(K+S)[HALAL CONTROL_2026-08-15].pdf","_onedrive_backup_archive\data.__onedrive_backup_20260629_144030\ocr_test_uploads\20260518_160515_069435\165_8. Potassium sulfate(K+S)[HALAL CONTROL_2026-08-15].pdf","165_8. Potassium sulfate(K+S)[HALAL CONTROL_2026-08-15].pdf",".pdf","313444","0.2989","2026-05-18T16:05:15","2026-05-18T16:05:15","PDF"
"RUNTIME","D:\halal_web_runtime","D:\halal_web_runtime\_onedrive_backup_archive\data.__onedrive_backup_20260629_144030\ocr_test_uploads\20260518_160515_225641\167. KRATIONⓡKE8(SIAM)[CICOT_2025-10-14]마.pdf","_onedrive_backup_archive\data.__onedrive_backup_20260629_144030\ocr_test_uploads\20260518_160515_225641\167. KRATIONⓡKE8(SIAM)[CICOT_2025-10-14]마.pdf","167. KRATIONⓡKE8(SIAM)[CICOT_2025-10-14]마.pdf",".pdf","1897092","1.8092","2026-05-18T16:05:15","2026-05-18T16:05:15","PDF"
"RUNTIME","D:\halal_web_runtime","D:\halal_web_runtime\_onedrive_backup_archive\data.__onedrive_backup_20260629_144030\ocr_test_uploads\20260518_160515_350673\168. Beef Type Flavor-IFANCA(2024-05-31).pdf","_onedrive_backup_archive\data.__onedrive_backup_20260629_144030\ocr_test_uploads\20260518_160515_350673\168. Beef Type Flavor-IFANCA(2024-05-31).pdf","168. Beef Type Flavor-IFANCA(2024-05-31).pdf",".pdf","233409","0.2226","2026-05-18T16:05:15","2026-05-18T16:05:15","PDF"
"RUNTIME","D:\halal_web_runtime","D:\halal_web_runtime\_onedrive_backup_archive\data.__onedrive_backup_20260629_144030\ocr_test_uploads\20260518_160515_453081\220217 HEBEI HUAYANG BPJPH HALAL 인증서 프롤린 글루타민 메티오닌.pdf","_onedrive_backup_archive\data.__onedrive_backup_20260629_144030\ocr_test_uploads\20260518_160515_453081\220217 HEBEI HUAYANG BPJPH HALAL 인증서 프롤린 글루타민 메티오닌.pdf","220217 HEBEI HUAYANG BPJPH HALAL 인증서 프롤린 글루타민 메티오닌.pdf",".pdf","638591","0.609","2026-05-18T16:05:15","2026-05-18T16:05:15","PDF"
"RUNTIME","D:\halal_web_runtime","D:\halal_web_runtime\_onedrive_backup_archive\data.__onedrive_backup_20260629_144030\ocr_test_uploads\20260518_160515_593314\220908 Dextrin_BPJPH(YISHIU DADI).pdf","_onedrive_backup_archive\data.__onedrive_backup_20260629_144030\ocr_test_uploads\20260518_160515_593314\220908 Dextrin_BPJPH(YISHIU DADI).pdf","220908 Dextrin_BPJPH(YISHIU DADI).pdf",".pdf","415711","0.3965","2026-05-18T16:05:15","2026-05-18T16:05:15","PDF"
"RUNTIME","D:\halal_web_runtime","D:\halal_web_runtime\_onedrive_backup_archive\data.__onedrive_backup_20260629_144030\ocr_test_uploads\20260518_160515_776193\230525 BPJPH_NOVOZYMES(CHINA) 카라멜 하이드롤 하부.pdf","_onedrive_backup_archive\data.__onedrive_backup_20260629_144030\ocr_test_uploads\20260518_160515_776193\230525 BPJPH_NOVOZYMES(CHINA) 카라멜 하이드롤 하부.pdf","230525 BPJPH_NOVOZYMES(CHINA) 카라멜 하이드롤 하부.pdf",".pdf","1049784","1.0012","2026-05-18T16:05:15","2026-05-18T16:05:15","PDF"
"RUNTIME","D:\halal_web_runtime","D:\halal_web_runtime\_onedrive_backup_archive\data.__onedrive_backup_20260629_144030\ocr_test_uploads\20260518_160515_923768\20250624_150528_2_3023462 halal IFANCA US EN 20250609.pdf","_onedrive_backup_archive\data.__onedrive_backup_20260629_144030\ocr_test_uploads\20260518_160515_923768\20250624_150528_2_3023462 halal IFANCA US EN 20250609.pdf","20250624_150528_2_3023462 halal IFANCA US EN 20250609.pdf",".pdf","141942","0.1354","2026-05-18T16:05:15","2026-05-18T16:05:15","PDF"
"RUNTIME","D:\halal_web_runtime","D:\halal_web_runtime\_onedrive_backup_archive\data.__onedrive_backup_20260629_144030\ocr_test_uploads\20260518_160516_029868\20250703_072436_16_Halal certificate (HQC)_ Food & Beverage products (Novozymes DK)_2021-08077.pdf","_onedrive_backup_archive\data.__onedrive_backup_20260629_144030\ocr_test_uploads\20260518_160516_029868\20250703_072436_16_Halal certificate (HQC)_ Food & Beverage products (Novozymes DK)_2021-08077.pdf","20250703_072436_16_Halal certificate (HQC)_ Food & Beverage products (Novozymes DK)_2021-08077.pdf",".pdf","727134","0.6934","2026-05-18T16:05:16","2026-05-18T16:05:16","PDF"
"RUNTIME","D:\halal_web_runtime","D:\halal_web_runtime\_onedrive_backup_archive\data.__onedrive_backup_20260629_144030\ocr_test_uploads\20260518_160516_181570\20250703_072437_23_Halal certificate (HQC)_ Food & Beverage products (Novozymes DK)_2021-08077.pdf","_onedrive_backup_archive\data.__onedrive_backup_20260629_144030\ocr_test_uploads\20260518_160516_181570\20250703_072437_23_Halal certificate (HQC)_ Food & Beverage products (Novozymes DK)_2021-08077.pdf","20250703_072437_23_Halal certificate (HQC)_ Food & Beverage products (Novozymes DK)_2021-08077.pdf",".pdf","727134","0.6934","2026-05-18T16:05:16","2026-05-18T16:05:16","PDF"
"RUNTIME","D:\halal_web_runtime","D:\halal_web_runtime\_onedrive_backup_archive\data.__onedrive_backup_20260629_144030\ocr_test_uploads\20260518_160516_343845\DF - Halal HQC certificate (301125).pdf","_onedrive_backup_archive\data.__onedrive_backup_20260629_144030\ocr_test_uploads\20260518_160516_343845\DF - Halal HQC certificate (301125).pdf","DF - Halal HQC certificate (301125).pdf",".pdf","1219313","1.1628","2026-05-18T16:05:16","2026-05-18T16:05:16","PDF"
"RUNTIME","D:\halal_web_runtime","D:\halal_web_runtime\_onedrive_backup_archive\data.__onedrive_backup_20260629_144030\ocr_test_uploads\20260518_160516_697735\TQHCC-BPJPH 인증서 Sertifikat Akreditasi Halal Correct Germany.pdf","_onedrive_backup_archive\data.__onedrive_backup_20260629_144030\ocr_test_uploads\20260518_160516_697735\TQHCC-BPJPH 인증서 Sertifikat Akreditasi Halal Correct Germany.pdf","TQHCC-BPJPH 인증서 Sertifikat Akreditasi Halal Correct Germany.pdf",".pdf","1986266","1.8943","2026-05-18T16:05:16","2026-05-18T16:05:16","PDF"
"RUNTIME","D:\halal_web_runtime","D:\halal_web_runtime\_onedrive_backup_archive\data.__onedrive_backup_20260629_144030\ocr_test_uploads\20260518_160516_833039\비타셀L600-HFFIA_2023-09-30.pdf","_onedrive_backup_archive\data.__onedrive_backup_20260629_144030\ocr_test_uploads\20260518_160516_833039\비타셀L600-HFFIA_2023-09-30.pdf","비타셀L600-HFFIA_2023-09-30.pdf",".pdf","1152711","1.0993","2026-05-18T16:05:16","2026-05-18T16:05:16","PDF"
"RUNTIME","D:\halal_web_runtime","D:\halal_web_runtime\_onedrive_backup_archive\data.__onedrive_backup_20260629_144030\ocr_test_uploads\20260518_160517_633972\슈가시럽-Halal Control - Halal- Zertifikat - Südzucker - gültig bis 13.12.2018 (1).pdf","_onedrive_backup_archive\data.__onedrive_backup_20260629_144030\ocr_test_uploads\20260518_160517_633972\슈가시럽-Halal Control - Halal- Zertifikat - Südzucker - gültig bis 13.12.2018 (1).pdf","슈가시럽-Halal Control - Halal- Zertifikat - Südzucker - gültig bis 13.12.2018 (1).pdf",".pdf","192317","0.1834","2026-05-18T16:05:17","2026-05-18T16:05:17","PDF"
"RUNTIME","D:\halal_web_runtime","D:\halal_web_runtime\_onedrive_backup_archive\data.__onedrive_backup_20260629_144030\ocr_test_uploads\20260518_160517_806438\슈가시럽-Halal Quality Control - Halal Zertifikat - SÜDZUCKER Karasirup - gültig bis 12.12.2022.pdf","_onedrive_backup_archive\data.__onedrive_backup_20260629_144030\ocr_test_uploads\20260518_160517_806438\슈가시럽-Halal Quality Control - Halal Zertifikat - SÜDZUCKER Karasirup - gültig bis 12.12.2022.pdf","슈가시럽-Halal Quality Control - Halal Zertifikat - SÜDZUCKER Karasirup - gültig bis 12.12.2022.pdf",".pdf","1141610","1.0887","2026-05-18T16:05:17","2026-05-18T16:05:17","PDF"
"RUNTIME","D:\halal_web_runtime","D:\halal_web_runtime\_onedrive_backup_archive\data.__onedrive_backup_20260629_144030\ocr_test_uploads\20260518_160518_127030\1-1-7. Disodium Succinate-JMA(2022-08-11).pdf","_onedrive_backup_archive\data.__onedrive_backup_20260629_144030\ocr_test_uploads\20260518_160518_127030\1-1-7. Disodium Succinate-JMA(2022-08-11).pdf","1-1-7. Disodium Succinate-JMA(2022-08-11).pdf",".pdf","374177","0.3568","2026-05-18T16:05:18","2026-05-18T16:05:18","PDF"
"RUNTIME","D:\halal_web_runtime","D:\halal_web_runtime\_onedrive_backup_archive\data.__onedrive_backup_20260629_144030\ocr_test_uploads\20260518_160518_819454\9. Dehydrated Potatoes-Flakes(Oregon)[ISA_2025-12-31]W.pdf","_onedrive_backup_archive\data.__onedrive_backup_20260629_144030\ocr_test_uploads\20260518_160518_819454\9. Dehydrated Potatoes-Flakes(Oregon)[ISA_2025-12-31]W.pdf","9. Dehydrated Potatoes-Flakes(Oregon)[ISA_2025-12-31]W.pdf",".pdf","77749","0.0741","2026-05-18T16:05:18","2026-05-18T16:05:18","PDF"
"RUNTIME","D:\halal_web_runtime","D:\halal_web_runtime\_onedrive_backup_archive\data.__onedrive_backup_20260629_144030\ocr_test_uploads\20260518_160518_921757\11-1. Propylene Glygol USPEP-CICOT(2023-05-01).pdf","_onedrive_backup_archive\data.__onedrive_backup_20260629_144030\ocr_test_uploads\20260518_160518_921757\11-1. Propylene Glygol USPEP-CICOT(2023-05-01).pdf","11-1. Propylene Glygol USPEP-CICOT(2023-05-01).pdf",".pdf","519824","0.4957","2026-05-18T16:05:18","2026-05-18T16:05:18","PDF"
"RUNTIME","D:\halal_web_runtime","D:\halal_web_runtime\_onedrive_backup_archive\data.__onedrive_backup_20260629_144030\ocr_test_uploads\20260518_160521_025317\11-3-3.MM100FK,Mafco Worldwide LLC-ISA(19-12-31).pdf","_onedrive_backup_archive\data.__onedrive_backup_20260629_144030\ocr_test_uploads\20260518_160521_025317\11-3-3.MM100FK,Mafco Worldwide LLC-ISA(19-12-31).pdf","11-3-3.MM100FK,Mafco Worldwide LLC-ISA(19-12-31).pdf",".pdf","537163","0.5123","2026-05-18T16:05:21","2026-05-18T16:05:21","PDF"
"RUNTIME","D:\halal_web_runtime","D:\halal_web_runtime\_onedrive_backup_archive\data.__onedrive_backup_20260629_144030\ocr_test_uploads\20260518_160521_639081\11-3-3.MM100FK,Mafco Worldwide LLC社-ISA(2021-12-31).pdf","_onedrive_backup_archive\data.__onedrive_backup_20260629_144030\ocr_test_uploads\20260518_160521_639081\11-3-3.MM100FK,Mafco Worldwide LLC社-ISA(2021-12-31).pdf","11-3-3.MM100FK,Mafco Worldwide LLC社-ISA(2021-12-31).pdf",".pdf","766544","0.731","2026-05-18T16:05:21","2026-05-18T16:05:21","PDF"
"RUNTIME","D:\halal_web_runtime","D:\halal_web_runtime\_onedrive_backup_archive\data.__onedrive_backup_20260629_144030\ocr_test_uploads\20260518_160521_758448\16. Ground Cassia-Cinnamon(LONG)[HCA_2025-10-09]M.pdf","_onedrive_backup_archive\data.__onedrive_backup_20260629_144030\ocr_test_uploads\20260518_160521_758448\16. Ground Cassia-Cinnamon(LONG)[HCA_2025-10-09]M.pdf","16. Ground Cassia-Cinnamon(LONG)[HCA_2025-10-09]M.pdf",".pdf","1042573","0.9943","2026-05-18T16:05:21","2026-05-18T16:05:21","PDF"
"RUNTIME","D:\halal_web_runtime","D:\halal_web_runtime\_onedrive_backup_archive\data.__onedrive_backup_20260629_144030\ocr_test_uploads\20260518_160521_887092\21-1.MCT OIL,DANIDCO MALAYSIA SDN BHD社-JAKIM(2022-09-30).pdf","_onedrive_backup_archive\data.__onedrive_backup_20260629_144030\ocr_test_uploads\20260518_160521_887092\21-1.MCT OIL,DANIDCO MALAYSIA SDN BHD社-JAKIM(2022-09-30).pdf","21-1.MCT OIL,DANIDCO MALAYSIA SDN BHD社-JAKIM(2022-09-30).pdf",".pdf","1252703","1.1947","2026-05-18T16:05:21","2026-05-18T16:05:21","PDF"
"RUNTIME","D:\halal_web_runtime","D:\halal_web_runtime\_onedrive_backup_archive\data.__onedrive_backup_20260629_144030\ocr_test_uploads\20260518_160523_806558\117. Non-GMO Soybean Meal(Zeeland)[IFANCA_2026-05-31]타.pdf","_onedrive_backup_archive\data.__onedrive_backup_20260629_144030\ocr_test_uploads\20260518_160523_806558\117. Non-GMO Soybean Meal(Zeeland)[IFANCA_2026-05-31]타.pdf","117. Non-GMO Soybean Meal(Zeeland)[IFANCA_2026-05-31]타.pdf",".pdf","287594","0.2743","2026-05-18T16:05:23","2026-05-18T16:05:23","PDF"
"RUNTIME","D:\halal_web_runtime","D:\halal_web_runtime\_onedrive_backup_archive\data.__onedrive_backup_20260629_144030\ocr_test_uploads\20260518_160523_921280\119. Oleoresin Capsicum-HFCE(2024-10-31).pdf","_onedrive_backup_archive\data.__onedrive_backup_20260629_144030\ocr_test_uploads\20260518_160523_921280\119. Oleoresin Capsicum-HFCE(2024-10-31).pdf","119. Oleoresin Capsicum-HFCE(2024-10-31).pdf",".pdf","1092451","1.0418","2026-05-18T16:05:23","2026-05-18T16:05:23","PDF"
"RUNTIME","D:\halal_web_runtime","D:\halal_web_runtime\_onedrive_backup_archive\data.__onedrive_backup_20260629_144030\ocr_test_uploads\20260518_160524_035811\120. Paprika OLEORSIN(EVESA)[HFQ_2026-04-10]T.pdf","_onedrive_backup_archive\data.__onedrive_backup_20260629_144030\ocr_test_uploads\20260518_160524_035811\120. Paprika OLEORSIN(EVESA)[HFQ_2026-04-10]T.pdf","120. Paprika OLEORSIN(EVESA)[HFQ_2026-04-10]T.pdf",".pdf","677084","0.6457","2026-05-18T16:05:24","2026-05-18T16:05:24","PDF"
"RUNTIME","D:\halal_web_runtime","D:\halal_web_runtime\_onedrive_backup_archive\data.__onedrive_backup_20260629_144030\ocr_test_uploads\20260518_160524_542350\122. Protease-Promod 278 MDP)(BIOCATAL)[HQC_2026-04-15]B.pdf","_onedrive_backup_archive\data.__onedrive_backup_20260629_144030\ocr_test_uploads\20260518_160524_542350\122. Protease-Promod 278 MDP)(BIOCATAL)[HQC_2026-04-15]B.pdf","122. Protease-Promod 278 MDP)(BIOCATAL)[HQC_2026-04-15]B.pdf",".pdf","777855","0.7418","2026-05-18T16:05:24","2026-05-18T16:05:24","PDF"
"RUNTIME","D:\halal_web_runtime","D:\halal_web_runtime\_onedrive_backup_archive\data.__onedrive_backup_20260629_144030\ocr_test_uploads\20260518_160524_702127\124. Flo-max 8(blend)(NATIONAL)[CICOT_2025-09-19].pdf","_onedrive_backup_archive\data.__onedrive_backup_20260629_144030\ocr_test_uploads\20260518_160524_702127\124. Flo-max 8(blend)(NATIONAL)[CICOT_2025-09-19].pdf","124. Flo-max 8(blend)(NATIONAL)[CICOT_2025-09-19].pdf",".pdf","227887","0.2173","2026-05-18T16:05:24","2026-05-18T16:05:24","PDF"
"RUNTIME","D:\halal_web_runtime","D:\halal_web_runtime\_onedrive_backup_archive\data.__onedrive_backup_20260629_144030\ocr_test_uploads\20260518_160525_214670\32_1. Non-GMO Crude Soybean oil(Bunge)[HFCE_2026-09-30]롯.pdf","_onedrive_backup_archive\data.__onedrive_backup_20260629_144030\ocr_test_uploads\20260518_160525_214670\32_1. Non-GMO Crude Soybean oil(Bunge)[HFCE_2026-09-30]롯.pdf","32_1. Non-GMO Crude Soybean oil(Bunge)[HFCE_2026-09-30]롯.pdf",".pdf","223913","0.2135","2026-05-18T16:05:25","2026-05-18T16:05:25","PDF"
"RUNTIME","D:\halal_web_runtime","D:\halal_web_runtime\_onedrive_backup_archive\data.__onedrive_backup_20260629_144030\ocr_test_uploads\20260518_160525_586780\34. Maltodextrin Glucose syrup solids(SANSOON)[JAKIM_2026-03-15]한.pdf","_onedrive_backup_archive\data.__onedrive_backup_20260629_144030\ocr_test_uploads\20260518_160525_586780\34. Maltodextrin Glucose syrup solids(SANSOON)[JAKIM_2026-03-15]한.pdf","34. Maltodextrin Glucose syrup solids(SANSOON)[JAKIM_2026-03-15]한.pdf",".pdf","629225","0.6001","2026-05-18T16:05:25","2026-05-18T16:05:25","PDF"
"RUNTIME","D:\halal_web_runtime","D:\halal_web_runtime\_onedrive_backup_archive\data.__onedrive_backup_20260629_144030\ocr_test_uploads\20260518_160526_659750\126. Seafood Seasoning Paste-S(Naturals)[MUI_2028-08-13]내.pdf","_onedrive_backup_archive\data.__onedrive_backup_20260629_144030\ocr_test_uploads\20260518_160526_659750\126. Seafood Seasoning Paste-S(Naturals)[MUI_2028-08-13]내.pdf","126. Seafood Seasoning Paste-S(Naturals)[MUI_2028-08-13]내.pdf",".pdf","145845","0.1391","2026-05-18T16:05:26","2026-05-18T16:05:26","PDF"
"RUNTIME","D:\halal_web_runtime","D:\halal_web_runtime\_onedrive_backup_archive\data.__onedrive_backup_20260629_144030\ocr_test_uploads\20260518_160526_841981\130_7. FIRMTEX(INGREDIO)[IFANCA_2025-09-30]G.pdf","_onedrive_backup_archive\data.__onedrive_backup_20260629_144030\ocr_test_uploads\20260518_160526_841981\130_7. FIRMTEX(INGREDIO)[IFANCA_2025-09-30]G.pdf","130_7. FIRMTEX(INGREDIO)[IFANCA_2025-09-30]G.pdf",".pdf","5820848","5.5512","2026-05-18T16:05:26","2026-05-18T16:05:26","PDF"
"RUNTIME","D:\halal_web_runtime","D:\halal_web_runtime\_onedrive_backup_archive\data.__onedrive_backup_20260629_144030\ocr_test_uploads\20260518_160528_170094\132. Paprika OLEORSIN-HFCE(2024-10-31).pdf","_onedrive_backup_archive\data.__onedrive_backup_20260629_144030\ocr_test_uploads\20260518_160528_170094\132. Paprika OLEORSIN-HFCE(2024-10-31).pdf","132. Paprika OLEORSIN-HFCE(2024-10-31).pdf",".pdf","1092451","1.0418","2026-05-18T16:05:28","2026-05-18T16:05:28","PDF"
"RUNTIME","D:\halal_web_runtime","D:\halal_web_runtime\_onedrive_backup_archive\data.__onedrive_backup_20260629_144030\ocr_test_uploads\20260518_160528_303020\135. Flo-max 8(blend)-CICOT(2024-09-19).pdf","_onedrive_backup_archive\data.__onedrive_backup_20260629_144030\ocr_test_uploads\20260518_160528_303020\135. Flo-max 8(blend)-CICOT(2024-09-19).pdf","135. Flo-max 8(blend)-CICOT(2024-09-19).pdf",".pdf","1677022","1.5993","2026-05-18T16:05:28","2026-05-18T16:05:28","PDF"
"RUNTIME","D:\halal_web_runtime","D:\halal_web_runtime\_onedrive_backup_archive\data.__onedrive_backup_20260629_144030\ocr_test_uploads\20260518_160529_365477\36_3. TREHA™FOOD GRADE(Nagase)[JMA_2026-02-26]락.pdf","_onedrive_backup_archive\data.__onedrive_backup_20260629_144030\ocr_test_uploads\20260518_160529_365477\36_3. TREHA™FOOD GRADE(Nagase)[JMA_2026-02-26]락.pdf","36_3. TREHA™FOOD GRADE(Nagase)[JMA_2026-02-26]락.pdf",".pdf","1657909","1.5811","2026-05-18T16:05:29","2026-05-18T16:05:29","PDF"
"RUNTIME","D:\halal_web_runtime","D:\halal_web_runtime\_onedrive_backup_archive\data.__onedrive_backup_20260629_144030\ocr_test_uploads\20260518_160531_838275\136_1. FATTY ACIDS(lOI)[JAKIM_2029-05-15]비.pdf","_onedrive_backup_archive\data.__onedrive_backup_20260629_144030\ocr_test_uploads\20260518_160531_838275\136_1. FATTY ACIDS(lOI)[JAKIM_2029-05-15]비.pdf","136_1. FATTY ACIDS(lOI)[JAKIM_2029-05-15]비.pdf",".pdf","473911","0.452","2026-05-18T16:05:31","2026-05-18T16:05:31","PDF"
"RUNTIME","D:\halal_web_runtime","D:\halal_web_runtime\_onedrive_backup_archive\data.__onedrive_backup_20260629_144030\ocr_test_uploads\20260518_160532_599784\37. Maxarome Select Powder-HFFIA(2023-06-30).pdf","_onedrive_backup_archive\data.__onedrive_backup_20260629_144030\ocr_test_uploads\20260518_160532_599784\37. Maxarome Select Powder-HFFIA(2023-06-30).pdf","37. Maxarome Select Powder-HFFIA(2023-06-30).pdf",".pdf","1114147","1.0625","2026-05-18T16:05:32","2026-05-18T16:05:32","PDF"
"RUNTIME","D:\halal_web_runtime","D:\halal_web_runtime\_onedrive_backup_archive\data.__onedrive_backup_20260629_144030\ocr_test_uploads\20260518_160534_123413\37.Maxarome Select Powder,DSM FOOD SPECIALTIES CO., LTD社-HFFIA(2021-06-30).pdf","_onedrive_backup_archive\data.__onedrive_backup_20260629_144030\ocr_test_uploads\20260518_160534_123413\37.Maxarome Select Powder,DSM FOOD SPECIALTIES CO., LTD社-HFFIA(2021-06-30).pdf","37.Maxarome Select Powder,DSM FOOD SPECIALTIES CO., LTD社-HFFIA(2021-06-30).pdf",".pdf","1110044","1.0586","2026-05-18T16:05:34","2026-05-18T16:05:34","PDF"
"RUNTIME","D:\halal_web_runtime","D:\halal_web_runtime\_onedrive_backup_archive\data.__onedrive_backup_20260629_144030\ocr_test_uploads\20260518_160534_731054\151. KREATIONⓡKE8-CICOT(2023-10-14).pdf","_onedrive_backup_archive\data.__onedrive_backup_20260629_144030\ocr_test_uploads\20260518_160534_731054\151. KREATIONⓡKE8-CICOT(2023-10-14).pdf","151. KREATIONⓡKE8-CICOT(2023-10-14).pdf",".pdf","1518587","1.4482","2026-05-18T16:05:34","2026-05-18T16:05:34","PDF"
"RUNTIME","D:\halal_web_runtime","D:\halal_web_runtime\_onedrive_backup_archive\data.__onedrive_backup_20260629_144030\ocr_test_uploads\20260518_160535_774817\37_4. NuCel 743PW(BIO)[HFCE_2025-12-31]락.pdf","_onedrive_backup_archive\data.__onedrive_backup_20260629_144030\ocr_test_uploads\20260518_160535_774817\37_4. NuCel 743PW(BIO)[HFCE_2025-12-31]락.pdf","37_4. NuCel 743PW(BIO)[HFCE_2025-12-31]락.pdf",".pdf","584131","0.5571","2026-05-18T16:05:35","2026-05-18T16:05:35","PDF"
"RUNTIME","D:\halal_web_runtime","D:\halal_web_runtime\_onedrive_backup_archive\data.__onedrive_backup_20260629_144030\ocr_test_uploads\20260518_160536_867543\37_4. SPRINGER 020020-PW-L-HFCE(2024-12-31).pdf","_onedrive_backup_archive\data.__onedrive_backup_20260629_144030\ocr_test_uploads\20260518_160536_867543\37_4. SPRINGER 020020-PW-L-HFCE(2024-12-31).pdf","37_4. SPRINGER 020020-PW-L-HFCE(2024-12-31).pdf",".pdf","2435759","2.3229","2026-05-18T16:05:36","2026-05-18T16:05:36","PDF"
"RUNTIME","D:\halal_web_runtime","D:\halal_web_runtime\_onedrive_backup_archive\data.__onedrive_backup_20260629_144030\ocr_test_uploads\20260518_160536_995762\155. Beef Type Flavor(Givaudan)[IFANCA_2026-05-31]G.pdf","_onedrive_backup_archive\data.__onedrive_backup_20260629_144030\ocr_test_uploads\20260518_160536_995762\155. Beef Type Flavor(Givaudan)[IFANCA_2026-05-31]G.pdf","155. Beef Type Flavor(Givaudan)[IFANCA_2026-05-31]G.pdf",".pdf","141942","0.1354","2026-05-18T16:05:36","2026-05-18T16:05:36","PDF"
"RUNTIME","D:\halal_web_runtime","D:\halal_web_runtime\_onedrive_backup_archive\data.__onedrive_backup_20260629_144030\ocr_test_uploads\20260518_160537_121014\162-1.Crude Rice Bran Oil,WILMAR AGRO VIETNAM COMPANY LIMITED社-Halal Certification Agency (HCA)(2021-07-31).pdf","_onedrive_backup_archive\data.__onedrive_backup_20260629_144030\ocr_test_uploads\20260518_160537_121014\162-1.Crude Rice Bran Oil,WILMAR AGRO VIETNAM COMPANY LIMITED社-Halal Certification Agency (HCA)(2021-07-31).pdf","162-1.Crude Rice Bran Oil,WILMAR AGRO VIETNAM COMPANY LIMITED社-Halal Certification Agency (HCA)(2021-07-31).pdf",".pdf","69159","0.066","2026-05-18T16:05:37","2026-05-18T16:05:37","PDF"
"RUNTIME","D:\halal_web_runtime","D:\halal_web_runtime\_onedrive_backup_archive\data.__onedrive_backup_20260629_144030\ocr_test_uploads\20260518_160537_138536\38_2. SOY PEPTONE A2 SC-HFCE(2024-03-31).pdf","_onedrive_backup_archive\data.__onedrive_backup_20260629_144030\ocr_test_uploads\20260518_160537_138536\38_2. SOY PEPTONE A2 SC-HFCE(2024-03-31).pdf","38_2. SOY PEPTONE A2 SC-HFCE(2024-03-31).pdf",".pdf","1964318","1.8733","2026-05-18T16:05:37","2026-05-18T16:05:37","PDF"
"RUNTIME","D:\halal_web_runtime","D:\halal_web_runtime\_onedrive_backup_archive\data.__onedrive_backup_20260629_144030\ocr_test_uploads\20260518_160538_483178\165_8. Potassium sulfate(K+S)[HALAL CONTROL_2026-08-15].pdf","_onedrive_backup_archive\data.__onedrive_backup_20260629_144030\ocr_test_uploads\20260518_160538_483178\165_8. Potassium sulfate(K+S)[HALAL CONTROL_2026-08-15].pdf","165_8. Potassium sulfate(K+S)[HALAL CONTROL_2026-08-15].pdf",".pdf","313444","0.2989","2026-05-18T16:05:38","2026-05-18T16:05:38","PDF"
"RUNTIME","D:\halal_web_runtime","D:\halal_web_runtime\_onedrive_backup_archive\data.__onedrive_backup_20260629_144030\ocr_test_uploads\20260518_160538_649286\167. KRATIONⓡKE8(SIAM)[CICOT_2025-10-14]마.pdf","_onedrive_backup_archive\data.__onedrive_backup_20260629_144030\ocr_test_uploads\20260518_160538_649286\167. KRATIONⓡKE8(SIAM)[CICOT_2025-10-14]마.pdf","167. KRATIONⓡKE8(SIAM)[CICOT_2025-10-14]마.pdf",".pdf","1897092","1.8092","2026-05-18T16:05:38","2026-05-18T16:05:38","PDF"
"RUNTIME","D:\halal_web_runtime","D:\halal_web_runtime\_onedrive_backup_archive\data.__onedrive_backup_20260629_144030\ocr_test_uploads\20260518_160539_051301\168. Beef Type Flavor-IFANCA(2024-05-31).pdf","_onedrive_backup_archive\data.__onedrive_backup_20260629_144030\ocr_test_uploads\20260518_160539_051301\168. Beef Type Flavor-IFANCA(2024-05-31).pdf","168. Beef Type Flavor-IFANCA(2024-05-31).pdf",".pdf","233409","0.2226","2026-05-18T16:05:39","2026-05-18T16:05:39","PDF"
"RUNTIME","D:\halal_web_runtime","D:\halal_web_runtime\_onedrive_backup_archive\data.__onedrive_backup_20260629_144030\ocr_test_uploads\20260518_160539_156944\220217 HEBEI HUAYANG BPJPH HALAL 인증서 프롤린 글루타민 메티오닌.pdf","_onedrive_backup_archive\data.__onedrive_backup_20260629_144030\ocr_test_uploads\20260518_160539_156944\220217 HEBEI HUAYANG BPJPH HALAL 인증서 프롤린 글루타민 메티오닌.pdf","220217 HEBEI HUAYANG BPJPH HALAL 인증서 프롤린 글루타민 메티오닌.pdf",".pdf","638591","0.609","2026-05-18T16:05:39","2026-05-18T16:05:39","PDF"
"RUNTIME","D:\halal_web_runtime","D:\halal_web_runtime\_onedrive_backup_archive\data.__onedrive_backup_20260629_144030\ocr_test_uploads\20260518_160539_309852\220908 Dextrin_BPJPH(YISHIU DADI).pdf","_onedrive_backup_archive\data.__onedrive_backup_20260629_144030\ocr_test_uploads\20260518_160539_309852\220908 Dextrin_BPJPH(YISHIU DADI).pdf","220908 Dextrin_BPJPH(YISHIU DADI).pdf",".pdf","415711","0.3965","2026-05-18T16:05:39","2026-05-18T16:05:39","PDF"
"RUNTIME","D:\halal_web_runtime","D:\halal_web_runtime\_onedrive_backup_archive\data.__onedrive_backup_20260629_144030\ocr_test_uploads\20260518_160539_459859\40. Maxarome Select Powder(DSM)[HFFIA_2025-12-31]네.pdf","_onedrive_backup_archive\data.__onedrive_backup_20260629_144030\ocr_test_uploads\20260518_160539_459859\40. Maxarome Select Powder(DSM)[HFFIA_2025-12-31]네.pdf","40. Maxarome Select Powder(DSM)[HFFIA_2025-12-31]네.pdf",".pdf","165615","0.1579","2026-05-18T16:05:39","2026-05-18T16:05:39","PDF"
"RUNTIME","D:\halal_web_runtime","D:\halal_web_runtime\_onedrive_backup_archive\data.__onedrive_backup_20260629_144030\ocr_test_uploads\20260518_160539_508365\230525 BPJPH_NOVOZYMES(CHINA) 카라멜 하이드롤 하부.pdf","_onedrive_backup_archive\data.__onedrive_backup_20260629_144030\ocr_test_uploads\20260518_160539_508365\230525 BPJPH_NOVOZYMES(CHINA) 카라멜 하이드롤 하부.pdf","230525 BPJPH_NOVOZYMES(CHINA) 카라멜 하이드롤 하부.pdf",".pdf","1049784","1.0012","2026-05-18T16:05:39","2026-05-18T16:05:39","PDF"
"RUNTIME","D:\halal_web_runtime","D:\halal_web_runtime\_onedrive_backup_archive\data.__onedrive_backup_20260629_144030\ocr_test_uploads\20260518_160539_611226\42. Maltodextrin(SAJO)[MUI_2025-12-07]사.pdf","_onedrive_backup_archive\data.__onedrive_backup_20260629_144030\ocr_test_uploads\20260518_160539_611226\42. Maltodextrin(SAJO)[MUI_2025-12-07]사.pdf","42. Maltodextrin(SAJO)[MUI_2025-12-07]사.pdf",".pdf","129865","0.1238","2026-05-18T16:05:39","2026-05-18T16:05:39","PDF"
"RUNTIME","D:\halal_web_runtime","D:\halal_web_runtime\_onedrive_backup_archive\data.__onedrive_backup_20260629_144030\ocr_test_uploads\20260518_160539_665926\20250624_150528_2_3023462 halal IFANCA US EN 20250609.pdf","_onedrive_backup_archive\data.__onedrive_backup_20260629_144030\ocr_test_uploads\20260518_160539_665926\20250624_150528_2_3023462 halal IFANCA US EN 20250609.pdf","20250624_150528_2_3023462 halal IFANCA US EN 20250609.pdf",".pdf","141942","0.1354","2026-05-18T16:05:39","2026-05-18T16:05:39","PDF"
"RUNTIME","D:\halal_web_runtime","D:\halal_web_runtime\_onedrive_backup_archive\data.__onedrive_backup_20260629_144030\ocr_test_uploads\20260518_160539_786476\20250703_072436_16_Halal certificate (HQC)_ Food & Beverage products (Novozymes DK)_2021-08077.pdf","_onedrive_backup_archive\data.__onedrive_backup_20260629_144030\ocr_test_uploads\20260518_160539_786476\20250703_072436_16_Halal certificate (HQC)_ Food & Beverage products (Novozymes DK)_2021-08077.pdf","20250703_072436_16_Halal certificate (HQC)_ Food & Beverage products (Novozymes DK)_2021-08077.pdf",".pdf","727134","0.6934","2026-05-18T16:05:39","2026-05-18T16:05:39","PDF"
"RUNTIME","D:\halal_web_runtime","D:\halal_web_runtime\_onedrive_backup_archive\data.__onedrive_backup_20260629_144030\ocr_test_uploads\20260518_160539_931593\45. SEWOO CO., LTD BPJPH HALAL Certificate_(2025-11-18).pdf","_onedrive_backup_archive\data.__onedrive_backup_20260629_144030\ocr_test_uploads\20260518_160539_931593\45. SEWOO CO., LTD BPJPH HALAL Certificate_(2025-11-18).pdf","45. SEWOO CO., LTD BPJPH HALAL Certificate_(2025-11-18).pdf",".pdf","2236686","2.1331","2026-05-18T16:05:39","2026-05-18T16:05:39","PDF"
"RUNTIME","D:\halal_web_runtime","D:\halal_web_runtime\_onedrive_backup_archive\data.__onedrive_backup_20260629_144030\ocr_test_uploads\20260518_160539_970116\20250703_072437_23_Halal certificate (HQC)_ Food & Beverage products (Novozymes DK)_2021-08077.pdf","_onedrive_backup_archive\data.__onedrive_backup_20260629_144030\ocr_test_uploads\20260518_160539_970116\20250703_072437_23_Halal certificate (HQC)_ Food & Beverage products (Novozymes DK)_2021-08077.pdf","20250703_072437_23_Halal certificate (HQC)_ Food & Beverage products (Novozymes DK)_2021-08077.pdf",".pdf","727134","0.6934","2026-05-18T16:05:39","2026-05-18T16:05:39","PDF"
"RUNTIME","D:\halal_web_runtime","D:\halal_web_runtime\_onedrive_backup_archive\data.__onedrive_backup_20260629_144030\ocr_test_uploads\20260518_160540_496212\47. Low DE Corn Syrup(SAJO)[MUI_2026-01-04]사.pdf","_onedrive_backup_archive\data.__onedrive_backup_20260629_144030\ocr_test_uploads\20260518_160540_496212\47. Low DE Corn Syrup(SAJO)[MUI_2026-01-04]사.pdf","47. Low DE Corn Syrup(SAJO)[MUI_2026-01-04]사.pdf",".pdf","218518","0.2084","2026-05-18T16:05:40","2026-05-18T16:05:40","PDF"
"RUNTIME","D:\halal_web_runtime","D:\halal_web_runtime\_onedrive_backup_archive\data.__onedrive_backup_20260629_144030\ocr_test_uploads\20260518_160540_574471\DF - Halal HQC certificate (301125).pdf","_onedrive_backup_archive\data.__onedrive_backup_20260629_144030\ocr_test_uploads\20260518_160540_574471\DF - Halal HQC certificate (301125).pdf","DF - Halal HQC certificate (301125).pdf",".pdf","1219313","1.1628","2026-05-18T16:05:40","2026-05-18T16:05:40","PDF"
"RUNTIME","D:\halal_web_runtime","D:\halal_web_runtime\_onedrive_backup_archive\data.__onedrive_backup_20260629_144030\ocr_test_uploads\20260518_160540_867049\48_1. REFINED RICE brand oil(THAI)[CICOT_2026-04-24]농.pdf","_onedrive_backup_archive\data.__onedrive_backup_20260629_144030\ocr_test_uploads\20260518_160540_867049\48_1. REFINED RICE brand oil(THAI)[CICOT_2026-04-24]농.pdf","48_1. REFINED RICE brand oil(THAI)[CICOT_2026-04-24]농.pdf",".pdf","448683","0.4279","2026-05-18T16:05:40","2026-05-18T16:05:40","PDF"
"RUNTIME","D:\halal_web_runtime","D:\halal_web_runtime\_onedrive_backup_archive\data.__onedrive_backup_20260629_144030\ocr_test_uploads\20260518_160540_967268\TQHCC-BPJPH 인증서 Sertifikat Akreditasi Halal Correct Germany.pdf","_onedrive_backup_archive\data.__onedrive_backup_20260629_144030\ocr_test_uploads\20260518_160540_967268\TQHCC-BPJPH 인증서 Sertifikat Akreditasi Halal Correct Germany.pdf","TQHCC-BPJPH 인증서 Sertifikat Akreditasi Halal Correct Germany.pdf",".pdf","1986266","1.8943","2026-05-18T16:05:40","2026-05-18T16:05:40","PDF"
"RUNTIME","D:\halal_web_runtime","D:\halal_web_runtime\_onedrive_backup_archive\data.__onedrive_backup_20260629_144030\ocr_test_uploads\20260518_160541_058272\50. Meat Base Flavour HK-2446K 74916-73(Givaudan)[MUIS_2026-09-30]브.pdf","_onedrive_backup_archive\data.__onedrive_backup_20260629_144030\ocr_test_uploads\20260518_160541_058272\50. Meat Base Flavour HK-2446K 74916-73(Givaudan)[MUIS_2026-09-30]브.pdf","50. Meat Base Flavour HK-2446K 74916-73(Givaudan)[MUIS_2026-09-30]브.pdf",".pdf","610696","0.5824","2026-05-18T16:05:41","2026-05-18T16:05:41","PDF"
"RUNTIME","D:\halal_web_runtime","D:\halal_web_runtime\_onedrive_backup_archive\data.__onedrive_backup_20260629_144030\ocr_test_uploads\20260518_160541_501676\비타셀L600-HFFIA_2023-09-30.pdf","_onedrive_backup_archive\data.__onedrive_backup_20260629_144030\ocr_test_uploads\20260518_160541_501676\비타셀L600-HFFIA_2023-09-30.pdf","비타셀L600-HFFIA_2023-09-30.pdf",".pdf","1152711","1.0993","2026-05-18T16:05:41","2026-05-18T16:05:41","PDF"
"RUNTIME","D:\halal_web_runtime","D:\halal_web_runtime\_onedrive_backup_archive\data.__onedrive_backup_20260629_144030\ocr_test_uploads\20260518_160542_354531\54. FIRMTEX®(INGREDIO)[IFANCA_2027-09-30]사.pdf","_onedrive_backup_archive\data.__onedrive_backup_20260629_144030\ocr_test_uploads\20260518_160542_354531\54. FIRMTEX®(INGREDIO)[IFANCA_2027-09-30]사.pdf","54. FIRMTEX®(INGREDIO)[IFANCA_2027-09-30]사.pdf",".pdf","5820774","5.5511","2026-05-18T16:05:42","2026-05-18T16:05:42","PDF"
"RUNTIME","D:\halal_web_runtime","D:\halal_web_runtime\_onedrive_backup_archive\data.__onedrive_backup_20260629_144030\ocr_test_uploads\20260518_160542_591280\슈가시럽-Halal Control - Halal- Zertifikat - Südzucker - gültig bis 13.12.2018 (1).pdf","_onedrive_backup_archive\data.__onedrive_backup_20260629_144030\ocr_test_uploads\20260518_160542_591280\슈가시럽-Halal Control - Halal- Zertifikat - Südzucker - gültig bis 13.12.2018 (1).pdf","슈가시럽-Halal Control - Halal- Zertifikat - Südzucker - gültig bis 13.12.2018 (1).pdf",".pdf","192317","0.1834","2026-05-18T16:05:42","2026-05-18T16:05:42","PDF"
"RUNTIME","D:\halal_web_runtime","D:\halal_web_runtime\_onedrive_backup_archive\data.__onedrive_backup_20260629_144030\ocr_test_uploads\20260518_160542_648579\56. VITACEL Powderec Cellulose(J.Retten)[HFFIA_2026-08-12]농.pdf","_onedrive_backup_archive\data.__onedrive_backup_20260629_144030\ocr_test_uploads\20260518_160542_648579\56. VITACEL Powderec Cellulose(J.Retten)[HFFIA_2026-08-12]농.pdf","56. VITACEL Powderec Cellulose(J.Retten)[HFFIA_2026-08-12]농.pdf",".pdf","318692","0.3039","2026-05-18T16:05:42","2026-05-18T16:05:42","PDF"
"RUNTIME","D:\halal_web_runtime","D:\halal_web_runtime\_onedrive_backup_archive\data.__onedrive_backup_20260629_144030\ocr_test_uploads\20260518_160542_754820\슈가시럽-Halal Quality Control - Halal Zertifikat - SÜDZUCKER Karasirup - gültig bis 12.12.2022.pdf","_onedrive_backup_archive\data.__onedrive_backup_20260629_144030\ocr_test_uploads\20260518_160542_754820\슈가시럽-Halal Quality Control - Halal Zertifikat - SÜDZUCKER Karasirup - gültig bis 12.12.2022.pdf","슈가시럽-Halal Quality Control - Halal Zertifikat - SÜDZUCKER Karasirup - gültig bis 12.12.2022.pdf",".pdf","1141610","1.0887","2026-05-18T16:05:42","2026-05-18T16:05:42","PDF"
"RUNTIME","D:\halal_web_runtime","D:\halal_web_runtime\_onedrive_backup_archive\data.__onedrive_backup_20260629_144030\ocr_test_uploads\20260518_160542_896493\56. VITACEL Powdered  Cellulose DV type(J.Retten)[HALAL CONTROL_2026-08-12]농.pdf","_onedrive_backup_archive\data.__onedrive_backup_20260629_144030\ocr_test_uploads\20260518_160542_896493\56. VITACEL Powdered  Cellulose DV type(J.Retten)[HALAL CONTROL_2026-08-12]농.pdf","56. VITACEL Powdered  Cellulose DV type(J.Retten)[HALAL CONTROL_2026-08-12]농.pdf",".pdf","318692","0.3039","2026-05-18T16:05:42","2026-05-18T16:05:42","PDF"
"RUNTIME","D:\halal_web_runtime","D:\halal_web_runtime\_onedrive_backup_archive\data.__onedrive_backup_20260629_144030\ocr_test_uploads\20260518_160542_997793\1-1-7. Disodium Succinate-JMA(2022-08-11).pdf","_onedrive_backup_archive\data.__onedrive_backup_20260629_144030\ocr_test_uploads\20260518_160542_997793\1-1-7. Disodium Succinate-JMA(2022-08-11).pdf","1-1-7. Disodium Succinate-JMA(2022-08-11).pdf",".pdf","374177","0.3568","2026-05-18T16:05:43","2026-05-18T16:05:43","PDF"
"RUNTIME","D:\halal_web_runtime","D:\halal_web_runtime\_onedrive_backup_archive\data.__onedrive_backup_20260629_144030\ocr_test_uploads\20260518_160544_014550\56. VITACEL Powdered  Cellulose DV type(J.Retten)[HFFIA_2025-09-30]농.pdf","_onedrive_backup_archive\data.__onedrive_backup_20260629_144030\ocr_test_uploads\20260518_160544_014550\56. VITACEL Powdered  Cellulose DV type(J.Retten)[HFFIA_2025-09-30]농.pdf","56. VITACEL Powdered  Cellulose DV type(J.Retten)[HFFIA_2025-09-30]농.pdf",".pdf","1185825","1.1309","2026-05-18T16:05:44","2026-05-18T16:05:44","PDF"
"RUNTIME","D:\halal_web_runtime","D:\halal_web_runtime\_onedrive_backup_archive\data.__onedrive_backup_20260629_144030\ocr_test_uploads\20260518_160544_780395\9. Dehydrated Potatoes-Flakes(Oregon)[ISA_2025-12-31]W.pdf","_onedrive_backup_archive\data.__onedrive_backup_20260629_144030\ocr_test_uploads\20260518_160544_780395\9. Dehydrated Potatoes-Flakes(Oregon)[ISA_2025-12-31]W.pdf","9. Dehydrated Potatoes-Flakes(Oregon)[ISA_2025-12-31]W.pdf",".pdf","77749","0.0741","2026-05-18T16:05:44","2026-05-18T16:05:44","PDF"
"RUNTIME","D:\halal_web_runtime","D:\halal_web_runtime\_onedrive_backup_archive\data.__onedrive_backup_20260629_144030\ocr_test_uploads\20260518_160544_895115\11-1. Propylene Glygol USPEP-CICOT(2023-05-01).pdf","_onedrive_backup_archive\data.__onedrive_backup_20260629_144030\ocr_test_uploads\20260518_160544_895115\11-1. Propylene Glygol USPEP-CICOT(2023-05-01).pdf","11-1. Propylene Glygol USPEP-CICOT(2023-05-01).pdf",".pdf","519824","0.4957","2026-05-18T16:05:44","2026-05-18T16:05:44","PDF"
"RUNTIME","D:\halal_web_runtime","D:\halal_web_runtime\_onedrive_backup_archive\data.__onedrive_backup_20260629_144030\ocr_test_uploads\20260518_160545_651033\57. 158957 vegetable broth flavor(Broth enhancer)(Symrise)[MUIS_2026-05-31]s.pdf","_onedrive_backup_archive\data.__onedrive_backup_20260629_144030\ocr_test_uploads\20260518_160545_651033\57. 158957 vegetable broth flavor(Broth enhancer)(Symrise)[MUIS_2026-05-31]s.pdf","57. 158957 vegetable broth flavor(Broth enhancer)(Symrise)[MUIS_2026-05-31]s.pdf",".pdf","499773","0.4766","2026-05-18T16:05:45","2026-05-18T16:05:45","PDF"
"RUNTIME","D:\halal_web_runtime","D:\halal_web_runtime\_onedrive_backup_archive\data.__onedrive_backup_20260629_144030\ocr_test_uploads\20260518_160547_105123\58. Beef Paste Flavour(Kerry)[JAKIM_2027-05-31]K.pdf","_onedrive_backup_archive\data.__onedrive_backup_20260629_144030\ocr_test_uploads\20260518_160547_105123\58. Beef Paste Flavour(Kerry)[JAKIM_2027-05-31]K.pdf","58. Beef Paste Flavour(Kerry)[JAKIM_2027-05-31]K.pdf",".pdf","545699","0.5204","2026-05-18T16:05:47","2026-05-18T16:05:47","PDF"
"RUNTIME","D:\halal_web_runtime","D:\halal_web_runtime\_onedrive_backup_archive\data.__onedrive_backup_20260629_144030\ocr_test_uploads\20260518_160548_050077\60. NAT SHALLOT FLAVOR(962539)-MUIS(2022-02-28).pdf","_onedrive_backup_archive\data.__onedrive_backup_20260629_144030\ocr_test_uploads\20260518_160548_050077\60. NAT SHALLOT FLAVOR(962539)-MUIS(2022-02-28).pdf","60. NAT SHALLOT FLAVOR(962539)-MUIS(2022-02-28).pdf",".pdf","99549","0.0949","2026-05-18T16:05:48","2026-05-18T16:05:48","PDF"
"RUNTIME","D:\halal_web_runtime","D:\halal_web_runtime\_onedrive_backup_archive\data.__onedrive_backup_20260629_144030\ocr_test_uploads\20260518_160548_536905\11-3-3.MM100FK,Mafco Worldwide LLC-ISA(19-12-31).pdf","_onedrive_backup_archive\data.__onedrive_backup_20260629_144030\ocr_test_uploads\20260518_160548_536905\11-3-3.MM100FK,Mafco Worldwide LLC-ISA(19-12-31).pdf","11-3-3.MM100FK,Mafco Worldwide LLC-ISA(19-12-31).pdf",".pdf","537163","0.5123","2026-05-18T16:05:48","2026-05-18T16:05:48","PDF"
"RUNTIME","D:\halal_web_runtime","D:\halal_web_runtime\_onedrive_backup_archive\data.__onedrive_backup_20260629_144030\ocr_test_uploads\20260518_160549_147451\62. NAT SHALLOT FLAVOR(962539)(Symrise)[MUIS_2026-05-31]주.PDF","_onedrive_backup_archive\data.__onedrive_backup_20260629_144030\ocr_test_uploads\20260518_160549_147451\62. NAT SHALLOT FLAVOR(962539)(Symrise)[MUIS_2026-05-31]주.PDF","62. NAT SHALLOT FLAVOR(962539)(Symrise)[MUIS_2026-05-31]주.PDF",".pdf","98172","0.0936","2026-05-18T16:05:49","2026-05-18T16:05:49","PDF"
"RUNTIME","D:\halal_web_runtime","D:\halal_web_runtime\_onedrive_backup_archive\data.__onedrive_backup_20260629_144030\ocr_test_uploads\20260518_160549_649835\11-3-3.MM100FK,Mafco Worldwide LLC社-ISA(2021-12-31).pdf","_onedrive_backup_archive\data.__onedrive_backup_20260629_144030\ocr_test_uploads\20260518_160549_649835\11-3-3.MM100FK,Mafco Worldwide LLC社-ISA(2021-12-31).pdf","11-3-3.MM100FK,Mafco Worldwide LLC社-ISA(2021-12-31).pdf",".pdf","766544","0.731","2026-05-18T16:05:49","2026-05-18T16:05:49","PDF"
"RUNTIME","D:\halal_web_runtime","D:\halal_web_runtime\_onedrive_backup_archive\data.__onedrive_backup_20260629_144030\ocr_test_uploads\20260518_160549_769023\16. Ground Cassia-Cinnamon(LONG)[HCA_2025-10-09]M.pdf","_onedrive_backup_archive\data.__onedrive_backup_20260629_144030\ocr_test_uploads\20260518_160549_769023\16. Ground Cassia-Cinnamon(LONG)[HCA_2025-10-09]M.pdf","16. Ground Cassia-Cinnamon(LONG)[HCA_2025-10-09]M.pdf",".pdf","1042573","0.9943","2026-05-18T16:05:49","2026-05-18T16:05:49","PDF"
"RUNTIME","D:\halal_web_runtime","D:\halal_web_runtime\_onedrive_backup_archive\data.__onedrive_backup_20260629_144030\ocr_test_uploads\20260518_160549_865308\90. MAIZE FLOUR(Kalizea)[HCE_2026-01-24]s.pdf","_onedrive_backup_archive\data.__onedrive_backup_20260629_144030\ocr_test_uploads\20260518_160549_865308\90. MAIZE FLOUR(Kalizea)[HCE_2026-01-24]s.pdf","90. MAIZE FLOUR(Kalizea)[HCE_2026-01-24]s.pdf",".pdf","352194","0.3359","2026-05-18T16:05:49","2026-05-18T16:05:49","PDF"
"RUNTIME","D:\halal_web_runtime","D:\halal_web_runtime\_onedrive_backup_archive\data.__onedrive_backup_20260629_144030\ocr_test_uploads\20260518_160549_987882\21-1.MCT OIL,DANIDCO MALAYSIA SDN BHD社-JAKIM(2022-09-30).pdf","_onedrive_backup_archive\data.__onedrive_backup_20260629_144030\ocr_test_uploads\20260518_160549_987882\21-1.MCT OIL,DANIDCO MALAYSIA SDN BHD社-JAKIM(2022-09-30).pdf","21-1.MCT OIL,DANIDCO MALAYSIA SDN BHD社-JAKIM(2022-09-30).pdf",".pdf","1252703","1.1947","2026-05-18T16:05:49","2026-05-18T16:05:49","PDF"
"RUNTIME","D:\halal_web_runtime","D:\halal_web_runtime\_onedrive_backup_archive\data.__onedrive_backup_20260629_144030\ocr_test_uploads\20260518_160550_444241\91.Yeast Extract(OHLY),OHLY GmbH社-TQHCC(2021-10-31).pdf","_onedrive_backup_archive\data.__onedrive_backup_20260629_144030\ocr_test_uploads\20260518_160550_444241\91.Yeast Extract(OHLY),OHLY GmbH社-TQHCC(2021-10-31).pdf","91.Yeast Extract(OHLY),OHLY GmbH社-TQHCC(2021-10-31).pdf",".pdf","1079236","1.0292","2026-05-18T16:05:50","2026-05-18T16:05:50","PDF"
"RUNTIME","D:\halal_web_runtime","D:\halal_web_runtime\_onedrive_backup_archive\data.__onedrive_backup_20260629_144030\ocr_test_uploads\20260518_160552_421704\93.Yeast extract YB (DSM),DSM FOOD SPECIALTIES CO., LTD-HFFIA(DSM19003H001580191,2019-06-30).pdf","_onedrive_backup_archive\data.__onedrive_backup_20260629_144030\ocr_test_uploads\20260518_160552_421704\93.Yeast extract YB (DSM),DSM FOOD SPECIALTIES CO., LTD-HFFIA(DSM19003H001580191,2019-06-30).pdf","93.Yeast extract YB (DSM),DSM FOOD SPECIALTIES CO., LTD-HFFIA(DSM19003H001580191,2019-06-30).pdf",".pdf","625720","0.5967","2026-05-18T16:05:52","2026-05-18T16:05:52","PDF"
"RUNTIME","D:\halal_web_runtime","D:\halal_web_runtime\_onedrive_backup_archive\data.__onedrive_backup_20260629_144030\ocr_test_uploads\20260518_160552_946247\32_1. Non-GMO Crude Soybean oil(Bunge)[HFCE_2026-09-30]롯.pdf","_onedrive_backup_archive\data.__onedrive_backup_20260629_144030\ocr_test_uploads\20260518_160552_946247\32_1. Non-GMO Crude Soybean oil(Bunge)[HFCE_2026-09-30]롯.pdf","32_1. Non-GMO Crude Soybean oil(Bunge)[HFCE_2026-09-30]롯.pdf",".pdf","223913","0.2135","2026-05-18T16:05:52","2026-05-18T16:05:52","PDF"
"RUNTIME","D:\halal_web_runtime","D:\halal_web_runtime\_onedrive_backup_archive\data.__onedrive_backup_20260629_144030\ocr_test_uploads\20260518_160553_080348\34. Maltodextrin Glucose syrup solids(SANSOON)[JAKIM_2026-03-15]한.pdf","_onedrive_backup_archive\data.__onedrive_backup_20260629_144030\ocr_test_uploads\20260518_160553_080348\34. Maltodextrin Glucose syrup solids(SANSOON)[JAKIM_2026-03-15]한.pdf","34. Maltodextrin Glucose syrup solids(SANSOON)[JAKIM_2026-03-15]한.pdf",".pdf","629225","0.6001","2026-05-18T16:05:53","2026-05-18T16:05:53","PDF"
"RUNTIME","D:\halal_web_runtime","D:\halal_web_runtime\_onedrive_backup_archive\data.__onedrive_backup_20260629_144030\ocr_test_uploads\20260518_160553_163964\95. OHLYⓡSTV Meaty(OHLY)[TQHCC_2025-10-31]등.pdf","_onedrive_backup_archive\data.__onedrive_backup_20260629_144030\ocr_test_uploads\20260518_160553_163964\95. OHLYⓡSTV Meaty(OHLY)[TQHCC_2025-10-31]등.pdf","95. OHLYⓡSTV Meaty(OHLY)[TQHCC_2025-10-31]등.pdf",".pdf","1587262","1.5137","2026-05-18T16:05:53","2026-05-18T16:05:53","PDF"
"RUNTIME","D:\halal_web_runtime","D:\halal_web_runtime\_onedrive_backup_archive\data.__onedrive_backup_20260629_144030\ocr_test_uploads\20260518_160556_674878\36_3. TREHA™FOOD GRADE(Nagase)[JMA_2026-02-26]락.pdf","_onedrive_backup_archive\data.__onedrive_backup_20260629_144030\ocr_test_uploads\20260518_160556_674878\36_3. TREHA™FOOD GRADE(Nagase)[JMA_2026-02-26]락.pdf","36_3. TREHA™FOOD GRADE(Nagase)[JMA_2026-02-26]락.pdf",".pdf","1657909","1.5811","2026-05-18T16:05:56","2026-05-18T16:05:56","PDF"
"RUNTIME","D:\halal_web_runtime","D:\halal_web_runtime\_onedrive_backup_archive\data.__onedrive_backup_20260629_144030\ocr_test_uploads\20260518_160557_216385\98_4_1. NU55-50(Sensient)[LLS-ISA_2025-12-31]비.pdf","_onedrive_backup_archive\data.__onedrive_backup_20260629_144030\ocr_test_uploads\20260518_160557_216385\98_4_1. NU55-50(Sensient)[LLS-ISA_2025-12-31]비.pdf","98_4_1. NU55-50(Sensient)[LLS-ISA_2025-12-31]비.pdf",".pdf","307038","0.2928","2026-05-18T16:05:57","2026-05-18T16:05:57","PDF"
"RUNTIME","D:\halal_web_runtime","D:\halal_web_runtime\_onedrive_backup_archive\data.__onedrive_backup_20260629_144030\ocr_test_uploads\20260518_160557_344061\99_4_1. NU55-50(Sensient)[LLS-ISA_2025-12-31]비.pdf","_onedrive_backup_archive\data.__onedrive_backup_20260629_144030\ocr_test_uploads\20260518_160557_344061\99_4_1. NU55-50(Sensient)[LLS-ISA_2025-12-31]비.pdf","99_4_1. NU55-50(Sensient)[LLS-ISA_2025-12-31]비.pdf",".pdf","307038","0.2928","2026-05-18T16:05:57","2026-05-18T16:05:57","PDF"
"RUNTIME","D:\halal_web_runtime","D:\halal_web_runtime\_onedrive_backup_archive\data.__onedrive_backup_20260629_144030\ocr_test_uploads\20260518_160558_133701\101.Lactic Acid,PURAC (THAILAND) LTD社-HALAL CONTROL(2020-05-15).pdf","_onedrive_backup_archive\data.__onedrive_backup_20260629_144030\ocr_test_uploads\20260518_160558_133701\101.Lactic Acid,PURAC (THAILAND) LTD社-HALAL CONTROL(2020-05-15).pdf","101.Lactic Acid,PURAC (THAILAND) LTD社-HALAL CONTROL(2020-05-15).pdf",".pdf","79510","0.0758","2026-05-18T16:05:58","2026-05-18T16:05:58","PDF"
"RUNTIME","D:\halal_web_runtime","D:\halal_web_runtime\_onedrive_backup_archive\data.__onedrive_backup_20260629_144030\ocr_test_uploads\20260518_160559_027775\37. Maxarome Select Powder-HFFIA(2023-06-30).pdf","_onedrive_backup_archive\data.__onedrive_backup_20260629_144030\ocr_test_uploads\20260518_160559_027775\37. Maxarome Select Powder-HFFIA(2023-06-30).pdf","37. Maxarome Select Powder-HFFIA(2023-06-30).pdf",".pdf","1114147","1.0625","2026-05-18T16:05:59","2026-05-18T16:05:59","PDF"
"RUNTIME","D:\halal_web_runtime","D:\halal_web_runtime\_onedrive_backup_archive\data.__onedrive_backup_20260629_144030\ocr_test_uploads\20260518_160559_474059\103_1. RBDPO-REFIND BLEACHED & DEODORISED PALM OIL(SANDAKAN)[JAKIM_2026-06-15]롯.pdf","_onedrive_backup_archive\data.__onedrive_backup_20260629_144030\ocr_test_uploads\20260518_160559_474059\103_1. RBDPO-REFIND BLEACHED & DEODORISED PALM OIL(SANDAKAN)[JAKIM_2026-06-15]롯.pdf","103_1. RBDPO-REFIND BLEACHED & DEODORISED PALM OIL(SANDAKAN)[JAKIM_2026-06-15]롯.pdf",".pdf","4221559","4.026","2026-05-18T16:05:59","2026-05-18T16:05:59","PDF"
"RUNTIME","D:\halal_web_runtime","D:\halal_web_runtime\_onedrive_backup_archive\data.__onedrive_backup_20260629_144030\ocr_test_uploads\20260518_160600_570300\37.Maxarome Select Powder,DSM FOOD SPECIALTIES CO., LTD社-HFFIA(2021-06-30).pdf","_onedrive_backup_archive\data.__onedrive_backup_20260629_144030\ocr_test_uploads\20260518_160600_570300\37.Maxarome Select Powder,DSM FOOD SPECIALTIES CO., LTD社-HFFIA(2021-06-30).pdf","37.Maxarome Select Powder,DSM FOOD SPECIALTIES CO., LTD社-HFFIA(2021-06-30).pdf",".pdf","1110044","1.0586","2026-05-18T16:06:00","2026-05-18T16:06:00","PDF"
"RUNTIME","D:\halal_web_runtime","D:\halal_web_runtime\_onedrive_backup_archive\data.__onedrive_backup_20260629_144030\ocr_test_uploads\20260518_160602_426185\37_4. NuCel 743PW(BIO)[HFCE_2025-12-31]락.pdf","_onedrive_backup_archive\data.__onedrive_backup_20260629_144030\ocr_test_uploads\20260518_160602_426185\37_4. NuCel 743PW(BIO)[HFCE_2025-12-31]락.pdf","37_4. NuCel 743PW(BIO)[HFCE_2025-12-31]락.pdf",".pdf","584131","0.5571","2026-05-18T16:06:02","2026-05-18T16:06:02","PDF"
"RUNTIME","D:\halal_web_runtime","D:\halal_web_runtime\_onedrive_backup_archive\data.__onedrive_backup_20260629_144030\ocr_test_uploads\20260518_160602_944237\107. Oleoresin Capsicum-TK50(EVESA)[HFQ_2026-04-10]농.pdf","_onedrive_backup_archive\data.__onedrive_backup_20260629_144030\ocr_test_uploads\20260518_160602_944237\107. Oleoresin Capsicum-TK50(EVESA)[HFQ_2026-04-10]농.pdf","107. Oleoresin Capsicum-TK50(EVESA)[HFQ_2026-04-10]농.pdf",".pdf","677084","0.6457","2026-05-18T16:06:02","2026-05-18T16:06:02","PDF"
"RUNTIME","D:\halal_web_runtime","D:\halal_web_runtime\_onedrive_backup_archive\data.__onedrive_backup_20260629_144030\ocr_test_uploads\20260518_160603_157916\108_1. S7468, S2568, S1668, S1568, S4268)(Lanxess)[HQC_2026-10-08]씨.pdf","_onedrive_backup_archive\data.__onedrive_backup_20260629_144030\ocr_test_uploads\20260518_160603_157916\108_1. S7468, S2568, S1668, S1568, S4268)(Lanxess)[HQC_2026-10-08]씨.pdf","108_1. S7468, S2568, S1668, S1568, S4268)(Lanxess)[HQC_2026-10-08]씨.pdf",".pdf","763355","0.728","2026-05-18T16:06:03","2026-05-18T16:06:03","PDF"
"RUNTIME","D:\halal_web_runtime","D:\halal_web_runtime\_onedrive_backup_archive\data.__onedrive_backup_20260629_144030\ocr_test_uploads\20260518_160603_458509\37_4. SPRINGER 020020-PW-L-HFCE(2024-12-31).pdf","_onedrive_backup_archive\data.__onedrive_backup_20260629_144030\ocr_test_uploads\20260518_160603_458509\37_4. SPRINGER 020020-PW-L-HFCE(2024-12-31).pdf","37_4. SPRINGER 020020-PW-L-HFCE(2024-12-31).pdf",".pdf","2435759","2.3229","2026-05-18T16:06:03","2026-05-18T16:06:03","PDF"
"RUNTIME","D:\halal_web_runtime","D:\halal_web_runtime\_onedrive_backup_archive\data.__onedrive_backup_20260629_144030\ocr_test_uploads\20260518_160603_574880\109_1_3. TRILITE SAR11(KA-11)(Samyang)[BPJPH_2026-06-18]대.pdf","_onedrive_backup_archive\data.__onedrive_backup_20260629_144030\ocr_test_uploads\20260518_160603_574880\109_1_3. TRILITE SAR11(KA-11)(Samyang)[BPJPH_2026-06-18]대.pdf","109_1_3. TRILITE SAR11(KA-11)(Samyang)[BPJPH_2026-06-18]대.pdf",".pdf","1101451","1.0504","2026-05-18T16:06:03","2026-05-18T16:06:03","PDF"
"RUNTIME","D:\halal_web_runtime","D:\halal_web_runtime\_onedrive_backup_archive\data.__onedrive_backup_20260629_144030\ocr_test_uploads\20260518_160603_873497\38_2. SOY PEPTONE A2 SC-HFCE(2024-03-31).pdf","_onedrive_backup_archive\data.__onedrive_backup_20260629_144030\ocr_test_uploads\20260518_160603_873497\38_2. SOY PEPTONE A2 SC-HFCE(2024-03-31).pdf","38_2. SOY PEPTONE A2 SC-HFCE(2024-03-31).pdf",".pdf","1964318","1.8733","2026-05-18T16:06:03","2026-05-18T16:06:03","PDF"
"RUNTIME","D:\halal_web_runtime","D:\halal_web_runtime\_onedrive_backup_archive\data.__onedrive_backup_20260629_144030\ocr_test_uploads\20260518_160604_298629\109_1_4. Dextrozyme(Novozyme)[BPJPH_2026-05-25]대.pdf","_onedrive_backup_archive\data.__onedrive_backup_20260629_144030\ocr_test_uploads\20260518_160604_298629\109_1_4. Dextrozyme(Novozyme)[BPJPH_2026-05-25]대.pdf","109_1_4. Dextrozyme(Novozyme)[BPJPH_2026-05-25]대.pdf",".pdf","1049784","1.0012","2026-05-18T16:06:04","2026-05-18T16:06:04","PDF"
"RUNTIME","D:\halal_web_runtime","D:\halal_web_runtime\_onedrive_backup_archive\data.__onedrive_backup_20260629_144030\ocr_test_uploads\20260518_160604_450059\109_2. Granular Activated Carbon-IFANCA(2024-12-31).pdf","_onedrive_backup_archive\data.__onedrive_backup_20260629_144030\ocr_test_uploads\20260518_160604_450059\109_2. Granular Activated Carbon-IFANCA(2024-12-31).pdf","109_2. Granular Activated Carbon-IFANCA(2024-12-31).pdf",".pdf","233678","0.2229","2026-05-18T16:06:04","2026-05-18T16:06:04","PDF"
"RUNTIME","D:\halal_web_runtime","D:\halal_web_runtime\_onedrive_backup_archive\data.__onedrive_backup_20260629_144030\ocr_test_uploads\20260518_160604_561277\110_1_4. Dextrozyme(Novozyme)[HQC_2028-07-01]대.pdf","_onedrive_backup_archive\data.__onedrive_backup_20260629_144030\ocr_test_uploads\20260518_160604_561277\110_1_4. Dextrozyme(Novozyme)[HQC_2028-07-01]대.pdf","110_1_4. Dextrozyme(Novozyme)[HQC_2028-07-01]대.pdf",".pdf","700682","0.6682","2026-05-18T16:06:04","2026-05-18T16:06:04","PDF"
"RUNTIME","D:\halal_web_runtime","D:\halal_web_runtime\_onedrive_backup_archive\data.__onedrive_backup_20260629_144030\ocr_test_uploads\20260518_160606_366144\40. Maxarome Select Powder(DSM)[HFFIA_2025-12-31]네.pdf","_onedrive_backup_archive\data.__onedrive_backup_20260629_144030\ocr_test_uploads\20260518_160606_366144\40. Maxarome Select Powder(DSM)[HFFIA_2025-12-31]네.pdf","40. Maxarome Select Powder(DSM)[HFFIA_2025-12-31]네.pdf",".pdf","165615","0.1579","2026-05-18T16:06:06","2026-05-18T16:06:06","PDF"
"RUNTIME","D:\halal_web_runtime","D:\halal_web_runtime\_onedrive_backup_archive\data.__onedrive_backup_20260629_144030\ocr_test_uploads\20260518_160606_496354\42. Maltodextrin(SAJO)[MUI_2025-12-07]사.pdf","_onedrive_backup_archive\data.__onedrive_backup_20260629_144030\ocr_test_uploads\20260518_160606_496354\42. Maltodextrin(SAJO)[MUI_2025-12-07]사.pdf","42. Maltodextrin(SAJO)[MUI_2025-12-07]사.pdf",".pdf","129865","0.1238","2026-05-18T16:06:06","2026-05-18T16:06:06","PDF"
"RUNTIME","D:\halal_web_runtime","D:\halal_web_runtime\_onedrive_backup_archive\data.__onedrive_backup_20260629_144030\ocr_test_uploads\20260518_160606_699843\45. SEWOO CO., LTD BPJPH HALAL Certificate_(2025-11-18).pdf","_onedrive_backup_archive\data.__onedrive_backup_20260629_144030\ocr_test_uploads\20260518_160606_699843\45. SEWOO CO., LTD BPJPH HALAL Certificate_(2025-11-18).pdf","45. SEWOO CO., LTD BPJPH HALAL Certificate_(2025-11-18).pdf",".pdf","2236686","2.1331","2026-05-18T16:06:06","2026-05-18T16:06:06","PDF"
"RUNTIME","D:\halal_web_runtime","D:\halal_web_runtime\_onedrive_backup_archive\data.__onedrive_backup_20260629_144030\ocr_test_uploads\20260518_160607_329961\47. Low DE Corn Syrup(SAJO)[MUI_2026-01-04]사.pdf","_onedrive_backup_archive\data.__onedrive_backup_20260629_144030\ocr_test_uploads\20260518_160607_329961\47. Low DE Corn Syrup(SAJO)[MUI_2026-01-04]사.pdf","47. Low DE Corn Syrup(SAJO)[MUI_2026-01-04]사.pdf",".pdf","218518","0.2084","2026-05-18T16:06:07","2026-05-18T16:06:07","PDF"
"RUNTIME","D:\halal_web_runtime","D:\halal_web_runtime\_onedrive_backup_archive\data.__onedrive_backup_20260629_144030\ocr_test_uploads\20260518_160607_818771\48_1. REFINED RICE brand oil(THAI)[CICOT_2026-04-24]농.pdf","_onedrive_backup_archive\data.__onedrive_backup_20260629_144030\ocr_test_uploads\20260518_160607_818771\48_1. REFINED RICE brand oil(THAI)[CICOT_2026-04-24]농.pdf","48_1. REFINED RICE brand oil(THAI)[CICOT_2026-04-24]농.pdf",".pdf","448683","0.4279","2026-05-18T16:06:07","2026-05-18T16:06:07","PDF"
"RUNTIME","D:\halal_web_runtime","D:\halal_web_runtime\_onedrive_backup_archive\data.__onedrive_backup_20260629_144030\ocr_test_uploads\20260518_160607_943533\50. Meat Base Flavour HK-2446K 74916-73(Givaudan)[MUIS_2026-09-30]브.pdf","_onedrive_backup_archive\data.__onedrive_backup_20260629_144030\ocr_test_uploads\20260518_160607_943533\50. Meat Base Flavour HK-2446K 74916-73(Givaudan)[MUIS_2026-09-30]브.pdf","50. Meat Base Flavour HK-2446K 74916-73(Givaudan)[MUIS_2026-09-30]브.pdf",".pdf","610696","0.5824","2026-05-18T16:06:07","2026-05-18T16:06:07","PDF"
"RUNTIME","D:\halal_web_runtime","D:\halal_web_runtime\_onedrive_backup_archive\data.__onedrive_backup_20260629_144030\ocr_test_uploads\20260518_160609_004994\54. FIRMTEX®(INGREDIO)[IFANCA_2027-09-30]사.pdf","_onedrive_backup_archive\data.__onedrive_backup_20260629_144030\ocr_test_uploads\20260518_160609_004994\54. FIRMTEX®(INGREDIO)[IFANCA_2027-09-30]사.pdf","54. FIRMTEX®(INGREDIO)[IFANCA_2027-09-30]사.pdf",".pdf","5820774","5.5511","2026-05-18T16:06:09","2026-05-18T16:06:09","PDF"
"RUNTIME","D:\halal_web_runtime","D:\halal_web_runtime\_onedrive_backup_archive\data.__onedrive_backup_20260629_144030\ocr_test_uploads\20260518_160609_244193\56. VITACEL Powderec Cellulose(J.Retten)[HFFIA_2026-08-12]농.pdf","_onedrive_backup_archive\data.__onedrive_backup_20260629_144030\ocr_test_uploads\20260518_160609_244193\56. VITACEL Powderec Cellulose(J.Retten)[HFFIA_2026-08-12]농.pdf","56. VITACEL Powderec Cellulose(J.Retten)[HFFIA_2026-08-12]농.pdf",".pdf","318692","0.3039","2026-05-18T16:06:09","2026-05-18T16:06:09","PDF"
"RUNTIME","D:\halal_web_runtime","D:\halal_web_runtime\_onedrive_backup_archive\data.__onedrive_backup_20260629_144030\ocr_test_uploads\20260518_160609_386018\56. VITACEL Powdered  Cellulose DV type(J.Retten)[HALAL CONTROL_2026-08-12]농.pdf","_onedrive_backup_archive\data.__onedrive_backup_20260629_144030\ocr_test_uploads\20260518_160609_386018\56. VITACEL Powdered  Cellulose DV type(J.Retten)[HALAL CONTROL_2026-08-12]농.pdf","56. VITACEL Powdered  Cellulose DV type(J.Retten)[HALAL CONTROL_2026-08-12]농.pdf",".pdf","318692","0.3039","2026-05-18T16:06:09","2026-05-18T16:06:09","PDF"
"RUNTIME","D:\halal_web_runtime","D:\halal_web_runtime\_onedrive_backup_archive\data.__onedrive_backup_20260629_144030\ocr_test_uploads\20260518_160609_535155\56. VITACEL Powdered  Cellulose DV type(J.Retten)[HFFIA_2025-09-30]농.pdf","_onedrive_backup_archive\data.__onedrive_backup_20260629_144030\ocr_test_uploads\20260518_160609_535155\56. VITACEL Powdered  Cellulose DV type(J.Retten)[HFFIA_2025-09-30]농.pdf","56. VITACEL Powdered  Cellulose DV type(J.Retten)[HFFIA_2025-09-30]농.pdf",".pdf","1185825","1.1309","2026-05-18T16:06:09","2026-05-18T16:06:09","PDF"
"RUNTIME","D:\halal_web_runtime","D:\halal_web_runtime\_onedrive_backup_archive\data.__onedrive_backup_20260629_144030\ocr_test_uploads\20260518_160610_462583\57. 158957 vegetable broth flavor(Broth enhancer)(Symrise)[MUIS_2026-05-31]s.pdf","_onedrive_backup_archive\data.__onedrive_backup_20260629_144030\ocr_test_uploads\20260518_160610_462583\57. 158957 vegetable broth flavor(Broth enhancer)(Symrise)[MUIS_2026-05-31]s.pdf","57. 158957 vegetable broth flavor(Broth enhancer)(Symrise)[MUIS_2026-05-31]s.pdf",".pdf","499773","0.4766","2026-05-18T16:06:10","2026-05-18T16:06:10","PDF"
"RUNTIME","D:\halal_web_runtime","D:\halal_web_runtime\_onedrive_backup_archive\data.__onedrive_backup_20260629_144030\ocr_test_uploads\20260518_160611_318234\58. Beef Paste Flavour(Kerry)[JAKIM_2027-05-31]K.pdf","_onedrive_backup_archive\data.__onedrive_backup_20260629_144030\ocr_test_uploads\20260518_160611_318234\58. Beef Paste Flavour(Kerry)[JAKIM_2027-05-31]K.pdf","58. Beef Paste Flavour(Kerry)[JAKIM_2027-05-31]K.pdf",".pdf","545699","0.5204","2026-05-18T16:06:11","2026-05-18T16:06:11","PDF"
"RUNTIME","D:\halal_web_runtime","D:\halal_web_runtime\_onedrive_backup_archive\data.__onedrive_backup_20260629_144030\ocr_test_uploads\20260518_160612_243845\60. NAT SHALLOT FLAVOR(962539)-MUIS(2022-02-28).pdf","_onedrive_backup_archive\data.__onedrive_backup_20260629_144030\ocr_test_uploads\20260518_160612_243845\60. NAT SHALLOT FLAVOR(962539)-MUIS(2022-02-28).pdf","60. NAT SHALLOT FLAVOR(962539)-MUIS(2022-02-28).pdf",".pdf","99549","0.0949","2026-05-18T16:06:12","2026-05-18T16:06:12","PDF"
"RUNTIME","D:\halal_web_runtime","D:\halal_web_runtime\_onedrive_backup_archive\data.__onedrive_backup_20260629_144030\ocr_test_uploads\20260518_160612_859602\62. NAT SHALLOT FLAVOR(962539)(Symrise)[MUIS_2026-05-31]주.PDF","_onedrive_backup_archive\data.__onedrive_backup_20260629_144030\ocr_test_uploads\20260518_160612_859602\62. NAT SHALLOT FLAVOR(962539)(Symrise)[MUIS_2026-05-31]주.PDF","62. NAT SHALLOT FLAVOR(962539)(Symrise)[MUIS_2026-05-31]주.PDF",".pdf","98172","0.0936","2026-05-18T16:06:12","2026-05-18T16:06:12","PDF"
"RUNTIME","D:\halal_web_runtime","D:\halal_web_runtime\_onedrive_backup_archive\data.__onedrive_backup_20260629_144030\ocr_test_uploads\20260518_160613_519903\90. MAIZE FLOUR(Kalizea)[HCE_2026-01-24]s.pdf","_onedrive_backup_archive\data.__onedrive_backup_20260629_144030\ocr_test_uploads\20260518_160613_519903\90. MAIZE FLOUR(Kalizea)[HCE_2026-01-24]s.pdf","90. MAIZE FLOUR(Kalizea)[HCE_2026-01-24]s.pdf",".pdf","352194","0.3359","2026-05-18T16:06:13","2026-05-18T16:06:13","PDF"
"RUNTIME","D:\halal_web_runtime","D:\halal_web_runtime\_onedrive_backup_archive\data.__onedrive_backup_20260629_144030\ocr_test_uploads\20260518_160613_957395\91.Yeast Extract(OHLY),OHLY GmbH社-TQHCC(2021-10-31).pdf","_onedrive_backup_archive\data.__onedrive_backup_20260629_144030\ocr_test_uploads\20260518_160613_957395\91.Yeast Extract(OHLY),OHLY GmbH社-TQHCC(2021-10-31).pdf","91.Yeast Extract(OHLY),OHLY GmbH社-TQHCC(2021-10-31).pdf",".pdf","1079236","1.0292","2026-05-18T16:06:13","2026-05-18T16:06:13","PDF"
"RUNTIME","D:\halal_web_runtime","D:\halal_web_runtime\_onedrive_backup_archive\data.__onedrive_backup_20260629_144030\ocr_test_uploads\20260518_160615_291339\93.Yeast extract YB (DSM),DSM FOOD SPECIALTIES CO., LTD-HFFIA(DSM19003H001580191,2019-06-30).pdf","_onedrive_backup_archive\data.__onedrive_backup_20260629_144030\ocr_test_uploads\20260518_160615_291339\93.Yeast extract YB (DSM),DSM FOOD SPECIALTIES CO., LTD-HFFIA(DSM19003H001580191,2019-06-30).pdf","93.Yeast extract YB (DSM),DSM FOOD SPECIALTIES CO., LTD-HFFIA(DSM19003H001580191,2019-06-30).pdf",".pdf","625720","0.5967","2026-05-18T16:06:15","2026-05-18T16:06:15","PDF"
"RUNTIME","D:\halal_web_runtime","D:\halal_web_runtime\_onedrive_backup_archive\data.__onedrive_backup_20260629_144030\ocr_test_uploads\20260518_160616_057888\95. OHLYⓡSTV Meaty(OHLY)[TQHCC_2025-10-31]등.pdf","_onedrive_backup_archive\data.__onedrive_backup_20260629_144030\ocr_test_uploads\20260518_160616_057888\95. OHLYⓡSTV Meaty(OHLY)[TQHCC_2025-10-31]등.pdf","95. OHLYⓡSTV Meaty(OHLY)[TQHCC_2025-10-31]등.pdf",".pdf","1587262","1.5137","2026-05-18T16:06:16","2026-05-18T16:06:16","PDF"
"RUNTIME","D:\halal_web_runtime","D:\halal_web_runtime\_onedrive_backup_archive\data.__onedrive_backup_20260629_144030\ocr_test_uploads\20260518_160618_019286\98_4_1. NU55-50(Sensient)[LLS-ISA_2025-12-31]비.pdf","_onedrive_backup_archive\data.__onedrive_backup_20260629_144030\ocr_test_uploads\20260518_160618_019286\98_4_1. NU55-50(Sensient)[LLS-ISA_2025-12-31]비.pdf","98_4_1. NU55-50(Sensient)[LLS-ISA_2025-12-31]비.pdf",".pdf","307038","0.2928","2026-05-18T16:06:18","2026-05-18T16:06:18","PDF"
"RUNTIME","D:\halal_web_runtime","D:\halal_web_runtime\_onedrive_backup_archive\data.__onedrive_backup_20260629_144030\ocr_test_uploads\20260518_160618_115837\99_4_1. NU55-50(Sensient)[LLS-ISA_2025-12-31]비.pdf","_onedrive_backup_archive\data.__onedrive_backup_20260629_144030\ocr_test_uploads\20260518_160618_115837\99_4_1. NU55-50(Sensient)[LLS-ISA_2025-12-31]비.pdf","99_4_1. NU55-50(Sensient)[LLS-ISA_2025-12-31]비.pdf",".pdf","307038","0.2928","2026-05-18T16:06:18","2026-05-18T16:06:18","PDF"
"RUNTIME","D:\halal_web_runtime","D:\halal_web_runtime\_onedrive_backup_archive\data.__onedrive_backup_20260629_144030\ocr_test_uploads\20260518_160618_228177\101.Lactic Acid,PURAC (THAILAND) LTD社-HALAL CONTROL(2020-05-15).pdf","_onedrive_backup_archive\data.__onedrive_backup_20260629_144030\ocr_test_uploads\20260518_160618_228177\101.Lactic Acid,PURAC (THAILAND) LTD社-HALAL CONTROL(2020-05-15).pdf","101.Lactic Acid,PURAC (THAILAND) LTD社-HALAL CONTROL(2020-05-15).pdf",".pdf","79510","0.0758","2026-05-18T16:06:18","2026-05-18T16:06:18","PDF"
"RUNTIME","D:\halal_web_runtime","D:\halal_web_runtime\_onedrive_backup_archive\data.__onedrive_backup_20260629_144030\ocr_test_uploads\20260518_160618_855926\103_1. RBDPO-REFIND BLEACHED & DEODORISED PALM OIL(SANDAKAN)[JAKIM_2026-06-15]롯.pdf","_onedrive_backup_archive\data.__onedrive_backup_20260629_144030\ocr_test_uploads\20260518_160618_855926\103_1. RBDPO-REFIND BLEACHED & DEODORISED PALM OIL(SANDAKAN)[JAKIM_2026-06-15]롯.pdf","103_1. RBDPO-REFIND BLEACHED & DEODORISED PALM OIL(SANDAKAN)[JAKIM_2026-06-15]롯.pdf",".pdf","4221559","4.026","2026-05-18T16:06:18","2026-05-18T16:06:18","PDF"
"RUNTIME","D:\halal_web_runtime","D:\halal_web_runtime\_onedrive_backup_archive\data.__onedrive_backup_20260629_144030\ocr_test_uploads\20260518_160620_992913\107. Oleoresin Capsicum-TK50(EVESA)[HFQ_2026-04-10]농.pdf","_onedrive_backup_archive\data.__onedrive_backup_20260629_144030\ocr_test_uploads\20260518_160620_992913\107. Oleoresin Capsicum-TK50(EVESA)[HFQ_2026-04-10]농.pdf","107. Oleoresin Capsicum-TK50(EVESA)[HFQ_2026-04-10]농.pdf",".pdf","677084","0.6457","2026-05-18T16:06:20","2026-05-18T16:06:20","PDF"
"RUNTIME","D:\halal_web_runtime","D:\halal_web_runtime\_onedrive_backup_archive\data.__onedrive_backup_20260629_144030\ocr_test_uploads\20260518_160621_134028\108_1. S7468, S2568, S1668, S1568, S4268)(Lanxess)[HQC_2026-10-08]씨.pdf","_onedrive_backup_archive\data.__onedrive_backup_20260629_144030\ocr_test_uploads\20260518_160621_134028\108_1. S7468, S2568, S1668, S1568, S4268)(Lanxess)[HQC_2026-10-08]씨.pdf","108_1. S7468, S2568, S1668, S1568, S4268)(Lanxess)[HQC_2026-10-08]씨.pdf",".pdf","763355","0.728","2026-05-18T16:06:21","2026-05-18T16:06:21","PDF"
"RUNTIME","D:\halal_web_runtime","D:\halal_web_runtime\_onedrive_backup_archive\data.__onedrive_backup_20260629_144030\ocr_test_uploads\20260518_160621_301948\109_1_3. TRILITE SAR11(KA-11)(Samyang)[BPJPH_2026-06-18]대.pdf","_onedrive_backup_archive\data.__onedrive_backup_20260629_144030\ocr_test_uploads\20260518_160621_301948\109_1_3. TRILITE SAR11(KA-11)(Samyang)[BPJPH_2026-06-18]대.pdf","109_1_3. TRILITE SAR11(KA-11)(Samyang)[BPJPH_2026-06-18]대.pdf",".pdf","1101451","1.0504","2026-05-18T16:06:21","2026-05-18T16:06:21","PDF"
"RUNTIME","D:\halal_web_runtime","D:\halal_web_runtime\_onedrive_backup_archive\data.__onedrive_backup_20260629_144030\ocr_test_uploads\20260518_160621_599898\109_1_4. Dextrozyme(Novozyme)[BPJPH_2026-05-25]대.pdf","_onedrive_backup_archive\data.__onedrive_backup_20260629_144030\ocr_test_uploads\20260518_160621_599898\109_1_4. Dextrozyme(Novozyme)[BPJPH_2026-05-25]대.pdf","109_1_4. Dextrozyme(Novozyme)[BPJPH_2026-05-25]대.pdf",".pdf","1049784","1.0012","2026-05-18T16:06:21","2026-05-18T16:06:21","PDF"
"RUNTIME","D:\halal_web_runtime","D:\halal_web_runtime\_onedrive_backup_archive\data.__onedrive_backup_20260629_144030\ocr_test_uploads\20260518_160621_747936\109_2. Granular Activated Carbon-IFANCA(2024-12-31).pdf","_onedrive_backup_archive\data.__onedrive_backup_20260629_144030\ocr_test_uploads\20260518_160621_747936\109_2. Granular Activated Carbon-IFANCA(2024-12-31).pdf","109_2. Granular Activated Carbon-IFANCA(2024-12-31).pdf",".pdf","233678","0.2229","2026-05-18T16:06:21","2026-05-18T16:06:21","PDF"
"RUNTIME","D:\halal_web_runtime","D:\halal_web_runtime\_onedrive_backup_archive\data.__onedrive_backup_20260629_144030\ocr_test_uploads\20260518_160621_881460\110_1_4. Dextrozyme(Novozyme)[HQC_2028-07-01]대.pdf","_onedrive_backup_archive\data.__onedrive_backup_20260629_144030\ocr_test_uploads\20260518_160621_881460\110_1_4. Dextrozyme(Novozyme)[HQC_2028-07-01]대.pdf","110_1_4. Dextrozyme(Novozyme)[HQC_2028-07-01]대.pdf",".pdf","700682","0.6682","2026-05-18T16:06:21","2026-05-18T16:06:21","PDF"
"RUNTIME","D:\halal_web_runtime","D:\halal_web_runtime\_onedrive_backup_archive\data.__onedrive_backup_20260629_144030\ocr_test_uploads\20260518_171901_433600\1-1-7. Disodium Succinate-JMA(2022-08-11).pdf","_onedrive_backup_archive\data.__onedrive_backup_20260629_144030\ocr_test_uploads\20260518_171901_433600\1-1-7. Disodium Succinate-JMA(2022-08-11).pdf","1-1-7. Disodium Succinate-JMA(2022-08-11).pdf",".pdf","374177","0.3568","2026-05-18T17:19:03","2026-05-18T17:19:03","PDF"
"RUNTIME","D:\halal_web_runtime","D:\halal_web_runtime\_onedrive_backup_archive\data.__onedrive_backup_20260629_144030\ocr_test_uploads\20260518_171901_433600\101.Lactic Acid,PURAC (THAILAND) LTD社-HALAL CONTROL(2020-05-15).pdf","_onedrive_backup_archive\data.__onedrive_backup_20260629_144030\ocr_test_uploads\20260518_171901_433600\101.Lactic Acid,PURAC (THAILAND) LTD社-HALAL CONTROL(2020-05-15).pdf","101.Lactic Acid,PURAC (THAILAND) LTD社-HALAL CONTROL(2020-05-15).pdf",".pdf","79510","0.0758","2026-05-18T17:19:01","2026-05-18T17:19:01","PDF"
"RUNTIME","D:\halal_web_runtime","D:\halal_web_runtime\_onedrive_backup_archive\data.__onedrive_backup_20260629_144030\ocr_test_uploads\20260518_171901_433600\103_1. RBDPO-REFIND BLEACHED & DEODORISED PALM OIL(SANDAKAN)[JAKIM_2026-06-15]롯.pdf","_onedrive_backup_archive\data.__onedrive_backup_20260629_144030\ocr_test_uploads\20260518_171901_433600\103_1. RBDPO-REFIND BLEACHED & DEODORISED PALM OIL(SANDAKAN)[JAKIM_2026-06-15]롯.pdf","103_1. RBDPO-REFIND BLEACHED & DEODORISED PALM OIL(SANDAKAN)[JAKIM_2026-06-15]롯.pdf",".pdf","4221559","4.026","2026-05-18T17:19:01","2026-05-18T17:19:01","PDF"
"RUNTIME","D:\halal_web_runtime","D:\halal_web_runtime\_onedrive_backup_archive\data.__onedrive_backup_20260629_144030\ocr_test_uploads\20260518_171901_433600\107. Oleoresin Capsicum-TK50(EVESA)[HFQ_2026-04-10]농.pdf","_onedrive_backup_archive\data.__onedrive_backup_20260629_144030\ocr_test_uploads\20260518_171901_433600\107. Oleoresin Capsicum-TK50(EVESA)[HFQ_2026-04-10]농.pdf","107. Oleoresin Capsicum-TK50(EVESA)[HFQ_2026-04-10]농.pdf",".pdf","677084","0.6457","2026-05-18T17:19:01","2026-05-18T17:19:01","PDF"
"RUNTIME","D:\halal_web_runtime","D:\halal_web_runtime\_onedrive_backup_archive\data.__onedrive_backup_20260629_144030\ocr_test_uploads\20260518_171901_433600\108_1. S7468, S2568, S1668, S1568, S4268)(Lanxess)[HQC_2026-10-08]씨.pdf","_onedrive_backup_archive\data.__onedrive_backup_20260629_144030\ocr_test_uploads\20260518_171901_433600\108_1. S7468, S2568, S1668, S1568, S4268)(Lanxess)[HQC_2026-10-08]씨.pdf","108_1. S7468, S2568, S1668, S1568, S4268)(Lanxess)[HQC_2026-10-08]씨.pdf",".pdf","763355","0.728","2026-05-18T17:19:01","2026-05-18T17:19:01","PDF"
"RUNTIME","D:\halal_web_runtime","D:\halal_web_runtime\_onedrive_backup_archive\data.__onedrive_backup_20260629_144030\ocr_test_uploads\20260518_171901_433600\109_1_3. TRILITE SAR11(KA-11)(Samyang)[BPJPH_2026-06-18]대.pdf","_onedrive_backup_archive\data.__onedrive_backup_20260629_144030\ocr_test_uploads\20260518_171901_433600\109_1_3. TRILITE SAR11(KA-11)(Samyang)[BPJPH_2026-06-18]대.pdf","109_1_3. TRILITE SAR11(KA-11)(Samyang)[BPJPH_2026-06-18]대.pdf",".pdf","1101451","1.0504","2026-05-18T17:19:01","2026-05-18T17:19:01","PDF"
"RUNTIME","D:\halal_web_runtime","D:\halal_web_runtime\_onedrive_backup_archive\data.__onedrive_backup_20260629_144030\ocr_test_uploads\20260518_171901_433600\109_1_4. Dextrozyme(Novozyme)[BPJPH_2026-05-25]대.pdf","_onedrive_backup_archive\data.__onedrive_backup_20260629_144030\ocr_test_uploads\20260518_171901_433600\109_1_4. Dextrozyme(Novozyme)[BPJPH_2026-05-25]대.pdf","109_1_4. Dextrozyme(Novozyme)[BPJPH_2026-05-25]대.pdf",".pdf","1049784","1.0012","2026-05-18T17:19:01","2026-05-18T17:19:01","PDF"
"RUNTIME","D:\halal_web_runtime","D:\halal_web_runtime\_onedrive_backup_archive\data.__onedrive_backup_20260629_144030\ocr_test_uploads\20260518_171901_433600\109_2. Granular Activated Carbon-IFANCA(2024-12-31).pdf","_onedrive_backup_archive\data.__onedrive_backup_20260629_144030\ocr_test_uploads\20260518_171901_433600\109_2. Granular Activated Carbon-IFANCA(2024-12-31).pdf","109_2. Granular Activated Carbon-IFANCA(2024-12-31).pdf",".pdf","233678","0.2229","2026-05-18T17:19:01","2026-05-18T17:19:01","PDF"
"RUNTIME","D:\halal_web_runtime","D:\halal_web_runtime\_onedrive_backup_archive\data.__onedrive_backup_20260629_144030\ocr_test_uploads\20260518_171901_433600\11-1. Propylene Glygol USPEP-CICOT(2023-05-01).pdf","_onedrive_backup_archive\data.__onedrive_backup_20260629_144030\ocr_test_uploads\20260518_171901_433600\11-1. Propylene Glygol USPEP-CICOT(2023-05-01).pdf","11-1. Propylene Glygol USPEP-CICOT(2023-05-01).pdf",".pdf","519824","0.4957","2026-05-18T17:19:03","2026-05-18T17:19:03","PDF"
"RUNTIME","D:\halal_web_runtime","D:\halal_web_runtime\_onedrive_backup_archive\data.__onedrive_backup_20260629_144030\ocr_test_uploads\20260518_171901_433600\11-3-3.MM100FK,Mafco Worldwide LLC-ISA(19-12-31).pdf","_onedrive_backup_archive\data.__onedrive_backup_20260629_144030\ocr_test_uploads\20260518_171901_433600\11-3-3.MM100FK,Mafco Worldwide LLC-ISA(19-12-31).pdf","11-3-3.MM100FK,Mafco Worldwide LLC-ISA(19-12-31).pdf",".pdf","537163","0.5123","2026-05-18T17:19:03","2026-05-18T17:19:03","PDF"
"RUNTIME","D:\halal_web_runtime","D:\halal_web_runtime\_onedrive_backup_archive\data.__onedrive_backup_20260629_144030\ocr_test_uploads\20260518_171901_433600\11-3-3.MM100FK,Mafco Worldwide LLC社-ISA(2021-12-31).pdf","_onedrive_backup_archive\data.__onedrive_backup_20260629_144030\ocr_test_uploads\20260518_171901_433600\11-3-3.MM100FK,Mafco Worldwide LLC社-ISA(2021-12-31).pdf","11-3-3.MM100FK,Mafco Worldwide LLC社-ISA(2021-12-31).pdf",".pdf","766544","0.731","2026-05-18T17:19:03","2026-05-18T17:19:03","PDF"
"RUNTIME","D:\halal_web_runtime","D:\halal_web_runtime\_onedrive_backup_archive\data.__onedrive_backup_20260629_144030\ocr_test_uploads\20260518_171901_433600\110_1_4. Dextrozyme(Novozyme)[HQC_2028-07-01]대.pdf","_onedrive_backup_archive\data.__onedrive_backup_20260629_144030\ocr_test_uploads\20260518_171901_433600\110_1_4. Dextrozyme(Novozyme)[HQC_2028-07-01]대.pdf","110_1_4. Dextrozyme(Novozyme)[HQC_2028-07-01]대.pdf",".pdf","700682","0.6682","2026-05-18T17:19:01","2026-05-18T17:19:01","PDF"
"RUNTIME","D:\halal_web_runtime","D:\halal_web_runtime\_onedrive_backup_archive\data.__onedrive_backup_20260629_144030\ocr_test_uploads\20260518_171901_433600\117. Non-GMO Soybean Meal(Zeeland)[IFANCA_2026-05-31]타.pdf","_onedrive_backup_archive\data.__onedrive_backup_20260629_144030\ocr_test_uploads\20260518_171901_433600\117. Non-GMO Soybean Meal(Zeeland)[IFANCA_2026-05-31]타.pdf","117. Non-GMO Soybean Meal(Zeeland)[IFANCA_2026-05-31]타.pdf",".pdf","287594","0.2743","2026-05-18T17:19:02","2026-05-18T17:19:02","PDF"
"RUNTIME","D:\halal_web_runtime","D:\halal_web_runtime\_onedrive_backup_archive\data.__onedrive_backup_20260629_144030\ocr_test_uploads\20260518_171901_433600\119. Oleoresin Capsicum-HFCE(2024-10-31).pdf","_onedrive_backup_archive\data.__onedrive_backup_20260629_144030\ocr_test_uploads\20260518_171901_433600\119. Oleoresin Capsicum-HFCE(2024-10-31).pdf","119. Oleoresin Capsicum-HFCE(2024-10-31).pdf",".pdf","1092451","1.0418","2026-05-18T17:19:02","2026-05-18T17:19:02","PDF"
"RUNTIME","D:\halal_web_runtime","D:\halal_web_runtime\_onedrive_backup_archive\data.__onedrive_backup_20260629_144030\ocr_test_uploads\20260518_171901_433600\122. Protease-Promod 278 MDP)(BIOCATAL)[HQC_2026-04-15]B.pdf","_onedrive_backup_archive\data.__onedrive_backup_20260629_144030\ocr_test_uploads\20260518_171901_433600\122. Protease-Promod 278 MDP)(BIOCATAL)[HQC_2026-04-15]B.pdf","122. Protease-Promod 278 MDP)(BIOCATAL)[HQC_2026-04-15]B.pdf",".pdf","777855","0.7418","2026-05-18T17:19:02","2026-05-18T17:19:02","PDF"
"RUNTIME","D:\halal_web_runtime","D:\halal_web_runtime\_onedrive_backup_archive\data.__onedrive_backup_20260629_144030\ocr_test_uploads\20260518_171901_433600\124. Flo-max 8(blend)(NATIONAL)[CICOT_2025-09-19].pdf","_onedrive_backup_archive\data.__onedrive_backup_20260629_144030\ocr_test_uploads\20260518_171901_433600\124. Flo-max 8(blend)(NATIONAL)[CICOT_2025-09-19].pdf","124. Flo-max 8(blend)(NATIONAL)[CICOT_2025-09-19].pdf",".pdf","227887","0.2173","2026-05-18T17:19:02","2026-05-18T17:19:02","PDF"
"RUNTIME","D:\halal_web_runtime","D:\halal_web_runtime\_onedrive_backup_archive\data.__onedrive_backup_20260629_144030\ocr_test_uploads\20260518_171901_433600\126. Seafood Seasoning Paste-S(Naturals)[MUI_2028-08-13]내.pdf","_onedrive_backup_archive\data.__onedrive_backup_20260629_144030\ocr_test_uploads\20260518_171901_433600\126. Seafood Seasoning Paste-S(Naturals)[MUI_2028-08-13]내.pdf","126. Seafood Seasoning Paste-S(Naturals)[MUI_2028-08-13]내.pdf",".pdf","145845","0.1391","2026-05-18T17:19:02","2026-05-18T17:19:02","PDF"
"RUNTIME","D:\halal_web_runtime","D:\halal_web_runtime\_onedrive_backup_archive\data.__onedrive_backup_20260629_144030\ocr_test_uploads\20260518_171901_433600\130_7. FIRMTEX(INGREDIO)[IFANCA_2025-09-30]G.pdf","_onedrive_backup_archive\data.__onedrive_backup_20260629_144030\ocr_test_uploads\20260518_171901_433600\130_7. FIRMTEX(INGREDIO)[IFANCA_2025-09-30]G.pdf","130_7. FIRMTEX(INGREDIO)[IFANCA_2025-09-30]G.pdf",".pdf","5820848","5.5512","2026-05-18T17:19:02","2026-05-18T17:19:02","PDF"
"RUNTIME","D:\halal_web_runtime","D:\halal_web_runtime\_onedrive_backup_archive\data.__onedrive_backup_20260629_144030\ocr_test_uploads\20260518_171901_433600\135. Flo-max 8(blend)-CICOT(2024-09-19).pdf","_onedrive_backup_archive\data.__onedrive_backup_20260629_144030\ocr_test_uploads\20260518_171901_433600\135. Flo-max 8(blend)-CICOT(2024-09-19).pdf","135. Flo-max 8(blend)-CICOT(2024-09-19).pdf",".pdf","1677022","1.5993","2026-05-18T17:19:02","2026-05-18T17:19:02","PDF"
"RUNTIME","D:\halal_web_runtime","D:\halal_web_runtime\_onedrive_backup_archive\data.__onedrive_backup_20260629_144030\ocr_test_uploads\20260518_171901_433600\136_1. FATTY ACIDS(lOI)[JAKIM_2029-05-15]비.pdf","_onedrive_backup_archive\data.__onedrive_backup_20260629_144030\ocr_test_uploads\20260518_171901_433600\136_1. FATTY ACIDS(lOI)[JAKIM_2029-05-15]비.pdf","136_1. FATTY ACIDS(lOI)[JAKIM_2029-05-15]비.pdf",".pdf","473911","0.452","2026-05-18T17:19:02","2026-05-18T17:19:02","PDF"
"RUNTIME","D:\halal_web_runtime","D:\halal_web_runtime\_onedrive_backup_archive\data.__onedrive_backup_20260629_144030\ocr_test_uploads\20260518_171901_433600\151. KREATIONⓡKE8-CICOT(2023-10-14).pdf","_onedrive_backup_archive\data.__onedrive_backup_20260629_144030\ocr_test_uploads\20260518_171901_433600\151. KREATIONⓡKE8-CICOT(2023-10-14).pdf","151. KREATIONⓡKE8-CICOT(2023-10-14).pdf",".pdf","1518587","1.4482","2026-05-18T17:19:02","2026-05-18T17:19:02","PDF"
"RUNTIME","D:\halal_web_runtime","D:\halal_web_runtime\_onedrive_backup_archive\data.__onedrive_backup_20260629_144030\ocr_test_uploads\20260518_171901_433600\155. Beef Type Flavor(Givaudan)[IFANCA_2026-05-31]G.pdf","_onedrive_backup_archive\data.__onedrive_backup_20260629_144030\ocr_test_uploads\20260518_171901_433600\155. Beef Type Flavor(Givaudan)[IFANCA_2026-05-31]G.pdf","155. Beef Type Flavor(Givaudan)[IFANCA_2026-05-31]G.pdf",".pdf","141942","0.1354","2026-05-18T17:19:02","2026-05-18T17:19:02","PDF"
"RUNTIME","D:\halal_web_runtime","D:\halal_web_runtime\_onedrive_backup_archive\data.__onedrive_backup_20260629_144030\ocr_test_uploads\20260518_171901_433600\16. Ground Cassia-Cinnamon(LONG)[HCA_2025-10-09]M.pdf","_onedrive_backup_archive\data.__onedrive_backup_20260629_144030\ocr_test_uploads\20260518_171901_433600\16. Ground Cassia-Cinnamon(LONG)[HCA_2025-10-09]M.pdf","16. Ground Cassia-Cinnamon(LONG)[HCA_2025-10-09]M.pdf",".pdf","1042573","0.9943","2026-05-18T17:19:03","2026-05-18T17:19:03","PDF"
"RUNTIME","D:\halal_web_runtime","D:\halal_web_runtime\_onedrive_backup_archive\data.__onedrive_backup_20260629_144030\ocr_test_uploads\20260518_171901_433600\162-1.Crude Rice Bran Oil,WILMAR AGRO VIETNAM COMPANY LIMITED社-Halal Certification Agency (HCA)(2021-07-31).pdf","_onedrive_backup_archive\data.__onedrive_backup_20260629_144030\ocr_test_uploads\20260518_171901_433600\162-1.Crude Rice Bran Oil,WILMAR AGRO VIETNAM COMPANY LIMITED社-Halal Certification Agency (HCA)(2021-07-31).pdf","162-1.Crude Rice Bran Oil,WILMAR AGRO VIETNAM COMPANY LIMITED社-Halal Certification Agency (HCA)(2021-07-31).pdf",".pdf","69159","0.066","2026-05-18T17:19:02","2026-05-18T17:19:02","PDF"
"RUNTIME","D:\halal_web_runtime","D:\halal_web_runtime\_onedrive_backup_archive\data.__onedrive_backup_20260629_144030\ocr_test_uploads\20260518_171901_433600\165_8. Potassium sulfate(K+S)[HALAL CONTROL_2026-08-15].pdf","_onedrive_backup_archive\data.__onedrive_backup_20260629_144030\ocr_test_uploads\20260518_171901_433600\165_8. Potassium sulfate(K+S)[HALAL CONTROL_2026-08-15].pdf","165_8. Potassium sulfate(K+S)[HALAL CONTROL_2026-08-15].pdf",".pdf","313444","0.2989","2026-05-18T17:19:02","2026-05-18T17:19:02","PDF"
"RUNTIME","D:\halal_web_runtime","D:\halal_web_runtime\_onedrive_backup_archive\data.__onedrive_backup_20260629_144030\ocr_test_uploads\20260518_171901_433600\167. KRATIONⓡKE8(SIAM)[CICOT_2025-10-14]마.pdf","_onedrive_backup_archive\data.__onedrive_backup_20260629_144030\ocr_test_uploads\20260518_171901_433600\167. KRATIONⓡKE8(SIAM)[CICOT_2025-10-14]마.pdf","167. KRATIONⓡKE8(SIAM)[CICOT_2025-10-14]마.pdf",".pdf","1897092","1.8092","2026-05-18T17:19:02","2026-05-18T17:19:02","PDF"
"RUNTIME","D:\halal_web_runtime","D:\halal_web_runtime\_onedrive_backup_archive\data.__onedrive_backup_20260629_144030\ocr_test_uploads\20260518_171901_433600\168. Beef Type Flavor-IFANCA(2024-05-31).pdf","_onedrive_backup_archive\data.__onedrive_backup_20260629_144030\ocr_test_uploads\20260518_171901_433600\168. Beef Type Flavor-IFANCA(2024-05-31).pdf","168. Beef Type Flavor-IFANCA(2024-05-31).pdf",".pdf","233409","0.2226","2026-05-18T17:19:02","2026-05-18T17:19:02","PDF"
"RUNTIME","D:\halal_web_runtime","D:\halal_web_runtime\_onedrive_backup_archive\data.__onedrive_backup_20260629_144030\ocr_test_uploads\20260518_171901_433600\20250703_072436_16_Halal certificate (HQC)_ Food & Beverage products (Novozymes DK)_2021-08077.pdf","_onedrive_backup_archive\data.__onedrive_backup_20260629_144030\ocr_test_uploads\20260518_171901_433600\20250703_072436_16_Halal certificate (HQC)_ Food & Beverage products (Novozymes DK)_2021-08077.pdf","20250703_072436_16_Halal certificate (HQC)_ Food & Beverage products (Novozymes DK)_2021-08077.pdf",".pdf","727134","0.6934","2026-05-18T17:19:03","2026-05-18T17:19:03","PDF"
"RUNTIME","D:\halal_web_runtime","D:\halal_web_runtime\_onedrive_backup_archive\data.__onedrive_backup_20260629_144030\ocr_test_uploads\20260518_171901_433600\21-1.MCT OIL,DANIDCO MALAYSIA SDN BHD社-JAKIM(2022-09-30).pdf","_onedrive_backup_archive\data.__onedrive_backup_20260629_144030\ocr_test_uploads\20260518_171901_433600\21-1.MCT OIL,DANIDCO MALAYSIA SDN BHD社-JAKIM(2022-09-30).pdf","21-1.MCT OIL,DANIDCO MALAYSIA SDN BHD社-JAKIM(2022-09-30).pdf",".pdf","1252703","1.1947","2026-05-18T17:19:03","2026-05-18T17:19:03","PDF"
"RUNTIME","D:\halal_web_runtime","D:\halal_web_runtime\_onedrive_backup_archive\data.__onedrive_backup_20260629_144030\ocr_test_uploads\20260518_171901_433600\220217 HEBEI HUAYANG BPJPH HALAL 인증서 프롤린 글루타민 메티오닌.pdf","_onedrive_backup_archive\data.__onedrive_backup_20260629_144030\ocr_test_uploads\20260518_171901_433600\220217 HEBEI HUAYANG BPJPH HALAL 인증서 프롤린 글루타민 메티오닌.pdf","220217 HEBEI HUAYANG BPJPH HALAL 인증서 프롤린 글루타민 메티오닌.pdf",".pdf","638591","0.609","2026-05-18T17:19:03","2026-05-18T17:19:03","PDF"
"RUNTIME","D:\halal_web_runtime","D:\halal_web_runtime\_onedrive_backup_archive\data.__onedrive_backup_20260629_144030\ocr_test_uploads\20260518_171901_433600\220908 Dextrin_BPJPH(YISHIU DADI).pdf","_onedrive_backup_archive\data.__onedrive_backup_20260629_144030\ocr_test_uploads\20260518_171901_433600\220908 Dextrin_BPJPH(YISHIU DADI).pdf","220908 Dextrin_BPJPH(YISHIU DADI).pdf",".pdf","415711","0.3965","2026-05-18T17:19:03","2026-05-18T17:19:03","PDF"
"RUNTIME","D:\halal_web_runtime","D:\halal_web_runtime\_onedrive_backup_archive\data.__onedrive_backup_20260629_144030\ocr_test_uploads\20260518_171901_433600\32_1. Non-GMO Crude Soybean oil(Bunge)[HFCE_2026-09-30]롯.pdf","_onedrive_backup_archive\data.__onedrive_backup_20260629_144030\ocr_test_uploads\20260518_171901_433600\32_1. Non-GMO Crude Soybean oil(Bunge)[HFCE_2026-09-30]롯.pdf","32_1. Non-GMO Crude Soybean oil(Bunge)[HFCE_2026-09-30]롯.pdf",".pdf","223913","0.2135","2026-05-18T17:19:03","2026-05-18T17:19:03","PDF"
"RUNTIME","D:\halal_web_runtime","D:\halal_web_runtime\_onedrive_backup_archive\data.__onedrive_backup_20260629_144030\ocr_test_uploads\20260518_171901_433600\34. Maltodextrin Glucose syrup solids(SANSOON)[JAKIM_2026-03-15]한.pdf","_onedrive_backup_archive\data.__onedrive_backup_20260629_144030\ocr_test_uploads\20260518_171901_433600\34. Maltodextrin Glucose syrup solids(SANSOON)[JAKIM_2026-03-15]한.pdf","34. Maltodextrin Glucose syrup solids(SANSOON)[JAKIM_2026-03-15]한.pdf",".pdf","629225","0.6001","2026-05-18T17:19:03","2026-05-18T17:19:03","PDF"
"RUNTIME","D:\halal_web_runtime","D:\halal_web_runtime\_onedrive_backup_archive\data.__onedrive_backup_20260629_144030\ocr_test_uploads\20260518_171901_433600\36_3. TREHA™FOOD GRADE(Nagase)[JMA_2026-02-26]락.pdf","_onedrive_backup_archive\data.__onedrive_backup_20260629_144030\ocr_test_uploads\20260518_171901_433600\36_3. TREHA™FOOD GRADE(Nagase)[JMA_2026-02-26]락.pdf","36_3. TREHA™FOOD GRADE(Nagase)[JMA_2026-02-26]락.pdf",".pdf","1657909","1.5811","2026-05-18T17:19:03","2026-05-18T17:19:03","PDF"
"RUNTIME","D:\halal_web_runtime","D:\halal_web_runtime\_onedrive_backup_archive\data.__onedrive_backup_20260629_144030\ocr_test_uploads\20260518_171901_433600\37. Maxarome Select Powder-HFFIA(2023-06-30).pdf","_onedrive_backup_archive\data.__onedrive_backup_20260629_144030\ocr_test_uploads\20260518_171901_433600\37. Maxarome Select Powder-HFFIA(2023-06-30).pdf","37. Maxarome Select Powder-HFFIA(2023-06-30).pdf",".pdf","1114147","1.0625","2026-05-18T17:19:03","2026-05-18T17:19:03","PDF"
"RUNTIME","D:\halal_web_runtime","D:\halal_web_runtime\_onedrive_backup_archive\data.__onedrive_backup_20260629_144030\ocr_test_uploads\20260518_171901_433600\37.Maxarome Select Powder,DSM FOOD SPECIALTIES CO., LTD社-HFFIA(2021-06-30).pdf","_onedrive_backup_archive\data.__onedrive_backup_20260629_144030\ocr_test_uploads\20260518_171901_433600\37.Maxarome Select Powder,DSM FOOD SPECIALTIES CO., LTD社-HFFIA(2021-06-30).pdf","37.Maxarome Select Powder,DSM FOOD SPECIALTIES CO., LTD社-HFFIA(2021-06-30).pdf",".pdf","1110044","1.0586","2026-05-18T17:19:03","2026-05-18T17:19:03","PDF"
"RUNTIME","D:\halal_web_runtime","D:\halal_web_runtime\_onedrive_backup_archive\data.__onedrive_backup_20260629_144030\ocr_test_uploads\20260518_171901_433600\37_4. NuCel 743PW(BIO)[HFCE_2025-12-31]락.pdf","_onedrive_backup_archive\data.__onedrive_backup_20260629_144030\ocr_test_uploads\20260518_171901_433600\37_4. NuCel 743PW(BIO)[HFCE_2025-12-31]락.pdf","37_4. NuCel 743PW(BIO)[HFCE_2025-12-31]락.pdf",".pdf","584131","0.5571","2026-05-18T17:19:04","2026-05-18T17:19:04","PDF"
"RUNTIME","D:\halal_web_runtime","D:\halal_web_runtime\_onedrive_backup_archive\data.__onedrive_backup_20260629_144030\ocr_test_uploads\20260518_171901_433600\37_4. SPRINGER 020020-PW-L-HFCE(2024-12-31).pdf","_onedrive_backup_archive\data.__onedrive_backup_20260629_144030\ocr_test_uploads\20260518_171901_433600\37_4. SPRINGER 020020-PW-L-HFCE(2024-12-31).pdf","37_4. SPRINGER 020020-PW-L-HFCE(2024-12-31).pdf",".pdf","2435759","2.3229","2026-05-18T17:19:04","2026-05-18T17:19:04","PDF"
"RUNTIME","D:\halal_web_runtime","D:\halal_web_runtime\_onedrive_backup_archive\data.__onedrive_backup_20260629_144030\ocr_test_uploads\20260518_171901_433600\38_2. SOY PEPTONE A2 SC-HFCE(2024-03-31).pdf","_onedrive_backup_archive\data.__onedrive_backup_20260629_144030\ocr_test_uploads\20260518_171901_433600\38_2. SOY PEPTONE A2 SC-HFCE(2024-03-31).pdf","38_2. SOY PEPTONE A2 SC-HFCE(2024-03-31).pdf",".pdf","1964318","1.8733","2026-05-18T17:19:04","2026-05-18T17:19:04","PDF"
"RUNTIME","D:\halal_web_runtime","D:\halal_web_runtime\_onedrive_backup_archive\data.__onedrive_backup_20260629_144030\ocr_test_uploads\20260518_171901_433600\40. Maxarome Select Powder(DSM)[HFFIA_2025-12-31]네.pdf","_onedrive_backup_archive\data.__onedrive_backup_20260629_144030\ocr_test_uploads\20260518_171901_433600\40. Maxarome Select Powder(DSM)[HFFIA_2025-12-31]네.pdf","40. Maxarome Select Powder(DSM)[HFFIA_2025-12-31]네.pdf",".pdf","165615","0.1579","2026-05-18T17:19:04","2026-05-18T17:19:04","PDF"
"RUNTIME","D:\halal_web_runtime","D:\halal_web_runtime\_onedrive_backup_archive\data.__onedrive_backup_20260629_144030\ocr_test_uploads\20260518_171901_433600\42. Maltodextrin(SAJO)[MUI_2025-12-07]사.pdf","_onedrive_backup_archive\data.__onedrive_backup_20260629_144030\ocr_test_uploads\20260518_171901_433600\42. Maltodextrin(SAJO)[MUI_2025-12-07]사.pdf","42. Maltodextrin(SAJO)[MUI_2025-12-07]사.pdf",".pdf","129865","0.1238","2026-05-18T17:19:04","2026-05-18T17:19:04","PDF"
"RUNTIME","D:\halal_web_runtime","D:\halal_web_runtime\_onedrive_backup_archive\data.__onedrive_backup_20260629_144030\ocr_test_uploads\20260518_171901_433600\45. SEWOO CO., LTD BPJPH HALAL Certificate_(2025-11-18).pdf","_onedrive_backup_archive\data.__onedrive_backup_20260629_144030\ocr_test_uploads\20260518_171901_433600\45. SEWOO CO., LTD BPJPH HALAL Certificate_(2025-11-18).pdf","45. SEWOO CO., LTD BPJPH HALAL Certificate_(2025-11-18).pdf",".pdf","2236686","2.1331","2026-05-18T17:19:04","2026-05-18T17:19:04","PDF"
"RUNTIME","D:\halal_web_runtime","D:\halal_web_runtime\_onedrive_backup_archive\data.__onedrive_backup_20260629_144030\ocr_test_uploads\20260518_171901_433600\47. Low DE Corn Syrup(SAJO)[MUI_2026-01-04]사.pdf","_onedrive_backup_archive\data.__onedrive_backup_20260629_144030\ocr_test_uploads\20260518_171901_433600\47. Low DE Corn Syrup(SAJO)[MUI_2026-01-04]사.pdf","47. Low DE Corn Syrup(SAJO)[MUI_2026-01-04]사.pdf",".pdf","218518","0.2084","2026-05-18T17:19:04","2026-05-18T17:19:04","PDF"
"RUNTIME","D:\halal_web_runtime","D:\halal_web_runtime\_onedrive_backup_archive\data.__onedrive_backup_20260629_144030\ocr_test_uploads\20260518_171901_433600\48_1. REFINED RICE brand oil(THAI)[CICOT_2026-04-24]농.pdf","_onedrive_backup_archive\data.__onedrive_backup_20260629_144030\ocr_test_uploads\20260518_171901_433600\48_1. REFINED RICE brand oil(THAI)[CICOT_2026-04-24]농.pdf","48_1. REFINED RICE brand oil(THAI)[CICOT_2026-04-24]농.pdf",".pdf","448683","0.4279","2026-05-18T17:19:04","2026-05-18T17:19:04","PDF"
"RUNTIME","D:\halal_web_runtime","D:\halal_web_runtime\_onedrive_backup_archive\data.__onedrive_backup_20260629_144030\ocr_test_uploads\20260518_171901_433600\50. Meat Base Flavour HK-2446K 74916-73(Givaudan)[MUIS_2026-09-30]브.pdf","_onedrive_backup_archive\data.__onedrive_backup_20260629_144030\ocr_test_uploads\20260518_171901_433600\50. Meat Base Flavour HK-2446K 74916-73(Givaudan)[MUIS_2026-09-30]브.pdf","50. Meat Base Flavour HK-2446K 74916-73(Givaudan)[MUIS_2026-09-30]브.pdf",".pdf","610696","0.5824","2026-05-18T17:19:04","2026-05-18T17:19:04","PDF"
"RUNTIME","D:\halal_web_runtime","D:\halal_web_runtime\_onedrive_backup_archive\data.__onedrive_backup_20260629_144030\ocr_test_uploads\20260518_171901_433600\54. FIRMTEX®(INGREDIO)[IFANCA_2027-09-30]사.pdf","_onedrive_backup_archive\data.__onedrive_backup_20260629_144030\ocr_test_uploads\20260518_171901_433600\54. FIRMTEX®(INGREDIO)[IFANCA_2027-09-30]사.pdf","54. FIRMTEX®(INGREDIO)[IFANCA_2027-09-30]사.pdf",".pdf","5820774","5.5511","2026-05-18T17:19:04","2026-05-18T17:19:04","PDF"
"RUNTIME","D:\halal_web_runtime","D:\halal_web_runtime\_onedrive_backup_archive\data.__onedrive_backup_20260629_144030\ocr_test_uploads\20260518_171901_433600\56. VITACEL Powderec Cellulose(J.Retten)[HFFIA_2026-08-12]농.pdf","_onedrive_backup_archive\data.__onedrive_backup_20260629_144030\ocr_test_uploads\20260518_171901_433600\56. VITACEL Powderec Cellulose(J.Retten)[HFFIA_2026-08-12]농.pdf","56. VITACEL Powderec Cellulose(J.Retten)[HFFIA_2026-08-12]농.pdf",".pdf","318692","0.3039","2026-05-18T17:19:04","2026-05-18T17:19:04","PDF"
"RUNTIME","D:\halal_web_runtime","D:\halal_web_runtime\_onedrive_backup_archive\data.__onedrive_backup_20260629_144030\ocr_test_uploads\20260518_171901_433600\56. VITACEL Powdered  Cellulose DV type(J.Retten)[HFFIA_2025-09-30]농.pdf","_onedrive_backup_archive\data.__onedrive_backup_20260629_144030\ocr_test_uploads\20260518_171901_433600\56. VITACEL Powdered  Cellulose DV type(J.Retten)[HFFIA_2025-09-30]농.pdf","56. VITACEL Powdered  Cellulose DV type(J.Retten)[HFFIA_2025-09-30]농.pdf",".pdf","1185825","1.1309","2026-05-18T17:19:04","2026-05-18T17:19:04","PDF"
"RUNTIME","D:\halal_web_runtime","D:\halal_web_runtime\_onedrive_backup_archive\data.__onedrive_backup_20260629_144030\ocr_test_uploads\20260518_171901_433600\57. 158957 vegetable broth flavor(Broth enhancer)(Symrise)[MUIS_2026-05-31]s.pdf","_onedrive_backup_archive\data.__onedrive_backup_20260629_144030\ocr_test_uploads\20260518_171901_433600\57. 158957 vegetable broth flavor(Broth enhancer)(Symrise)[MUIS_2026-05-31]s.pdf","57. 158957 vegetable broth flavor(Broth enhancer)(Symrise)[MUIS_2026-05-31]s.pdf",".pdf","499773","0.4766","2026-05-18T17:19:04","2026-05-18T17:19:04","PDF"
"RUNTIME","D:\halal_web_runtime","D:\halal_web_runtime\_onedrive_backup_archive\data.__onedrive_backup_20260629_144030\ocr_test_uploads\20260518_171901_433600\58. Beef Paste Flavour(Kerry)[JAKIM_2027-05-31]K.pdf","_onedrive_backup_archive\data.__onedrive_backup_20260629_144030\ocr_test_uploads\20260518_171901_433600\58. Beef Paste Flavour(Kerry)[JAKIM_2027-05-31]K.pdf","58. Beef Paste Flavour(Kerry)[JAKIM_2027-05-31]K.pdf",".pdf","545699","0.5204","2026-05-18T17:19:04","2026-05-18T17:19:04","PDF"
"RUNTIME","D:\halal_web_runtime","D:\halal_web_runtime\_onedrive_backup_archive\data.__onedrive_backup_20260629_144030\ocr_test_uploads\20260518_171901_433600\60. NAT SHALLOT FLAVOR(962539)-MUIS(2022-02-28).pdf","_onedrive_backup_archive\data.__onedrive_backup_20260629_144030\ocr_test_uploads\20260518_171901_433600\60. NAT SHALLOT FLAVOR(962539)-MUIS(2022-02-28).pdf","60. NAT SHALLOT FLAVOR(962539)-MUIS(2022-02-28).pdf",".pdf","99549","0.0949","2026-05-18T17:19:04","2026-05-18T17:19:04","PDF"
"RUNTIME","D:\halal_web_runtime","D:\halal_web_runtime\_onedrive_backup_archive\data.__onedrive_backup_20260629_144030\ocr_test_uploads\20260518_171901_433600\62. NAT SHALLOT FLAVOR(962539)(Symrise)[MUIS_2026-05-31]주.PDF","_onedrive_backup_archive\data.__onedrive_backup_20260629_144030\ocr_test_uploads\20260518_171901_433600\62. NAT SHALLOT FLAVOR(962539)(Symrise)[MUIS_2026-05-31]주.PDF","62. NAT SHALLOT FLAVOR(962539)(Symrise)[MUIS_2026-05-31]주.PDF",".pdf","98172","0.0936","2026-05-18T17:19:04","2026-05-18T17:19:04","PDF"
"RUNTIME","D:\halal_web_runtime","D:\halal_web_runtime\_onedrive_backup_archive\data.__onedrive_backup_20260629_144030\ocr_test_uploads\20260518_171901_433600\9. Dehydrated Potatoes-Flakes(Oregon)[ISA_2025-12-31]W.pdf","_onedrive_backup_archive\data.__onedrive_backup_20260629_144030\ocr_test_uploads\20260518_171901_433600\9. Dehydrated Potatoes-Flakes(Oregon)[ISA_2025-12-31]W.pdf","9. Dehydrated Potatoes-Flakes(Oregon)[ISA_2025-12-31]W.pdf",".pdf","77749","0.0741","2026-05-18T17:19:03","2026-05-18T17:19:03","PDF"
"RUNTIME","D:\halal_web_runtime","D:\halal_web_runtime\_onedrive_backup_archive\data.__onedrive_backup_20260629_144030\ocr_test_uploads\20260518_171901_433600\90. MAIZE FLOUR(Kalizea)[HCE_2026-01-24]s.pdf","_onedrive_backup_archive\data.__onedrive_backup_20260629_144030\ocr_test_uploads\20260518_171901_433600\90. MAIZE FLOUR(Kalizea)[HCE_2026-01-24]s.pdf","90. MAIZE FLOUR(Kalizea)[HCE_2026-01-24]s.pdf",".pdf","352194","0.3359","2026-05-18T17:19:04","2026-05-18T17:19:04","PDF"
"RUNTIME","D:\halal_web_runtime","D:\halal_web_runtime\_onedrive_backup_archive\data.__onedrive_backup_20260629_144030\ocr_test_uploads\20260518_171901_433600\91.Yeast Extract(OHLY),OHLY GmbH社-TQHCC(2021-10-31).pdf","_onedrive_backup_archive\data.__onedrive_backup_20260629_144030\ocr_test_uploads\20260518_171901_433600\91.Yeast Extract(OHLY),OHLY GmbH社-TQHCC(2021-10-31).pdf","91.Yeast Extract(OHLY),OHLY GmbH社-TQHCC(2021-10-31).pdf",".pdf","1079236","1.0292","2026-05-18T17:19:04","2026-05-18T17:19:04","PDF"
"RUNTIME","D:\halal_web_runtime","D:\halal_web_runtime\_onedrive_backup_archive\data.__onedrive_backup_20260629_144030\ocr_test_uploads\20260518_171901_433600\93.Yeast extract YB (DSM),DSM FOOD SPECIALTIES CO., LTD-HFFIA(DSM19003H001580191,2019-06-30).pdf","_onedrive_backup_archive\data.__onedrive_backup_20260629_144030\ocr_test_uploads\20260518_171901_433600\93.Yeast extract YB (DSM),DSM FOOD SPECIALTIES CO., LTD-HFFIA(DSM19003H001580191,2019-06-30).pdf","93.Yeast extract YB (DSM),DSM FOOD SPECIALTIES CO., LTD-HFFIA(DSM19003H001580191,2019-06-30).pdf",".pdf","625720","0.5967","2026-05-18T17:19:04","2026-05-18T17:19:04","PDF"
"RUNTIME","D:\halal_web_runtime","D:\halal_web_runtime\_onedrive_backup_archive\data.__onedrive_backup_20260629_144030\ocr_test_uploads\20260518_171901_433600\95. OHLYⓡSTV Meaty(OHLY)[TQHCC_2025-10-31]등.pdf","_onedrive_backup_archive\data.__onedrive_backup_20260629_144030\ocr_test_uploads\20260518_171901_433600\95. OHLYⓡSTV Meaty(OHLY)[TQHCC_2025-10-31]등.pdf","95. OHLYⓡSTV Meaty(OHLY)[TQHCC_2025-10-31]등.pdf",".pdf","1587262","1.5137","2026-05-18T17:19:04","2026-05-18T17:19:04","PDF"
"RUNTIME","D:\halal_web_runtime","D:\halal_web_runtime\_onedrive_backup_archive\data.__onedrive_backup_20260629_144030\ocr_test_uploads\20260518_171901_433600\98_4_1. NU55-50(Sensient)[LLS-ISA_2025-12-31]비.pdf","_onedrive_backup_archive\data.__onedrive_backup_20260629_144030\ocr_test_uploads\20260518_171901_433600\98_4_1. NU55-50(Sensient)[LLS-ISA_2025-12-31]비.pdf","98_4_1. NU55-50(Sensient)[LLS-ISA_2025-12-31]비.pdf",".pdf","307038","0.2928","2026-05-18T17:19:01","2026-05-18T17:19:01","PDF"
"RUNTIME","D:\halal_web_runtime","D:\halal_web_runtime\_onedrive_backup_archive\data.__onedrive_backup_20260629_144030\ocr_test_uploads\20260518_171901_433600\DF - Halal HQC certificate (301125).pdf","_onedrive_backup_archive\data.__onedrive_backup_20260629_144030\ocr_test_uploads\20260518_171901_433600\DF - Halal HQC certificate (301125).pdf","DF - Halal HQC certificate (301125).pdf",".pdf","1219313","1.1628","2026-05-18T17:19:03","2026-05-18T17:19:03","PDF"
"RUNTIME","D:\halal_web_runtime","D:\halal_web_runtime\_onedrive_backup_archive\data.__onedrive_backup_20260629_144030\ocr_test_uploads\20260518_171901_433600\TQHCC-BPJPH 인증서 Sertifikat Akreditasi Halal Correct Germany.pdf","_onedrive_backup_archive\data.__onedrive_backup_20260629_144030\ocr_test_uploads\20260518_171901_433600\TQHCC-BPJPH 인증서 Sertifikat Akreditasi Halal Correct Germany.pdf","TQHCC-BPJPH 인증서 Sertifikat Akreditasi Halal Correct Germany.pdf",".pdf","1986266","1.8943","2026-05-18T17:19:03","2026-05-18T17:19:03","PDF"
"RUNTIME","D:\halal_web_runtime","D:\halal_web_runtime\_onedrive_backup_archive\data.__onedrive_backup_20260629_144030\ocr_test_uploads\20260518_171901_433600\비타셀L600-HFFIA_2023-09-30.pdf","_onedrive_backup_archive\data.__onedrive_backup_20260629_144030\ocr_test_uploads\20260518_171901_433600\비타셀L600-HFFIA_2023-09-30.pdf","비타셀L600-HFFIA_2023-09-30.pdf",".pdf","1152711","1.0993","2026-05-18T17:19:03","2026-05-18T17:19:03","PDF"
"RUNTIME","D:\halal_web_runtime","D:\halal_web_runtime\_onedrive_backup_archive\data.__onedrive_backup_20260629_144030\ocr_test_uploads\20260518_171901_433600\슈가시럽-Halal Control - Halal- Zertifikat - Südzucker - gültig bis 13.12.2018 (1).pdf","_onedrive_backup_archive\data.__onedrive_backup_20260629_144030\ocr_test_uploads\20260518_171901_433600\슈가시럽-Halal Control - Halal- Zertifikat - Südzucker - gültig bis 13.12.2018 (1).pdf","슈가시럽-Halal Control - Halal- Zertifikat - Südzucker - gültig bis 13.12.2018 (1).pdf",".pdf","192317","0.1834","2026-05-18T17:19:03","2026-05-18T17:19:03","PDF"
"RUNTIME","D:\halal_web_runtime","D:\halal_web_runtime\_onedrive_backup_archive\data.__onedrive_backup_20260629_144030\ocr_test_uploads\20260518_171901_433600\슈가시럽-Halal Quality Control - Halal Zertifikat - SÜDZUCKER Karasirup - gültig bis 12.12.2022.pdf","_onedrive_backup_archive\data.__onedrive_backup_20260629_144030\ocr_test_uploads\20260518_171901_433600\슈가시럽-Halal Quality Control - Halal Zertifikat - SÜDZUCKER Karasirup - gültig bis 12.12.2022.pdf","슈가시럽-Halal Quality Control - Halal Zertifikat - SÜDZUCKER Karasirup - gültig bis 12.12.2022.pdf",".pdf","1141610","1.0887","2026-05-18T17:19:03","2026-05-18T17:19:03","PDF"
"RUNTIME","D:\halal_web_runtime","D:\halal_web_runtime\_onedrive_backup_archive\data.__onedrive_backup_20260629_144030\ocr_test_uploads\20260518_182531_423664\35. Maltodextrin Glucose syrup solids-JAKIM(2024-03-15).pdf","_onedrive_backup_archive\data.__onedrive_backup_20260629_144030\ocr_test_uploads\20260518_182531_423664\35. Maltodextrin Glucose syrup solids-JAKIM(2024-03-15).pdf","35. Maltodextrin Glucose syrup solids-JAKIM(2024-03-15).pdf",".pdf","338685","0.323","2026-05-18T18:25:31","2026-05-18T18:25:31","PDF"
"RUNTIME","D:\halal_web_runtime","D:\halal_web_runtime\_onedrive_backup_archive\data.__onedrive_backup_20260629_144030\ocr_test_uploads\20260519_081854_540307\씨제이 백설탕 KMF 할랄 인증서(~26.12.17).pdf","_onedrive_backup_archive\data.__onedrive_backup_20260629_144030\ocr_test_uploads\20260519_081854_540307\씨제이 백설탕 KMF 할랄 인증서(~26.12.17).pdf","씨제이 백설탕 KMF 할랄 인증서(~26.12.17).pdf",".pdf","74642","0.0712","2026-05-19T08:18:54","2026-05-19T08:18:54","PDF"
"RUNTIME","D:\halal_web_runtime","D:\halal_web_runtime\_onedrive_backup_archive\data.__onedrive_backup_20260629_144030\ocr_test_uploads\20260519_082251_257030\37_3. TREHA™FOOD GRADE-JMA(2025-02-26).pdf","_onedrive_backup_archive\data.__onedrive_backup_20260629_144030\ocr_test_uploads\20260519_082251_257030\37_3. TREHA™FOOD GRADE-JMA(2025-02-26).pdf","37_3. TREHA™FOOD GRADE-JMA(2025-02-26).pdf",".pdf","259037","0.247","2026-05-19T08:22:51","2026-05-19T08:22:51","PDF"
"RUNTIME","D:\halal_web_runtime","D:\halal_web_runtime\_onedrive_backup_archive\data.__onedrive_backup_20260629_144030\ocr_test_uploads\20260519_182039_322773\77-2.Onion Extract Flavor,SYMRISE ASIA PACIFIC PTE LTD社-MUIS(2022-02-28).pdf","_onedrive_backup_archive\data.__onedrive_backup_20260629_144030\ocr_test_uploads\20260519_182039_322773\77-2.Onion Extract Flavor,SYMRISE ASIA PACIFIC PTE LTD社-MUIS(2022-02-28).pdf","77-2.Onion Extract Flavor,SYMRISE ASIA PACIFIC PTE LTD社-MUIS(2022-02-28).pdf",".pdf","2701553","2.5764","2026-05-19T18:20:39","2026-05-19T18:20:39","PDF"
"RUNTIME","D:\halal_web_runtime","D:\halal_web_runtime\_onedrive_backup_archive\data.__onedrive_backup_20260629_144030\ocr_test_uploads\20260519_182114_632463\77-2.Onion Extract Flavor,SYMRISE ASIA PACIFIC PTE LTD社-MUIS(2022-02-28).PDF","_onedrive_backup_archive\data.__onedrive_backup_20260629_144030\ocr_test_uploads\20260519_182114_632463\77-2.Onion Extract Flavor,SYMRISE ASIA PACIFIC PTE LTD社-MUIS(2022-02-28).PDF","77-2.Onion Extract Flavor,SYMRISE ASIA PACIFIC PTE LTD社-MUIS(2022-02-28).PDF",".pdf","115986","0.1106","2026-05-19T18:21:14","2026-05-19T18:21:14","PDF"
"RUNTIME","D:\halal_web_runtime","D:\halal_web_runtime\_onedrive_backup_archive\data.__onedrive_backup_20260629_144030\ocr_test_uploads\20260519_182153_651129\951416_MUIS_2020.pdf","_onedrive_backup_archive\data.__onedrive_backup_20260629_144030\ocr_test_uploads\20260519_182153_651129\951416_MUIS_2020.pdf","951416_MUIS_2020.pdf",".pdf","103923","0.0991","2026-05-19T18:21:53","2026-05-19T18:21:53","PDF"
"RUNTIME","D:\halal_web_runtime","D:\halal_web_runtime\_onedrive_backup_archive\data.__onedrive_backup_20260629_144030\ocr_test_uploads\20260519_182313_236738\98_1_2. Salt(Bonsogeum)(HANJUSAL)[KMF_2028-07-31]비.pdf","_onedrive_backup_archive\data.__onedrive_backup_20260629_144030\ocr_test_uploads\20260519_182313_236738\98_1_2. Salt(Bonsogeum)(HANJUSAL)[KMF_2028-07-31]비.pdf","98_1_2. Salt(Bonsogeum)(HANJUSAL)[KMF_2028-07-31]비.pdf",".pdf","76234","0.0727","2026-05-19T18:23:13","2026-05-19T18:23:13","PDF"
"RUNTIME","D:\halal_web_runtime","D:\halal_web_runtime\_onedrive_backup_archive\data.__onedrive_backup_20260629_144030\ocr_test_uploads\20260519_182313_236738\98_3_3. Refined White Sugar(Samyang)[KMF_2025-12-24]비.pdf","_onedrive_backup_archive\data.__onedrive_backup_20260629_144030\ocr_test_uploads\20260519_182313_236738\98_3_3. Refined White Sugar(Samyang)[KMF_2025-12-24]비.pdf","98_3_3. Refined White Sugar(Samyang)[KMF_2025-12-24]비.pdf",".pdf","539735","0.5147","2026-05-19T18:23:13","2026-05-19T18:23:13","PDF"
"RUNTIME","D:\halal_web_runtime","D:\halal_web_runtime\_onedrive_backup_archive\db.__onedrive_backup_20260629_144030\cert_template_features.db","_onedrive_backup_archive\db.__onedrive_backup_20260629_144030\cert_template_features.db","cert_template_features.db",".db","811008","0.7734","2026-06-29T17:01:45","2026-06-25T00:49:33","DATABASE"
"RUNTIME","D:\halal_web_runtime","D:\halal_web_runtime\_onedrive_backup_archive\db.__onedrive_backup_20260629_144030\halal_lhln.db","_onedrive_backup_archive\db.__onedrive_backup_20260629_144030\halal_lhln.db","halal_lhln.db",".db","69632","0.0664","2026-06-29T17:01:45","2026-05-13T12:21:34","DATABASE"
"RUNTIME","D:\halal_web_runtime","D:\halal_web_runtime\_onedrive_backup_archive\db.__onedrive_backup_20260629_144030\ocr_test.db","_onedrive_backup_archive\db.__onedrive_backup_20260629_144030\ocr_test.db","ocr_test.db",".db","274432","0.2617","2026-06-29T17:01:45","2026-06-03T08:35:05","DATABASE"
"RUNTIME","D:\halal_web_runtime","D:\halal_web_runtime\_onedrive_backup_archive\db.__onedrive_backup_20260629_144030\pmf_app.db","_onedrive_backup_archive\db.__onedrive_backup_20260629_144030\pmf_app.db","pmf_app.db",".db","4993024","4.7617","2026-06-29T17:01:45","2026-06-25T00:49:28","DATABASE"
"RUNTIME","D:\halal_web_runtime","D:\halal_web_runtime\_onedrive_backup_archive\output.__onedrive_backup_20260629_144030\lhln\BPJPH_교차인정기관_안내.pdf","_onedrive_backup_archive\output.__onedrive_backup_20260629_144030\lhln\BPJPH_교차인정기관_안내.pdf","BPJPH_교차인정기관_안내.pdf",".pdf","13848357","13.2068","2026-06-29T17:01:50","2026-05-09T04:59:10","PDF"
"RUNTIME","D:\halal_web_runtime","D:\halal_web_runtime\원재료\107. Oleoresin Capsicum-TK50(EVESA)_ⓗ농\107. Oleoresin Capsicum-TK50(EVESA)[HFQ_2027-04-10]농.pdf","원재료\107. Oleoresin Capsicum-TK50(EVESA)_ⓗ농\107. Oleoresin Capsicum-TK50(EVESA)[HFQ_2027-04-10]농.pdf","107. Oleoresin Capsicum-TK50(EVESA)[HFQ_2027-04-10]농.pdf",".pdf","785492","0.7491","2026-07-01T23:22:51","2026-05-11T18:05:02","PDF"
"RUNTIME","D:\halal_web_runtime","D:\halal_web_runtime\원재료\62. NAT SHALLOT FLAVOR(962539)(SYMRISE)_ⓗ주\62. NAT SHALLOT FLAVOR(962539)(SYMRISE)[MUIS_2028-05-31]주.pdf","원재료\62. NAT SHALLOT FLAVOR(962539)(SYMRISE)_ⓗ주\62. NAT SHALLOT FLAVOR(962539)(SYMRISE)[MUIS_2028-05-31]주.pdf","62. NAT SHALLOT FLAVOR(962539)(SYMRISE)[MUIS_2028-05-31]주.pdf",".pdf","464060","0.4426","2026-06-30T13:41:41","2026-06-30T11:02:26","PDF"
"RUNTIME","D:\halal_web_runtime","D:\halal_web_runtime\원재료\81. Onion flavor oil(SHIN)_ⓗ신\81. Onion flavor oil(SHIN)[MUI_2025-12-21]신.pdf","원재료\81. Onion flavor oil(SHIN)_ⓗ신\81. Onion flavor oil(SHIN)[MUI_2025-12-21]신.pdf","81. Onion flavor oil(SHIN)[MUI_2025-12-21]신.pdf",".pdf","73","0.0001","2026-06-30T13:06:15","2026-06-30T13:06:04","PDF"
